source1_entity_id	candidate_entity_ids
S1-802731895	S2-378435714,S2-441072295,S2-502521476,S2-929790471,S2-940583206,S3-2668710,S3-486506144,S3-628976345
S1-32767080	S2-341381990,S2-881934994,S2-947904269,S3-132323777,S3-249785537,S3-434526002,S3-553223448,S3-762866826,S3-976632560
S1-477329215	S2-254314293,S2-274545981,S2-713091713,S3-284303113,S3-316619020,S3-340048004,S3-517574792
S1-76835099	S2-879713193,S3-215042462,S3-269856430,S3-433376363,S3-472559943
S1-220552360	S2-58477972,S2-906607453,S3-275733650,S3-389753615,S3-692113679,S3-725572056
S1-387278254	S2-168359647,S2-504942147,S3-192794590,S3-364801892,S3-401088556,S3-525939924,S3-769456074
S1-564459570	S2-691284005
S1-928369840	S2-239606192,S2-300231310,S2-879985539,S3-131480643,S3-317554532,S3-393171234,S3-505337276,S3-54141929
S1-194414974	S2-246734360,S2-352755345,S2-53953056,S2-929857913,S3-171422940,S3-212029497,S3-369576596,S3-689173195
S1-804077430	S2-878354245,S3-24975028,S3-256866687,S3-266688517,S3-432824381,S3-548854066,S3-579207306,S3-994366213
S1-398329141	S2-23944265,S3-120958890,S3-162180411,S3-296195128,S3-499434280,S3-913538686
S1-620595269	S2-732096094,S2-762706315,S2-806104235,S3-586632719
S1-192895693	S2-222188176,S2-243233683,S2-253548024,S2-659978152,S2-761393593,S3-654080994,S3-759484911
S1-51516745	S2-147892654,S2-657783568,S2-737063074,S2-810539712,S3-526150474,S3-84266053
S1-71868418	S2-116006348,S2-526030936,S3-257430897,S3-451732477,S3-665644283
S1-572586464	S2-257741093,S2-401048973,S2-748485705,S3-156964306,S3-171560152,S3-399986308,S3-676451438,S3-676871578
S1-118949031	S2-653841945,S2-910409107,S3-319445499,S3-370703551,S3-398765936,S3-580129914,S3-60818067,S3-957151121
S1-662999816	S2-303905603,S2-921099769,S2-998173259,S3-456141124,S3-482220730,S3-543753572,S3-684488766,S3-980910215
S1-894996149	S2-151535614,S2-320594729,S3-286774350,S3-941359053
S1-738742900	S2-519815614,S3-107618181,S3-847288930
S1-7784077	S2-332741024,S2-545475729,S2-564584912,S3-101829201,S3-30007859,S3-444512191,S3-779645856,S3-884658264
S1-133459203	S2-107052967,S2-148074744,S2-323138665,S2-327864011,S2-661784628,S3-617032343,S3-708437628,S3-717124896
S1-235523123	
S1-325792164	S2-162363559,S2-508262928,S2-559894664,S2-84228436,S2-84510337,S3-143752544,S3-700213729
S1-393507437	S2-255201456,S2-551331435,S2-820580036,S3-153157419,S3-221918685,S3-295372994,S3-590315257,S3-613196104
S1-761006417	S2-296844530,S2-38027381,S2-929267894,S3-660435658
S1-999476034	S2-476800550,S2-841137403,S2-860529933,S3-393226568,S3-630154867,S3-725027386,S3-78842767
S1-736339603	S2-250776075,S2-717253265,S3-166654324,S3-424407265,S3-431527004,S3-46208589,S3-548754774
S1-325947674	S2-717633137,S3-387984814,S3-777416705
S1-102446552	S2-43585499,S2-493224279,S2-973809723,S3-275404902,S3-400357075
S1-204299297	S2-83072384,S2-857715532,S3-428479563
S1-466635914	S2-305957334,S2-448878356,S2-624656195,S2-790341045,S2-831655324,S3-393711256,S3-787191635,S3-794703816
S1-553766874	S3-327318324,S3-529095363,S3-896578006
S1-270582490	S2-123081257,S3-930917107
S1-328268468	S2-102266111,S2-555122044,S3-133865830,S3-320290986,S3-552365043,S3-607702679,S3-776504945,S3-793693162
S1-260252970	S2-329848390,S2-444325029,S2-584099605,S2-713429661,S2-85443028,S3-538329663,S3-806314054
S1-356831033	S2-587482104,S2-675275331,S2-906532492,S3-18327563,S3-577236427,S3-651802402,S3-959563893
S1-344161263	S2-66410857,S2-886015831,S3-293452813,S3-421981696,S3-857025569,S3-930473492
S1-361932993	S2-353141514,S2-585380494,S2-676880189,S3-256222309,S3-546810451
S1-81956613	S2-346867216,S2-838580938,S2-898720982,S3-309561966,S3-464345357,S3-510782748
S1-503923682	S2-499020194
S1-648159935	S2-912868783,S3-646174402,S3-726247037
S1-935278960	S2-410797073,S2-534045927,S2-853612078,S3-342190993,S3-369863415,S3-976524037
S1-514793550	S2-189058647,S2-604699470,S2-79346788,S2-969936204,S3-819382214
S1-364539503	S2-35430158,S2-418748332,S2-665961700,S2-981556528,S3-292579907,S3-567539703,S3-749637229
S1-540510495	S2-216581661,S2-47719659,S3-563912429,S3-63402265,S3-777278973
S1-959366829	S2-111235565,S2-43332759,S2-650922511,S2-672458933,S3-763038478,S3-769328873,S3-81131891,S3-945170241
S1-950261834	S2-540901610,S2-811005991,S3-123476723,S3-323356278,S3-464469947,S3-807741392,S3-82382534,S3-84108451
S1-324500508	S2-109444987,S2-133127638,S2-240304666,S2-664593966,S3-356764057,S3-455649416,S3-668977460,S3-701284529,S3-833007117,S3-907003800
S1-713768229	S2-220067549,S2-527113683,S2-65933112,S3-162055120,S3-886167763
S1-743898659	S2-127206687,S2-317806842,S2-494561437,S2-592355871,S3-295464146,S3-316651879,S3-695282527,S3-701941377
S1-731275958	S2-228872966,S2-85617916,S2-980005891,S3-350627726,S3-485485382,S3-840227910
S1-476802924	S2-528649471,S2-667886345,S2-943435711,S3-102579871,S3-166758084,S3-232447455,S3-391040119,S3-476620320
S1-401162911	S2-274852510,S2-743989711,S3-643831812,S3-738635588,S3-859384170
S1-809112267	S2-712148158,S2-905171970,S3-324620722,S3-368018360,S3-514348506,S3-549844857
S1-513309920	S2-454312276,S2-763326938,S3-537605873
S1-191038093	S2-193033384,S2-334480956,S2-454589953,S2-605962197,S3-189448063,S3-472404292,S3-610630738,S3-738475087
S1-249407891	S2-180927621,S2-325393237,S2-872113008,S2-880907820,S3-179303932,S3-384267852,S3-916904181
S1-119854313	S2-279926299,S2-454272012,S2-965446028,S3-497904896,S3-753369689,S3-868033692
S1-206784079	S2-932260854,S2-95105576,S3-184688619,S3-186413800,S3-394816230,S3-527095783
S1-81849952	S2-168904370,S2-191459496,S2-338603541,S3-55212206,S3-61862859,S3-991441771
S1-615016386	S2-110181650,S2-765868204,S2-86843123,S2-981116823,S3-108820251,S3-630981879,S3-80026389,S3-94983178
S1-513785589	S2-252549340,S2-940567691,S3-503708017,S3-94829888
S1-368040925	S2-529299431,S2-821929384,S2-928008051,S3-122215127,S3-215290652,S3-678111457,S3-833101509,S3-911069384
S1-114754573	S2-105194926,S2-371295239,S3-243047112,S3-316911654,S3-373476844,S3-486296622,S3-608568421,S3-659491462
S1-697378439	S2-284572932,S3-259547859,S3-265750057,S3-322515299,S3-494128885
S1-331263490	S2-286494712,S2-502123554,S2-512456036,S2-920304044,S3-135503818,S3-935279413,S3-945910002
S1-697378518	S2-285506886,S2-384618213,S2-540658192,S2-809512692,S3-315390416,S3-675260200
S1-969820600	S2-310129516,S2-421995654,S3-154172645,S3-465130275,S3-482195052,S3-812721336,S3-81637401
S1-743213110	S2-460788077,S2-688918801,S2-785303537,S3-149437251,S3-85824521
S1-933399969	S2-235451964,S3-248912198,S3-344843293,S3-791235843,S3-993353386
S1-220081843	S2-125331016,S2-754522559,S2-873265272,S3-139304263,S3-399785864,S3-703192427,S3-918764573,S3-962723155
S1-236795964	S2-265854131,S2-39989952,S2-687104790,S2-857082200,S3-385306469,S3-562755007,S3-894503096,S3-924316932
S1-95717695	S2-956008813,S3-30299321,S3-651688183,S3-832413320
S1-929351044	S2-354968710,S3-218165928,S3-224632576,S3-632753008
S1-274836841	S2-645256829,S2-698738079,S2-71692622,S2-864611448,S3-365404633,S3-603590609,S3-920110625,S3-96967625
S1-71331555	S2-717426575,S2-980457253,S3-142976544,S3-432828421,S3-47867300,S3-581691789,S3-92651475
S1-210025998	S2-339549329,S2-359058439,S2-392213998,S2-770584408,S3-993474253
S1-718506314	S2-521503504,S2-63199433,S2-921762620,S3-286342389,S3-411353657,S3-540676867,S3-736242806,S3-955342026
S1-612985099	S2-447148708,S2-594399360,S2-692777238,S3-221820826,S3-275076890,S3-674158333,S3-846124735,S3-944904967
S1-728306429	S2-525048771,S2-639581118,S2-712502004,S3-243478544,S3-346341352
S1-142140093	S2-216268929,S2-284425823,S2-58493344,S2-691828553,S2-946129238,S3-178294782,S3-508565931,S3-796390799
S1-219785348	S2-804570267,S3-367538349,S3-860410975
S1-19621072	S2-795885896,S2-886624725,S2-940265571,S3-326301562,S3-698220232
S1-852089178	S2-457410581,S2-567863120,S2-589375597,S2-782037801,S3-181772760,S3-386088096,S3-572774467,S3-577948534
S1-737062237	S2-199996457,S2-613279372,S2-849686348,S2-947645399,S3-484850903,S3-609093012,S3-639930364,S3-942872368
S1-240958421	S2-142102062,S2-187767035,S3-272314947,S3-299166510,S3-439038148,S3-779136110,S3-92505254,S3-957741973
S1-963196939	S2-105208086,S2-444060054,S2-756833388,S3-158398526,S3-402994059,S3-771316343,S3-985406704,S3-995929799
S1-239863411	S3-775241909
S1-593460706	S2-187966492,S2-466457223,S2-541206270,S2-65008733,S2-899642533,S3-146560192,S3-304173773,S3-341967098
S1-213861077	S2-102055806,S2-148813561,S2-427989394,S2-954183978,S3-345722607,S3-401764732,S3-682340998
S1-143112679	S2-163866760,S2-342359411,S2-70052469,S2-986566875,S3-42241399,S3-725075817,S3-76942111,S3-791370995
S1-536005230	S2-301205217,S2-424241509,S2-531828657,S2-660127419,S2-772679910,S3-195700570,S3-204244940,S3-715635937
S1-396410443	S2-391626597,S2-618087035,S2-792562492,S2-990639852,S3-156361848,S3-309749840,S3-582307693,S3-94130902
S1-846975082	S2-278001729,S2-49671680,S2-881416049,S2-921275476,S2-959227480,S3-201098514,S3-573657858,S3-627683527
S1-504568076	S2-211989634,S2-585745289,S2-693980031,S3-172756160,S3-34050682,S3-374569512,S3-590482502,S3-796499301
S1-76689043	S2-152705743,S2-290824647,S2-569466464,S2-969471066,S3-615985566,S3-846090279
S1-273083491	S2-203005266,S2-320571813,S2-915239177,S3-27901521,S3-408859470,S3-613502780,S3-755245003,S3-796050951
S1-335202369	S2-108338739,S2-111508119,S2-338510107,S2-533438797,S2-634998437,S3-505559772,S3-707991302,S3-821481567
S1-621607982	S2-298031765,S2-348001061,S2-503764503,S2-843269514,S3-213809296,S3-267328461,S3-522441223,S3-583361561
S1-559317149	S2-277769053,S2-294434490,S2-645079561,S3-373212182,S3-763926624
S1-628286845	S2-212681715,S2-713321653,S3-368142265,S3-462019505
S1-731828705	S2-514040641,S2-771878778,S3-320652160,S3-506628541
S1-105014917	S2-189253097,S2-341533553,S2-732180857,S2-848845109,S3-40671395,S3-41561021,S3-443608854,S3-832229621
S1-166192305	S2-104754169,S2-476839142,S2-620448260,S3-262763246,S3-374165583,S3-632261301,S3-684845969,S3-758623002
S1-67047153	S2-350265563,S2-359545095,S3-503418662,S3-775228413,S3-841082412,S3-906520967
S1-64060757	
S1-192225561	S2-193375045,S2-413660815,S2-529139562,S3-465296131,S3-631639683,S3-707114437,S3-79134871
S1-382554367	S2-203163914,S2-849970428,S2-917548318,S3-358997317,S3-398043355,S3-565228971,S3-674559179
S1-55277481	S2-197332478,S2-39222950,S2-78153361,S3-707306962,S3-980766637
S1-691094641	S2-104908399,S2-703738383,S2-780128497,S2-932186967,S3-137339377,S3-340161390,S3-345198851,S3-555898342
S1-961179170	S2-468918126,S2-718551338,S2-788728000,S2-903107453,S3-298290331,S3-33558138,S3-562698439,S3-867432047
S1-700246988	S2-324265629,S2-362796868,S2-723631118,S3-324398787,S3-939994342
S1-494783944	S2-216792520,S2-810586461,S3-133909096,S3-712961317
S1-245620960	S2-158765543,S2-878065927,S2-940737452,S3-113118261,S3-567856054,S3-582417180,S3-812184920
S1-634998142	S2-862712994,S2-926951009,S2-933267692
S1-917910281	S2-280360203,S2-395689428,S2-923218891,S2-935269608,S3-548907712
S1-219424817	S2-451233955,S2-645634046,S3-127496720,S3-322495955,S3-465452128,S3-591550518,S3-601131620,S3-672738085
S1-20598527	S2-214569605,S2-23641608,S3-626310560
S1-142454563	S2-198790085,S2-326978916,S2-528025113,S2-577800731,S2-896590641,S3-43443757,S3-880915063,S3-899424179
S1-113669768	S2-368548480,S2-837021521,S3-512958777,S3-778821946
S1-111548275	S2-138585463,S2-311418786,S2-579782798,S2-952489815,S3-202739353,S3-244832670,S3-818252596
S1-340625745	S2-212254003,S2-223216445,S2-470659597,S2-635454152,S2-651103803,S3-528213784,S3-699561772,S3-925098252
S1-903232999	S2-350581800,S3-610718760
S1-529108585	S2-771465931,S2-877531442,S3-140783340,S3-148433165,S3-292880771,S3-550646438,S3-917805235,S3-958189106
S1-769855133	S2-457641091,S2-879137337,S3-128133410,S3-439583102,S3-46565562,S3-752948949,S3-851037274,S3-884361747
S1-294633841	S2-629229790,S3-855421761,S3-998036149
S1-989239914	S2-44967719,S2-537827163,S3-37234614,S3-638487628,S3-663467762,S3-900207884,S3-92820008
S1-275377588	S2-668343105,S2-673633422,S3-211663187,S3-292374771,S3-305721087,S3-617120167,S3-75370332,S3-969895562
S1-244821221	S2-839011494,S3-237693398,S3-340326779,S3-447925429,S3-940909761
S1-644166083	S2-351265475,S2-777188097,S3-313638889,S3-812943936,S3-829522244,S3-913559431,S3-968037648,S3-997985702
S1-249636147	S2-179839749,S2-546198500,S2-57819800,S2-969016862,S3-288917403,S3-440618515,S3-746818196,S3-803675410,S3-956476544
S1-119910544	S2-149992169,S2-481974721,S2-692208823,S2-716279763,S2-802012108,S3-169616748,S3-870988079
S1-611154546	S2-312404294,S2-888293991,S2-97997563,S3-169946631,S3-23463133
S1-632463340	S2-161194362,S2-227898411,S3-254083510
S1-668315520	S2-12067257,S2-430358803,S2-96718125,S3-422360929,S3-676548078,S3-836815367
S1-485386778	S2-131879257,S2-314609201,S3-13560884,S3-164964532,S3-568040645,S3-79348298
S1-684422165	S2-969169531,S3-391532241,S3-659260716,S3-893350739,S3-939467753
S1-273123278	S2-240458131,S2-695987344,S3-182673224,S3-300287079,S3-689068517,S3-721240549,S3-763528482,S3-991374045
S1-378396217	S2-308594621,S2-534283893,S3-288543350,S3-540725327,S3-788857048,S3-81907706,S3-847912687,S3-891543462
S1-904782629	S2-197807834,S2-464941606,S2-709796609,S3-319115143,S3-400489588
S1-619540167	S2-907338247,S2-992950256,S3-305954421
S1-101664935	S2-178394201,S3-131066161
S1-243023971	S2-379855518,S2-713313655,S3-546659595,S3-951901906,S3-956285296
S1-2616214	S2-213194742,S2-291635648,S3-215796845,S3-443592919,S3-568221965,S3-660227473
S1-555387545	S2-49575709,S2-506251854,S2-545496413,S2-732065590,S2-827959321,S3-126511579,S3-849164427
S1-432213617	S2-288231190,S2-293300443,S2-424821239,S3-106460204,S3-467055098,S3-712165416
S1-362141892	S2-1564356,S2-315933343,S2-607234022,S3-244036483,S3-277943464,S3-896498600
S1-502343358	
S1-861007291	S2-311345642,S2-482577580,S2-844094479,S2-997494378,S3-13982900,S3-274851164,S3-448468422,S3-76580758
S1-17611330	S2-218818686,S2-460415313,S2-576736694,S2-748032511,S3-128361169,S3-646257606,S3-943481053
S1-866819737	S2-509643692,S2-58302318,S2-771284265,S2-797958223,S3-331220131,S3-443888208,S3-81913040,S3-92825121
S1-366573028	S2-511259505,S2-856854424,S3-213539766,S3-311429228,S3-39766477,S3-466682096,S3-656015853,S3-785775418
S1-394599244	S2-476513990,S2-676836041,S3-286972162,S3-461206288,S3-941665878,S3-98705998
S1-400089522	S2-186433953,S2-33098055,S2-9963859,S3-104660700,S3-126306004,S3-148418038,S3-716928850,S3-978221547
S1-871858141	S2-233078473,S2-892837200,S3-427703890,S3-949929507
S1-912980330	S2-621233795,S3-605450358,S3-755553082,S3-866848948
S1-759813304	S2-503319365,S2-622086703,S2-686275075,S2-730781207,S3-111627985,S3-690406671,S3-70268768,S3-92007664
S1-616899880	S2-174959726,S2-446136107,S2-693293157,S2-789104520,S3-217551772,S3-395619247,S3-484528857,S3-619165573
S1-755650214	S2-727766021,S3-282252849,S3-37279610,S3-966645375
S1-345598645	S2-362955364,S2-364569671,S2-524880919,S2-766141395,S2-835958527,S3-451823554,S3-550906246,S3-988832555
S1-631190190	S2-157189157,S2-372808947,S2-423774776,S2-884315574,S2-890201471,S3-370356677
S1-233229970	S2-447440574,S2-947543409,S3-10910946,S3-600282255
S1-938059287	S2-484142952,S2-536591665,S2-808507667,S3-164134741,S3-579859939,S3-751558531,S3-807812941,S3-934201014
S1-592213793	S2-345359963,S2-366048030,S2-387025521,S2-755171828,S2-831148134,S2-975437877,S3-622579427,S3-917694624
S1-166324806	S2-195447374,S2-538016430,S2-815126408,S2-917319365,S3-465838963,S3-471939544,S3-699596515
S1-49634803	S2-34994969,S2-427235194,S2-605069488,S2-658840251,S3-110991179,S3-437519763,S3-64085175,S3-735769157
S1-56350558	S2-204904731,S2-608792914,S2-772019835,S3-185143833,S3-490491077,S3-615155724,S3-690405326,S3-910877822
S1-528819914	S2-683854440,S2-740063488,S2-943985018,S3-157763415,S3-36579634,S3-479610587
S1-545929978	S3-254430301,S3-58677826,S3-853788940,S3-920017628,S3-922035480
S1-595923842	S2-512438053,S2-902227362,S3-182359941,S3-209757432,S3-318638825,S3-346542035,S3-38123034,S3-648309419
S1-573814958	S2-252608865,S2-292506867,S2-523031550,S2-673770824,S2-832852366,S3-133546019,S3-140387362,S3-633591386
S1-607506835	S2-269623312,S2-337500378,S2-48801287,S3-465961698,S3-566395634
S1-340986255	S2-101702680,S2-326298946,S2-433249716,S2-984664343,S3-595138990
S1-310396275	S2-553951133,S2-603506828,S2-605992071,S2-659855842,S2-807523000,S3-110378255,S3-246121885,S3-817409831
S1-252175184	S2-229042661,S2-429202964,S2-441966622,S3-563699181,S3-703663048,S3-775191359,S3-91880320
S1-449607208	S2-289752290,S2-53523,S3-340474643,S3-695805042,S3-819244421
S1-582551011	S2-556982785,S2-799025894,S3-558338915,S3-683142210,S3-814226516,S3-819098940
S1-641211488	S2-185088237,S2-447290611,S2-850803717,S3-374279282,S3-535835085,S3-639063948,S3-689511593
S1-319511908	S2-103354891,S2-212928356,S2-784043091,S2-839743561,S3-201202838,S3-55317940
S1-654049395	S2-425872325,S2-946469670,S2-982530584,S3-268355268,S3-319552320,S3-367803209,S3-840589091
S1-62857902	S2-146352891,S2-353587596,S2-364609341,S2-713683998,S3-535696520
S1-319026113	S2-411430756,S2-681288853,S2-719386415,S2-941527149,S2-997617437,S3-405192970,S3-837093386,S3-919696942
S1-321917098	S2-220937662,S2-631454573,S2-920899900,S2-963363789,S3-177659463,S3-34690687,S3-805147175,S3-82704902
S1-300801920	S2-214297972,S2-733499327,S2-740434496,S3-474649427,S3-917135049
S1-149489220	S2-60820132,S2-896503417,S3-179725142,S3-215521101,S3-51391309,S3-72027665,S3-773051461
S1-211232894	S2-223330650,S2-627309541,S2-836655839,S3-473224027,S3-735958634,S3-975172667
S1-780291187	S2-409595668,S2-491244646,S3-561740255,S3-731481673,S3-914967320
S1-11421157	S2-312082204,S2-329117144,S2-576638563,S2-789341416,S3-45903187,S3-461354472,S3-508150859,S3-682576456
S1-206678431	S2-321858996,S2-336663135,S3-323663745,S3-732941674
S1-846475118	S2-187010554,S2-502436755,S2-557339894,S3-313462012,S3-597848458,S3-665011482
S1-275668850	S2-227660977,S2-234123613,S3-39780658,S3-483196647,S3-783932997
S1-918241532	S3-187610876,S3-19398492,S3-238156825,S3-312939481,S3-34185045,S3-603077510,S3-672371922
S1-468425719	S2-455727673,S2-946432662,S3-399260766,S3-497891083,S3-681777746,S3-976051864
S1-679079838	S2-236954937,S2-276441616,S2-834236572,S2-932225418,S3-163094056,S3-571796050,S3-886874408,S3-95109524
S1-742062860	S2-103946731,S3-157266196,S3-243385977,S3-775638250,S3-86256224
S1-417414898	S2-394143232,S2-397568517,S2-598927408,S2-756213126,S3-584267902,S3-714692272,S3-852379855
S1-5815167	S2-442383134,S2-578354908,S2-650819650,S2-7547601,S2-967103009,S3-158589848,S3-56996782,S3-826855495
S1-192873125	S2-168171431,S2-326240816,S2-586551123,S2-985193172,S3-121242372,S3-32479141,S3-586340589,S3-868309989
S1-222264837	S2-336270699,S2-474697626,S2-709821705,S2-745623721,S2-914615599,S3-187531682,S3-859918155,S3-918397305
S1-562719954	S2-175263351,S3-178297863,S3-774376729
S1-879553250	S2-221400296,S2-245889338,S2-966200864,S3-670483391,S3-83088055
S1-860292033	S2-128081374,S2-232990422,S2-797368198,S2-81687917,S3-291577180,S3-588741073,S3-691799350,S3-7744580
S1-397150783	S2-634978558,S2-960755256,S3-145680438,S3-212690509
S1-618190984	S2-128612362,S2-592455230,S3-164944275,S3-19088789,S3-256394134,S3-604092401,S3-686408296,S3-905199795
S1-604982809	S2-719195474,S3-124632806,S3-335907873,S3-386144781,S3-399175509,S3-722492836,S3-934828399
S1-18786712	S2-767624073,S2-894342646,S2-997317917,S3-200377574,S3-584029892,S3-704428693,S3-790002939,S3-79500445,S3-880517722
S1-436554003	S2-123038820,S2-291011252,S2-418777250,S2-649560682,S2-961453695,S3-231339726,S3-441918764,S3-51985580,S3-538903511,S3-643349990,S3-991216856
S1-519480179	S2-799358546,S2-80995511,S3-189769473,S3-392539118,S3-469583922,S3-752098601
S1-362812980	S2-260816676,S2-444137820,S3-149974770,S3-543478297,S3-859919127
S1-13779986	S2-164467605,S2-252742775,S2-373653206,S2-564101188,S2-947429061,S3-271581590,S3-417567976,S3-460046846,S3-608826113,S3-617964441,S3-91801265
S1-426595446	S2-123339609,S2-469952837,S2-760010170,S3-281133472,S3-415023937,S3-416834681,S3-81499244
S1-162721386	S2-363850418,S2-374086259,S2-435242080,S2-491798932,S2-620013370,S3-361660803,S3-585396705,S3-74824902
S1-747924677	S2-310913139,S2-413390392,S3-460367869,S3-560187106,S3-698921043
S1-668465749	S2-39057983,S2-835066917,S3-234662231,S3-377863355,S3-473003090,S3-747838526
S1-660178136	S2-110948986,S2-795602701,S2-919796542,S3-159533630,S3-452710381,S3-906783547
S1-46093209	S2-102333906,S2-462560152,S2-603514044,S2-942111931,S3-391898006,S3-714747302,S3-839062388
S1-965796469	S2-339822039,S2-500450689,S2-850474641,S3-329218929
S1-469255146	S2-189098594,S2-560482044,S3-562137470,S3-567640209,S3-618659276
S1-32487413	S2-105426326,S2-315879713,S2-674704037,S3-113065116,S3-158587906,S3-169947915,S3-370381841,S3-531944428
S1-555836987	S2-30681090,S2-32590970,S2-38787578,S2-75336409,S2-804212112,S3-219133986,S3-832668222,S3-950381730
S1-438414334	S2-290355031,S2-509244785,S2-816474766,S3-247348292,S3-268615567,S3-285733076,S3-778966517
S1-485861145	S2-241017091,S2-444647078,S2-561851189,S2-592788786,S3-131014982,S3-620565926
S1-236945229	S2-103254101,S2-490917940,S3-61055315,S3-616295004,S3-659667353,S3-846592198
S1-15378664	S2-459962699,S2-467013195,S2-78903633,S3-196185855,S3-279982425,S3-299191448,S3-39319075,S3-839201297
S1-164342416	S2-657704385,S2-730220841,S2-922294096,S3-417354996,S3-664492709,S3-919258930
S1-830634825	S2-571003540,S2-814720412,S2-901429793,S2-994262600,S3-238072877,S3-495217297,S3-911482454
S1-228846275	S2-224100955,S2-285599948,S2-896994261,S3-582387618
S1-125042541	S2-303028093,S2-612997859,S3-131234044,S3-319799023,S3-320924055,S3-652762059,S3-801045155,S3-962546401
S1-294056774	S2-109137685,S2-343296134,S2-361138605,S2-51561796,S2-527068708,S2-761813987,S3-309515395,S3-485560078
S1-840526983	S2-330417611,S2-384324675,S2-904023234,S3-370769348,S3-593867924,S3-621129764,S3-698068556,S3-995743320
S1-363113975	S2-142374495,S3-16963838,S3-236817663,S3-518119868,S3-847025223
S1-779829451	S2-350781521,S2-480345729,S2-687549367,S2-780900341,S3-445499502,S3-824696030,S3-932162247
S1-555461926	S2-15847984,S2-618982870,S2-698605097,S2-787064510,S3-323912178,S3-357165721,S3-741782747
S1-800039173	S2-256948265,S2-427551450,S2-773125311,S3-729557613
S1-641194092	S2-131069779,S2-231051876,S2-474408665,S2-655659684,S2-938039418,S3-330153146,S3-401566652,S3-431899833,S3-873578392
S1-622915718	S2-601857546,S2-653239547,S2-969166952,S3-17090908,S3-578725702,S3-748328422,S3-87126967,S3-950419403
S1-301108874	S2-417669660,S2-869248836,S3-178776037,S3-227023468,S3-33734618,S3-61255305,S3-937703211,S3-957354037
S1-323491547	S2-232495402,S2-327454539
S1-33449923	S2-279205701,S2-548860306,S3-103536177,S3-107772869,S3-553553120,S3-683390714,S3-707072864,S3-84418222
S1-823482597	S2-262071846,S2-609692975,S2-819820715,S3-93712163,S3-970380700
S1-864000857	S2-223133178,S2-795766504,S2-950253739,S3-171748646,S3-196123107,S3-254717285,S3-38029393,S3-649957900
S1-794691533	S2-238862385,S2-277792737,S3-413410235,S3-533061883
S1-171265647	S2-134607644,S2-517670222,S3-497610688
S1-217982194	S2-131244312,S2-813631780,S3-239103550,S3-561874339,S3-605366976
S1-130742562	S2-41155965,S2-539431398,S2-725732546,S3-168166433,S3-307439101,S3-540785070,S3-911122578
S1-971970979	S2-787290604,S3-133107089,S3-194373655,S3-318087414,S3-698149986,S3-761324127,S3-827041813,S3-942891101
S1-703644902	S2-121091601,S2-280562336,S2-368037169,S2-683346587,S2-836897076,S2-837609467,S2-945464289,S2-977364664
S1-849499029	S2-105906839,S2-67570847,S2-869857693,S3-311572405,S3-698307055,S3-820947978
S1-384163523	S3-440483453
S1-976463423	S2-224248973,S2-332354098,S2-757361283,S2-891993154,S3-363222010,S3-625077456,S3-957056907
S1-484465383	S2-218093601,S3-420753339,S3-537008579,S3-714662796,S3-739114683
S1-208162450	S2-498834293,S2-80629529,S2-974104227,S3-28900415,S3-69105654,S3-745740391,S3-80352363
S1-792346563	S2-185466899,S2-409227540,S2-80100039,S2-838257467,S2-965820085,S3-380838179,S3-69538095,S3-993636241
S1-298134861	S2-496553621,S2-711873177,S2-805172602,S2-875438798,S3-410205445,S3-506482168,S3-792928792,S3-992287020
S1-275739949	S2-513733806,S2-522351278,S2-658017652,S3-227085764,S3-413096306
S1-920915824	S2-21444081,S3-368659557,S3-372614957,S3-607809539,S3-795737424
S1-789956877	S2-214260367,S2-30663876,S2-553385154,S3-252500696,S3-462297154,S3-475707658,S3-512823371,S3-580125297
S1-221214170	S2-136646884,S2-448239675,S2-804829657,S3-250937102,S3-357229067,S3-493491173,S3-525515152,S3-737522024
S1-73707242	S3-711256058
S1-690181631	S2-221395606,S2-508612542,S2-63306542,S2-685346907,S2-695997416,S3-226202843,S3-289358413,S3-551514109
S1-390747637	S2-146978644,S2-871689700,S3-119492255,S3-468189050,S3-543747967,S3-577814081,S3-758135229,S3-840781187
S1-568329721	S2-12377281,S2-604039753,S2-613367359,S2-641139660,S2-877162894,S3-664513879,S3-673572118,S3-879605760
S1-580369507	S2-382478652,S2-60165552,S2-838279006,S3-206773074,S3-559934020
S1-13078054	S2-408564980,S2-502393684,S2-698760656,S2-741866157,S3-833746298,S3-864479206,S3-878409374,S3-967667104
S1-62942386	S2-897144896,S2-957579861,S3-121159063,S3-572470285
S1-807479459	S2-225140469,S2-861697231,S3-364218270,S3-477697940,S3-554501504,S3-568372982,S3-779576677
S1-149723772	S2-646875125,S2-996387022,S3-379814047,S3-632761567,S3-815390856,S3-882192521,S3-989788504
S1-136575438	S2-257371911,S3-31235664,S3-460889457,S3-48986445,S3-620298532,S3-636778998
S1-384398061	S2-570581980,S2-608045751,S2-803625952,S3-133346858,S3-97974553
S1-871047021	S2-220863330,S2-648152509,S2-903252890,S2-909900999,S2-951133085,S3-603943419,S3-693871121,S3-856721260
S1-37589530	S2-499971677,S2-701484988,S3-17001856,S3-908792244
S1-983781853	S2-427681386,S2-551567187,S2-902620167,S2-93693641,S3-427654991,S3-763714868,S3-8592961
S1-279337536	S3-424311600,S3-58504185,S3-72711203
S1-485122782	S2-233614447,S2-850391054,S3-49370719,S3-595269618,S3-896670101
S1-430490444	S2-158136695,S2-358431506,S3-362051157,S3-684600506,S3-886974429,S3-964218669,S3-98240368
S1-40378666	S2-12792046,S2-302329386,S2-661218512,S2-951266944,S3-320969158,S3-412269340,S3-531275413,S3-581554426
S1-870503408	S3-196474042,S3-560457165,S3-604130936,S3-726930006,S3-858790939
S1-930009368	S2-723136053,S2-980790368,S3-846941799
S1-72055299	S2-286491094,S2-518541088,S2-561164828,S2-57483866,S2-685391407,S3-405832091,S3-910784159
S1-367202493	S2-100165572,S2-115453100,S2-320169175,S2-898802813,S3-54493252
S1-325088982	S2-550421630,S2-595271510,S3-672909180,S3-742005469
S1-800195261	S2-276216486,S2-470770786,S2-52531634,S3-12018224,S3-657602363,S3-932743728
S1-717952195	S2-105856088,S2-226260051,S2-433624135,S2-6445155,S2-756361250,S3-106123267,S3-158686100,S3-289078403,S3-291503191
S1-718963786	S3-238223083,S3-561721212,S3-850767536
S1-889444476	S2-460657134,S2-65992362,S3-353656290,S3-512268965,S3-721600438,S3-788967471,S3-862771650
S1-402699993	S2-10769196,S2-112813940,S2-29245489,S2-398632293,S2-42783775,S2-817777331,S3-474551033,S3-789511656
S1-840006273	S2-588449457,S2-7700323,S2-856848058,S2-91518581,S3-497324175,S3-849389547,S3-948751103,S3-950786534
S1-166731994	S2-130814608,S2-145395680,S2-600888235,S3-148083206,S3-331260106
S1-465962457	S2-24726952,S2-305366782,S2-479278744,S2-484118871,S3-241524902,S3-55805070,S3-750504863,S3-903093213
S1-754704853	S2-2747790,S2-418230854,S2-54417046,S3-335553523,S3-83461385
S1-509485178	S2-12155280,S2-531837517,S2-662796818,S3-710384078,S3-915645130,S3-948402864
S1-597171023	S2-558616058,S2-7707131,S2-792049910,S2-816905920,S3-690852398,S3-712640835,S3-763242827,S3-991626191
S1-540590227	S2-291312428,S2-438533422,S2-752795035,S3-36157873,S3-442699205,S3-654330708,S3-673873532
S1-316923981	S2-17607893,S2-407285229,S2-572234524,S2-604541493,S3-176061677,S3-208084694,S3-346250877,S3-543971006,S3-645871330
S1-964715929	S2-148908598,S2-339452669,S2-477818096,S3-241304840
S1-292570663	S2-118942149,S2-134053253,S2-777939259,S3-468811935,S3-825632830,S3-827703084,S3-93446429
S1-91250914	S2-171587547,S2-504889087,S2-538916815,S2-927341752,S3-48538636
S1-639881664	S3-457739031
S1-600347963	S2-124789143,S3-457379010
S1-184571550	S2-368103316,S2-633729397,S2-969186856,S3-328882005,S3-497745075,S3-9779924
S1-198151525	S2-103583199,S2-159861581,S2-162963134,S2-859940587,S3-142398694,S3-205088863,S3-256844325,S3-857171085
S1-907521864	S2-235536551,S2-244151149,S2-324634072,S2-63521768,S3-227520398,S3-375466726,S3-756786199,S3-801372467
S1-465192067	S2-16699987,S2-655293280,S2-678984294,S2-866479140,S3-118727225,S3-24978700,S3-254999201,S3-885373665
S1-808315871	S2-169452601,S2-64030072,S2-841537590,S2-940469560,S3-170416026,S3-198950873,S3-741107556,S3-920053377
S1-327379134	S2-388794265,S2-393402622,S2-649913209,S2-717382269,S3-545726505,S3-728098399,S3-890176558,S3-927173259
S1-229867863	S2-631466282,S3-347237195
S1-70669493	S2-957576122,S3-137759917,S3-738266498,S3-843455062,S3-932191272
S1-87728923	S2-620981070,S3-233348627,S3-461179645,S3-524297371,S3-70980785,S3-790854460
S1-381473238	S2-158789204,S2-33377649,S2-355461213,S2-430705268,S2-900702830,S3-403378778,S3-658368715,S3-709061137
S1-451329078	S2-409212205,S2-448266377,S2-784112066,S3-269245427,S3-311742838,S3-784447344
S1-677708708	S2-396525736,S2-875321047,S2-918893261,S3-121077557,S3-706910515
S1-551333254	S2-164810551,S2-318886680,S2-694498682,S3-152038443,S3-376849054,S3-544791159,S3-698127794,S3-88698985
S1-609187101	S2-773442058,S2-930143786,S3-26710756,S3-536516376,S3-629177826,S3-78982783,S3-999600179
S1-106886029	S2-145607657,S2-345661469,S3-218633782,S3-235579584,S3-530735315,S3-623498826,S3-780900393,S3-79020669
S1-280214532	S2-175189847,S2-339705964,S2-345257985,S2-897506263,S2-968263879,S3-321920104,S3-423755357,S3-866480378
S1-718710149	S2-410083040,S2-691014001,S3-169077289,S3-306726968,S3-839937222
S1-914362548	S2-373727736,S2-828174024,S3-965983278
S1-66607671	S2-18948226,S2-480946488,S2-524028094,S2-751943485,S3-349845789,S3-444632353,S3-892710493
S1-399239323	S2-579205196,S2-585238590,S2-771757441,S2-942386815,S3-363065044,S3-482627355
S1-125522269	S2-3750633,S2-721119545,S2-789837969,S2-88158307,S3-347275596,S3-577953158,S3-601976389
S1-286950343	S2-836046919,S3-832863340
S1-346346058	S2-112639421,S2-251712348,S2-519201712,S2-628460589,S2-933528466,S3-264154290,S3-513231323,S3-692991415
S1-259792963	S2-227942897,S2-966423121,S3-653780759,S3-658289878,S3-877822301
S1-799136631	S2-287977056,S2-569027301,S2-795014380,S3-674275116,S3-883694603
S1-351701277	S2-353686084,S2-393509518,S2-552415491,S3-364098858,S3-591501717
S1-467419229	S2-354951538,S2-579651195,S2-891775045,S2-924908881,S2-949312941,S3-112425105
S1-522641552	S2-114627781,S2-211582748,S2-318991490,S2-404877928,S2-539814312,S2-732777076,S3-140819438,S3-258119008
S1-236699316	S2-401159828,S2-672573632,S3-262953341,S3-326090962,S3-904746314
S1-254707928	S2-116974380,S2-361042213,S2-684845055,S2-739658745,S2-85263707,S3-100236362,S3-619140722,S3-966262157
S1-196277587	S2-290136924,S2-310902804,S2-421649133,S2-590349474,S2-727423108,S3-73501006,S3-805329015
S1-759616954	S2-409379442,S2-413258342,S2-80016972,S2-868660072,S3-282619830,S3-285690446,S3-465810556,S3-527314496
S1-78580562	S2-304683419,S3-173243282,S3-455591663,S3-863923428
S1-686794068	S2-354264303,S2-724847756,S3-335001367,S3-496862697,S3-498075183,S3-710145160,S3-773653757
S1-138625562	S2-258610913,S2-558027047,S2-832886684,S3-32249351,S3-627603324,S3-879041956
S1-436472335	S2-325854896,S2-57520556,S2-814811403,S3-126767087,S3-162442421,S3-536036109,S3-548615867,S3-56864689
S1-860122665	S2-184469944,S2-34601489,S2-440834256,S2-700680972,S3-402831101,S3-637557216
S1-471757333	S2-126302217,S3-132569831,S3-237274454,S3-934152135
S1-854683249	S2-179970710,S2-974080857,S3-165432624,S3-257419711,S3-383926680,S3-407518229,S3-962136235
S1-493304639	S2-236174491,S2-456201283,S3-178452382,S3-397273388,S3-477994729
S1-485298967	S2-518237457,S2-882171697,S2-913516507,S3-16962692,S3-538480822
S1-99176734	S2-218307773,S2-468219340,S2-672092582,S2-787015891,S2-802320673,S2-888154955,S2-902432327,S3-200197901
S1-489191137	S2-15124461,S3-704203435,S3-909638180,S3-987641635
S1-868611439	S2-926512781,S2-990456124,S3-492846920,S3-592725854,S3-892858961
S1-722325176	S2-367848084,S2-755479313,S3-176087478,S3-801222643,S3-954165980
S1-515064838	S2-612648982,S2-648435986,S3-113304691,S3-122770528,S3-202305,S3-813313513
S1-520496267	S2-302511825,S3-50130147,S3-60952785,S3-670263030
S1-636061897	S2-608692051,S2-767042840,S3-11218868,S3-281276767,S3-567989393,S3-589036595,S3-839808693
S1-715814579	S2-637968185,S2-732815461,S2-824215352,S3-911225875,S3-924001745
S1-390128899	S2-224349954,S2-324557192,S2-948449908,S3-243140746,S3-280304921,S3-622049908,S3-67444900
S1-628927898	S2-111268497,S2-128353496,S2-404712921,S2-598524637,S2-965526868,S3-162154317,S3-410262400,S3-826224320
S1-350406435	S2-612915343,S2-747077705,S2-936030090,S2-997288598,S3-211113359,S3-540449076,S3-752756737
S1-170893452	S2-301991838,S2-900431385,S2-942530185,S3-34808705,S3-931765417,S3-940439128
S1-266444757	S2-184963397,S3-520004034,S3-93677390
S1-699581211	S2-239826553,S2-343000937,S3-300883361,S3-953971033
S1-983395003	S2-299851134,S2-428386036,S2-527012256,S2-609827699,S2-666969670,S3-372784857,S3-538829099,S3-829849910
S1-207350802	S2-223391129,S2-847713170,S2-96658833,S3-409802967,S3-489884202,S3-830922425
S1-773379740	S2-300631646,S2-449107428,S3-200792601,S3-284451132,S3-610181981,S3-692409606,S3-790364983,S3-850148922
S1-868513788	S2-304983389,S2-366215680,S2-671754076,S2-672596259,S2-741578650,S2-942040249,S3-554851105,S3-560506510,S3-592440827,S3-963553174
S1-968823273	S2-371891410,S2-932154877,S2-963135969,S3-211275772,S3-602130037,S3-932719433
S1-115256087	S2-434254820,S2-565769933,S2-653837831,S2-835464150,S3-323075177,S3-37657966,S3-961422368,S3-979803641
S1-276435544	S2-409429070,S2-59128931,S2-622626483,S2-881859062,S2-890615239,S3-293045788,S3-790954425
S1-609446142	S2-204640294,S2-38209674,S2-396775154,S3-317248229,S3-924165982
S1-450785829	S2-145819198,S2-301620005,S2-562026825,S2-831148652,S3-345469327
S1-228090188	S2-171679659,S2-328753119,S3-225956709
S1-546349190	S2-243426946,S2-462359252,S2-861865995,S3-273257745,S3-34869643,S3-352592516,S3-417300456,S3-525082672
S1-41389380	S2-492175125,S2-521244268,S2-723464901,S3-563204192
S1-721602470	S2-659558117,S2-949010834,S3-561007064,S3-571346190,S3-604948677,S3-670222939,S3-854196216
S1-940989202	S2-410020688,S2-419523551,S3-287846373,S3-69635300,S3-913034614,S3-936051023
S1-383982639	S2-534543016,S2-584106012,S2-852965242,S3-477990490,S3-974096707
S1-615762073	S3-191410209,S3-588400833,S3-642578542,S3-919243477,S3-984608270
S1-551516006	S2-117136280,S2-14786299,S2-812865648,S3-348632207,S3-489162764,S3-700392266,S3-773703190,S3-916680207
S1-982464012	S2-582957785,S2-625099304,S3-162711173,S3-824480934
S1-483636989	S2-154693153,S2-241821517,S2-503886241,S2-883193393,S3-284741935,S3-286416456,S3-40300815,S3-439744697,S3-712602042
S1-77640643	S2-319713364,S2-547512700,S2-883096829,S3-326919817,S3-662589727,S3-700088369,S3-800206949
S1-656542097	S2-200974098,S2-757751260,S2-901180620,S3-938084816
S1-671375532	S2-183522846,S2-868519103,S3-245217624,S3-305391970,S3-83311187
S1-526368004	S2-647885270,S3-396418020
S1-300082537	S2-775937917,S2-884179846,S3-117575529,S3-137809748,S3-308731565,S3-547683477,S3-958912976
S1-875361844	S2-407455725,S2-805812232,S2-90594723,S3-131401546,S3-162306561,S3-366972895,S3-627139232
S1-316523195	S2-160070555,S2-310511459,S2-353837871,S2-395531897,S2-429626946,S3-232678057,S3-603409660,S3-645258529
S1-532345729	S2-388609167
S1-183769596	S2-136334891,S2-669543155,S2-9418538,S3-372506261,S3-834898013
S1-110056960	S2-164867174,S2-30683122,S2-948776874,S3-306258794,S3-379144694,S3-751827905,S3-858615612,S3-916789201
S1-114447946	S2-269664592,S2-594920265,S2-851973673,S3-10608420,S3-226628183,S3-356992944,S3-53399190,S3-836889603,S3-885117834
S1-733252088	S2-2152180,S2-689807200,S2-881869664,S3-29622713,S3-307547013,S3-649207493,S3-850679233
S1-72017612	S2-342505970,S2-546435671,S2-657446979,S3-766227893
S1-121105832	S3-232425,S3-267041824,S3-788589818
S1-643219621	S2-341850702,S2-580975641,S2-694951197,S2-835126028,S3-480983587,S3-661652908
S1-439213392	S3-618587468
S1-306763286	S2-110585395,S2-293922428,S2-298488765,S2-446954980,S3-203757612,S3-497888700,S3-578771939,S3-742360636
S1-89928909	S2-518459360,S3-158274881,S3-394096755,S3-643308777,S3-749866752,S3-825543149,S3-931365271
S1-257183006	S2-195374402,S2-95718910,S3-228667613,S3-30228186,S3-619472094,S3-763110616,S3-846307810,S3-941240503
S1-431478348	S2-563581273,S2-659103058,S2-968760595,S3-302011545,S3-638709776,S3-956725263
S1-623220152	S2-523312615,S2-891554746,S2-944535613,S3-322355268,S3-694793538,S3-72959585
S1-696503029	S2-753533787,S3-337251950,S3-391211748,S3-687940300,S3-971886544
S1-645575693	S2-129994487,S3-620596230,S3-809735520,S3-832985038
S1-690753862	S2-774402118,S2-849810463,S2-97699107
S1-664341095	S2-762855572
S1-33866754	S2-361738340,S2-969436832,S3-162945891
S1-216369314	S2-147512634,S2-151057322,S2-189051032,S2-291465170,S2-42347229,S3-120807655,S3-317463838,S3-694876916,S3-874646893
S1-953311599	S2-218021315,S2-671606207,S2-804765514,S2-838176949,S2-937153263,S3-385217182,S3-680014978,S3-731205337
S1-261996352	S2-456005905,S2-876592211,S2-956327260,S3-859426842
S1-664254456	S2-721925632,S3-352400318,S3-5893228,S3-625950302,S3-708093031
S1-628349605	S2-291401739,S2-415787435,S2-536107766,S3-287650714,S3-309834674
S1-230238742	S2-351402652,S2-519603904,S3-377029245,S3-594855044,S3-625740964
S1-490447261	S2-884934885,S2-893038894,S3-184183939,S3-322612871,S3-322768378,S3-697004640,S3-713533241
S1-63229507	S2-286720490,S2-740546458,S2-832066924,S3-135411177,S3-273230208,S3-542084569,S3-5879888,S3-695092543
S1-276595186	S2-210120562,S2-614971919,S2-629319672,S2-805711755,S3-372784857,S3-538829099,S3-829849910,S3-965165350
S1-366304430	S2-386936071,S2-483941291,S2-618996394,S2-912857541,S3-186152848,S3-238055540,S3-636367322
S1-494998140	S2-317784959,S3-239134253,S3-397784984,S3-641621430,S3-747205377,S3-753799210
S1-23222506	S2-387773579,S3-760385246,S3-863688111,S3-873231777
S1-927050101	S2-232903679,S2-836455001,S3-436010159,S3-717361401,S3-793578576
S1-109301424	S2-13280304,S3-735383783
S1-295973603	S2-130774775,S2-195701165,S2-980549086,S3-295983524,S3-516153763,S3-54457240,S3-868718579,S3-997489017
S1-748134262	S2-191208046,S2-462915738,S2-964586987,S3-886531176
S1-583194098	S2-354312226,S2-63221882,S2-939625266,S3-153424262,S3-371358332,S3-480447841,S3-762989495
S1-979462770	S2-419658268,S2-851511898,S3-189238225,S3-345911998,S3-466322193,S3-521215564,S3-605833351,S3-979468574
S1-942391939	S2-653663524,S2-757205320,S2-845557038,S3-101941206,S3-126561181,S3-331656665,S3-84403189,S3-94966985
S1-68140239	S2-232683813,S2-341662596,S2-483014673,S2-522630337,S2-831110137,S3-107633354,S3-38853458,S3-403167720
S1-1620936	S2-324835877,S2-418186667,S2-900307990,S3-63177983,S3-642915375
S1-549848818	S2-587080422,S2-932029093,S3-226127767,S3-392929806,S3-476746376
S1-678268438	S2-347580443,S2-82345076,S2-846851806,S3-740900748,S3-920593877
S1-827198831	S2-566239104,S2-730240758,S2-777998417,S2-82012874,S3-143711423,S3-255187961,S3-282221528,S3-819840192
S1-330990568	S2-857291006,S2-947058376,S3-10856790,S3-368578014,S3-388753718,S3-427717615,S3-517748963
S1-180674988	S2-79329650,S2-829119922,S2-999191279,S3-190321289,S3-380783772,S3-38384757,S3-920909324
S1-405051612	S2-395437303,S2-639952228,S3-136640323,S3-147086304
S1-494443936	S2-420139381,S2-706718027,S2-813029953,S3-127548800,S3-271435115,S3-431357349,S3-478354345,S3-743817269
S1-341616151	S2-157253698,S2-501466288,S2-561034611,S3-2220613,S3-340980388,S3-479112156,S3-777727209,S3-931330453
S1-882500157	S2-36755276,S2-426733128,S3-194453007,S3-200793808,S3-545453406,S3-998522073
S1-548425996	S2-625433521,S2-7965631,S3-495086016,S3-775270891
S1-890206191	S2-2219035,S2-471149202,S2-74515275,S3-431185368,S3-445234653,S3-673635835,S3-678692720,S3-967568197
S1-933820918	S2-156165486,S2-993610530,S3-447519858,S3-748222880
S1-572655629	S2-100617304,S2-282276101,S2-36323654,S2-942902274,S3-343699739,S3-856197420,S3-984177774
S1-272288642	S2-656393256,S2-699876767,S3-606874962,S3-634877900,S3-70541707
S1-503952883	S2-439934561,S2-838407216,S2-932867668,S3-254660757,S3-462306894,S3-613887517,S3-72160283,S3-818722089
S1-7053246	S2-111304936,S2-465636635,S2-534073769,S2-928121841,S3-658811897,S3-782909155,S3-963639281,S3-996901594
S1-66304402	S2-348813495,S2-558537054,S2-681648299,S3-132011909,S3-361316162
S1-82695271	S2-115735559,S2-12021024,S2-817523978,S2-988401550,S3-21829117,S3-245066359,S3-442334513,S3-671435385
S1-77425171	S2-404939259,S2-433777154,S2-730957351,S3-250334213,S3-392362268,S3-649163376
S1-831315957	S2-486222796,S2-503799031,S2-63955577,S2-928423408,S3-448858337,S3-460865198,S3-703540237,S3-975764192
S1-795919012	S2-310593938,S2-722766454,S2-729703017,S2-898575128,S3-156457631,S3-609618691,S3-802175986,S3-90604094
S1-416003216	S2-343549758,S2-346999001,S2-461284553,S2-638753924,S2-714135311,S2-722168269,S3-739493333,S3-935359003
S1-789220453	S2-919717633,S3-289500945,S3-450143911
S1-880627915	S2-122328427,S2-617129824,S2-940153258,S3-866367148
S1-183478181	S2-418546349,S2-436283339,S2-545943255,S2-716303954,S3-39570132,S3-588008724,S3-624640220,S3-674560108
S1-502388826	S2-877486857,S3-337156859
S1-844105436	S2-342315041,S2-347661503,S2-814828361,S3-26826405,S3-41427838,S3-53997067,S3-739593938
S1-363686004	S3-132591652,S3-686050532
S1-375205938	S2-488368504,S2-684708603,S2-912625660,S2-940480424,S2-94241241,S3-335740653,S3-384392489,S3-863584464
S1-795629002	S2-514565483,S2-537036793,S2-94266630,S3-294399709,S3-366884514,S3-77573380,S3-829968389
S1-271056155	S2-222352496,S2-577986031,S3-530308609,S3-552175985,S3-640816200
S1-879209922	S2-155564324,S2-494340662,S2-864594379,S2-977365438,S3-267111912,S3-358498805,S3-497693896,S3-612481006
S1-116042905	S2-282307778,S2-829473932,S3-605358936
S1-156540022	S3-25838489,S3-380941769,S3-795704304,S3-977949392
S1-528781033	S2-524341959,S2-53021762,S2-615503064,S2-73180663,S3-338425995,S3-596960331,S3-628026154,S3-737678835
S1-60919485	S2-232937611,S2-360397884,S2-626351963,S2-887703762,S3-290507313,S3-482706174,S3-666493356
S1-78051368	S2-112138220,S2-16078205,S2-540516690,S2-546931773,S3-434978648,S3-957859886
S1-679670387	S2-302556643,S2-319055475,S2-424470974,S3-284799203,S3-33710295,S3-680081101,S3-756245375,S3-964356134
S1-820912420	S2-105453154,S2-224836068,S2-308936840,S2-335559479,S3-325444663,S3-403149008,S3-551024324,S3-790308875
S1-323209429	S2-443814846,S2-530914002,S2-692755362,S2-97500540,S3-195804552,S3-196264225,S3-681145360
S1-27447644	S2-33873673,S2-545978606,S3-280615805,S3-295173836,S3-478651997,S3-571297651
S1-654990809	S2-708603580,S2-966397854,S3-249089199
S1-948082520	S2-416119286,S3-235423369,S3-269905795,S3-282152355,S3-731311951,S3-846650101,S3-863933665,S3-951345007
S1-28937337	S2-412482110,S2-486672220,S3-150980722,S3-292543972,S3-377063384,S3-571725267
S1-831187642	S2-40555487,S2-604194805,S3-764389339,S3-836713461,S3-842123973
S1-4100991	S2-639299343,S2-704282884,S2-733750083,S3-16280071,S3-345671906,S3-371081664,S3-666273033,S3-866095061
S1-875757034	S2-161837761,S2-955385185,S3-623781844,S3-761399946,S3-923007751
S1-133309903	S2-825195789,S3-279156515,S3-898900628
S1-365306971	S2-114021342,S2-57947030,S2-759938159,S2-896073101,S3-222138575,S3-385319613,S3-872304868,S3-969009718
S1-271456099	S2-337165821,S2-403985508,S2-742991749,S3-366680679
S1-973122713	S2-445568335,S2-54337073,S3-227898605,S3-342114586,S3-381512106,S3-673500337,S3-756901755,S3-770336732
S1-617811608	S2-119093013,S2-357758001,S3-135871717,S3-604761548,S3-990798273
S1-236023461	S2-264038552,S2-661112991,S3-513076034,S3-513601788,S3-80864407
S1-680000134	S2-296781543,S2-330230664,S2-654808476,S2-699044098,S3-144164840,S3-210329936,S3-663018696,S3-955587931
S1-938448906	S2-254378335,S2-628606281,S3-210381875,S3-352300301,S3-402855770,S3-805294469,S3-943965896
S1-105965183	S2-248375027,S2-551251565,S2-560781886,S2-727539882,S3-226709447,S3-406438130,S3-510413492,S3-661777761
S1-650475691	S2-120926259,S2-545569148,S3-127935219,S3-203235822,S3-228701608,S3-598218036,S3-614937730,S3-659130161
S1-399334133	S2-776612891,S3-160138271,S3-210183178,S3-377724236,S3-611600693,S3-665022856,S3-901613013,S3-925222129
S1-386810568	S2-241079405,S2-373301508,S2-478493845,S2-70330431,S2-857079476,S3-255867310,S3-513227246,S3-973623618
S1-556698336	S2-183932627,S2-24577029,S2-58762659,S2-748271428,S3-238716907
S1-286884205	S2-511047878,S2-518131700,S2-676034545,S2-876553622,S3-143750527,S3-378941753,S3-414336021,S3-928356785
S1-490112791	S2-157352843,S2-425990106,S2-500122090,S2-564463638,S2-614030232,S3-215357960,S3-260807839,S3-87544846
S1-565942917	S2-257908129,S2-318211941
S1-367596840	S2-454057025,S2-526794115,S3-104669575,S3-111329129,S3-126158650,S3-188194704,S3-215010006
S1-987368048	S2-106559304,S2-231751198,S2-26837590,S2-333913208,S2-890745458,S3-233794493,S3-897933923,S3-954150432
S1-308619054	S2-259507446,S2-302529649,S2-636093597,S3-725053701,S3-744111691
S1-541325354	S2-293442811,S2-915165554,S2-929741408,S3-586194580
S1-162704577	S2-13501282,S2-645927415,S3-249165489,S3-395220994,S3-414757405,S3-534112666,S3-767958424,S3-98554951
S1-74718811	S2-800137657,S2-81398061,S3-203538137,S3-793621947
S1-476936488	S2-241974437,S2-519210873,S2-948561969,S3-476065925,S3-575009821,S3-707473058,S3-893017642,S3-96868706
S1-510218539	S2-138536735,S3-409605247,S3-645979069,S3-947359383
S1-612497050	S2-399392395,S3-120916711,S3-269443760,S3-301875723,S3-450353296,S3-706913749,S3-845682268,S3-944517383
S1-208553177	S2-427594414,S2-656801151,S2-796901623,S3-149791386,S3-388784561,S3-441182750,S3-502961234,S3-64786149
S1-126429639	S2-50595678,S2-852924145,S3-235623474,S3-537961907,S3-946589890
S1-193308059	
S1-313852330	S2-248502165,S2-305051449,S2-966504314,S3-266000103,S3-484023204,S3-74911501
S1-310628704	S2-169542672,S2-501481583,S2-927808145,S3-207237123,S3-218860677,S3-470930716,S3-737992325,S3-864687264,S3-943444316
S1-540958678	S2-100263201,S2-352561540,S2-555792890,S2-802752839,S3-184729243
S1-362325463	S2-247773498,S2-449765259,S2-559639759,S2-769069005,S3-432656709,S3-594052457,S3-747681475,S3-918654584
S1-345675493	S2-585716795,S2-942146966,S3-172264998,S3-341182678,S3-391588176,S3-519686303,S3-852886823,S3-985106536
S1-474645992	S2-239138800,S2-460738278,S2-796053792,S3-160786393,S3-249789273,S3-568820472,S3-65259637,S3-979612817
S1-976509544	S2-455656561,S2-85519320,S2-908774468,S3-425530651,S3-606618189
S1-192930802	S2-123806745,S2-137764035,S2-472452434,S2-565830444,S3-337599615,S3-754881130,S3-947982327
S1-951581436	S2-416495347,S2-466585471,S2-763462358,S2-844044671,S3-115624925,S3-18679887,S3-481062106,S3-964158346
S1-304938641	S2-798810715,S2-989961988,S3-637740645,S3-681060020,S3-994827838
S1-329160135	S2-241121137,S2-336279623,S2-615074620,S3-409297532,S3-76085525
S1-351292806	S2-152443016,S2-487379474,S2-676248852,S3-303819179,S3-638529319,S3-814113077
S1-76115330	S2-418186667,S2-67849329,S2-85459167,S3-278846441,S3-53112994,S3-675260060,S3-76315288
S1-76238086	S2-416562727,S2-477821485,S2-77979408,S3-114124469
S1-174319067	S2-314264959,S2-557680455,S2-687192820,S3-200409804,S3-369062629,S3-706729549,S3-898681506,S3-945772909
S1-467845122	S2-121268594,S2-256906790,S2-708429659,S3-374036903,S3-76404034
S1-311569875	S2-405833215,S2-467275662,S2-487145193,S2-560482828,S2-679900067,S3-279334495,S3-533198121,S3-734806141,S3-771245142,S3-828403070
S1-135640361	S2-644505510,S2-826197683,S2-935056240
S1-737267438	S2-308974095,S2-341017131,S2-464382129,S2-757864497,S2-881551408,S3-483049360,S3-839760353,S3-879094168
S1-569954597	S2-965292163,S2-994781056,S3-23005728,S3-385445744,S3-409233710,S3-815911544,S3-837521947,S3-842497810
S1-220300554	S2-560838664,S2-63638002,S2-676506526,S2-988984137,S3-266471159,S3-596119036,S3-966158979,S3-991570042
S1-799189769	S2-475080781,S2-491541342,S3-468777196,S3-494027761
S1-397620792	S2-429661613,S2-869889948,S3-154493336,S3-2094429,S3-459976338,S3-695697667,S3-895892242,S3-918490236,S3-976070095
S1-31140903	S2-530275780,S2-60753144,S3-165416829,S3-464373684,S3-834711692,S3-923590867
S1-449621607	S2-306293185,S2-443073463,S2-971155418,S3-221542902,S3-778449346,S3-847490955,S3-848880557,S3-899843265
S1-721433715	S2-564896191,S2-802870691,S3-336682942,S3-495925379
S1-250841833	S2-129798233,S2-362924690,S2-517693837,S2-713277597,S3-25752542,S3-78063085,S3-882287528,S3-90907310
S1-869858129	S2-338317768,S2-375150768,S2-813774653,S3-2118615,S3-454277047,S3-700706193,S3-835105798,S3-851929375
S1-843512294	S2-360902986,S2-477886891,S2-769527686,S3-122340846,S3-535432546
S1-977423613	S2-490657433,S2-941733940,S3-404348869,S3-661398493,S3-772439634,S3-870858294
S1-309520811	S2-197281246,S2-495519925,S2-582965137,S2-96819180,S3-367473256,S3-40082463
S1-568255090	S2-250539995,S2-917772848,S3-431540186,S3-685679089,S3-979089965
S1-476732309	S2-198702463,S2-306307046,S2-356407690,S2-971155734,S3-274429908,S3-579237633,S3-626770712
S1-128074875	S3-687066625
S1-692422753	S2-471074152,S2-574298729,S3-194561489,S3-255306373,S3-294765777,S3-411003611,S3-466161593,S3-861191957
S1-947340885	S2-304544779,S2-363989675,S2-771603628,S2-776964997,S3-293271116,S3-339653649,S3-651774368,S3-672617825
S1-624767801	S2-77497112,S2-929827069,S3-234100569,S3-235829739,S3-36197136,S3-542584722,S3-801440414,S3-942062993
S1-974098552	S2-234552037,S3-513020696,S3-578115056,S3-744891016,S3-767250756,S3-848826352
S1-970330376	S2-157642463,S2-719624295,S2-863276722,S3-647595760,S3-710734924,S3-774047631
S1-500080185	S2-114607903,S2-349572271,S2-432951843,S2-512455011,S3-231148218,S3-5357119
S1-952227795	S2-956024375
S1-511122142	S2-540113363,S2-589634750,S3-322216548,S3-434330114,S3-790104618
S1-976779512	S2-406028175,S2-531923562,S2-603206043,S3-188271588,S3-382871217
S1-784197057	S2-103203636,S2-153106779,S2-274878289,S2-319740619,S2-650144943,S3-145711021,S3-396222288,S3-5380317
S1-399999269	S2-227061586,S2-740309646,S2-928001088,S3-428242034,S3-582003781
S1-673925616	S2-446708713,S2-544041968,S2-661940603,S2-863123962,S3-126392456,S3-341084367,S3-527521091,S3-560824545
S1-768680597	S2-300362131,S2-625869200,S2-750808132,S2-862536264,S3-356361411,S3-716012599,S3-78318809,S3-958841314
S1-819392225	S2-765904933,S3-144761518,S3-412072987,S3-624915777,S3-909221913,S3-91247659
S1-401198054	S2-428441044,S2-643021264
S1-291464303	
S1-352620980	S2-295366299,S3-160671745,S3-669250138
S1-399915925	S2-516688173,S2-551048382,S2-729195305,S2-806394848,S3-496540366,S3-497955135,S3-595798736,S3-93475000
S1-682833498	S2-317421502,S2-377343161,S2-437862547,S2-76943127,S3-313061460,S3-662320123
S1-669349473	S2-158448015,S2-204190423,S2-438242251,S2-631353984,S2-795815945,S3-313047481,S3-499939263,S3-882014868
S1-236800466	S2-173700831,S2-880320009,S2-962186458,S3-474506141,S3-53492131,S3-545255949,S3-707039118
S1-946791764	S2-225204750,S2-251430726,S3-116949395,S3-187986639,S3-189544559,S3-203886902,S3-955753690
S1-706507205	S2-199217223,S3-103603834,S3-109593580,S3-685122262
S1-312249591	S2-62207405,S2-828785501,S2-884686265,S2-920863690,S2-981679651,S3-990720022
S1-270625445	S2-530972913,S2-765797052,S2-967605796,S3-167910015,S3-620504603
S1-530140189	S2-232298258,S2-598613854,S3-110082848,S3-188241420,S3-975172667
S1-907148727	S2-380350299,S2-440281323,S2-507390542,S2-758378136,S2-825751872,S3-20288293,S3-998273671
S1-828110240	S2-820148988,S2-845925794,S2-890546555,S3-369151351,S3-690943923,S3-721651354,S3-777251026
S1-643188249	S2-101582078,S2-195231895,S2-297735174,S2-363166819,S2-474057759,S2-500394005,S3-281744614,S3-775020527
S1-379124235	S2-233833783,S3-200592302,S3-265404836,S3-580666742,S3-799385047,S3-858152495,S3-903248651,S3-970563091
S1-825408542	S2-103861543,S2-571411902,S2-619654684,S2-923958824,S2-995307526,S3-380379226,S3-645637503,S3-659438369
S1-466777966	S2-403024163,S2-517552312,S3-231149653,S3-318881012,S3-703523086
S1-947466299	S2-622744010,S3-192582104,S3-861141498
S1-623168051	S2-557429998,S2-563275268,S2-837894734,S3-154697814,S3-180450999,S3-559001340,S3-620167149,S3-903208413
S1-982249066	S2-509046429,S2-949229600,S3-281422597,S3-302289559,S3-649290552,S3-680708492,S3-755964484,S3-850157541
S1-289491837	S3-305137499,S3-847942554,S3-884375805,S3-909085330,S3-954323084
S1-640310098	S2-357990549,S2-745635396,S3-674679966,S3-733506906,S3-806873682,S3-965831821
S1-297938148	S2-263684198,S2-94480603,S2-985570395,S3-157519890,S3-165422836,S3-166310686,S3-343406969,S3-620012702
S1-522366458	S2-734453804,S3-111192467,S3-16439761,S3-368013589,S3-419406170,S3-585477880,S3-692439820,S3-810717585
S1-563912440	S2-236451904,S2-352808657,S2-84027277,S2-95617824,S3-446066292,S3-540274392,S3-552501087,S3-59338495,S3-672300266
S1-627491390	S2-349957981,S2-835647172,S3-151993602,S3-201629612,S3-375018908,S3-807306252,S3-8136901,S3-907622851
S1-679089750	S2-224713557,S2-45461511,S2-797740949,S2-933682583,S3-806866801,S3-939326441
S1-681995503	S2-101935690,S2-643795145,S2-681002914,S3-129322670,S3-145177612,S3-21440633,S3-330126165,S3-641939892
S1-655265786	S2-820991170,S2-94069940,S3-209212638,S3-219292953,S3-383434693,S3-563083183
S1-922752160	S2-323171476,S2-344755755,S2-874823759,S3-194299608,S3-944588679
S1-222932432	S2-48913783,S3-42297035,S3-598823546
S1-297414006	S2-59225356,S2-649060476,S2-813043325,S2-942660267,S3-212144695,S3-43681954,S3-813367686,S3-905220411
S1-25560573	S2-605475677,S2-65798031,S3-117877275,S3-129796332,S3-154048864,S3-273692133,S3-452545117
S1-311128386	S2-765385738,S3-449635009,S3-471598413,S3-493780840,S3-764576736
S1-94757698	S2-116384167,S2-579905495,S2-837713203,S3-308064423,S3-854665938,S3-917221103
S1-828112745	S2-444327235,S2-695959666,S2-782598536,S3-197087833,S3-203620708
S1-113450052	S2-567197878,S2-965731259,S3-11083059,S3-774641933
S1-542467871	S2-957555900
S1-475061173	S2-373370427,S2-584635130,S3-248372686,S3-496832842,S3-54015705,S3-99412724
S1-182548425	S2-462719390,S2-559044526,S3-382195910,S3-747267661,S3-869884672,S3-927379206
S1-11296311	S2-698459639,S2-794525289,S2-866160316,S3-102089261,S3-366764318,S3-610517584
S1-492333447	S2-237740378,S2-390379002,S2-782688987,S3-108676090,S3-836802887
S1-259245450	S2-11029893,S2-28257039,S2-372554180,S2-451433237,S2-522126275,S3-308335738,S3-339724551
S1-133599173	S2-631441468,S3-131687279,S3-2033316,S3-606001832,S3-709977863
S1-652737164	S2-188245715,S2-189850844,S2-533066175,S3-14561523,S3-537961772,S3-7363151,S3-808705089,S3-870288571
S1-618634427	S3-318694234,S3-373882143,S3-886950124
S1-200629160	S2-739817466,S2-748863899,S3-71876136,S3-849420442
S1-491621319	S2-490685362,S2-56646845,S3-282274735
S1-549231569	S2-182272860,S2-387159803,S2-589976200,S3-398327566,S3-642635233,S3-724997828
S1-819455051	S2-237056668,S2-729993024,S2-74626405,S2-937535527,S3-323802843
S1-144984438	S2-47195423,S3-783734927,S3-998925813
S1-848599059	S2-405493491,S2-966590171,S3-159183862,S3-336622806,S3-744238746,S3-927203340
S1-325174572	S2-164836595,S2-716383,S2-748480104,S3-540575430,S3-855891807
S1-446254480	S2-204319277,S2-489070963,S2-612759376,S2-823349305,S2-89676285,S3-905840302
S1-897078240	S2-266198630,S2-294353327,S2-322867408,S2-61799401,S2-813431304,S3-407772524,S3-54979889,S3-686721024
S1-768043553	S2-587665507,S2-68270557,S2-978176639,S2-994126236,S3-117530460,S3-424807336
S1-745132174	S2-14633325,S2-361831080,S2-420656161,S2-889395725,S2-921488721,S3-481278013,S3-542384349,S3-671592277
S1-908737790	S2-184061275,S2-28609289,S2-336042789,S2-528113248,S3-485667524,S3-617316114
S1-252266590	S2-126725990,S2-33688614,S2-36353625,S2-817892419,S3-316791858,S3-800134049,S3-959862613
S1-687658178	S2-197195695,S2-306072384,S2-656454593,S2-734962632,S3-926449216
S1-78252507	S2-400669980,S2-732891840,S2-966575124,S3-25800194,S3-633116184,S3-68768758,S3-743144730,S3-766067226
S1-782026544	S2-177736933,S2-189724308,S2-346574766,S2-735602953,S3-28811667,S3-422658639,S3-489336624,S3-768918638
S1-310059663	S2-166226038,S2-460317329,S2-530562462,S2-759606134,S2-97259154,S3-106169709,S3-237015806,S3-260368690,S3-357965919,S3-400631882,S3-895175513
S1-823635420	S2-190571447,S2-723232956,S2-817789304,S2-830392871,S3-795948036,S3-845259773
S1-645858045	S2-451321782,S2-630248238,S2-642096584,S2-874125929,S3-330648195,S3-370791669,S3-672949697
S1-42987358	S2-224680649,S2-338871989,S2-371704870,S2-388743028,S2-528634002,S3-356884872,S3-642078591,S3-843659428
S1-2807435	S3-138367976,S3-62576520,S3-736989368
S1-984251495	S2-769426857,S2-819689733
S1-664474459	S2-174710523,S2-297728551,S2-5813939,S3-12660604,S3-239872672,S3-474374487,S3-528533490,S3-592690415
S1-187275294	S2-440526734,S3-19496762,S3-283714025,S3-320483498,S3-565863558,S3-815630532
S1-912229618	S2-20775569,S2-719139559,S2-948650878,S3-19772203,S3-399082691,S3-726147940,S3-784046855,S3-843939694
S1-500070957	S2-563971271,S2-717899830,S2-736661866,S3-248579694,S3-30520786,S3-482850179,S3-791723761,S3-910885342,S3-985268775
S1-137445113	S2-369548036,S2-466524811,S2-844877564,S2-934852859,S2-940145557,S2-974781885,S3-880944874,S3-936953562
S1-462042062	S2-834672296,S2-978742819,S3-499276507,S3-742003337
S1-631938560	S2-331510063,S2-54598250,S3-578054592,S3-597773537,S3-988051573
S1-941992903	S2-802455059,S2-940358716,S2-962600640,S2-977847407,S3-238308534,S3-317866681,S3-676548609,S3-815744944
S1-928083961	S2-110663849,S2-300778802,S2-33036617,S3-37252983,S3-717959776,S3-947569245
S1-217281345	S2-283821657,S2-630645070,S2-715305644,S2-849384756,S3-111659729
S1-777253433	S2-158657700,S2-26716893,S2-301714395,S2-437360325,S2-610755163,S3-400884014,S3-692827650,S3-756412698
S1-721438951	S2-107983820,S2-68917084,S2-873187796,S3-247096719,S3-267429625,S3-274296132,S3-759212872
S1-5533700	S2-23413962,S2-398007687,S2-480512966,S2-493088432,S2-718957756,S3-612924241,S3-75120234,S3-783990837
S1-269802844	S2-354173154,S2-367745507,S2-414746535,S2-705177332,S2-96559023,S3-259389499,S3-371330183,S3-377001697,S3-542209012
S1-782569173	S2-293479363,S2-483610082,S2-678526674,S3-105418596,S3-389009126,S3-458490434,S3-517159077,S3-795707900
S1-936407495	S2-537054762,S2-882531366,S3-130882746,S3-268254386,S3-4609232,S3-663338006,S3-721662553,S3-756667262
S1-289237661	S2-299907361,S2-659304761,S2-899774641
S1-211591210	S2-390833778,S2-576309,S3-152610803,S3-16095128,S3-308968897,S3-597237481,S3-787921365,S3-991223257
S1-248545418	S2-523619653,S2-772774924,S2-962904044,S3-132312428,S3-349875555,S3-471121131,S3-594262470
S1-395531085	S2-343722653,S2-835775599,S3-323916888,S3-408342091,S3-761833026
S1-873148886	S2-264295329,S3-735403295,S3-868884669,S3-871078084
S1-124334259	S2-266920478,S2-49897520,S2-957826376,S3-523027806
S1-360412504	S2-293242341,S2-484656592,S2-511256833,S2-636313951,S2-662053948,S3-13069877,S3-19737528,S3-93726978
S1-458701839	S2-723947115,S2-844548766,S2-879213684,S3-11229459,S3-205151463,S3-669422737,S3-795829580
S1-112124325	S2-131840439,S2-230906986,S2-924878314,S3-394965325,S3-640193174
S1-465104755	S2-168734553,S2-605413011,S2-850701159,S3-437552238,S3-656465240,S3-721677436
S1-795971965	S2-304212023,S2-414056812,S2-414121471,S2-796135215,S3-934028065
S1-259434525	S2-226256945,S2-352550028,S2-365589941,S2-498862081,S2-778642782,S2-935522103,S3-221006826,S3-553007512,S3-8671703
S1-674658540	S2-428230613,S2-584710476,S2-758858974,S3-398865222,S3-462946646,S3-894915207
S1-370668060	S2-282665952,S2-657258664,S2-764453463,S2-869636126,S3-934533103,S3-982516411
S1-294934043	S2-654838686,S3-346824175,S3-360640481,S3-36070527,S3-420391708,S3-811945716
S1-648416356	S3-212690922,S3-379673705,S3-763563886
S1-268854220	S3-405039289
S1-701156490	S2-168814320
S1-833242543	S2-30881296,S2-396191526,S2-475027335,S2-680882600,S3-176363512,S3-183617861,S3-522542684,S3-901044893
S1-286609413	S2-546907266,S3-311586019,S3-450572762,S3-65636867,S3-807323432
S1-140554523	S2-397892490,S2-517303967,S2-755674977,S2-96853621,S2-971766428,S3-197131671,S3-626540536,S3-668009763
S1-553620359	S2-301263597,S2-507291699,S3-190861072,S3-553924486,S3-895131047
S1-332823244	S2-258926125,S2-363322923,S3-179130289,S3-241986143,S3-445495348,S3-584733267,S3-759424246,S3-893117973
S1-85209209	S2-516773054,S2-555889286,S3-364637332,S3-510148500
S1-819955026	S3-128655042,S3-528542361
S1-352200763	S2-490415898,S2-525955645,S3-381144989,S3-399905982,S3-404088941,S3-826994135
S1-138851899	S2-18857957,S2-773399247,S3-378743455
S1-148291762	S2-247940123,S3-141292498,S3-703166657,S3-913763154
S1-169475607	S3-346415129,S3-5545239,S3-55656494,S3-641581250,S3-676324568,S3-917383842,S3-949919353
S1-63651679	S2-572698038,S2-729650600,S3-63052135,S3-685433943,S3-691689770,S3-866623457
S1-442569950	S2-501614702,S2-892912873,S2-987912122,S3-610577637,S3-659615917,S3-681712017,S3-828982429,S3-988944231
S1-209902796	S3-945405797
S1-442723232	S2-373196255,S2-562380345,S2-837830084,S3-363642770,S3-518567957,S3-589890200,S3-721594941
S1-459030117	S2-184845955,S2-195047434,S2-954760372,S3-146848294,S3-201670429,S3-227953508,S3-835736000,S3-876293803
S1-392014643	S2-915895609,S3-287330676,S3-864038120
S1-359584912	S2-122588068,S2-61961204,S3-103721412,S3-159027609,S3-20379466,S3-237650183,S3-394633569,S3-674455951
S1-925099257	S2-199263498,S2-348552958
S1-181800283	S2-358605465,S2-422166970,S3-181265016,S3-43245650,S3-437874231,S3-458484153,S3-589859086,S3-644214059
S1-817323364	S2-145457420,S2-280743564,S2-303360581,S2-308663619,S2-701043148,S2-759828664,S2-912673654,S3-823449575
S1-309206354	S2-494422116,S2-593350667,S2-633016363,S3-861829627,S3-881404967
S1-19264697	S2-282227682,S2-93368659,S3-784670944
S1-320159939	S2-138514179,S2-451053393,S2-646849305,S3-303823628,S3-362196866,S3-367007434,S3-597043723
S1-546798692	S2-123167494,S2-401165725,S2-563162166,S3-146622211,S3-296485970,S3-531525841,S3-722362420,S3-865556568
S1-135152376	S2-259095616,S2-562016317,S2-718872503,S3-462753810,S3-632544924,S3-880662904
S1-471947168	S2-170634970,S2-382704389,S2-600701152,S2-675440777,S3-157002804,S3-647122475,S3-715401063,S3-752463425
S1-904503225	S2-48317085,S3-825388573,S3-917087020
S1-837943242	S2-875691019,S2-884488142,S2-943407971,S3-364118055,S3-834614248,S3-935033085
S1-476838465	S2-172010065,S2-778889803,S3-320788820,S3-774513950
S1-973326077	S2-220062743,S2-45903001,S2-629660696,S3-195720601,S3-285241006,S3-901822653,S3-974888927
S1-608577424	S2-291952798,S3-259244048,S3-420719844,S3-432937055,S3-435433446,S3-447607061,S3-730010396
S1-74092403	S2-204254334,S3-184983939
S1-908938159	S2-264730680,S2-320729295,S2-687826511,S2-9114604,S3-173623106,S3-704491700
S1-426192064	S2-443022008,S2-730669565,S3-111205606,S3-405068434,S3-550183305,S3-570875892,S3-691184975,S3-874322138
S1-715038514	S2-335247464,S2-3563169,S2-421754539,S2-872893298,S3-29008718,S3-327321936,S3-45905641,S3-585000553,S3-757028303
S1-292688998	S2-491169171,S2-562635243,S2-668664504,S2-760596592,S3-500924576,S3-82687238
S1-997120270	S2-406936684,S2-643839601,S2-9106762,S3-507061658,S3-840069224,S3-897410932
S1-964486542	S2-837790826,S3-525958453,S3-901473834,S3-92344191
S1-575779099	S2-140597886,S2-1668570,S2-205661472,S3-116709962,S3-859321733
S1-288627057	S2-385188447,S2-929008277,S2-979103028,S3-509877070,S3-743928666
S1-101503859	
S1-652435719	S2-410755723,S2-421293124,S2-440441991,S2-525747994,S3-123215356,S3-561346524,S3-804101408
S1-836473375	S2-248147139,S2-700259581,S2-948242824,S3-437041960,S3-693388620,S3-781701105,S3-866085212
S1-738603405	S2-186381456,S2-785976770,S3-398559758,S3-789718939
S1-7309442	S2-365714469,S3-30743986,S3-349937930
S1-863552734	S2-865581463,S3-405216788,S3-683618454,S3-929426190
S1-861289411	S2-118452422,S2-826527069,S2-87291482,S3-522434646,S3-721894192
S1-366282879	S2-253327932,S2-517338861,S2-608164793,S3-603106484,S3-770741440,S3-952165797
S1-462278155	S2-349662035,S2-397040113,S3-366477135,S3-893971929
S1-639231519	S2-38204105,S2-447593265,S2-56199749,S2-810742553,S2-866326028,S3-258718850
S1-612291933	S2-112660865,S2-31691136,S2-380989948,S2-958192950,S3-201367576,S3-473160787,S3-510450401,S3-819609874
S1-96853518	S2-420789865,S3-711206791,S3-905170692
S1-154759204	S2-314069568,S2-606082207,S2-64384213,S2-668480341,S2-720859609
S1-812287203	S2-512350987,S2-629379559,S3-319851528,S3-720450720,S3-79504349,S3-870589661
S1-734686919	S2-16372791,S2-37677129,S3-174823478,S3-603678867
S1-776753085	S3-654906611,S3-727116715,S3-874180316
S1-979984570	S2-212885401,S2-215445978,S2-612156638,S3-487601836,S3-696450142,S3-788298057
S1-700643453	S2-287997298,S2-455175931,S2-559752206,S3-162277171,S3-503757811,S3-58293684,S3-589534261,S3-916499531
S1-851610709	S2-33226381,S2-340346578,S2-719433965,S3-399128544,S3-640652523,S3-655082803
S1-308233757	S2-166710876,S2-820860936,S3-612341796
S1-476451568	S2-155088009,S2-438760236,S2-445585355,S3-159343266,S3-209213442,S3-890324119
S1-826242595	S2-636869140,S2-905467938,S3-128474951,S3-430668127,S3-59803456,S3-801585928
S1-335769919	S2-113900912,S2-423948218,S2-951156697,S3-223106431,S3-780363381
S1-679146832	S2-154326674,S2-382228635,S2-402773089,S2-839677251,S3-261064824,S3-473521523,S3-480891964,S3-671545887
S1-17228633	S2-764957210,S2-849294956,S3-143515034,S3-754511690
S1-278370769	S2-146546505,S2-58223021,S2-655512913,S2-685701744,S2-734807272,S3-181906624,S3-883624127,S3-964339036
S1-901327830	S2-189783610,S2-570234367,S2-686293653,S2-68817210,S2-697367270,S3-19933536,S3-224064142
S1-668257355	S2-112858881,S2-131030318,S2-448697097,S2-620047921,S2-760019742,S3-290819283,S3-375241,S3-582871925
S1-833340335	S2-275382840,S3-623915630
S1-668410195	S2-432249076,S2-492163801,S2-8486160,S3-119933448,S3-423151602,S3-975478263
S1-861632188	S2-233478979,S2-625036348,S3-204440258,S3-278768731,S3-310848349,S3-507875986,S3-629416701,S3-991556437
S1-793406235	S2-318931210,S2-386662113,S2-865978837,S3-439796760,S3-545821785,S3-685792767,S3-820053119,S3-867910611
S1-521004422	S2-178623487,S2-353852470,S2-960864980,S3-111252251,S3-629458621,S3-762081187,S3-80064817,S3-994239181
S1-916522596	S2-149116951,S2-362190533,S2-397478895,S2-434856194,S3-140160549,S3-495817982,S3-527461259,S3-739258186
S1-389275552	S2-432985226,S2-60117973,S3-304536979,S3-772660161,S3-91612307
S1-276706993	S2-371708948,S2-503296652,S3-505253347
S1-178218283	S2-373798337,S2-810325483,S3-493925941,S3-554917862,S3-786238287,S3-812632860
S1-373021067	S2-576048643,S2-61423000,S2-643239779,S2-690912458,S3-185625079,S3-595040734,S3-684860570,S3-736456399
S1-111401672	S2-348973860,S2-550869989,S2-685970818,S2-88506763,S3-376509559,S3-72865203
S1-379529771	S2-440083855,S2-638396337,S2-938424079,S2-972451257,S3-105225807,S3-1228404
S1-117887851	S2-387768080,S2-464489573,S2-543289398,S2-884933539,S3-128068542,S3-301075788,S3-487478889
S1-999167506	S2-361837246,S2-434224870,S2-546196448,S2-702905130,S3-173025784,S3-538282575,S3-635304464,S3-839811372
S1-531124115	S2-258486520,S2-323243078,S3-208196455,S3-255145114,S3-617690690,S3-980241470
S1-950535757	S2-196983882,S2-350886993,S2-583383628,S3-286071205,S3-291093734,S3-835164350
S1-610841869	S2-479646941,S2-855680027,S3-161159971,S3-324966987,S3-354709655
S1-839283180	S2-147378886,S2-298306352,S2-423794712,S2-724719002,S3-201348854,S3-451720869,S3-795282416,S3-995007254
S1-149855792	S2-308178632,S2-542249861,S2-588889682,S2-888682507,S3-127328703,S3-211691651,S3-277733154,S3-302200581
S1-575701949	S3-328582742,S3-510368145,S3-56727687,S3-632468064,S3-970937443
S1-925168333	S2-11846735,S2-973733373,S3-192319026,S3-2859185,S3-556416643,S3-91578562
S1-867825975	S2-119919476,S2-120284929,S2-180031335,S2-4193341,S2-509917712,S2-947288725,S3-183252478,S3-328970842
S1-844704255	S2-17663200,S2-28971110,S2-603165334,S2-691961305,S2-755240435,S2-857988508,S3-173682148
S1-802998808	S2-166721960,S2-303433276,S3-500052301
S1-743994203	S2-277350788,S2-32200589,S2-422699101,S2-658885762,S2-882986761,S2-957000504,S3-102000533,S3-316161278
S1-689041316	S2-695982100,S3-488825904,S3-685546322,S3-775319076
S1-297336105	S2-498108459,S2-512899812,S2-733938740,S2-911669576,S3-435259469,S3-476765513,S3-539500733,S3-826904878
S1-700701342	S2-168213536,S2-455791663,S3-205782881,S3-823519597,S3-959981705
S1-123497114	S2-478194160,S2-998831566,S3-563491513,S3-834189226,S3-944275423
S1-266519293	S2-275027223,S2-457691026,S2-952908019,S3-408126074,S3-671988888,S3-85904371
S1-224239887	S2-263832508,S2-320302070,S2-906081141,S3-141024974,S3-726471846
S1-91642478	S2-735548887,S3-195923696,S3-630232814,S3-952482869
S1-887262490	S2-199178962,S2-479368153,S2-561717141,S2-587890329,S3-569324999
S1-180478966	S2-332082815,S2-365572984,S2-525209473,S2-618568284,S3-162009737,S3-323379357,S3-446873499,S3-963222662
S1-972488382	S2-381244879,S2-555653261,S2-958293219,S3-292392447,S3-921632999
S1-729437945	S2-176356485,S2-19647780,S2-484206627,S2-52858585,S2-720801597,S2-885077115,S2-912113185,S3-956718000
S1-327416109	S2-144702633,S2-355806050,S3-263263825,S3-304511526,S3-768950839,S3-773470426,S3-947802963
S1-75260682	S2-156682351,S2-193923232,S2-279441465,S2-972465827,S3-542001759,S3-858171985,S3-953252952
S1-606263323	S2-639936445,S3-107214518,S3-183162035,S3-891960145,S3-902607682
S1-866953155	S3-177586844,S3-646560735,S3-886887780
S1-66322738	S2-220488966,S2-448565410,S2-476826204,S2-561883805,S3-192046122,S3-275677961,S3-358902646,S3-846161787
S1-302207267	S2-21336310,S2-848377690,S2-889556606,S2-930937021,S2-972096583,S3-414873734,S3-82454221
S1-832519522	S3-345294009
S1-25254290	S2-101177170,S2-624657126,S2-737106740,S3-243438992,S3-333023619
S1-493013197	S2-855189697,S2-936276393
S1-743852191	S2-941785540,S3-573275824,S3-658696017,S3-793148611
S1-941098394	S2-539298426,S2-544375554,S3-254698375,S3-64728430,S3-760165425
S1-817044886	S2-395945998,S2-549152977,S2-578350990,S2-905637043,S3-373282621,S3-391962962,S3-717990919,S3-783048454
S1-756497398	S2-450296861,S3-100807562,S3-311325402,S3-375917246,S3-443287821,S3-83345952,S3-899020269,S3-988572002
S1-20179255	S2-99979475,S3-119586790,S3-127685828
S1-195932989	S2-12496080,S2-339788795,S2-480637035,S2-663173697,S2-710494948,S2-777853277,S3-104132048,S3-260013101,S3-567411067
S1-676481330	S2-332248978,S2-450103924,S2-4734611,S2-474113048,S2-696142926,S3-413366021
S1-562054778	S2-465214720,S3-72700537
S1-873225189	S2-143649851,S2-383423135,S2-997820035,S3-188314771,S3-295447501,S3-625980079,S3-697578040,S3-977094703
S1-230732153	S2-203338349,S2-783223610,S3-100415888,S3-611083392,S3-876204054
S1-956437413	S2-344162805,S2-606623742,S2-872354339,S3-300579861,S3-770108819
S1-672236747	S3-124514871,S3-843629438,S3-903733447
S1-30212391	S2-196559108,S2-430394505,S2-433454937,S2-455278083,S2-703129369,S3-309895667,S3-578442127
S1-435239986	S2-408619870,S2-624734473,S2-800438704,S2-91016800,S2-910921183,S3-549121261,S3-948758218,S3-961592712
S1-629855023	S2-664254290,S2-931221,S3-180946455,S3-246201605,S3-315513558,S3-432663993
S1-58765809	S2-174777698,S2-19406916,S3-613553615,S3-915164899
S1-294741669	S2-911110518,S3-645954039,S3-792042695,S3-919856970
S1-400771802	S2-139453776,S2-259305216,S2-830870559,S3-998272366
S1-964564371	S2-195663258,S2-379058262,S2-758031066,S2-916757096,S3-174116818,S3-655559890,S3-72832244,S3-817499909
S1-133058318	S2-365252192,S2-63390841,S2-832557990,S3-318990425,S3-569430203,S3-796234403,S3-836781483,S3-864155702
S1-996931567	S2-640619630,S2-699341537,S2-960817575,S3-58345299
S1-575853280	S2-125231011,S2-75095968,S3-284761309,S3-347667481,S3-436974849,S3-950489622,S3-960188983
S1-72587246	S2-357601481,S2-409293571,S2-582968426,S2-809247392,S2-977307999,S2-996568454,S3-130298126
S1-218237210	S2-210498089,S2-285595258,S2-303947108,S2-902166773,S3-135988987,S3-145022721,S3-347085335,S3-424089312,S3-768815325
S1-237968589	S2-858105042,S3-426259375,S3-427651423,S3-549491831,S3-973847084
S1-978700115	S2-155813575,S2-450312417,S2-676682510
S1-777893247	S2-13690684,S2-347363735,S2-520264057,S2-846896755,S3-41126444
S1-497193773	S2-412970314,S2-51293257,S3-172654980,S3-206905437,S3-319366207,S3-447158161,S3-543274052,S3-578194237,S3-766627316
S1-392401975	S2-734388192,S2-754810902,S3-350118614,S3-927993379,S3-958396670
S1-77223267	S2-481499574,S2-724134698,S3-893378296
S1-881085896	S2-185172736,S2-220667267,S2-384750566,S2-522089146,S2-695920760,S3-604206701,S3-618691987
S1-246086405	S2-378351477,S2-515289553,S2-950020010,S3-169445498,S3-17710345
S1-260801152	S2-616423135,S3-974504891,S3-978337616
S1-986274919	S2-161454671,S2-439350390,S2-508312109,S2-577121592,S2-677017845,S2-772031761,S3-393556289,S3-818250917
S1-142393700	S2-272709935,S2-435787072,S2-493026772,S3-261853418,S3-536053589,S3-620624390
S1-909720754	S2-221764756,S2-708235227,S3-104364608,S3-249581933,S3-456984586,S3-75669005
S1-932774811	S2-754493307,S3-137882505,S3-35599733,S3-604325353,S3-605573925,S3-802138933
S1-584833105	S2-692681336,S3-306102907,S3-454756194,S3-743529774,S3-81046209,S3-885512864,S3-967686091
S1-119976972	S2-239982235,S2-384246577,S2-752059049,S3-116898506,S3-205012052,S3-465330222,S3-981902902,S3-997495576
S1-521159409	S2-145355768,S2-409733863,S2-498437759,S2-661221467,S3-570979229,S3-704313842,S3-873964421,S3-958502340,S3-991951499
S1-198058527	S2-120832465,S2-21365644,S2-404067108,S2-599215788,S2-689437499,S3-175954240,S3-226748149,S3-494825721,S3-912421163
S1-316970804	S2-209983408,S2-410928539,S2-686313252,S2-920178595,S3-656371892,S3-816055501,S3-834343361
S1-212314692	S2-53113973,S2-687458716,S2-700040078,S3-2617870,S3-629379139,S3-804089063
S1-458745570	S2-282121260,S2-710521167,S3-141807481,S3-376056686,S3-433109609,S3-47338545,S3-630065294,S3-766874338
S1-529022629	S2-245254073,S2-528099140,S3-122608599,S3-767882342
S1-960290521	S2-101994964,S2-120700554,S2-33468890,S2-334883738,S2-526202101,S2-607084052,S3-312263330,S3-44472693,S3-745598937
S1-263651449	S2-165341329,S2-44378658,S3-130336509,S3-693038098,S3-802750564
S1-277486210	S2-525766134,S2-999788113,S3-810803285
S1-566750489	S2-20461325,S3-418989260,S3-455759065
S1-597308757	S2-297492971,S2-34289544,S2-83095808,S3-637815295,S3-771570273,S3-857082272,S3-857103920,S3-960377330
S1-965639172	S2-154549148,S2-40265467,S2-56654323,S3-455058274,S3-528476487,S3-579703517,S3-594594775,S3-827812637
S1-570883433	S2-152875447,S3-171555160,S3-260681584,S3-533049227,S3-571130736,S3-68729496
S1-513432776	S2-457631701,S2-774020623,S2-850421676,S2-96238633,S3-474864592,S3-860575336,S3-866318606,S3-952040392
S1-952742010	S2-369250427,S2-484403123,S2-636782253,S2-956362493,S3-345534908,S3-370624699,S3-626943789,S3-98115270
S1-917932579	S2-15671937,S2-441000899,S2-916458323,S3-301550153,S3-386635092,S3-407071979,S3-99192171
S1-749569301	S2-825309028,S3-12821622,S3-236719915,S3-574070082,S3-751966433,S3-871184066,S3-885717187
S1-910426112	S2-464096289,S2-601829455,S2-901639066,S3-892752521,S3-905081303
S1-199267766	S2-187105735,S2-459064453,S2-610014074,S2-702613499,S3-309664148,S3-504397901
S1-949038340	S2-32493558,S2-342526887,S2-405405273,S3-179424650,S3-206538801,S3-327058250,S3-363231068,S3-435049804
S1-256524370	S2-647282100,S3-170301011,S3-304068534,S3-722134936,S3-813195470
S1-877568034	S2-820533316,S2-976715310,S3-316548659,S3-69251169,S3-706608875
S1-387170025	S2-200062270,S2-64413554,S3-336132915,S3-394996882,S3-403229147
S1-65175791	S2-198335338,S3-689707270,S3-981483746
S1-3320724	S2-249803660,S2-476124604,S2-488350769,S2-818336138,S2-878942456,S3-17410408,S3-184100819,S3-294006606
S1-274695034	S2-116080362,S2-446952100,S2-500290666,S2-748503776,S3-326938747,S3-446020260,S3-885755943
S1-595974471	S2-25641953,S2-277636180,S2-849854979,S2-930789490,S3-47204569,S3-55505621,S3-654499328,S3-892178515
S1-154525529	S2-107162790,S2-612637423,S2-964261630,S2-974420983,S3-621644932,S3-666898666,S3-725896748
S1-6099129	S2-109704575,S2-189584952,S2-533820089,S2-624397619,S2-629790316,S3-613868791,S3-650056313,S3-660516207
S1-17900436	S2-152183888,S2-587323841,S2-71148429,S2-921690926,S3-14086194,S3-247927087,S3-924641939
S1-655067941	S2-440458857,S2-725220052,S2-825003197,S2-982537225,S3-371076527,S3-38460140,S3-564221942,S3-972467897
S1-401874565	S2-130727708,S2-399996510,S3-321940576,S3-51936620,S3-519451081,S3-898682905,S3-915985799,S3-945709766
S1-887081846	S2-318392628,S2-588644103,S3-166238254,S3-473936142,S3-96227560
S1-537295276	S2-59390803,S2-598102881,S2-813239348,S2-884086822,S3-620510229,S3-623066057,S3-859818362,S3-993006063
S1-160957294	S2-240424252,S2-249135795,S2-598221106,S2-821795568,S3-555124306,S3-74995928
S1-560860019	S2-759280719,S3-533114820
S1-893026133	S2-623073356,S3-260409573,S3-358646338,S3-896729562
S1-197036776	S2-229842420,S2-276220498,S2-753522474,S3-633266247,S3-827216527
S1-73121055	S2-796331898,S3-203997959,S3-234152759,S3-416108169,S3-841335912,S3-847220950
S1-719400873	S2-594679080,S2-659850167,S3-175766849,S3-188731709,S3-198591290,S3-237931101,S3-452483822,S3-801108261
S1-159154081	S2-125575342,S2-131305859,S2-31414727,S3-141360977,S3-216702160,S3-914706764
S1-122508634	S2-110599838,S2-209414922,S2-229395682,S3-155778341,S3-627799931,S3-706982921,S3-841148024
S1-635118972	S2-116890632,S3-231619087,S3-253786745,S3-291605097,S3-453796982
S1-664201567	S2-104167414,S2-203141504,S2-61948879,S2-637726778,S2-858983088,S3-291909799,S3-810599193
S1-452292327	S2-926181455,S3-719389577,S3-745776041
S1-373826977	S2-774032587,S3-337195844,S3-809573604,S3-812648902
S1-190699682	S2-31953769,S2-636715596,S2-904768144,S3-54628209,S3-552935510,S3-628541882,S3-825608277
S1-490796436	S2-579272868,S2-606458540,S2-618719015,S2-624247673,S3-236992518,S3-334996918,S3-341303369,S3-709639074
S1-313402430	S2-243745637,S2-262115689,S2-571771673,S2-937583524,S3-681618574
S1-971171880	S2-367181466,S2-650692462,S2-688845562,S2-720886536,S3-212842930
S1-451094745	S2-131163346,S2-784896676,S2-822932702,S3-218338931,S3-78883614
S1-871840159	S2-819570590,S2-932703729
S1-748282025	S2-148387561,S3-498150227,S3-867106242,S3-943798156
S1-531601231	S2-289429337,S2-797538614,S2-810212703,S3-151729640,S3-325478334,S3-332517766,S3-381800055,S3-614125804
S1-135759092	S2-141555206,S3-891163793,S3-937748827
S1-488143005	S2-352910276,S2-442127052,S2-514715505,S2-529677080,S2-988150368,S3-541612792,S3-657456638,S3-799268602
S1-126174961	S2-108405369,S2-334188452,S2-735781609,S2-896617136,S3-120748044,S3-400919083,S3-838229885,S3-876081779
S1-685179063	S2-183087506,S2-738342701,S2-759198315,S2-790742702,S2-83272002,S3-368664795,S3-55809881
S1-177117579	S2-1890300,S2-939981270,S3-214033851,S3-315833357,S3-373874065
S1-242571325	S2-105286767,S2-370660548,S2-594870258,S2-712120097,S3-349882491,S3-638717887,S3-720665564,S3-881075507
S1-908857839	S2-165306169,S2-511767386,S2-896373531,S2-915861189,S3-251591235,S3-512989234,S3-92140413
S1-86728118	S2-352579111,S3-749947036
S1-310891187	S2-267760684,S2-344303923,S2-824903155,S2-919846201,S3-136409269,S3-427639933,S3-900440994
S1-150129250	S2-159754793,S2-566320904,S2-617019609,S3-108056741,S3-241472395,S3-498195418,S3-524395935,S3-956201784
S1-482645601	S2-51302795,S2-805978156,S3-264469857,S3-404892206,S3-405748750,S3-47223919
S1-920379377	S2-13534725,S2-328108563,S2-358819881,S2-654465202,S2-817604433,S2-822410231,S2-911870593,S3-232420178
S1-963872524	S2-1573222,S2-327224752,S2-751949370,S2-830996519
S1-722724433	S2-312213097,S2-371586923,S2-568967562,S2-583857139,S3-249870371,S3-281302586,S3-545908461
S1-883765234	S2-353824532,S2-824772287,S3-183825299,S3-220128220,S3-458864700
S1-527137846	
S1-610348681	S2-297851063,S2-774095128,S3-242674595,S3-347032906,S3-784482844
S1-581491622	S3-182799636,S3-279694347,S3-587859849,S3-772435459,S3-98693057
S1-275482424	S2-361326445,S2-590086191,S3-274171619,S3-875364469,S3-907514513
S1-867711997	S2-719149378,S2-887646016,S3-110211409,S3-146933064,S3-220647129
S1-169250614	S2-373791875,S2-66144932,S3-287963426,S3-331789479,S3-405545466,S3-710033766,S3-970074207
S1-719728777	S2-409486513,S2-467595852,S2-508831234,S2-771214366,S3-364447113,S3-373695763,S3-62856081,S3-681985503
S1-262731905	S2-832562439,S3-10965386,S3-121404507,S3-30896935,S3-504205412,S3-522321870
S1-364598377	S2-208991048,S2-217667081,S2-347758429,S2-564908716,S3-241268107,S3-552554452
S1-666289505	S2-550115027,S2-733557306,S3-157031128,S3-175385730,S3-396407386,S3-771831075
S1-210222291	S2-166414704,S2-220050637,S2-22969529,S2-402245782,S2-60744160,S2-85500493,S3-120418938,S3-829586568
S1-339676294	S2-160931962,S2-603101708,S2-784153102,S2-93600036,S3-297233497,S3-984929048
S1-943397767	S2-461795962,S2-566249121,S2-719353740,S3-146292872,S3-305465474,S3-799652148
S1-269541062	S2-700066389,S2-733610253,S2-800585214,S2-991234904,S3-453340769,S3-612568891,S3-744988048,S3-96194395
S1-386365245	S2-183342577,S2-264218608,S2-543417095,S2-620412572,S2-946260928,S3-197361387,S3-210427291,S3-707256181
S1-289767768	S2-129027595,S2-396561637,S2-742195172,S2-890303979,S2-903856923,S3-819912367,S3-920752410,S3-982402712
S1-22609267	S2-159634144,S2-207268001,S2-824101225,S3-208017617,S3-453562627,S3-565376043,S3-603571975,S3-69039674
S1-616515225	S2-758027469,S3-204455509,S3-216983234,S3-272972374,S3-6449060,S3-734080736
S1-201603151	S2-402183694,S2-581626154,S2-596180551,S3-39750320,S3-595527014,S3-61824429,S3-692793479,S3-910345378
S1-253233149	S2-526231321,S2-702176612,S3-695355269,S3-782449349
S1-175201016	S2-183988575,S2-411553323,S2-490074666,S2-686093512,S2-859813783,S3-251674450,S3-404924888,S3-606419223,S3-688716731,S3-822139316
S1-195982634	S2-269198014,S2-607371398,S2-696280571,S2-806431443,S3-79587688
S1-130077568	S2-121386908,S2-424339724,S2-455524822,S2-481720926,S2-511572769,S3-570297607,S3-629000793,S3-681907496,S3-834244055
S1-56917368	S2-337997995,S2-489474528,S2-530457669,S2-806595864,S3-107557760,S3-894568273
S1-208264310	S2-244686571,S2-326285662,S2-331351446,S2-587925630,S2-626810499,S2-785487716,S3-127236288,S3-188017854
S1-997640903	S2-452291087,S2-658702603,S3-131032549,S3-134252908,S3-254737199,S3-505316800,S3-591131293,S3-743837866
S1-232856161	S2-19715577,S3-128278427,S3-287738623,S3-389800266,S3-756154441
S1-302130818	S2-256235078,S2-262124084,S2-666892026,S2-752362298,S3-457564737,S3-917488532
S1-110096110	S2-501278247,S2-508074354,S2-556540177,S3-13265703,S3-250317789,S3-487253530,S3-664099432
S1-555448688	S2-356630791,S2-632183245,S3-601522318,S3-769820927
S1-667655652	S2-283876593,S2-402811467,S2-577061629,S3-123426109,S3-63568030,S3-837628364,S3-839256536
S1-483243951	S2-335392771,S2-633177031,S2-786151913,S2-837495146,S3-109224155,S3-798486763,S3-817320115,S3-940370203
S1-767238749	S3-561495501,S3-619730128
S1-264097942	S2-450977962,S2-490289511,S2-560743515,S2-827989619,S3-159842960,S3-274123104,S3-39935583,S3-753533421
S1-960314922	S2-700675810,S3-382958813,S3-5466132,S3-63462763,S3-721129851,S3-882886609
S1-807258	S2-516412021,S2-711779762,S2-878585741,S3-150911857,S3-250799491,S3-387723622
S1-648160949	S2-136406614,S2-972687268,S3-241030351,S3-32892270,S3-533761239,S3-618869039,S3-985304680,S3-992570526
S1-192181432	S2-474916999,S3-445581169,S3-666475734,S3-69033898,S3-693317375,S3-73078276
S1-600094352	S2-668166045,S2-694515785,S3-345868283
S1-826571884	S2-275839507,S2-526369960,S2-591300848,S2-881984245,S2-951444704,S3-140294805,S3-430180360,S3-733071480
S1-236634282	S2-30191262,S2-401620156,S2-725705151,S3-146680033,S3-211793948,S3-227857697,S3-341534819,S3-355720071
S1-249759308	S2-266126544,S2-386961888,S2-63415575,S2-700196476,S2-850806285,S2-981614328,S3-117855656,S3-346864916,S3-620366426,S3-797059056
S1-67251699	S2-505524013,S2-65749845,S2-676605950,S2-805081125,S2-998726440,S3-397197825,S3-428451782,S3-836043798
S1-5443896	S2-324572837,S2-446476998,S2-504442551,S2-51098943,S3-525360788,S3-93831726
S1-208398599	S2-352121861,S3-585267715
S1-89699797	S2-439670835,S2-939277124,S2-966333488,S3-623584954,S3-682946415
S1-44685640	S2-129531719,S2-176812263,S2-257718148,S3-570160883,S3-588724908
S1-405648006	S2-132926702,S3-530511702,S3-911255097
S1-747041696	S2-630139064,S2-734670762,S2-950434558,S3-384180438,S3-73834952,S3-917351388,S3-992384738
S1-829598331	S2-132128420,S2-381131414,S2-461445446,S3-500768417,S3-888243584,S3-959292148
S1-903458737	S2-692888017,S2-834227564,S3-108795443,S3-326246758,S3-451265378
S1-16980329	S2-242474474,S2-539005251,S2-855165954,S3-116905669,S3-406236941,S3-411003997,S3-807480985,S3-810775981
S1-730459315	S2-387158949,S2-604017399,S2-80850325,S2-93645030,S3-22865027,S3-716369432
S1-116017454	S2-181779203,S2-29376661,S2-883750612,S2-903066959,S3-54359210,S3-692129290,S3-791580053
S1-872466356	S3-175867468,S3-187036709,S3-794270887
S1-42566489	S2-288844960,S2-624061009,S2-938278922,S3-563139296,S3-708972894
S1-877912061	S2-204073200,S2-445550314,S2-894077124,S3-428232817,S3-434560922,S3-637742401,S3-992445730
S1-415698120	S2-280699364,S2-436012521,S2-449369150,S2-6290680,S2-709281995,S3-165988757,S3-322912124,S3-339739605
S1-782531898	S2-37179481,S2-602782850,S2-603221594,S2-646090420,S2-879801966,S3-100872731,S3-598821162,S3-909471238
S1-205849967	S2-732165830,S3-436814454
S1-558172879	S2-498746012,S2-684235231,S2-814974542,S2-944226961,S3-223493141,S3-874400761,S3-955954511
S1-248908234	S2-263274370,S2-760949790,S2-893684393,S3-467844185,S3-592889036,S3-600549873
S1-410898373	S2-287281359,S2-629377108,S2-695408188,S3-125593351,S3-824952566,S3-887606964,S3-985692559
S1-562848561	S2-628941999,S2-730391284,S2-764299031,S2-767927517,S3-60868051,S3-775621458,S3-938991599
S1-439332995	S2-160041789,S2-482779986,S2-565332886,S2-922516244,S3-261720799,S3-445286777,S3-675654764
S1-996019859	S2-487191746,S2-610977056,S2-886780512,S3-132442573,S3-309822396,S3-322344592,S3-468663265,S3-561800191
S1-235193306	S2-540740642,S2-691979833,S2-728481496,S2-825761568,S2-958094397,S3-201261361,S3-332474668,S3-467441698,S3-557552816,S3-578200282,S3-96773279
S1-936482280	S2-24112049,S2-277064712,S2-854523022,S3-870316883
S1-527561480	S2-205222265,S2-417159890,S2-437368508,S2-642948348,S2-794622398,S3-500533912
S1-607265936	S2-22375273,S2-322246735,S2-561277967,S2-653374885,S2-759332832,S3-937950093,S3-94243861
S1-52433399	S2-152324477,S2-469241334,S3-748402030
S1-551604744	S2-127797717,S2-377507457,S2-708686415,S2-735190793,S2-980638436,S3-140840895,S3-510509144,S3-917274339
S1-584197265	S2-301347037,S2-34190883,S2-640151077,S2-833330749,S3-178386560,S3-218937657,S3-785277266,S3-995701164
S1-729581455	S2-352329638,S2-669384917,S2-79579498,S2-847943031,S2-931774964,S3-292227340,S3-37237348
S1-487505842	S2-130300769,S2-213788239,S2-270113054,S2-292272350,S2-552873971,S3-695641267,S3-954992353
S1-947212708	S2-244769043,S2-296758514,S2-572743354
S1-35396950	S2-876787420,S2-881671678,S2-915944424,S3-446686386,S3-512490002,S3-718058512,S3-817036910,S3-828743230
S1-865810194	S2-749583310,S2-818265938,S2-909995005,S3-215032516,S3-32545631,S3-350083623,S3-554913300,S3-766082484
S1-662514233	S2-423383866,S2-504668537,S3-671241827,S3-88373141,S3-929820544
S1-467017349	S2-717626627,S2-767037565,S3-271832372,S3-627821024,S3-705038327,S3-937515311
S1-958959499	S2-173743198,S2-267199812,S2-613457187,S2-890512127,S3-261803498,S3-299733924
S1-550279526	S2-350997569,S2-785970154,S3-224136365,S3-359695958,S3-480874043,S3-573880968,S3-854148958,S3-868835127
S1-743027874	S2-236096409,S2-49341018,S3-492103174,S3-653139416,S3-681750566,S3-732134466
S1-365497051	S2-280246054,S2-355514394,S2-67007119,S2-691931553,S3-217129578,S3-3411741,S3-73415568,S3-942357455
S1-898364931	S2-410146831,S2-446098107,S2-493009782,S2-655141463,S2-831120515,S3-136999588,S3-586037742,S3-934582145
S1-265656282	S2-339445787,S2-634001440,S3-753010362,S3-996904927
S1-735750270	S2-249902987,S2-284561544,S2-577879655,S3-400958400,S3-566753202,S3-73575092
S1-588036223	S2-495058434,S2-836633717,S2-84653332,S2-924641342,S3-230209303,S3-494603299,S3-675892055,S3-794393101
S1-648503479	S2-156055843,S2-475009612,S2-807851560,S3-270489675,S3-340468618,S3-566549343,S3-71523382,S3-903325587
S1-12512934	S2-276527113,S2-492370950,S2-866028371,S2-884375419,S3-381429629,S3-602387733,S3-947868247
S1-970908714	S2-21352450,S2-530213147,S3-216515574,S3-584214850,S3-723164683,S3-744747407,S3-776688395
S1-238187319	S2-227512318,S2-561234822,S3-128035701,S3-145817630,S3-633227139,S3-695996957,S3-906176808
S1-722772985	S2-186632713,S2-236348744,S2-313972852,S3-173719637,S3-299436137,S3-397863208,S3-680290428,S3-754915126
S1-145790799	S2-263553766,S2-344047990,S2-385381365,S2-587800006,S2-859023688,S3-254044589,S3-323180779,S3-567119535
S1-819116455	S2-240394609,S3-708784278
S1-450255443	S2-623470190,S3-300879198,S3-503119943,S3-843318045
S1-745907971	S2-106717719,S2-369571991,S2-707067145,S3-304704973,S3-546173888,S3-577064232,S3-881337500,S3-930339595
S1-492789578	S2-117912616,S2-561242794,S3-222899967,S3-247415138,S3-766891770
S1-343001041	S2-161157465,S2-414609556,S2-992100361
S1-188906845	S2-26412503,S2-419297197,S2-658344776,S2-787978543,S3-212428233,S3-852628813
S1-849731295	S2-117205814,S2-395688892,S2-63812443,S2-912593953,S3-627217796
S1-254769489	S3-342852917,S3-528553658,S3-908854277
S1-542957527	S2-444379645,S2-446173709,S2-643611407,S2-949360163,S2-980683799,S3-261183786,S3-276378357
S1-116141238	S2-691232700,S2-917046436,S3-393763033,S3-478385609,S3-78732917
S1-851569372	S2-138318264,S2-326700531,S2-441464714,S2-486978989,S2-985408494,S3-438568337,S3-991500775
S1-14545498	S2-359601359,S2-455329142,S2-561237404,S2-738429695,S2-752543361,S2-832815541,S2-896207659,S3-822977487
S1-387451020	S2-349736730,S2-753527227,S2-84800699,S2-920873260,S3-634937077,S3-789481776
S1-299236164	S2-321307052,S2-339115435,S3-394311797,S3-573408955,S3-603235923,S3-83255570
S1-884470867	S2-130959489,S2-46485332,S2-560837469,S2-608454365,S3-175023293,S3-311446015,S3-335181745,S3-686718036
S1-933079434	S2-134031924,S3-594483559,S3-692148337,S3-894196685,S3-967954371
S1-609117068	S2-319409536,S2-356741657,S2-571042396,S2-624332348,S2-810754778,S3-350922566,S3-494941802,S3-791220851
S1-30334515	S2-307595818,S2-752479112,S2-86263264,S3-862009388,S3-926788282
S1-449152567	S2-486550868,S2-488263308
S1-493806390	S3-12456566,S3-601327980
S1-722657574	S2-102361869,S2-277024023,S2-332906759,S2-98081681,S3-104479120,S3-154691007,S3-792133440,S3-810730326
S1-863368977	S3-380321058,S3-702166473
S1-181957526	S2-165015910,S2-300917087,S2-386610147,S2-658092143,S2-762582061,S3-399362093,S3-802048928,S3-934177973
S1-616081483	S2-791984041,S2-911468441,S2-946831090,S3-384203195,S3-494525175,S3-666777638,S3-669303080
S1-492237080	S2-328153174,S2-436021790,S2-864610998,S3-60949219,S3-742955609
S1-759921237	S2-362052135,S2-363786551,S2-915831035,S2-988090791,S3-222163756,S3-371255000,S3-445578445,S3-939007011
S1-991251054	S2-369950846,S2-39137028,S3-297353563,S3-406485295,S3-464943355,S3-730518526,S3-774431168,S3-856405760
S1-386624437	S2-179872411,S2-231652584,S2-513850805,S2-872437036,S2-886715054,S3-363506433,S3-735689050
S1-844397714	S2-170701708,S2-225294170,S2-291969685,S3-331600152,S3-743535705,S3-909599018,S3-922252113,S3-992853173
S1-535830233	S2-607075837
S1-773439928	S2-101312799,S2-163665431,S3-27744218,S3-389094627,S3-390001605
S1-108872342	S2-153991814,S2-318144505,S2-450486890,S2-935578426,S3-644863686,S3-690437581,S3-72955436
S1-502643232	S2-178259457,S2-182893470,S2-73901448,S2-772479201,S2-936013454,S3-115523031,S3-714338839,S3-932309823
S1-893556182	S2-10911228,S2-119955324,S2-913298242,S3-556769091,S3-646132892,S3-92753774
S1-241000633	S2-623610051,S3-448768335,S3-455942982,S3-734559256,S3-902806125,S3-993117730
S1-813003239	S2-115137058,S3-130029971,S3-838905788
S1-223304886	S2-146209581,S2-17729083,S2-345709702,S2-459775459,S2-774062736,S3-390181874,S3-565359217
S1-830506198	S2-198566845,S2-277086000,S3-352229816,S3-482584998
S1-673030152	S2-369504845,S2-467473612,S2-741937996,S3-212518931,S3-655036866,S3-869592853
S1-354047337	S2-449565967,S2-582066315,S2-637728761,S2-661549744,S2-701044615,S2-806502713,S3-307411731,S3-881851409
S1-957834452	S2-132552045,S2-287351308,S2-607936636,S3-247398573,S3-432294205,S3-513005412
S1-539469990	S2-304811812,S2-8994589,S3-586452161
S1-90623784	S3-212702443,S3-294595813,S3-666505547
S1-97297704	S2-918038554,S2-959659263
S1-931885242	S2-389359501,S2-489891116,S2-992704570,S3-206943048,S3-729498721
S1-207880577	S2-376232781,S3-15256266,S3-283493326,S3-636300114,S3-695425534
S1-234716830	S2-287787740,S2-307877364,S2-517767510,S2-519707136,S3-196896580,S3-234234934
S1-765717197	S2-186520675,S2-204055550,S2-973889389,S3-363747680,S3-60754965,S3-651971650
S1-377562905	S2-196052135,S2-204421959,S3-323190950,S3-627266243,S3-753403878,S3-822538452
S1-258925382	S2-107778522,S2-326423159,S2-527475296,S2-761598035,S2-945943960,S3-284461556,S3-298397162,S3-671490817,S3-700049570
S1-474060530	S2-206118793,S2-421416216,S2-573868390,S2-974223909,S3-504200567,S3-985922627
S1-643292659	S2-370631829,S2-736265470,S2-825177519,S2-92150760,S3-941326651
S1-227953507	S2-184412251,S2-429823850,S2-847546742,S2-882441750,S3-507683919,S3-613040244,S3-765276946
S1-991789137	S3-208971273,S3-59852088
S1-190968701	S2-901892025,S3-141963976,S3-202459007,S3-290459974,S3-471265835,S3-547028837
S1-473349472	S2-393372564,S2-566762487,S2-636077559,S2-989677845,S3-159631071,S3-437532164
S1-689642458	S2-163841356,S2-616645776,S2-712149244,S2-890658411,S3-175902518,S3-604896799
S1-635835519	S2-588552766,S2-754769443,S2-895390417,S3-479476986,S3-500367730,S3-580179497,S3-877828734,S3-911445328
S1-587006494	S2-133115802,S2-302809660,S2-33919917,S3-272619460,S3-529432120,S3-732928202,S3-783210476,S3-986938567
S1-474784715	S2-150945948,S2-214621185,S2-234830463,S2-327545803,S2-920685764,S3-153667534,S3-628202064,S3-920432437
S1-494823549	S2-115681398,S2-153691773,S2-475140512,S2-575442505,S3-127533164,S3-175469939,S3-48029953,S3-998379009
S1-534090237	S2-605512806,S2-631007979,S2-844983785,S2-847996470,S2-938062268,S3-151937075,S3-22315231
S1-779015889	S2-355585231,S2-68462847
S1-932467648	S2-624204453,S2-694123057,S2-876920369,S3-227764951,S3-878449464
S1-895115729	S2-154843461,S2-438291858,S2-48249168,S2-541243712,S3-104321268,S3-125882445,S3-527514220,S3-698440507
S1-933472834	S2-101681208,S2-314952531,S2-474167207,S2-89875453,S2-939851508,S3-142879521,S3-182769803,S3-515772367
S1-887890881	S2-233713731,S2-515236459,S2-772851517,S3-304322396,S3-326372457,S3-618013008,S3-903612472,S3-924472676
S1-295925698	S2-222550094,S2-412876240,S2-939828317,S3-268351565,S3-385055948
S1-933682144	S2-341366911,S2-771899425,S2-792298254,S2-995058594,S3-76511844,S3-930760981
S1-283275347	S2-124938453,S2-197662179,S2-587658506,S2-781859515,S3-254559710,S3-424225322,S3-498648181,S3-557756778
S1-665364350	S2-423179053,S2-504346482,S3-222573160
S1-312798547	S2-3698749,S2-375027523,S2-486979863,S2-710691630,S3-105546676,S3-169857848,S3-278513448,S3-885297069
S1-919093211	S2-27478819,S2-385160924,S2-667988176,S2-924212452,S3-652819304,S3-805936143,S3-811678442
S1-757276308	S3-590476162
S1-651330390	S2-113964779,S2-17959423,S2-734754516,S2-940864540,S3-21981939,S3-225402075
S1-787647315	S2-6648925,S3-274546599,S3-95186918
S1-537929665	S2-21590357,S2-968302277,S3-564019863,S3-599050326,S3-687618752,S3-800755969,S3-877014729
S1-302004869	S2-660776989,S2-740836069,S2-959870829,S3-336989731,S3-63318081,S3-810083576,S3-846478568
S1-939837962	S2-275948839,S2-385412079,S2-645130903,S2-70131775,S2-759990231,S3-441758832
S1-569176125	S2-264823491,S2-402926682,S3-21359662,S3-535421351,S3-86437331
S1-62701837	S2-790105751,S2-996080226,S3-162338965,S3-252720971,S3-379200499,S3-728769060,S3-772723661
S1-473572447	S2-116582522,S2-397822295,S2-506716348,S3-256590076,S3-516510109,S3-611834652,S3-867495660,S3-979622332
S1-814087499	S2-210798256,S2-431523588,S2-775620036,S2-948017668,S3-391052537,S3-814360441,S3-978275420
S1-452899260	S2-401160342,S2-604609656,S2-670439830,S2-867524929,S3-268228057,S3-612470951,S3-757338991,S3-795205925
S1-232656230	S2-355793239,S2-817275139,S2-870943481,S3-215910655,S3-68994896,S3-736058391,S3-983141512
S1-274565632	S2-112973045,S2-502825670,S2-975375747,S3-20111855,S3-291162934,S3-520515945,S3-923355367
S1-400604195	S2-548375594,S3-10276634,S3-162032591,S3-203056870,S3-259444644
S1-880270598	S2-12866444,S2-199351558,S2-231815161,S2-543256427,S2-891455635,S2-940725540,S3-773257739,S3-776416119
S1-331015181	S2-432800881,S2-725462541,S2-837990647,S2-942652960,S3-228300417,S3-75758321,S3-920879050
S1-419829658	S2-110740531,S2-124637012,S2-298041489,S3-173439702,S3-182259894,S3-324227968,S3-397488739,S3-596140115
S1-654693651	S2-202758324,S2-789547213,S2-907866822,S3-172203184,S3-209151320,S3-529131472
S1-80023857	S2-479151319,S2-479795660,S2-612716615,S2-742336581,S3-487749791,S3-930911451
S1-134314503	S2-103969978,S2-219543189,S2-68540840,S2-859810891,S2-895292698
S1-585633586	S2-200815649,S2-292255549,S2-615165993,S2-693732116,S2-921084067,S3-317312832,S3-845165747,S3-992166289
S1-273577728	S2-110214191,S2-12172209,S2-415790715,S2-486787203,S2-595037568,S3-552742304,S3-70419950,S3-714712352
S1-834266615	S2-123670663,S3-139742705
S1-448662176	S2-240245954,S2-471174515,S2-581679635,S2-711232350,S3-86497427,S3-980965581
S1-712870171	S3-573442319
S1-845187192	S2-336828638,S2-405789403,S2-639417114,S3-201750614,S3-388854236,S3-612125911,S3-857080948
S1-347406104	S2-386866398,S2-48046637,S2-583338332,S3-231497250,S3-410094517,S3-484370482,S3-689937681,S3-836789366
S1-471674045	S2-278845604,S2-684764214,S2-700737757,S3-438434400,S3-576085501,S3-616653023,S3-989095729
S1-633128695	S2-417869286,S2-713012589,S2-824091276,S3-148319421,S3-756302562,S3-784374968,S3-828487207,S3-965579660
S1-682468027	S2-199378159,S2-291018379,S2-63503117,S2-770908165,S2-887969814,S3-367209464,S3-430492307,S3-892949010
S1-324160399	S2-497486502,S2-752480810,S2-896648932,S2-93535702,S2-93611517,S2-973721338,S3-282976739,S3-393548511
S1-806606416	S2-922032949,S3-127100625,S3-363870435,S3-429359728
S1-853618717	S2-259942889,S2-785892425,S2-937233556,S2-992787625,S3-387195668,S3-483605677,S3-57953671
S1-58725847	S2-124932302,S2-432178383,S2-692832997,S2-890923233,S2-951954464,S3-437422253,S3-449149844
S1-4049418	S2-427873820,S2-467541168,S2-502023536,S2-707949482,S3-67133321,S3-761553912
S1-905994249	S2-257498316,S2-730453394,S3-455767849,S3-471174828
S1-539961871	S2-178457702,S2-853930947,S2-974945310,S3-648536959
S1-350922668	S2-83325690,S2-913455165,S3-644071367,S3-654520238
S1-296977872	S2-102250650,S2-116183349,S2-125455534,S3-20743851,S3-9189953,S3-94856738
S1-867735788	S2-28471697,S2-461858862,S2-840066375,S3-279524846,S3-319330826,S3-348519097,S3-447941042,S3-792622161
S1-131947883	S2-205577680,S2-392154532,S2-409254245,S2-945995043,S3-382718754,S3-658306468,S3-667739887,S3-712607408
S1-733232627	S3-121417177,S3-872360055
S1-638109309	S2-658297504,S3-675643888,S3-8275558,S3-976857939
S1-72026334	S2-301661185,S2-855236252,S2-968504294,S3-16159542,S3-553975974
S1-837637885	S2-470124527,S2-924726560,S2-976125019,S2-994606823,S3-107435535,S3-458901043,S3-510748337,S3-790865650
S1-758217560	S2-252950790,S2-636152427,S2-690291106,S2-975167469,S3-248881277,S3-314033526,S3-419062523,S3-814463842
S1-814082573	S2-272690022,S2-355204310,S2-499110272,S2-559898907,S3-30185763,S3-446192174,S3-770234843
S1-368710733	S2-169770201,S2-840290697,S2-864351614,S3-222138863,S3-825487864,S3-95922600,S3-95949650
S1-354972330	S2-21988476,S2-452272524,S2-595563387,S2-698902188,S2-853150100,S2-917418345,S3-116856481,S3-365096199,S3-535462331,S3-761359947,S3-913465250
S1-52248889	S2-630527991,S2-692994137
S1-900503997	S2-263032416,S2-380308884,S2-483714561,S2-802182361,S3-201981644,S3-273917454,S3-591433545,S3-853739819
S1-827273352	
S1-967702289	S3-619556239,S3-787891668,S3-911387393
S1-367793992	S2-327451996,S2-594010103,S3-120541786,S3-477583900,S3-566010756,S3-980448907
S1-605849538	S2-257404138,S2-278868215,S2-82985174,S3-38990314,S3-5471505,S3-581204983,S3-715102759,S3-805985002
S1-816314184	S2-40014582,S2-650213323,S3-48112460,S3-605737256,S3-646660233,S3-685282319,S3-84263571,S3-903014820
S1-252823359	S2-211387584,S2-461275503,S2-985831198,S3-298440497,S3-41225838,S3-694457474,S3-732689862,S3-916600887
S1-511800355	S2-307206058,S2-666472358,S2-671825871,S2-756206647,S2-847511267,S3-369281667,S3-373518599
S1-485445585	S2-200650663,S2-611509611,S2-721268612,S2-771830827,S3-598066860
S1-202383232	S2-265788668,S2-849034925,S2-917417286,S3-686408130,S3-721813938,S3-816189249,S3-83305279,S3-850629902
S1-27695201	S2-565503399,S2-671549956,S2-995429852,S3-119258388,S3-530236739,S3-912499853
S1-856743766	S2-463870129,S2-560423950,S3-207240494,S3-983104752
S1-669109165	S2-395816041,S2-9890410,S3-17927213,S3-315462169,S3-363540901,S3-497490143
S1-111081400	S2-39472833,S2-456632212,S3-555762523,S3-622765082,S3-672199627
S1-585240487	S2-339656907,S2-421985563,S2-882878758,S3-2823118
S1-731355557	S2-115062710,S2-228609078,S2-597774777,S3-13690729,S3-336097109,S3-665413840,S3-679212207
S1-718599566	S2-946024939,S3-103199242,S3-604025951,S3-822052720,S3-847126498
S1-249674908	S2-702860087,S2-863173383,S3-155363429,S3-34875016,S3-349949130,S3-962275705
S1-80100632	S2-169129063,S2-189494168,S2-360184022,S2-79472710,S3-110564038,S3-264702921,S3-520597285,S3-570758708,S3-641397284,S3-77369335
S1-593900719	S2-447249323,S2-473431010,S2-474592785,S2-632656557,S3-516576913,S3-813592188
S1-212672365	S2-101736828,S2-137499820,S2-664322131,S3-125754219,S3-305131243,S3-606434362,S3-762080956,S3-784063035
S1-258958794	S2-123071230,S2-435721851,S2-655368362,S3-108691353,S3-18221843,S3-289204257,S3-705067524,S3-837912478
S1-536103465	S2-126443694,S2-609017099,S2-631501855,S2-676937693,S3-141365913,S3-326489431,S3-725318304,S3-98958787
S1-38067849	S2-192852115,S2-313436117,S2-825194102,S3-235910392,S3-292361118,S3-783214017,S3-79643579,S3-925514403
S1-102265854	S2-110728672,S2-218310420,S2-509498721,S2-751483958,S2-822389813,S2-995962299,S3-341134896,S3-798435490
S1-293192625	S2-228604360,S2-512905893,S2-544964990,S3-161337357,S3-203680740,S3-275364578,S3-495663377,S3-531761680
S1-978118110	S2-592153115,S2-687905084,S3-297380246,S3-314177091
S1-95542925	S2-411957064,S3-463499110,S3-663227041
S1-624649079	S2-263244977,S2-357137203,S2-40462888,S2-730858242,S2-932280877
S1-628843515	S2-222107317,S2-854795678,S2-893170641,S3-326336387,S3-561295161,S3-611663268,S3-630248452,S3-632738367
S1-311470734	S2-115757019,S2-18020212,S2-451041835,S2-548099768,S2-876482779,S3-241848419,S3-396584686,S3-774058305
S1-330186949	S2-201438116,S2-433478497,S3-116227930,S3-341809102,S3-383877125,S3-650405773,S3-780798911,S3-87158364
S1-295756298	S2-17387754,S2-181369374,S2-416060189,S2-500116968,S2-659095423,S2-663956733,S3-196924140,S3-335807558,S3-883500087
S1-724229526	S2-591108271,S2-820081016,S3-201253602,S3-320371072,S3-453656945,S3-606798860
S1-177405280	S2-542980472,S2-680037021,S2-792316024,S3-398219058,S3-577418085,S3-970094089
S1-615648766	S2-589386772,S2-811365874,S3-301370239,S3-399359185,S3-498307124,S3-614074577,S3-923695972
S1-402579180	S2-111309438,S2-18821974,S2-215187475,S2-785013786,S3-331471089
S1-714151473	S2-285605785,S2-402378205,S2-402985146,S2-478059930,S2-506693697,S2-556589425,S3-561601487,S3-696368307
S1-106182354	S2-188340337,S2-422906748,S2-444272880,S2-58015338,S3-308935235,S3-380510334,S3-730607118,S3-850967674,S3-899876197
S1-900930223	S2-210295631,S2-373563069,S2-418965454,S2-89036247,S3-42672481,S3-923558404
S1-906743581	S2-579880080,S2-663495839,S3-880170264,S3-887847195
S1-282709411	S2-40358108,S2-567071721,S2-88645239,S3-268040918,S3-877424804,S3-932187293
S1-864834951	S2-110441753,S2-461097734,S3-115752284,S3-320535623,S3-422527839,S3-678235152,S3-979782222
S1-444012954	S2-203424873,S2-32646160,S2-47767031,S2-543645411,S2-661488143,S2-937188031,S3-28410330,S3-493392941
S1-210070631	S2-285979811,S2-290870500,S2-586360629,S3-17376546
S1-600054081	S2-802780671,S2-893945516,S2-935994071,S3-62494034,S3-682393490,S3-920966734
S1-533651977	S2-214358804,S2-430754749,S2-538907273,S2-769703094,S2-800748469,S2-935758961
S1-245081409	S2-510581820,S3-11797041,S3-372911380,S3-630361722,S3-788896957
S1-571295933	S2-202915802,S2-288856776,S2-509653752,S2-56543350,S2-797111570,S3-339594436,S3-657417365,S3-846097721
S1-491230205	S2-330269720,S2-597835230,S3-3085635,S3-446790939,S3-746267484,S3-900603654
S1-305538232	S2-352310659,S2-879232091,S3-197896516,S3-201783413,S3-336082516,S3-771485889,S3-953495929
S1-538831486	S2-422983297,S2-663334966,S2-945178684,S2-96861993,S3-821254628,S3-946783193
S1-884975191	S2-234592446,S2-30078393,S2-600148275,S2-688228504,S2-908267819,S3-298653897,S3-408557189,S3-770104787
S1-213927440	S2-814455524,S2-946068210,S3-275810727,S3-445135817,S3-587925938,S3-656983071,S3-974023896
S1-510107436	S2-534639180,S2-961311480,S3-270505892,S3-478080232,S3-580071311,S3-844475824,S3-878816741,S3-907922737
S1-70559223	S2-422510806,S2-682095023,S3-592501745
S1-303014769	S2-762196524,S2-78798509,S3-390705180,S3-482877560,S3-636313359
S1-706172531	S2-182154121,S2-553099557,S3-565506729,S3-623368373,S3-706798956,S3-898672815
S1-714073805	S2-53924559,S2-855098447,S3-149057949,S3-225707819,S3-523202320,S3-674252950,S3-990809380
S1-796001029	S2-267934430,S2-360639603,S2-373038894,S3-253550425,S3-390138477,S3-455579486
S1-780553613	S2-78015098,S2-79011559,S2-864823634,S3-203246239,S3-783146950,S3-785714159,S3-938509276
S1-525268440	S2-170527619,S2-457062762,S2-81315488,S2-868897228,S2-895534463,S3-498903873,S3-993312477
S1-162925899	S2-554267397,S2-659380040,S2-717914666,S2-90153127,S3-437151950,S3-446735911,S3-744869125
S1-556910492	S2-388395945,S2-499275829,S2-652297571
S1-3760435	S2-131432206,S2-331318376,S2-485872540,S2-724225765,S3-128361714,S3-404616857,S3-430457476,S3-532692430
S1-256799929	S3-173833757,S3-892852384
S1-845101584	S2-433189987,S2-463275487,S2-468504106,S3-751252284
S1-370591739	S2-294549743,S2-296969269,S2-739090864,S2-979413614,S3-569655904,S3-935441393
S1-905398438	S2-194428634,S2-254912831,S3-621272703
S1-364335580	S2-241678068,S3-214648354,S3-239822471,S3-645512357,S3-765667690,S3-937769861,S3-937818223
S1-584664924	S2-287422416,S3-349367951,S3-476652592,S3-554138449,S3-807541879
S1-268586305	S2-374256205,S2-546802726,S2-551482657,S2-839921658,S3-308663432,S3-348681530,S3-372844783,S3-618168138
S1-626919561	S2-329098266,S2-733084446,S3-388429543,S3-473198831,S3-681231658,S3-700802160,S3-79405901,S3-812202063
S1-369228417	S2-124404683,S3-395488808,S3-583432356
S1-10250554	S2-147247379,S2-375995268,S2-679087848,S3-460805847,S3-566992565
S1-538939599	S2-642504158
S1-438315837	S2-910669657,S3-156815662,S3-28269629,S3-297670131,S3-446637828,S3-542482508,S3-673126659,S3-766237782
S1-415381794	S2-21011222,S2-589984523,S2-812481043,S3-238059093,S3-535253529,S3-755396709,S3-830402495,S3-963270131
S1-745489398	S2-127354720,S2-340543605,S2-464404758,S2-661538984,S2-847565340,S3-271109668,S3-976966233
S1-433201778	S3-155320442,S3-415592363,S3-756851070,S3-78893097
S1-943518680	S2-346960771,S2-385772690,S2-530856907,S3-141570587,S3-397338520,S3-665850048,S3-786974774,S3-828373855
S1-787346450	S2-27446746,S2-462880901,S2-615766405,S2-662624434,S2-896166758,S3-687793065,S3-801840631
S1-761722461	S2-158971626,S3-375315357,S3-765103117,S3-976725173
S1-829121076	S2-361208846,S2-642519865,S2-722041909,S2-802063404,S3-296044042,S3-600646908,S3-851284905,S3-978399515
S1-616840572	S2-145096159,S2-324710242,S2-921305388,S3-207968492,S3-2173524,S3-547124807,S3-557643244,S3-674981098
S1-902992201	S2-46416755,S3-198311910,S3-354918671,S3-432856079,S3-569103311,S3-59150451,S3-879372258
S1-882378235	S2-223190957,S2-396902251,S2-738324289,S2-829343567,S2-843348332,S3-483340327,S3-553444718,S3-808011331
S1-145321625	S2-200202139,S2-420458434,S2-612919063,S2-651096371,S2-900606946,S3-218720161,S3-623619668,S3-724462323
S1-769429901	S2-14449320,S2-357949641,S2-393289087,S3-225110476
S1-760415700	S2-40273737,S3-209717180,S3-257866797,S3-614943889,S3-702758270,S3-741032564
S1-919034396	S2-327373464,S3-37594262,S3-647058935,S3-776286322
S1-526046906	S2-149700806,S2-567580229,S3-64196542,S3-665538796
S1-299009134	S2-319299223,S2-668149784,S2-959663867,S3-269758027,S3-538052175,S3-568162209,S3-58601929,S3-735581423
S1-371765394	S2-171703683,S2-373258743,S2-500291000,S2-909756967,S2-924483624,S3-348487677,S3-738125808,S3-919164845
S1-899446086	S2-204974499,S2-528626440,S3-361394099,S3-523931333,S3-623697806,S3-959041916
S1-136546648	S2-597908355,S2-640753211,S2-964259884,S3-167342475,S3-673002986
S1-971967440	S2-161319328,S2-324855728,S2-87100499,S3-114565704,S3-367063481,S3-628816060,S3-936421042,S3-981281034
S1-44240699	S2-361756992,S2-462738596,S2-831723465,S3-215071255,S3-362119302
S1-154531204	S2-144438019,S2-742541592,S3-268136359,S3-414835615,S3-887698338,S3-894810642
S1-319771126	S2-368325167,S2-438973643,S2-672256251,S2-786762520,S2-849850046,S3-374354144,S3-488490231,S3-663498608
S1-401015610	S2-671188134,S2-719041939,S3-518671372,S3-643514730,S3-694684762,S3-768910328,S3-956778874,S3-983065622
S1-881347062	S2-579883091,S2-704873731,S2-971127658,S3-679937343,S3-805358397,S3-993947126
S1-561392311	S2-192391924,S2-448282510,S2-465755184,S2-667895199,S2-924189680,S3-108215246,S3-680785057,S3-936769187
S1-811615741	S2-39004095,S2-893674149,S3-146803089,S3-41687257,S3-472140392,S3-527617773,S3-819457480,S3-894802924
S1-195435806	S2-813583506,S2-8337811,S3-901669267
S1-121776324	S2-62589111,S2-81216087,S2-864918687,S2-961042714,S2-984320628,S3-250307721,S3-517134761
S1-156549052	S2-215345637,S2-475443900,S2-528019032,S2-659484771,S3-331794966,S3-526563066,S3-821769038,S3-934719701
S1-876094940	S2-456340375,S3-476086298,S3-622503041,S3-888548657
S1-622786671	S2-295237895,S2-314768473,S2-576500612,S2-741852014,S3-835963754,S3-932365322
S1-326727898	S2-20306033,S2-21812581,S2-685891688,S3-215115706,S3-40543280,S3-529674186,S3-548520727,S3-832723969
S1-595454597	S2-264843956,S2-552646678,S2-894056220
S1-650906454	S3-545961951
S1-734270685	S2-371367163,S2-595712185,S2-737286854,S2-765513024,S3-240491456,S3-410337270,S3-832182195,S3-924813092
S1-653968722	S2-866561464,S3-124788520,S3-886520373
S1-845137885	S2-231664991,S2-382664658,S2-398182062,S3-61746665,S3-721195650,S3-948064896
S1-633932385	S2-463529709,S2-794287189,S3-159394679,S3-190863346,S3-265546031,S3-501417898,S3-523871663,S3-772745666
S1-562480231	S2-215685212,S2-450074198,S2-469200597,S2-707833744,S2-870769935,S3-47158035
S1-947346353	S2-784369826,S3-130591548,S3-156033698,S3-987149677
S1-894132102	S2-53983946
S1-281736960	S2-604797254,S2-744684164,S3-147152349,S3-290866094,S3-338734581,S3-756544301,S3-853132776,S3-985721751
S1-644787798	S2-38623135,S2-887223911,S2-968541212,S3-231908837,S3-757716247,S3-921517855
S1-902851379	S2-540637040,S2-563687525,S2-676223823,S2-786211571,S3-111181217
S1-3187858	S2-571475668,S2-664644014,S2-755014511,S3-114313873,S3-290491977,S3-329797897,S3-374816370,S3-766594495
S1-48172615	S2-730419623,S2-759804468,S2-823395732,S2-882761928,S2-957665335,S3-379209787,S3-668708129,S3-780241284
S1-691591846	S2-998731953,S3-367452273,S3-76250385,S3-915672885
S1-515759479	S2-272532379,S2-337405733,S2-715844743,S3-281621836,S3-296226408,S3-571436252,S3-595113246,S3-798307181
S1-931022589	S2-23380545,S2-258621748,S2-635762478,S2-771149677,S3-460347430,S3-718239372,S3-797003200
S1-573080619	S2-108691041,S2-191257264,S2-291848737,S2-615279471,S2-726373701,S3-807766663,S3-943590368
S1-900609232	S2-147395747,S2-283875539,S2-441724054,S2-507260506,S2-67387365,S3-373061800,S3-558706614,S3-644975478,S3-904613495
S1-297441798	S2-294617599,S3-406445622,S3-420158266,S3-932528376,S3-962986979
S1-784755065	S2-187003229,S2-72534667,S2-806091873,S3-396175764,S3-480417285,S3-832516784,S3-833938599
S1-581151566	S2-272431527,S3-241284430,S3-353004251,S3-420865021,S3-610007105,S3-654446509
S1-81386572	S2-158767426,S2-614449382,S2-772166770,S2-862315945,S2-911694557,S3-493958029,S3-58223803,S3-83964474
S1-856099383	S2-226911240,S2-419442689,S2-602828297,S2-918229301,S3-165179760,S3-204130482,S3-273412087,S3-532457425
S1-647020676	S2-105993527,S2-331351284,S2-496345822,S2-498278795,S2-612710508,S2-875420808,S3-713879904,S3-933622627
S1-253022375	S2-709437711,S3-22558764,S3-560592647,S3-763310254,S3-831751348
S1-687250436	S2-305821995,S2-440448377,S2-646191532,S2-716602218,S2-816909683,S3-526035312
S1-423519500	S2-137413820,S2-420475157,S2-548427457,S2-587462420,S2-591267426,S2-643452838,S2-784373683,S3-978860997
S1-83805074	S2-189038946,S2-315495356,S2-502118614,S2-683429272,S3-225513877,S3-239760251,S3-450250366,S3-458589523
S1-380350236	S2-217349586,S2-739690976,S2-814466180,S3-117009124,S3-313044698,S3-533682316,S3-581313211,S3-679996649
S1-213953260	S2-5730278,S2-737584430,S3-124975442,S3-147648384,S3-452274227,S3-59449639,S3-625779378,S3-722866976
S1-270093443	S2-317395724,S2-398914854,S2-819871058,S3-44810367
S1-814939648	S2-107100838,S3-238297563,S3-980597751
S1-820513013	S2-523452139,S2-559544484,S2-828148913,S2-958685631,S3-614759169,S3-655313350,S3-795600062,S3-95941283
S1-667001270	S2-103970879,S2-291176541,S2-386008132,S2-6065153,S3-544155432,S3-644782724,S3-9211270,S3-986883782
S1-472087049	S2-168010252,S2-302828817,S2-772888302,S3-212302805,S3-230566531,S3-750116379,S3-870951743,S3-879512583
S1-615647719	S2-135644821,S2-905268910,S3-281463850,S3-317453896,S3-490590491,S3-783221677
S1-272733295	S2-132695965,S2-206791161,S2-666986265,S2-96680371,S3-175726012,S3-520478194,S3-819798192,S3-942124212
S1-895400040	S2-102123203,S2-52015012,S2-568268884,S2-588297517,S2-954422895,S2-979574712,S3-171868472,S3-481343440
S1-938367853	S2-189746759,S2-36765289,S2-412265741,S2-646992756,S3-179567554
S1-215959876	S2-633634314,S2-823963960,S3-194632212,S3-371491288,S3-530841151
S1-662833817	S2-143486553,S2-17450965,S2-400643258,S2-428260393,S3-352066012,S3-870920598
S1-211273190	S2-399479173,S2-665839435,S2-717233525,S3-312084941,S3-410510877,S3-450807467,S3-727948243,S3-857120981
S1-137086222	S2-775254351,S2-966349362,S3-120337417,S3-3087317,S3-57869017,S3-788914276
S1-976490720	S2-651998028,S3-313474636,S3-462706949,S3-495987335,S3-544603130,S3-852086046
S1-876736829	S2-256503151,S2-634445515,S2-865437482,S3-331110086,S3-505638375,S3-679012453,S3-735600987,S3-738916482,S3-944429039
S1-311904329	S2-470818304,S3-181844735,S3-287767983,S3-660545740,S3-894116284
S1-584395895	S2-289383009,S2-302979969,S2-6207642,S3-336440324,S3-748337793
S1-518558182	S3-739259332
S1-910068840	S2-351266856,S2-729465026,S3-362884937,S3-43097115,S3-587296341,S3-955179856
S1-986878951	S2-158320029,S2-245657555,S2-512125171,S3-537166331,S3-857376838,S3-950215679
S1-89885076	S2-264189979,S2-284258830,S2-698570568,S2-793569999,S2-831072607,S3-203719013,S3-623424146,S3-74073635
S1-229358424	S2-108074236,S2-383324207,S2-876523235,S3-411660517,S3-608043195
S1-434619110	S2-507869747,S2-791417095,S3-450321247,S3-519300149,S3-757536846,S3-819067580,S3-827935285
S1-97114725	S2-16294007,S2-18748110,S2-313832269,S2-585807605,S2-609408009,S2-807574322,S3-536505199,S3-732387724
S1-412391458	S2-114304584,S2-253772395,S2-495770129,S3-111243765,S3-115069223,S3-22547493
S1-827464095	S2-176198378,S2-396633687,S2-867647848,S3-606773301,S3-625647030,S3-810166365,S3-888486866,S3-912345599
S1-490201675	S3-484116381,S3-614296996,S3-740957590
S1-242258271	S2-118450471,S2-808863092,S3-470136069,S3-554542177,S3-933999058
S1-70127986	S2-11693399,S2-542488565,S2-763506527,S3-666389206,S3-730351491,S3-782093454,S3-941295229,S3-968027773
S1-812582293	S2-549365232,S2-742797713,S3-203117588
S1-589029583	S2-469183039,S2-488111271,S2-818256926,S2-848840533,S3-326493725,S3-497518413,S3-653806268,S3-909280174
S1-765586993	S2-162355226,S2-358552423,S2-883860327,S3-266388361,S3-465056399,S3-7242106,S3-837707857
S1-654861800	S2-443467658,S2-601575102,S2-685521721,S2-954796964,S3-163021089,S3-495769707,S3-851124494,S3-919297929
S1-222618478	S2-277967808,S2-385385707,S3-307835041,S3-553958895
S1-83483967	S2-691358330,S3-123798561,S3-315383228,S3-334967413,S3-801642684,S3-970886644
S1-675028431	S2-508616290,S2-872420442,S3-242933940,S3-304817773
S1-852488738	S2-133039158,S2-236886393,S2-607624046,S2-697869534,S2-959646732,S3-126772891,S3-969429351
S1-927365711	S2-139458932,S2-471578994,S2-736170121,S2-966871625,S3-286520963,S3-472615528,S3-692703777,S3-884184057
S1-17164831	S2-198891795,S2-218220777,S2-533283455,S3-137932957,S3-279118527,S3-48294558,S3-58693042,S3-77052734
S1-500204841	S2-376289458,S2-667666198,S3-306344631,S3-480079435,S3-771617711
S1-653865433	S2-214931150,S2-293889208,S2-711769657,S2-721069431,S2-805682490,S2-825679186,S3-610937252,S3-815462861
S1-915213087	S2-354580528,S2-483556176,S2-584225078,S2-773723180,S2-81824289,S3-935298617,S3-955015526,S3-96464144
S1-391281896	S2-813561055
S1-539038924	S2-7043015,S2-762596822,S2-782759950,S2-875653411,S3-288968377,S3-797093960,S3-803161461,S3-957132469
S1-542494124	S3-301177404
S1-406808787	S2-318005589,S2-872618792,S3-193587410,S3-200350581,S3-369272967,S3-418681392,S3-698144046,S3-908464954
S1-321040238	S2-688129287,S2-808473277,S3-421413598,S3-468545036
S1-443365696	S2-44959048,S2-724930603,S2-826342485,S3-397138460,S3-616601776,S3-76864937
S1-180188788	S2-70338033,S2-875972225,S2-89178444,S3-21362346,S3-546068442,S3-863412867
S1-442379950	S2-844897138,S3-655190326
S1-167159911	S2-274361276,S2-543867118,S3-196202018,S3-243535487,S3-892885874
S1-55090358	S2-42888354,S3-100723103,S3-138544744
S1-686475707	S2-120234712,S3-174974255,S3-617269156,S3-847190886
S1-893919982	S2-502801316,S2-80867074,S3-159735510,S3-365026709,S3-552283651,S3-594264595,S3-765825922
S1-440872116	S2-303814267,S2-409697838,S2-575963171,S2-590520775,S2-799709290,S3-252059022,S3-68887314,S3-836627066
S1-927670110	S2-54455748,S2-580896151,S3-44181209,S3-905869965,S3-980943754
S1-261196318	S2-423833540,S2-631598305,S3-243990277,S3-390815988,S3-696807041,S3-960844172
S1-755175144	S2-666950008,S2-77098663,S3-874580588,S3-952552486
S1-462368008	S2-312048546,S2-56415040,S2-806978581,S3-136148429,S3-263084154,S3-529992976,S3-640156077,S3-974901534
S1-97272878	S2-108129828,S2-691295388,S3-311399186,S3-551097835,S3-665936728,S3-699006977
S1-430116176	S2-521836927,S2-616108102,S2-701580780,S3-117506531,S3-171131209,S3-231121531,S3-28940538,S3-891035428
S1-667749763	S2-203289997,S2-313347376,S3-43375255,S3-839720538,S3-962976740
S1-976280753	S3-139382003,S3-500118861,S3-636027044,S3-766802684,S3-785483738,S3-857877530
S1-925441994	S2-144082523,S2-872354256,S2-933205852,S2-936229850,S2-970974525,S3-278829241,S3-421763233,S3-656214346
S1-857758576	S2-496450123,S2-670538095,S3-630804139,S3-706587929,S3-819048601,S3-87081184
S1-34323125	S2-147659716,S2-164978458,S2-465360934,S2-820683768,S2-855913718
S1-522516216	S2-570042313,S2-652252146,S2-899585944,S3-113573565,S3-395776257,S3-649724253,S3-734741139,S3-772422249
S1-528352321	S2-226113341,S2-550938326,S2-626963669,S2-785011042,S3-142512037,S3-620763499,S3-720644421,S3-748833673
S1-940991757	S2-235702156,S2-505175412,S3-166856415,S3-245776062,S3-813779098
S1-778251172	S2-42747914,S2-457179036,S2-587411882,S2-938172002,S3-229032412,S3-572848456
S1-385404218	S2-21692911,S2-75482484,S3-120320637,S3-42286562,S3-443948308,S3-87468627
S1-452197215	S2-471532922,S2-503598152,S2-789662639,S3-730145484
S1-608663341	S2-260351648,S2-517132391,S2-568598145,S2-670031963,S3-22040186,S3-371686367,S3-408764468,S3-829935006
S1-585300635	S2-903394331,S3-166136066,S3-33319226,S3-348599504
S1-110426464	S2-239260063,S2-348195236,S2-99289810,S3-118278991,S3-578333796
S1-736524130	S2-267892073,S2-320971638,S2-626564923,S3-178990780,S3-503746174,S3-71175912
S1-521719459	S2-388331052,S2-405046777,S2-459249486,S2-685793013,S2-91580925,S3-289674198,S3-346579299,S3-52565405
S1-638251402	S2-275471267,S3-799846417
S1-255007532	S2-266195784,S2-475855526,S2-495828612,S3-117285747,S3-348332878,S3-607808675,S3-694196420,S3-776339707
S1-576885244	S2-127686049,S2-163639459,S2-640813382,S2-864855316,S3-239617489,S3-271180975,S3-291479322,S3-600047624
S1-61765280	S2-257480576,S2-38088056,S2-428739737,S2-804352168,S2-944521622,S3-481110485,S3-568680759,S3-751504399
S1-485929093	S2-220650995,S2-544779424,S2-554758866,S2-593291162,S2-85998213,S3-282677400,S3-803175124,S3-828510897
S1-371289961	S2-124655522,S2-276612082,S2-35366309,S2-416203830,S2-822585793,S3-106698477,S3-131428044,S3-363412871,S3-435497119
S1-29004532	S2-792241221,S2-901203995,S3-141558082,S3-227255052,S3-712655820,S3-920072333
S1-576692237	S2-399095070,S2-638979375,S2-822851779,S2-930410291,S3-126937235,S3-238388894,S3-769995337,S3-929259880
S1-569249104	S3-429561694,S3-561784580,S3-603009968,S3-726594712,S3-910847434
S1-544154260	S2-734312328,S2-794427173,S2-983717522,S3-102576830,S3-498544322,S3-657456292,S3-8851303
S1-443881705	S2-452842047,S2-719564897,S3-156615545,S3-537547171,S3-599073753,S3-694011937,S3-741258017,S3-931222255
S1-698048240	S2-157577853,S2-234246459,S2-604005885,S2-670845290,S2-718028082,S3-209561959,S3-484205163,S3-760959874,S3-949135994
S1-746831297	S2-379950745,S2-440319627,S2-499975946,S2-975761430,S3-170356205,S3-722499384
S1-330179362	S2-418655326,S2-872221367,S3-194976305,S3-789113500
S1-772455449	S2-905129046,S3-196650174,S3-214993544,S3-298935861,S3-406970693,S3-63037956,S3-693111241
S1-347809843	S2-737951841,S3-51679635,S3-898185278
S1-594645901	S2-207506162,S2-214112628,S2-391984605,S3-329902109,S3-388176733,S3-40536515,S3-730584756,S3-918705265
S1-564162972	S2-316814196,S2-439541628,S2-904583681,S2-974703658,S3-261210954,S3-336647875,S3-899810852
S1-182340176	S2-165830412,S2-20527035,S2-274838163,S2-672872463,S3-512635569,S3-638728183,S3-722714262,S3-886415553
S1-442096133	S2-344887302,S2-381393091,S2-421443718,S2-44009950,S2-816061233,S2-951471869,S3-352461391
S1-580912572	S2-188402369,S2-382552680,S2-718520666,S2-925990587,S2-939377157,S3-234626927,S3-701960716
S1-721807329	S2-372895796,S2-527253307,S3-217321673,S3-25759583,S3-734866130,S3-807953932,S3-821965834
S1-496573855	S2-241138853,S2-315263906,S2-68583976,S3-601027720,S3-635501751
S1-213422733	S2-889225711,S2-910529709,S3-348874849,S3-550011827,S3-894504089,S3-994143723
S1-621656050	S2-364755093,S2-376919591,S2-904515879,S3-102396364,S3-666384641
S1-524669141	S2-343959420,S2-496699216,S3-284493317,S3-402566457,S3-458768300,S3-564647366,S3-592472143,S3-62721833
S1-10425446	S2-573892841,S3-570649762,S3-798177981,S3-976977527
S1-230403847	S2-355410002,S3-179566646,S3-404043419,S3-495107876
S1-803173186	S2-245691340,S2-66956528,S2-694577980,S2-786210562,S2-965977524,S3-432824229,S3-479221209,S3-951841383
S1-337384358	S2-428774969,S3-123692335,S3-497561805,S3-697720584
S1-449253286	S2-495974087,S2-668762137,S2-86788429,S3-269533065,S3-577434666,S3-605638439,S3-758046118
S1-798017783	S2-518253969,S2-663394821,S2-771554924,S3-12303874,S3-139998405,S3-392230797,S3-780715292
S1-582765337	S2-67736680,S2-779231128,S2-861220951,S2-995964243,S3-235332659,S3-371962894,S3-499229982,S3-796827067
S1-655937291	S2-144485829,S2-373961176,S2-958598533,S3-890587642
S1-633803758	S2-688277750,S3-321203797,S3-471767350,S3-934831995
S1-29086989	S2-388650883,S2-994730479,S3-290119643,S3-630022397,S3-870012270
S1-533009813	S2-160680258,S2-890567159,S3-389133250,S3-510938092,S3-718232600
S1-165852947	S2-232615133,S2-959915631,S3-29330612,S3-554673634
S1-286371860	S2-329701420,S3-150254448,S3-323052320,S3-533945813,S3-787109
S1-939678805	S2-336671683,S2-647264906,S3-418741801,S3-451732210,S3-852474065,S3-919671413,S3-998254628
S1-199974384	S2-124635480,S2-436467377,S2-536476524,S2-893798281,S3-418781942,S3-649295209
S1-157172479	S2-172375393,S2-774001658,S2-806269639,S3-303041329,S3-314760101,S3-491726068,S3-603776059,S3-683320952
S1-403479156	S2-4196070,S2-506745813,S3-273905446,S3-522315736,S3-797348914
S1-553492801	S2-297849932,S2-758974708,S2-796437150,S3-422407718,S3-553659250,S3-642536290
S1-825310422	S2-40506399,S2-542780860,S2-555183102,S2-935984231,S3-290703690,S3-302752830,S3-435914618,S3-650784643
S1-851934895	S2-235768428,S2-252631707,S2-336424103,S2-35520418,S2-381408117,S2-649941919,S3-119881495,S3-282112056
S1-561201794	S2-167504231,S2-235945461,S2-238156291,S2-359067333,S2-615934908,S2-621157579,S2-69269764,S3-397106612,S3-706603409,S3-993834242
S1-83346906	S2-480724332,S2-624363936,S2-81411253,S2-989919463,S3-103177804,S3-431467774,S3-764135689
S1-156252069	S2-699508476,S2-968385965,S3-323541351,S3-836502894
S1-257603292	S2-176869417,S2-401882555,S2-62908382,S2-917705754,S3-27412092,S3-464173855,S3-746365321,S3-807505676
S1-415430672	S2-127079618,S2-249606453,S2-316134116,S2-590992434,S2-675856442,S2-803398167,S3-116849174,S3-730902239,S3-748894941
S1-547505716	S2-10170960,S2-408233679,S2-424543938,S2-647920727,S2-822530900,S2-923197337,S3-293301698,S3-82507339
S1-620719461	S2-26347351,S2-356543309,S2-363951558,S2-438287927,S3-488679038
S1-994956652	S2-878258594,S2-990123718,S3-721413973
S1-809501717	S2-135511888,S2-783679311,S2-922777890,S3-187738641,S3-196839478,S3-283141123,S3-371110511,S3-97345427
S1-5991359	S2-210196240,S2-787834685,S3-639871232,S3-75290773
S1-732573027	S2-246331476,S2-888793757,S2-984245132,S3-238067134,S3-435582360
S1-188423221	S2-67346441,S2-773649828,S2-912257096,S2-980818750,S3-918036937
S1-648185390	S2-329046550,S2-509761931,S2-541751588,S2-761794525,S2-770399901,S3-130282512,S3-258684543,S3-656685792
S1-604504963	S2-212741743,S2-40385458,S2-956760472,S3-252541338,S3-311746028
S1-482372717	S2-110045713,S2-150062865,S2-83536093,S2-84219282,S2-893845850,S2-936560811,S3-125591075,S3-946246764
S1-852273610	S2-174953812,S2-223377399,S3-222640508,S3-379198343,S3-521527906,S3-80555445,S3-833908757,S3-969502660
S1-782059004	S2-457268432,S3-168169573,S3-382366739
S1-254236448	S2-346661564,S2-703744949,S2-871430751,S2-985138181,S3-183566491,S3-344192994,S3-70620855,S3-882655294
S1-605893637	S2-159238616,S2-203685833,S2-816589906,S3-579447588,S3-69486827,S3-714025493,S3-75959066,S3-952376263
S1-591492230	S2-929232221,S3-200305132,S3-28284454,S3-893732676
S1-68043646	S2-179524268,S2-276005047,S2-650964576,S2-818936474,S3-262165936,S3-485585894,S3-765585566
S1-690186349	S2-30795436,S2-706927101,S2-952539288,S2-970508086,S3-198495176,S3-203551653
S1-792667758	S2-968334916,S2-984498992,S3-617677472,S3-70054811
S1-815150823	S2-187695747,S2-191004774,S2-492340635,S2-55073728,S2-600069015,S3-389723683,S3-405220549,S3-537415771,S3-987516071
S1-89977800	S2-161248910,S2-183281207,S2-408811787,S2-814761205,S2-97927658,S3-400179969,S3-617711071,S3-833222973
S1-734525620	S2-251896010,S2-412063790,S2-450899563,S3-290327523,S3-547859446,S3-548501419,S3-57700422,S3-852911727
S1-753708234	S2-996295839
S1-187403537	S2-142697482,S2-392178997,S2-873974525,S3-402893702,S3-904594862
S1-195790214	S2-144384929,S2-21480180,S2-313497260,S2-415511994,S2-617644794,S2-677878427,S3-328816700,S3-467478292
S1-932175064	S2-295749877,S2-359000357,S3-169206434,S3-412299304,S3-782156949,S3-800160801,S3-811807456,S3-866413523
S1-600744313	S2-176767903,S2-198474578,S3-321732845,S3-463233654,S3-478191266,S3-607488780,S3-937785274,S3-973979765
S1-196391001	S2-38117368,S2-604264317,S2-64641370,S3-312177667,S3-583511989,S3-933472456
S1-521141677	S2-541644146,S2-67322548,S2-819322060,S3-258821478,S3-527928129,S3-669019248,S3-90042483,S3-963531683
S1-280268910	S2-41548556,S2-766146753,S3-27589043,S3-367081291,S3-823942644
S1-439945018	S2-183091181,S2-403197785,S2-488468950,S2-539117391,S3-309518099,S3-616574298,S3-728429132
S1-249431490	S2-592256715,S3-46193765
S1-225603086	S3-497974886,S3-920811020
S1-505501462	S2-242614767,S2-368002969,S2-934587141,S2-996444970,S3-260953599,S3-808190093
S1-770293898	S2-107710736,S2-274050531,S2-493983803,S2-853627356,S3-675730735,S3-878674891,S3-978121297
S1-636522861	S2-680337567,S2-991408292,S3-202570282,S3-285756444
S1-130196805	S2-210797461,S2-219420319,S2-337370664,S2-574224066,S2-680267331,S2-738897403,S2-885938093,S3-137385007
S1-527306901	S2-345074958,S2-471777989,S3-908610509,S3-952248387,S3-986507486
S1-150354724	S2-42165690,S3-253695335,S3-438250662,S3-484507083,S3-534161638,S3-75012811
S1-195793594	S2-482705820,S2-58856829,S2-974426978,S3-140640791,S3-342755397,S3-827028924,S3-865941056
S1-33183453	S2-54421846,S2-764819048,S2-915478550,S3-305174600,S3-51645236,S3-609784290,S3-903149173
S1-361003424	S2-301224619,S2-847279764,S2-879991012,S3-397104587,S3-404850943,S3-661434758,S3-833796197,S3-891446191
S1-626962031	S2-146973877,S2-18005621,S2-885642283,S2-906840015,S3-118725831,S3-169599073,S3-553400093,S3-638816202
S1-266323977	S2-366440872,S3-121181185,S3-574381040,S3-719368521,S3-905305836,S3-959893703
S1-417778949	S2-301525138,S2-853527533,S2-921803309,S3-308039127,S3-821533812,S3-999840952
S1-282881921	S2-150184499,S3-448321969,S3-547545178
S1-698561653	S2-289729315,S2-491781910,S3-11319998,S3-389335948,S3-664610812,S3-82691642,S3-9126587,S3-995581412
S1-821255371	S2-485680110,S2-573618183,S2-790224778,S3-195563843,S3-38756315,S3-742021151,S3-801132023,S3-92638258
S1-478999574	S3-513205456,S3-544036410,S3-882159678,S3-927766912
S1-446359489	S2-183156983,S2-284747940,S3-116452066,S3-151527356,S3-231792284,S3-331284868,S3-60251156,S3-679210054
S1-20836554	S2-455013000,S2-55928952,S2-590310436,S2-736180210,S2-933038983,S3-429286732,S3-440510084,S3-605729220,S3-619550590,S3-693445975
S1-697529143	S2-277224991,S2-610001125,S2-956019755,S3-536175618,S3-682524663,S3-830943732
S1-266394753	S2-314153168,S2-905904041,S3-448352964,S3-547969943,S3-609519206,S3-760556573,S3-849193227
S1-104749084	S2-784182042,S3-310447066,S3-417944968,S3-952092499
S1-793634854	S2-419359682,S3-372861032,S3-784529604,S3-839138359,S3-897063118
S1-401484658	S2-437967118,S2-455399831,S3-177695763,S3-198141620,S3-340694600,S3-707421010,S3-730695292
S1-1127494	S2-184775326,S2-75354197,S2-877333758,S3-543282544,S3-549175747,S3-821678734,S3-877336745,S3-928635588
S1-220361456	S2-361452893,S2-47062252,S2-585069522,S2-632605761,S2-678749795,S3-281443968,S3-662426564,S3-935745826
S1-242963716	S2-783771778,S2-869554995,S2-92202585,S3-148935311,S3-344129854,S3-352119849,S3-642862559,S3-710544700
S1-421034085	S2-322044935,S2-577902959,S2-623103529,S2-964840230,S3-189165245,S3-655879423,S3-84555512,S3-94519005
S1-805997797	S2-107182884,S2-713187412,S3-125046946,S3-326931175,S3-36282066,S3-451582469,S3-458155503,S3-823654939
S1-734429435	S2-121541453,S2-257241883,S2-478549303,S2-924241076,S3-184832815,S3-386579499,S3-424216262,S3-747470097
S1-226094783	S2-142455763,S2-381289483,S2-98669737,S3-350622713,S3-756898918,S3-951519942
S1-694724503	S2-314009291,S2-326657732,S3-234705607,S3-24271412,S3-268143871,S3-278686965,S3-624537271
S1-629316336	S2-620210758,S2-735275637,S2-74314651,S3-171309856,S3-323089446,S3-49818110
S1-117129391	S2-348528842,S3-222195186,S3-313943879,S3-46248581,S3-658986153,S3-801206427,S3-85146790,S3-982075372
S1-523828154	S2-401748125,S2-653440882,S2-79187937,S2-911711261,S3-124884193,S3-56672660
S1-285044881	S2-602002318,S2-731167150,S2-902760743,S3-215326217,S3-497111581
S1-120999861	S2-215306899,S2-386168329,S2-498717757,S2-638759908,S3-289626758,S3-65691379,S3-66663897,S3-687179824
S1-449954998	S2-508993370,S3-443689032,S3-620686912,S3-686096608,S3-703272421
S1-754982029	S2-29541842,S3-255444003,S3-539357420,S3-717234127,S3-797380800
S1-390867028	S2-437356483,S2-637364551,S3-195935452,S3-450298431,S3-501975217,S3-707942708,S3-74069043,S3-966888657
S1-494529793	S2-210422066,S2-328684776,S2-638861581,S2-81801160,S3-277149350,S3-296616320,S3-373515387,S3-653522108
S1-800307097	S2-452666486,S2-640456409,S2-895595784,S3-304709133,S3-653635319
S1-919745953	S2-616245608,S2-77132300,S3-101025040,S3-574444803,S3-618665326,S3-634485589,S3-996810296
S1-762621427	S2-519036309,S2-818023379,S2-94423896,S3-179962444,S3-476388513,S3-853153242
S1-231907401	S2-556028516,S2-63805139,S3-709935450,S3-832910426
S1-738171269	S2-116223563,S2-153518642,S2-701757673,S2-724229752,S2-942146617,S2-969734800,S3-208146973,S3-755129131
S1-108899220	S2-32358339,S2-387023446,S2-472761486,S3-605525582,S3-622861367,S3-873981514,S3-986550838
S1-156117351	S3-28959052,S3-483225938,S3-888713401
S1-735661730	S2-465514480,S2-818236267,S3-810999375,S3-889875449
S1-551822444	S2-737766797,S2-848264817,S2-996978331,S3-194742584,S3-320203942,S3-468007334,S3-689532548,S3-977802706
S1-323605361	S2-13469323,S2-170137755,S2-37046606,S2-883466534,S2-945194190,S3-16915365,S3-183535569
S1-896064942	S2-252533708,S2-276606590,S2-427273155,S2-664951168,S3-223755978,S3-343389070,S3-627318979,S3-677884527
S1-135004526	S2-4343647,S2-603457358,S3-315723980,S3-595125986,S3-723390210
S1-952011336	S2-343432947,S3-583873648,S3-594842154,S3-731012433,S3-762251841,S3-858490494,S3-910055408
S1-427398801	S2-507804402,S2-536214786,S2-802218375,S3-377899584,S3-417767830,S3-619063805,S3-9619281
S1-360477636	S2-295315646,S2-75069305,S3-189618318
S1-941050706	S2-140904771,S2-292701329,S2-68032382,S3-25891088,S3-592848360,S3-781404739,S3-882820781,S3-883591577
S1-955404235	S2-297355636,S2-681529419,S3-185001734,S3-469327301,S3-554328404,S3-842749866
S1-513971854	S2-183538138,S2-557220486,S3-140631077,S3-308489748,S3-706431615,S3-727398803,S3-994262628
S1-216503889	S2-197852601,S2-274922863,S2-346745405,S2-489394904,S2-801019624,S3-283465118,S3-431783948,S3-60673444
S1-329292426	S2-133174059,S2-353404579,S2-471213271,S2-71615089,S2-895301323,S3-602597893,S3-623346644,S3-823220376
S1-941731749	S2-615236275,S2-90467430,S3-231339471,S3-871996841
S1-150951648	S2-464444913,S2-626707161,S2-773425358,S2-96535942,S2-984046,S3-570716515,S3-632417911,S3-936894723
S1-490778865	S2-103528245,S2-455913459,S2-577019428,S2-862953904,S3-244341257,S3-508441883,S3-869808330,S3-876944006
S1-330049372	S2-127470144,S2-358239856,S2-557585335,S2-735258704,S3-140220929,S3-479242697,S3-497259948,S3-889199282
S1-123262522	S2-3770129,S2-693405698,S3-130986696,S3-363158284,S3-5775406,S3-58864905,S3-748327149
S1-503324082	S2-159861614,S2-725632099,S2-80830285,S2-820870812,S2-914871713,S3-216574835,S3-328187096,S3-74118751
S1-616950806	S2-219023029,S2-95084971,S3-283040055,S3-703237221,S3-951557564
S1-684069867	S2-235464139,S3-258306043,S3-468905354
S1-210954434	S2-248901018,S2-387068511,S2-861624359,S3-391002942,S3-611811530,S3-738056424,S3-822958120,S3-922235897
S1-181292786	S2-49340748,S2-60325578,S2-62270186,S2-925132923,S3-285828219,S3-436100226,S3-488564120,S3-842033462
S1-326792739	S2-79708148,S2-869505936,S2-89499927,S2-919932775,S3-339418916,S3-665903629,S3-730176922,S3-940764187
S1-305866279	S2-231409419,S2-389109996,S2-870996231,S3-162744186,S3-288736372,S3-295871159
S1-463747984	S2-231110544,S2-250769993,S2-47622332,S3-576333273,S3-810980409,S3-90752230,S3-954620104
S1-732011952	S2-189278895,S2-53382096,S2-599032943,S2-69683247,S3-497589147
S1-344629790	S2-19613051,S2-406149003,S2-990414970,S3-155019301,S3-240727033,S3-304376686
S1-98281228	S2-138264918,S2-150272351,S2-185174813,S2-411381325,S2-731316234,S2-970338234,S3-773243675,S3-811273139
S1-603805780	S2-476290627,S2-685659665,S2-963188982,S3-441446378,S3-477118883
S1-100864056	S2-637063709,S2-740383625,S3-313336212,S3-457512219,S3-519851641,S3-691692299,S3-848934834,S3-855204453
S1-777199825	S2-105150454,S2-351450347,S2-467742544,S2-565265260,S3-311031783,S3-344726646,S3-558382098,S3-784421254
S1-979629134	S2-227391421,S2-326380803,S2-731019613,S2-760062714,S2-828979776,S3-253057545,S3-877820162
S1-435981383	S2-863914135,S3-160321429,S3-807404534,S3-815373273
S1-694790944	S2-529854798,S3-141884600,S3-367169614,S3-417483582,S3-951790580,S3-96256059
S1-532320973	S3-312984762,S3-448450969,S3-971020091
S1-944881427	S2-179446686,S2-198158849,S2-446472693,S2-610655078,S2-755904950,S3-149202032,S3-492568342,S3-615297593
S1-164327542	S2-737915477,S2-827877856,S3-65771116,S3-930616507
S1-603526305	S2-355703211,S2-470900345,S2-617557376,S2-816921281,S3-26046225,S3-493205602
S1-931804625	S2-184940583,S2-757131168,S3-324495481,S3-520841104,S3-581902523
S1-68151226	S2-241889725,S2-370729772,S2-481041099,S2-493017706,S3-213427643,S3-408671519,S3-95894161,S3-99927812
S1-205684439	S2-320491499,S2-468418366,S2-49462877,S2-511428322,S3-225793451,S3-272287050,S3-343412672,S3-527542506
S1-443164714	S2-617202400,S2-755069297,S2-768373866,S3-101843626,S3-11229459,S3-440732928,S3-897708944,S3-976735556
S1-451976184	S2-119717772,S2-346534609,S2-760156425,S2-776572119,S3-32440543,S3-876094887,S3-92651243
S1-332654510	S2-358201534,S2-650935145,S3-497352152,S3-531264792,S3-551979578,S3-557951916
S1-820207268	S2-883468391,S2-933302672,S2-948843299,S3-110643747,S3-128523575,S3-87435384,S3-89973661,S3-905901078
S1-548940210	S2-288880624,S2-372516042,S3-48981201,S3-685156483,S3-779092597
S1-222552393	S3-122899707,S3-805772092
S1-389283347	S2-889388745,S2-957779346,S3-655424897,S3-83967977
S1-479180350	S2-160305064,S2-249382945,S2-364825033,S3-295315690,S3-433396462,S3-477231415,S3-51850204,S3-950218588
S1-47373801	S2-238506930,S2-466587765,S2-819049992,S3-253754469,S3-688699729
S1-773912730	S2-405674482,S2-691459375,S2-871812268,S3-287278539,S3-71198823,S3-933250149
S1-827059907	S2-283697193,S2-44509325,S3-863589870,S3-923137732,S3-92504767
S1-605464056	S2-240293427,S2-240467880,S2-39635932,S2-669022413,S2-862844863,S3-157720879,S3-316073552,S3-446742336
S1-177934996	S2-335111525,S2-557637921,S2-710944251,S2-946722766,S3-309495828,S3-970499108
S1-333759891	S2-106628433,S2-880547890,S3-514371933,S3-669934683,S3-906524569,S3-930242484,S3-933797904,S3-972094079
S1-63001287	S2-288473309,S2-43912552,S2-979820695,S3-124711611,S3-187058335,S3-591173210,S3-670444863,S3-959150470
S1-295457739	S2-256260921,S2-319319383,S2-320782348,S2-957981957,S3-139069267,S3-338588262,S3-662757812,S3-80592092
S1-940727541	S2-298404086,S2-520527166,S2-529561257,S3-133798264,S3-150177599,S3-589858260,S3-735716308
S1-93099025	S2-425174657,S2-6028612,S2-676002232,S2-775695403,S2-911533873,S3-436506714
S1-753456266	S2-426392813,S2-440605368,S2-533552915,S2-622451316,S3-118902174
S1-348880471	S2-177538202,S2-427280987,S2-547408587,S3-148987442,S3-17380827,S3-579171321,S3-793988976,S3-912973369
S1-22261439	S2-281145443,S2-59470716,S3-154186831,S3-249725477,S3-515343942,S3-528343797,S3-740986839,S3-918553415
S1-740478081	S2-552531668,S3-462582520,S3-653812943,S3-665194004,S3-709194989,S3-746059467,S3-838454844,S3-936125518
S1-849873777	S2-38265389,S2-523803254,S2-837088331,S2-913943546
S1-773658449	S2-111223516,S2-216296038,S2-448315106,S2-651261176,S2-659096365,S2-954023054,S3-337006112,S3-638127102
S1-628291859	S2-540733145,S3-209864759,S3-555739670
S1-41911952	S2-21940400,S2-377059988,S3-685670551,S3-742295028,S3-743753035,S3-766570172
S1-831170406	S2-968703204,S3-242358239,S3-429523652,S3-625809959
S1-47875800	S2-319858774,S2-504123098,S2-62416389,S2-657756840,S3-29906325,S3-331533494
S1-388363421	S2-553904583,S2-779377942,S2-899912894,S3-111760488,S3-124058195,S3-439839967,S3-663647494,S3-775173290
S1-921845510	S2-335112594,S2-79244552,S2-867052312,S3-404839205
S1-117057103	S2-679479004,S2-80906530,S2-950829170,S3-167320991,S3-503585099
S1-893900483	S2-269482935,S2-710298830,S2-752475166,S2-961566621,S3-245110084,S3-386111792,S3-526530356,S3-543624339,S3-598354109
S1-605918723	S2-183865634,S2-381218149,S2-909443105,S3-515498720,S3-720865525,S3-807221400,S3-877236879
S1-856556980	S2-31394954,S3-201343855,S3-563459811
S1-733773396	S2-181178960,S2-68553814,S2-798026248,S2-988442910,S3-111934466,S3-493865566,S3-625135458
S1-542721506	S2-219737075,S2-595130580,S2-747607591,S2-995604072,S3-297467520,S3-470730710,S3-583391115,S3-827773909
S1-316760995	S2-150124886,S3-486308749,S3-594370708
S1-376976202	S2-278688746,S2-340431584,S2-529850951,S2-662234604,S2-890280429,S3-103408845,S3-5019403,S3-978731827
S1-942309788	S2-550502331,S3-128169607,S3-570869463
S1-494590295	S2-318599781,S2-407455205,S3-17343403,S3-195914753,S3-277706706,S3-465706145,S3-729069647,S3-802102846
S1-527067616	S2-284640241,S2-404652183,S2-702869057,S2-76867376,S3-142340025,S3-1775392,S3-678709036,S3-801796721,S3-881876965
S1-440443997	S2-255460095,S2-653579587,S2-888952631,S3-552260860,S3-574946317
S1-212621139	S2-1356255,S2-158636792,S2-185567544,S2-792043218,S2-961918296,S3-15348231,S3-271705623,S3-48972583
S1-386861183	S2-173028651,S3-21073545,S3-26448019,S3-816830357,S3-832580905
S1-86565084	S2-373220058,S2-474687797,S2-526209880,S2-760438543,S2-90594723,S3-335933888,S3-773108580,S3-947807755
S1-783585390	S2-125533838,S2-143448079,S2-713203056,S3-344214847,S3-374186950
S1-858271893	S2-845063089,S2-872003801,S3-257100702,S3-599181580,S3-654619419,S3-700535388
S1-736598710	S2-166223753,S3-382084140,S3-61522340
S1-531043165	S2-745144813,S3-717387344
S1-760766364	S2-490837014,S2-691016997,S3-629832869,S3-883270800,S3-908598404
S1-570655028	S2-188882178,S2-282305870,S3-529830845,S3-802164875
S1-928553055	S2-185158269,S2-590205220,S2-83062640,S2-933698530,S3-305132373,S3-38509410,S3-635020916,S3-65723346
S1-39919658	S2-572144762,S2-778546685,S2-934132502,S3-128713927,S3-48836842,S3-573283100,S3-793178545,S3-841457414
S1-962016685	S2-138674940,S3-204134159,S3-902658966
S1-347332540	S2-30338983,S2-703204424,S2-897169716,S3-100173938,S3-270580234,S3-417317318,S3-544153452,S3-599515216
S1-812148702	S2-748676386,S2-759441390,S3-105371565,S3-376010785,S3-522559145,S3-749149409,S3-77992727,S3-963629470
S1-506779375	S2-260198233,S2-308144691,S2-437103293,S3-212447395,S3-32549100,S3-860907022
S1-343540739	S2-38978896,S2-633627174,S2-779453863,S2-899706474,S3-242354139,S3-672477447
S1-871992207	S2-686734620,S2-813148459,S2-885998559,S2-911046177,S3-12343046,S3-160291134,S3-499013001,S3-679652275
S1-325369517	S2-322113829,S2-957303641,S3-22816740,S3-332233713,S3-723771061,S3-87530521
S1-763615026	S2-273258095,S2-338247635,S2-438409300,S3-308169830
S1-427320940	S2-173277460,S2-475857383,S3-28572997,S3-319682626,S3-54857948,S3-629851447
S1-668090883	S2-509756938,S2-679561076,S3-184383959,S3-376206795
S1-477260850	S2-559798512,S3-256123708,S3-366695031,S3-462419480
S1-717622304	S2-396786385,S2-512879633,S2-624777509,S2-75462458,S2-768094108,S3-134060917,S3-2306269,S3-460478180,S3-839884393,S3-872698456
S1-743455584	S2-208772948,S3-278718198,S3-359726759,S3-596754610,S3-696656638,S3-734221305
S1-257095408	S2-565869753,S2-665920627,S2-828514822,S2-908485264,S2-958738062,S3-188838937,S3-264146773,S3-987112032
S1-339209843	S2-113830570,S2-315168738,S2-471879076,S3-272972573,S3-565023309,S3-896066150
S1-732191825	S2-303587214,S2-486900655,S2-509404112,S2-78666609,S3-676079545,S3-769929731
S1-957117181	S2-344090217,S2-644719634,S2-75679921,S2-908926926,S2-946887840,S3-560406663,S3-890250288
S1-601395432	S2-184695227,S2-318771903,S2-428157311,S2-96907642,S3-634912703,S3-971111939
S1-111226205	S2-313719470,S2-477052122,S2-583870905,S2-717688100,S3-583598286
S1-446278180	S2-508739777,S2-561620522,S2-787911248,S2-832423705,S3-361368203,S3-638770251,S3-838954624,S3-985118094
S1-540373444	S2-331620900,S2-416246782,S3-308755345,S3-478938450,S3-544833769,S3-684786901,S3-878401716,S3-930501789
S1-773732337	S2-559881029,S2-892180546,S2-918133864,S2-938640890,S3-200753720,S3-753521942
S1-463651000	S2-300051449,S2-947745916,S2-970512535,S3-101722062,S3-195112062,S3-723796100
S1-713010467	S2-170986045,S2-351977012,S2-536815910,S2-622005727,S2-918454398,S3-573865957,S3-704853362,S3-744302223
S1-379769406	S2-277713644,S2-671935526,S2-802181737,S3-487589351,S3-76021086
S1-314354506	S2-277194961,S2-592592044,S2-608905925,S2-789837193,S3-163980965,S3-29800187,S3-628063099,S3-947426844
S1-435545985	S2-365371626,S3-629161967
S1-134235569	
S1-89049449	S2-276949348,S2-898195415,S2-950635941,S3-158306714,S3-431986771,S3-475320344,S3-681080844,S3-750638369
S1-170236853	S2-573896552,S3-218438615,S3-677085944
S1-305514916	S2-120010695,S2-30703486,S2-533658051,S2-567888761,S2-843206926,S3-581064706,S3-850070860,S3-942615354
S1-28932366	S2-38777941,S2-493032627,S2-528145347,S3-115745356,S3-255739831,S3-505057238,S3-867063629,S3-936873508,S3-958724852
S1-77767992	S2-508789425,S2-953978339,S3-159473254,S3-188741133,S3-808014566
S1-250307719	S2-158863214,S2-323980574,S2-933203289,S3-105286696,S3-464885831,S3-613941427
S1-909209776	S2-398422134,S2-666425342,S3-170359677,S3-3699969,S3-444148212
S1-134745402	S2-642626214,S3-223679845,S3-512197629
S1-608253339	S2-151641384,S2-188923234,S2-345536266,S3-181896479,S3-588868336,S3-815762847,S3-991980448
S1-260465690	S2-288454926,S2-374931616,S2-587068459,S2-766211410,S3-604294560,S3-877186198
S1-47986551	S2-441264859,S2-546734299,S2-802138430,S3-128645834,S3-211004054,S3-730281068
S1-688345271	S2-472985593,S2-488592185,S2-780464379,S2-809629335,S2-840970560,S3-259803468,S3-656381945,S3-766555456
S1-463518511	S2-374586372,S2-783676127,S3-174351745,S3-353438684,S3-421783523
S1-686982143	S2-301928688,S2-34437446,S2-357004842,S3-471924072
S1-95415435	S2-142501003,S2-759807615,S2-790515766,S2-865318855,S2-898297016,S3-301141095,S3-710840411,S3-858316224
S1-342801324	S2-227600578,S2-406176724,S2-810561120,S3-553767585,S3-893556990
S1-301945287	S2-269386268,S2-446039076,S3-396256587,S3-486340937,S3-7823328,S3-805177212,S3-913540586,S3-958377783
S1-570980654	S2-121427431,S2-241749473,S3-422656609,S3-944580504
S1-415708456	S2-292767227,S2-34490446,S2-352390700,S2-39480566,S3-135096406,S3-234924062
S1-110857585	S2-577353814,S2-783025070,S2-797532752,S2-992436882,S3-903100702
S1-284774357	S2-535533922,S3-378786381,S3-575136325,S3-64565006,S3-877529967
S1-712435466	S2-19389940,S2-348060513,S2-682683569,S2-707760406,S3-519862395,S3-627584984,S3-703690973,S3-847772843
S1-767756817	S2-307646137,S2-686125501,S2-709987805,S2-717371074,S2-94429027,S3-342656263,S3-352557801,S3-63803361
S1-868893167	S2-398990420,S2-410201632,S2-699261495,S2-753619936,S3-742850901
S1-879213145	S2-689780107,S2-85455483,S3-108872129,S3-905875373,S3-958109751
S1-653520412	S2-353014765,S2-390933167,S2-411530282,S2-634257548,S3-321942461,S3-434779764,S3-745637903
S1-581480639	S2-21678960,S2-57299192,S2-976183131,S3-196084855,S3-411840744,S3-475558378,S3-809126103,S3-976731468
S1-179447887	S2-152957050,S2-430920340,S2-463538350,S3-175704443,S3-206668739,S3-230099050,S3-53152385
S1-236598507	S2-187089174,S2-527029684,S3-533118717,S3-545216223,S3-638189105,S3-775929501,S3-818692141,S3-880519505
S1-140890409	S2-27398890,S2-395619592,S2-586221124,S3-524279532
S1-725490001	S2-552849483,S2-796325759,S3-154133575,S3-326998625,S3-513344314,S3-652475313,S3-832519848,S3-999782951
S1-185004470	S2-368751526,S2-401570478,S2-950238928,S3-471420448,S3-547938302,S3-617054651,S3-917983807,S3-993176744
S1-943909424	S2-239728357,S2-869024237,S3-282749451,S3-313220586,S3-399663821,S3-550301642,S3-779387780
S1-364610574	S2-787412340,S3-288272345,S3-475788687,S3-755249184
S1-977220719	S2-714734941,S2-974277851,S3-189870065,S3-377271257,S3-672762669,S3-727936818,S3-985468194
S1-116273906	S2-840145436,S3-535247979,S3-54200451,S3-752815902
S1-193709108	S2-364023398,S2-494652658,S2-75161534,S3-548505084,S3-842531123,S3-880338965
S1-888039764	S2-525820669,S2-853437543,S2-912729016
S1-908761747	S2-556219687,S2-607853864,S2-721537395,S2-792386055,S2-959471366,S3-290531764,S3-480376612,S3-865966858
S1-37860196	S2-643694140,S2-701779268,S2-822772629,S3-716803468,S3-770326192,S3-772848896,S3-798877469,S3-906051412
S1-764899999	S2-324758477,S2-520882743,S2-589606229,S2-959741091,S3-319615260,S3-663967388
S1-113786601	S2-223367067,S2-581213395,S2-957543657,S3-333670300,S3-626594722,S3-684347799,S3-868082110,S3-868894078
S1-943110223	S2-172452350,S2-399894502,S2-445814558,S3-217325163,S3-620168286,S3-770475613
S1-739426239	S2-204828851,S2-719842564,S3-3980292,S3-653107838,S3-876167541
S1-926827290	S2-43927420,S2-516444594,S2-756298982,S2-790717887,S3-417083458,S3-511002916,S3-595153036
S1-661333884	S2-34413521,S2-414721864,S2-533734758,S2-839180857,S2-994033943
S1-68451171	S2-205169903,S2-471546980,S3-201304941,S3-225925423,S3-259559873,S3-552742304,S3-70419950,S3-990943307
S1-159655414	S2-276351596,S2-944985777,S3-328984683,S3-360807059,S3-402940585,S3-446441960,S3-996745227
S1-588644362	S2-440670998,S2-541616568,S2-960418666,S3-104963904,S3-169396716,S3-268518744,S3-751379243,S3-814484911
S1-702445655	S2-201632559,S2-345817443,S2-445169460,S2-477663406,S3-17751556,S3-445384335,S3-496238218,S3-836574951
S1-433615662	S2-770439657
S1-81112964	S3-279152631,S3-579851001,S3-718102385
S1-864625634	S2-143816321,S2-837176485,S2-855119659,S3-104235032,S3-4936040,S3-54074563,S3-958795872
S1-952577606	S2-33266616,S2-408735181,S2-715042203,S3-272035000,S3-307565017,S3-496253446,S3-851094908,S3-97328170
S1-86618489	S2-238405299,S2-982001279,S3-352994886,S3-460154739,S3-521563666,S3-755558273,S3-965126786
S1-687853584	S2-262169562,S3-114773303,S3-699998043,S3-931404740
S1-377342568	S3-231534006,S3-58754717,S3-637230492,S3-807912406
S1-768716661	S2-634386111,S2-635048921,S3-321924629,S3-329325218,S3-631677423,S3-647204401
S1-934132953	S2-646591214,S3-199121289,S3-532042268,S3-970348261
S1-598644582	S2-110543828,S2-277185420,S2-542250013,S3-327336647,S3-686284337
S1-943086391	S2-302168999,S2-752313991,S2-941271800,S3-405862863,S3-927454864
S1-45863162	S2-333644534,S2-902548284,S3-155543728,S3-486525818,S3-579255197,S3-675591655
S1-238053589	S2-67377101,S3-360114904,S3-580446478,S3-68368597,S3-990283271
S1-242492071	S2-339384021,S2-678428802,S2-860992734,S3-206342687,S3-231526304,S3-25852739,S3-785287186,S3-94961893,S3-967492048
S1-676998151	S2-261220152,S2-75525014,S3-205066017,S3-886122341
S1-697447352	S2-104224842,S2-329245995,S2-333557310,S2-423068616,S2-867121667,S3-278833830,S3-751025239
S1-456894040	S2-105934451,S2-247528666,S2-423353155,S2-442702350,S2-587826205,S2-643292188,S2-848178607,S3-940772529
S1-945876819	S3-162008549,S3-294655751,S3-658135343,S3-733346582,S3-917121179
S1-319208943	S2-772663015,S2-816557615,S3-146199975,S3-454618931,S3-508587547,S3-775007382,S3-782386190,S3-803501299
S1-341206164	S2-705319117,S3-215601953,S3-444297076,S3-565110266,S3-810898649,S3-856805116,S3-89659238,S3-94780414
S1-318265941	S2-63852952,S3-251438734,S3-377953146,S3-805762686,S3-9536980
S1-842350625	S2-192152707,S2-279135236,S2-285680718,S2-424003627,S2-439934561,S2-859338414,S2-899127899,S3-502073133
S1-572020933	S2-342279627,S2-402179586,S2-551189449,S2-80511981,S2-899804779,S3-622944654,S3-80046913,S3-98162482
S1-370412356	S2-284140845,S2-516442597,S2-569825648,S2-651527125,S2-896219387,S2-918267996,S3-841545365
S1-48763189	S2-288015983,S2-300640309,S2-722723728,S2-811396431,S3-278558754,S3-532525864,S3-533263815,S3-995053642
S1-563366440	S2-628637646,S2-753428422,S2-933459641,S3-140659049,S3-146847495,S3-156184191,S3-679869790,S3-737399412
S1-332715169	S2-866876562,S3-583122306
S1-735414743	S2-485152404,S2-573988015,S2-823190389,S2-880130279,S3-282753467,S3-499176465,S3-687163154,S3-827635104
S1-348219866	S2-232518986,S2-284287497,S2-296415683,S2-510033532,S3-298652866,S3-621654330
S1-697871552	S2-133872559,S2-203651307,S2-545192084,S3-687948878,S3-761837993,S3-986363713
S1-129829007	
S1-397253896	S2-193032844,S2-669718206,S3-136100263,S3-338958226,S3-539282016,S3-643899106,S3-699488515,S3-859552322
S1-112362432	S2-355111597,S2-427130012,S2-714836684,S2-994750679,S3-123568816,S3-540989272
S1-858878060	S2-327448605,S2-493000760,S2-831929416,S3-158273563,S3-346292785,S3-706378307,S3-908246179,S3-979475116
S1-648757303	S2-231077634,S2-540656479,S2-583493776,S2-672144404,S2-843852306,S3-743170435,S3-82278815
S1-401480990	S2-174562272,S2-461586641,S2-500653258,S3-443369175,S3-520744061
S1-115423901	S2-368788974,S2-424397685,S3-241435203,S3-900610774
S1-854369224	S2-361022461,S2-422010123,S2-500689011,S2-757366115,S2-905383778,S3-848710188,S3-967683710
S1-949994634	S2-367275512,S2-514236534,S2-771765325,S3-662179706,S3-712288656,S3-756329204
S1-633483021	S2-583298496,S2-591657096,S3-119473696,S3-218792384,S3-261358106
S1-916250513	S2-197163225,S2-331757190,S2-552633701,S2-635662750,S2-793361284,S3-270274264,S3-494918434,S3-907000570
S1-361058559	S2-242487613,S2-422612324,S2-947649930,S3-266605804,S3-491216346,S3-504122196
S1-553621667	S2-148879275,S2-509453236,S2-671887005,S3-169772992,S3-216444688,S3-637791886
S1-711484274	S3-422327116,S3-812912546,S3-907495413,S3-951711969
S1-313278975	S2-793796071,S2-858509031,S3-184321996,S3-4767769,S3-90214732
S1-559435076	S2-206365577,S2-480472855,S2-565091516,S2-748565615,S3-561568746,S3-741793661,S3-821964397
S1-496059030	S2-509917045,S2-951727776,S3-293236338,S3-487481543,S3-696469928,S3-738040357,S3-87973776
S1-938876192	S2-471618061
S1-457365200	S2-759044402,S3-477896225,S3-703216294
S1-594669505	S2-30765947,S2-559182648,S2-766211410,S3-20850965,S3-427107283,S3-62600065,S3-877186198,S3-887023700
S1-891833528	S2-3822269,S2-426012831,S2-554177497,S2-699648320,S3-843168286,S3-999055735
S1-914214546	S2-592259443,S3-417849670,S3-565289413,S3-94170948
S1-166107416	S2-552060323,S2-625618443,S2-763397327,S3-477155027,S3-576272797,S3-665772648,S3-919112947
S1-654501124	S2-130606132,S2-405939745,S2-44465290,S2-821507387,S3-12075570
S1-664648201	S2-190369635,S2-715908632,S2-816445143,S3-511753174,S3-800180680
S1-913747874	S2-283637485,S2-340598633,S2-956627688,S2-980295703,S3-114270754,S3-323858368,S3-898654756,S3-964453402
S1-773566336	S2-303665134,S2-328503973,S2-64774365,S3-225118078,S3-307460916,S3-391719433,S3-819225334
S1-517066677	S2-358554535,S2-489972102,S2-66758949,S3-243222665,S3-532689982,S3-673165954,S3-717420278,S3-914999642
S1-704566684	S2-139216897,S2-515220749,S2-806314579,S3-115396900,S3-461197725,S3-709356583
S1-456953793	S2-100091067,S2-40549305,S2-454817434,S2-484383709,S2-992386310,S3-244169518,S3-509721248
S1-610722924	S2-194533882,S2-829987095,S2-865456090,S3-152902519,S3-301024953,S3-829666383,S3-914155767,S3-936968515
S1-528619491	S2-473917898,S2-928095187,S3-140545850,S3-518681033,S3-695602268,S3-803770251
S1-688360981	S2-310084861,S2-458931961,S2-668412726,S3-157053358,S3-367527234,S3-777254186
S1-358321032	S2-785687812,S2-889117257,S2-948460835,S3-495547822,S3-500666219,S3-584666634
S1-85984113	S2-146397696,S2-232133632,S2-797637969,S2-856606419,S3-687908631,S3-814800939,S3-932605143,S3-998529325
S1-236634066	S2-494077450,S2-494569352,S2-527611504,S2-844585347,S3-365290699,S3-599559355,S3-618306303,S3-784122115
S1-569821243	S2-282929188,S2-798309426,S3-194034706,S3-671246318,S3-777217063
S1-656264743	S2-496959160,S2-648397192,S3-352325331,S3-419719012,S3-622853920,S3-92596410
S1-498492393	S2-272734562,S2-354227504,S2-734049755,S3-491986835,S3-8708316
S1-895436182	S2-10288438,S2-298233588,S2-510311932,S2-557638261,S2-748969096,S2-752606258,S3-53655498
S1-379702433	S2-277878954,S2-463847460,S2-850951797,S3-236131037,S3-301688657,S3-428487595,S3-528084566,S3-627062584,S3-989331073
S1-644462586	S2-158285495,S2-357169021,S2-405914234,S2-883166979,S3-319892597,S3-413430174,S3-668568695,S3-753801756
S1-92311870	S2-513102139,S2-886649100,S3-238266549,S3-278851863,S3-43448356,S3-827008904,S3-964314866,S3-96931992
S1-915285386	S2-129102940,S2-243833058,S3-330388535,S3-363593291,S3-532992467,S3-698588167,S3-896443676,S3-985301191
S1-75726547	S2-380343907,S3-558172887,S3-607923855,S3-755602579,S3-96658915
S1-765955635	S2-282988215,S2-631717539,S3-172143183,S3-208897876,S3-221849462,S3-265897111,S3-409661197
S1-383584363	S2-12261855,S2-250366072,S2-668187243,S3-185372534,S3-330024793,S3-481719437,S3-860853411,S3-942054724
S1-921980097	S2-215783611
S1-726480657	S2-404039967,S2-614302515,S3-247738748,S3-260510036,S3-272953122,S3-416901069,S3-72883639
S1-384529711	S2-781953850,S2-824115403,S3-880938275,S3-91174887
S1-902676391	S2-259478241,S2-489174156,S2-905946934,S2-952704527,S3-107067514,S3-150112584,S3-625424008,S3-694791709
S1-261776428	S2-277744575,S2-818625726,S2-914826107
S1-994224494	S2-558691813
S1-880374146	S2-229619792,S2-432931055,S2-738312902,S2-852919743,S3-536138902,S3-572675690
S1-723268648	S2-430137245,S2-811861404,S3-227675486,S3-658153958,S3-898834515,S3-985640731,S3-991781028
S1-353519908	S2-338228880,S2-368624657,S2-608492759,S2-653332663,S3-559979529,S3-840720105
S1-185218003	S2-738883180
S1-375704618	S2-190470839,S2-401692714,S2-672114818,S2-685626977,S2-713233708,S2-989547847,S3-535254513,S3-656178236,S3-774962778,S3-920159539
S1-476767278	S2-189684356,S2-27192477,S2-544498743,S3-489202817
S1-25105310	S2-375117627,S2-447016574,S3-114941528,S3-276367028,S3-306692492,S3-75519745,S3-801141022,S3-881440100
S1-950003555	S2-877790411,S3-5511047,S3-602364935
S1-197952575	S2-130338507,S2-536720203,S2-889114243,S3-131313149,S3-26129811,S3-510902889,S3-780957596,S3-994505385
S1-642136448	S2-2710277,S2-671184106,S2-742207100,S2-841023086,S3-2809640,S3-298978287
S1-845744411	S2-506523419,S2-540371538,S2-864259527
S1-337478298	S2-249506768,S2-825830138,S3-301914325,S3-345425722,S3-989199211
S1-727899374	S2-109954928,S2-352010978,S2-673467144,S2-889362572,S3-19787846,S3-565770673,S3-630534329,S3-701315530
S1-991463120	S2-100101854,S2-326910078,S2-596432940,S2-917755142,S3-458947081,S3-541487246,S3-875232034
S1-517194582	S2-118152898,S2-356212351,S2-358556660,S2-97391189,S3-248631081,S3-580329729
S1-905849524	S2-135189622,S2-290552047,S2-767932029,S2-860883587,S2-888038658,S3-382581693,S3-879953275
S1-414009923	S2-22492062,S2-627113844,S2-667696650,S2-699324797,S3-382484528,S3-606868932,S3-914608195,S3-996199908
S1-570508930	S3-216666202,S3-453113938,S3-454796779,S3-469827597,S3-517118137,S3-611485133,S3-796305469,S3-952973009
S1-124553210	S2-579839567,S2-587328225,S2-883521439,S3-532727651,S3-634730592
S1-49462714	S2-313559975,S2-454618149,S3-53510515
S1-452967853	S2-29648887,S2-714502248,S3-83024032,S3-831052653
S1-297234478	S2-133733621,S2-541376251,S2-608087898,S3-340836018,S3-790184452,S3-79445336
S1-402220337	S2-107195431,S2-116208359,S2-662650795,S2-842274297,S3-42010600,S3-753215492,S3-843641495,S3-958496998
S1-610191466	S2-183369652
S1-816991435	S2-233538842,S2-305479287,S2-677809856,S2-880657071,S3-375136446,S3-414533951,S3-603871104,S3-757235386,S3-790276267
S1-84682253	S2-233142189,S2-592284889,S2-789913709,S2-877844408,S3-190109275,S3-280225895,S3-493541370,S3-819935589
S1-125864552	S2-102177489,S2-682502964,S2-927127245,S3-219441648
S1-705359734	S2-225199372,S2-899077620,S3-317559064,S3-9652756
S1-803501693	S2-371717351,S2-374558975,S2-492450603,S2-7905684,S2-95291805,S3-145711676,S3-429906049,S3-729920134,S3-825305135
S1-518632363	S2-309169048,S2-46393357,S2-738018235,S2-891802634,S3-256034013,S3-346820790,S3-382932507,S3-599175688
S1-636380305	S2-389389714,S2-471244022,S2-538377888,S2-887096393,S2-892755231,S2-906362806,S3-742028966
S1-52511593	S2-30501633,S2-358390998,S2-43583774,S2-653511970,S2-983110526,S3-53894848,S3-707529725,S3-912937173
S1-606637316	S2-338456909,S2-788140926,S3-182605194,S3-616812602
S1-355232525	S2-138164580,S2-321004105,S2-330731935,S2-337132289,S2-597355767,S3-163207725,S3-68577361,S3-865418941
S1-494689126	S2-591585439,S2-663226544,S2-686150608,S2-726553864,S3-407535536,S3-408733934,S3-642337471,S3-966209649
S1-637174379	S2-378768760,S2-859633548,S3-306794101,S3-420371331,S3-605362480,S3-705889664,S3-755293853,S3-946678279
S1-284748442	S2-357980349,S2-534187288,S2-701851248,S2-757230333,S3-231514883,S3-563314931,S3-725919832
S1-314128290	S2-326452135,S2-569673979,S3-235277453
S1-300809136	S2-73753449,S2-891550905,S3-510368297
S1-513023954	S2-346195248,S2-392084034,S2-435742297,S2-68505092,S2-795368896,S2-872887857,S3-674306169,S3-802450383
S1-110293727	S2-898648804,S3-419944341,S3-656627717,S3-938712258,S3-949258846
S1-40063888	S2-456278708,S2-535210941,S2-549354063,S2-790569160,S3-329806248,S3-405960197,S3-774913098,S3-932488851
S1-487057698	S2-229665163,S2-388519039,S2-687153157,S3-718202822
S1-573639191	
S1-596518887	S2-764772698,S2-827305551,S2-960453729,S3-105381532,S3-182236021
S1-691808980	S2-588709625,S3-357203507,S3-437477885,S3-606986992,S3-662401281,S3-910185763,S3-943437723
S1-792150889	S2-235452928,S2-499229145,S3-211501200,S3-279498437,S3-337387428,S3-69630257,S3-708724575,S3-942207336
S1-200823306	S2-19262309,S2-509582671,S2-710126261,S2-936567292,S3-178305308,S3-483518149
S1-864651356	S2-148223665,S2-264210732,S2-915460169,S3-496986041,S3-519341815,S3-716166086,S3-734086853
S1-955855158	S2-218616860,S2-351929566,S2-429376751,S2-731318171,S3-696125692,S3-834654481
S1-954575275	S2-105574892,S2-920716482,S2-958682608,S3-103975591,S3-157657554,S3-204973124,S3-797287207,S3-827125729
S1-869551241	S2-168537157,S2-461811057,S2-920942020,S2-971702085,S3-102046420,S3-438862499,S3-728720245
S1-400064683	S2-263736452,S2-268379350,S2-468963278,S2-592405003,S2-612086250,S3-15096585,S3-268459332,S3-588653323
S1-655962223	S2-824892350,S3-456458629,S3-535417573
S1-816980350	S2-130405001,S2-37675356,S3-143148785,S3-247854776,S3-505562630,S3-716581724
S1-566308079	S2-453091879,S2-798301590,S2-862566630,S2-930298229,S3-373549383,S3-50167118,S3-503295154,S3-750880049
S1-419470044	S2-230210374,S2-581974277,S2-984455587,S3-271438999,S3-363257271,S3-529244189,S3-920674849
S1-968898684	S2-418790793,S2-73792313,S3-227176632,S3-573098181,S3-779252892,S3-830103493,S3-879337877
S1-751982732	S2-153652619,S2-280992287,S2-411789417,S2-491914676,S2-669344637,S3-483866895,S3-703956482
S1-235849170	S2-132196365,S3-457241981,S3-47279425,S3-605307925,S3-935957042
S1-395927439	S2-48733675,S2-946009321,S2-951922578,S3-318511322,S3-438186806,S3-691274968,S3-731803310,S3-879926623
S1-103057498	S2-654582979,S2-733162594,S3-176984589,S3-192847304,S3-356304555,S3-81288293
S1-158806540	S2-170044264,S2-262579980,S2-589794544,S2-85281236,S3-673661927,S3-78155243,S3-887567947
S1-153895260	S2-278375604,S2-48761244,S2-663227722,S2-750479439,S2-908823040,S3-343472021,S3-457391375,S3-540947515
S1-779066623	S2-1544073,S2-622575187,S2-62878473,S2-638364406,S2-717771928,S2-996464392,S3-171565219,S3-871092224
S1-762091502	S2-119350192,S2-528952791,S3-113061828,S3-15372255
S1-264956225	S2-123256425,S2-167291244,S2-4359953,S2-740297214,S3-22571472,S3-365298043,S3-675187228,S3-800583670
S1-848840763	S2-154585712,S2-588414429,S2-784526222,S2-789026802,S3-223359429,S3-621385336
S1-625274163	S2-160442290,S2-479009604,S2-972221502,S3-391124423,S3-738774130
S1-61533579	S2-459213433,S2-506332454,S3-121937901
S1-27730419	S2-253653530,S2-593616717,S3-325218672,S3-360891216,S3-459407772,S3-780505894
S1-7133482	S2-231837579,S2-683585568,S2-826028863,S3-460519453,S3-615824297,S3-65080780,S3-759352708,S3-851363648,S3-951897120
S1-353164592	S2-519511616,S2-641955464,S3-277187811,S3-287264434,S3-550660187,S3-688091394,S3-875479759
S1-284856521	S2-155401150,S2-36542844,S2-594262753,S3-67521113,S3-946669682
S1-784643477	S2-118116948,S2-397974842,S2-612603335,S3-833475685
S1-130106008	S2-271771565,S2-327766077,S2-851156250
S1-15771094	S2-173503962,S3-159008101,S3-237789589,S3-316098344,S3-331618504,S3-43668466,S3-77011073
S1-206041864	S2-132906273,S3-131614465,S3-172630589,S3-262656733,S3-394821552
S1-167030809	S2-153842041,S2-172242700,S2-792300508,S2-844880111,S3-344305401,S3-436719975,S3-991282801
S1-340784703	S2-267152212,S2-297475039,S2-329743489,S2-394933308,S2-725748268,S3-153138428,S3-294237697,S3-83044236
S1-574891571	S2-403883298,S2-543288623,S3-104967365,S3-323229619,S3-629688772,S3-860471958
S1-156796959	S2-478623726,S2-825563231,S2-912391895,S3-191019407,S3-502543252
S1-480382606	S3-162394877,S3-740733772,S3-78508631
S1-403264787	S2-545822820,S2-673844646,S3-136941698,S3-342050466,S3-473736223
S1-69203567	S2-111218083,S2-54545516,S3-216824057,S3-25985614,S3-682068725,S3-906255063,S3-96536681
S1-616935893	S2-118372865,S2-336691510,S2-3903027,S2-441281241,S3-183072761,S3-23855272,S3-452319643
S1-321098966	S2-116515051,S2-674165927,S2-932401144,S2-98374499,S3-175062254,S3-419844263,S3-737070320,S3-993074718
S1-290326197	S2-470969950,S2-583867076,S2-656171352,S3-137406582,S3-180049678,S3-270205081,S3-59742248
S1-681748456	S2-259013214,S2-371919850,S2-620119947,S2-785386299,S2-962969784,S3-770667754,S3-903046346,S3-931496945,S3-998688250
S1-466214845	S2-251588178,S2-586969752,S2-723530795,S3-316361819,S3-334832700,S3-41283089,S3-863251963
S1-923146081	S2-228429579,S2-251826205,S2-641496234,S2-71421064,S3-282829304,S3-837713113
S1-402166413	S2-825036710,S2-904808580,S2-993500437,S3-137310671,S3-775115224
S1-623831917	S2-132366164,S2-27721831,S2-474840908,S2-828726378,S3-362667485,S3-403305183
S1-564888519	S3-619203980
S1-494514728	S2-941652179,S3-685145197,S3-786278809
S1-10133804	S2-237535911,S2-401179222,S2-520336426,S2-748853138,S3-366315825,S3-527528042,S3-777870716,S3-973623342
S1-801471751	S2-794910851,S2-894395330,S2-932943846,S3-345627381,S3-46139057,S3-693065915,S3-745861360,S3-84195887
S1-911810101	S2-245008944,S2-476676005,S2-591846353,S2-966707235,S3-151611657,S3-211079944
S1-577670620	S2-59441801,S2-890770076,S2-991477881,S3-164780641,S3-286868244,S3-731959137,S3-901867070,S3-998833539
S1-570016627	S2-173535163,S2-957616311,S3-181548016,S3-209196035,S3-802007104
S1-395250350	S2-345538361,S2-460624360,S3-219244213,S3-801191341,S3-940305569
S1-102290746	S2-436152988,S2-699573036,S3-171424311,S3-448119156
S1-338636013	S2-766511795,S2-892377691,S2-916310255,S3-767148741
S1-962073289	S2-584970091,S2-683177626,S2-855346688,S2-874153344,S3-10126364,S3-3835661,S3-645740369,S3-732776556
S1-243030366	S2-528795168,S2-63361765,S2-742119882,S2-799580909,S3-339634603,S3-694798159,S3-736382927,S3-947113134
S1-241568244	S2-212650788,S2-550028414,S2-561155486,S2-830258912,S2-905134422,S3-680674636
S1-94884455	S2-953890773,S3-66780258,S3-772045497,S3-805107801
S1-196162971	S2-399383873,S3-533478268,S3-573855231
S1-139312885	S2-633506512
S1-757289791	S2-18544654,S2-231852233,S2-298280628,S2-552158623,S3-376757054,S3-527175359,S3-715208987,S3-956148838
S1-939451633	S2-346607933,S2-387661876,S3-171652342,S3-592270439,S3-595704953
S1-431121260	S2-143642701,S2-360397098,S2-550296135,S2-800608605,S2-868962096,S3-176123451,S3-323766139,S3-717803744
S1-668518540	S2-171122252,S2-208494739,S2-244497204,S3-654679922,S3-701212943,S3-767864067
S1-503881244	S3-117108685
S1-985948627	S2-105172796,S2-239869275,S3-234990598,S3-351709912,S3-397361154,S3-479355199,S3-580484260,S3-851109288
S1-496506048	S2-112228613,S2-284445166,S3-209793966,S3-384525690,S3-496822457,S3-533407202
S1-220220133	S2-716151149,S3-593277719
S1-343309467	S2-177412539,S2-303853502,S2-654256310,S2-790905873,S3-226662905,S3-252163639,S3-54419882,S3-549994046
S1-579701814	S2-14143769,S2-319083654,S2-530993576,S3-355535276,S3-367587084,S3-526700922,S3-71312727,S3-98215441
S1-896931274	S2-353132141,S2-387848490,S2-659983720,S3-258523097,S3-425061372,S3-457386817,S3-562408525,S3-694447522,S3-853001498
S1-427072432	S2-125455534,S2-406654265,S2-592020028,S3-184105055,S3-370430830,S3-94856738
S1-733809615	S3-152494936,S3-434985569,S3-557015208,S3-652158214,S3-716916058,S3-890182874
S1-842647695	S2-65754340,S2-864550988,S3-156695185,S3-698214996,S3-917230337
S1-219685008	S2-274763230,S2-857163233,S2-97622049,S3-16783637,S3-427584969,S3-533077627,S3-860867766
S1-254387201	S2-158940674,S2-501573010,S3-26275781,S3-297071796,S3-393322600,S3-411365619,S3-536039546,S3-628919795
S1-328690457	S2-23694671,S2-544353424,S2-888571068,S3-102822396,S3-203600822,S3-253175696,S3-833533479
S1-279971799	S2-274610991,S2-536741180,S2-779742205,S3-400323669,S3-63117676,S3-826122128,S3-838986053
S1-433002121	S2-51823702,S2-967347061,S3-212804548,S3-447601257,S3-885630831,S3-983607321
S1-619301213	S2-506664945,S2-702140393,S2-796909441,S3-120835743,S3-213753983,S3-315034616,S3-49180435,S3-818650577
S1-145381859	S2-2550762,S2-725075563,S2-751354414,S2-994527787,S3-41123921,S3-61064066,S3-731796039,S3-813604068
S1-909088107	S2-121862246,S2-196668922,S2-268678168,S2-713803043,S3-156788972,S3-244233502,S3-248939464,S3-377314250
S1-341129014	S2-569893826,S3-233274459,S3-737727208
S1-659312341	S2-291538061,S2-538936225,S3-112353795,S3-383912862
S1-472851278	S3-146315004,S3-16391108
S1-363660036	S2-384795921,S2-640989729,S3-45101753
S1-319619810	S2-14317273,S2-431946769,S2-605677713,S3-962870122
S1-259423131	S2-155580249,S3-353638745,S3-618090523,S3-929451031,S3-945229869
S1-491854064	S2-143804255,S2-189154617,S2-622926936,S2-881144221,S3-156522818,S3-385697562,S3-442523439,S3-976082902,S3-999938837
S1-248630617	S2-822003073,S2-87512587,S3-175090877,S3-3312355
S1-705172638	S3-518787525,S3-975122960
S1-818451912	S2-258685373,S2-264575703,S2-552523247,S2-911795568,S2-958837337,S3-426664893,S3-558616402,S3-748630682
S1-10530708	S2-537397779,S2-899780304,S3-305999174,S3-521746274,S3-526352019,S3-997468632
S1-621689828	S2-554907576,S3-312864976,S3-344144845,S3-391320188,S3-66719797,S3-754243299,S3-783036729
S1-497087203	S2-877394630,S3-963964381,S3-997617446
S1-979807454	S2-171637753,S2-56243061,S2-589512705,S2-606499063,S2-838641961,S3-367185933,S3-536171788,S3-549339064
S1-176538076	S2-142760648,S2-567350272,S2-814041931,S3-132504456,S3-403285751
S1-182564248	S2-182576119,S2-733921030,S3-217927960
S1-142385217	S2-230108071,S2-528006152,S2-80295994,S2-961123094,S3-505868931,S3-529737417,S3-896344084
S1-652824240	S2-798958419,S2-82190020,S2-965141524,S3-245393635,S3-275597802,S3-339991995
S1-275266101	S2-170126823,S2-465597821,S2-644060989,S2-832779700,S3-116198818,S3-312572402,S3-698937020,S3-989541897
S1-256622353	S2-322994569,S2-440793680,S2-739849529,S2-8733643,S2-922961545,S3-101255489,S3-210718770,S3-66329623
S1-329637129	S2-887030461
S1-157612549	S2-184493407,S2-71912139,S3-838401560
S1-685893754	S2-197179640,S2-811882612,S3-679861453,S3-787231751
S1-423228363	S2-175478149,S2-582527072,S2-909911819,S3-142996858,S3-305361262,S3-420278553,S3-42481221,S3-428863797,S3-441679412,S3-571596161
S1-730347587	S2-583826755,S2-658240172,S2-995383124,S3-112829978,S3-139122608,S3-269330,S3-282144496,S3-716168304
S1-912212304	S2-159440061,S2-286991216,S2-849289288,S3-26128857,S3-731261823,S3-760668201
S1-65508685	S2-473312444,S2-503548294,S2-620426499,S3-419290170,S3-623293961,S3-651679456
S1-133307486	S2-589300009,S3-597209257,S3-66979428,S3-978121452
S1-339891248	S2-617468372,S2-644848178,S2-92359321,S2-925828540,S3-670171228,S3-985190403
S1-940250874	S2-98207169,S3-693576349
S1-936276729	S2-574111109,S3-219952101,S3-249384916,S3-37720491,S3-787231751,S3-864502478,S3-910580851
S1-533273819	S2-585263721,S2-681653119,S3-116818659,S3-430307062,S3-534898990,S3-729183525,S3-950467678,S3-982765770
S1-667635904	S2-106138692,S2-190435415,S2-321415437,S2-553105641,S3-594149446,S3-751129302,S3-870835358
S1-777862951	S2-334018293,S2-692863136,S2-901433690,S3-340238924,S3-436717463,S3-452832540,S3-508822163
S1-451930845	S2-285026535,S2-70983453,S2-814862069,S3-18413720,S3-735725011
S1-648927512	S2-57588726,S2-827636957,S3-280055602,S3-726179633,S3-80451108
S1-949894771	S2-330949086,S2-99475389,S3-253230041,S3-310112348,S3-314236937,S3-515392478,S3-906885469
S1-705505106	S2-548668848,S3-893012344,S3-966320052
S1-271093283	S2-30048652,S2-836095166,S3-498040690,S3-770850395,S3-843457566
S1-196871212	S2-204700097,S2-240601523,S2-282289473,S3-359682732,S3-427938905,S3-656764707,S3-70285024,S3-936351611
S1-853397040	S2-670676516,S2-757346416,S3-594088166,S3-81335201
S1-489637357	S2-139222459,S2-73311336,S2-896728655,S3-126105154,S3-378337800,S3-636933380,S3-864655080,S3-977886112
S1-313098838	S2-607836399,S3-125271869,S3-329029930,S3-646885986
S1-986931134	S2-109152271,S2-272788513,S3-253483196,S3-267117092,S3-283628171,S3-393681261,S3-567406922,S3-716625133
S1-516531454	S2-280343816,S2-563562283,S2-774430092,S2-865655794,S3-33483534,S3-406426699,S3-560054703
S1-884913007	S2-343652837,S2-533157208,S3-166549411,S3-613561206
S1-948790814	S2-173917250,S2-283007295,S2-312356421,S3-510965154,S3-538062159,S3-677599136,S3-680617544,S3-775220277
S1-943418264	S2-362541234,S2-851921308,S2-964614329,S3-150283100,S3-548632790,S3-784242624
S1-512123101	S2-150624021,S2-558520147,S2-618529552,S2-643789955,S2-955068551,S3-333919240,S3-351496563,S3-815598988
S1-818940591	S2-184286580,S2-312090546,S2-779260347,S2-834044980,S3-23320724,S3-446648750,S3-712869417,S3-844291638
S1-740441902	S2-52170013,S2-703030665,S2-720969419,S2-808327916,S2-964810261,S3-185673382,S3-24543783,S3-772092445
S1-619027241	S2-62861867,S2-637045498,S2-705358243,S3-65722218
S1-271602374	S2-748496327,S2-77896402,S3-160670082,S3-319628685,S3-552562909,S3-656649512,S3-783089557,S3-915490271
S1-996785825	S2-296857067,S2-511456060,S2-594680491,S2-629701113,S3-164603324,S3-640395079,S3-775606680,S3-881208606
S1-291773785	S2-156322759,S2-205352719,S2-82606002,S2-935987894,S2-955413429,S3-119694253,S3-603873043,S3-662999248,S3-955297260,S3-980457643
S1-457234505	S2-196611569,S2-284927122,S3-208378583,S3-526570962,S3-647550067,S3-822775491
S1-579427674	S2-388391788,S2-571168868,S2-918887937,S3-202586941,S3-759852009
S1-143909261	S2-273345595,S2-31419241,S2-886009223,S3-219194504,S3-560965130,S3-73746656
S1-474454437	S2-34327053,S2-351615475,S2-372702306,S3-288347170,S3-797280974
S1-643563024	S2-26551926,S2-504215703,S2-860239034,S2-868319915,S2-90146484,S3-27149193,S3-410209125,S3-919628538
S1-762968997	S2-153386390,S2-279616984,S3-332506784
S1-413082916	S2-151741334,S2-249799932,S3-295920143,S3-511184218
S1-776572667	S2-641906590,S2-913597835,S2-985582110,S3-506673343,S3-779936225
S1-932058348	S2-754486719,S3-675843563,S3-678657567
S1-623778542	S2-295958357,S3-215910655,S3-315080206,S3-389438409,S3-433740846,S3-455968309,S3-500343774
S1-326778950	S2-390459535,S2-415002357,S2-977507832,S3-251319589,S3-446289191,S3-59049750,S3-814844087,S3-999811792
S1-98948031	S2-327641232,S2-419877479,S2-657379872,S2-685763968,S3-186595722,S3-2926876,S3-870031050,S3-985844639
S1-781735471	S2-577310055,S2-956144059,S3-273970144,S3-737183660,S3-762568613,S3-829173925
S1-161366163	S2-409172493,S2-44507730,S3-223839782
S1-37582704	S2-127537618,S2-447277901,S3-180638214,S3-478362818,S3-490637648,S3-748437563,S3-938269930
S1-363649391	S2-642562577,S2-689307752,S2-785957268,S2-997229119,S3-471212191,S3-614109100,S3-726856550,S3-896011572
S1-443017410	S2-274652236,S2-572844919,S3-246460902,S3-673903411,S3-762295711,S3-820217015
S1-358172525	S2-1893977,S2-397384918,S3-198208443,S3-213379641
S1-969617990	S2-459267486,S2-465118723,S2-582069334,S2-827024231,S3-237433225
S1-994717905	S2-217408427,S2-774562443,S2-875933860,S2-924307392,S3-587324749,S3-637484305,S3-934975814,S3-935100592
S1-724722825	S3-494641511,S3-677219948,S3-773666133,S3-832398248,S3-868287842,S3-932858799,S3-932904307
S1-63940013	S2-505820730,S2-70564267,S3-197732744,S3-246046195,S3-579872313,S3-676538650,S3-883801410
S1-50405816	S2-80899585,S3-433874412,S3-4591912,S3-476529362,S3-595889917,S3-855295596
S1-888508583	S2-304056977,S2-938454478,S3-10889586,S3-448543776,S3-615389169
S1-453334086	S3-632236234,S3-813117593
S1-732548811	S2-261907250,S2-272993231,S3-227515051,S3-59664422,S3-75140792,S3-856225545
S1-513801034	S2-601793353,S3-289901714,S3-44162929,S3-459088379,S3-555422400,S3-710437132
S1-149649751	S2-102661065,S3-499852744,S3-922239369
S1-435137248	S2-256391971,S2-279587900,S2-603507053,S3-467852250,S3-892829860
S1-582713032	S2-569472742,S2-702604496,S2-82282082,S3-607179635,S3-785437280,S3-991909543
S1-827913689	S2-808236788,S2-825940504,S3-535198619,S3-659627201,S3-960267199
S1-185803303	S2-28326942,S2-546037947,S3-286024366,S3-307711025,S3-485040837,S3-639899511,S3-655066428,S3-837213058
S1-416355529	S2-566012105,S3-218468246,S3-277080948,S3-432193536,S3-753110589
S1-141768735	S2-259436330,S2-267883461,S2-703258979,S2-793889301,S3-11304001,S3-242716865,S3-267350458,S3-584379300
S1-193953973	S2-153752344,S2-259204025,S2-511928029,S2-679225016,S2-866586,S3-25712806,S3-480321309,S3-974187580
S1-375518715	S2-192670698,S2-893230799,S2-902404880,S3-391804956,S3-426156370,S3-491196044,S3-496224261,S3-822664005
S1-150717179	S2-125992140,S2-180319128,S2-500258316,S2-640521327,S2-803741624,S3-115961828,S3-355573740,S3-366848917,S3-463285340
S1-776233325	S2-152753547,S2-849301424,S2-897609914,S3-152596782,S3-246630341,S3-331794221,S3-720588717,S3-910893566,S3-945094407
S1-291788971	S2-650713965,S2-822114680,S3-122767378,S3-464433902,S3-727072927
S1-589647119	S2-562071654,S3-396162976,S3-490165349,S3-799927345,S3-986960682
S1-838669661	S2-599593285,S2-647412888,S2-894130936,S3-161669384,S3-212434163,S3-242035404,S3-384377798,S3-552034603
S1-997309009	S2-134418646,S2-60454844,S2-819382370,S2-896540927,S3-178539818,S3-258572861,S3-628309856,S3-961820144
S1-612054324	S2-125652859,S2-187127398,S2-557027806,S2-879471661,S3-322423401,S3-463876507,S3-543065697,S3-777709368
S1-406880405	S2-498673044,S2-591789792,S2-625523355,S2-680312089,S2-954926707,S3-172461765,S3-314438952,S3-34992791
S1-455455722	S2-345375971,S2-375725029,S2-559616569,S2-580131537,S2-701048233,S2-808747377,S3-588100784,S3-840574129
S1-263556845	S2-491602854,S2-56731482,S2-747807083,S2-804149798,S3-11381730,S3-202965742,S3-551950950
S1-786643019	S2-157915936,S2-217395941,S2-770478462,S2-959595343,S3-181802824,S3-768848728,S3-815886306
S1-38508487	S3-861094937,S3-938991132
S1-348207869	S2-436163301,S2-639123672,S3-350841672,S3-59723130,S3-714336150
S1-392740539	S2-787941991,S2-791013189,S3-415714674,S3-471490677,S3-677525898,S3-851719461,S3-871773226,S3-991319843
S1-639166525	S2-820961485,S2-824569380,S2-860124381,S3-143372701
S1-490818408	S2-111943230,S2-300417823,S2-602423891,S3-570236381,S3-93348125
S1-477992548	S2-255596934,S2-361853931,S2-721457970,S2-772685858,S2-839596236,S3-157855156,S3-549151651,S3-588259027
S1-370801870	S2-292384770,S2-70878158,S2-756940971,S3-135085957,S3-727875429,S3-775068423
S1-716250424	S2-2429754,S2-253038698,S2-881633940,S2-989174447,S3-158946082,S3-225950800,S3-39936844,S3-543295318
S1-642296933	S2-145129196,S2-636579792,S3-317491978,S3-446814371
S1-891544380	S2-168415584,S2-967725434,S3-25613132,S3-475940464,S3-618949825,S3-726335197
S1-468593406	S2-118094355,S2-512421743,S3-514698180,S3-631649129,S3-670111128,S3-698073288,S3-844272123
S1-892005821	S2-306499102,S2-464181708,S3-673870902,S3-773540314,S3-857992914
S1-851083889	S2-193527230,S2-203790849,S2-5194968,S2-591573907,S3-161878848,S3-259879392,S3-577909046,S3-620974006,S3-769092908
S1-331593197	S2-326266027,S3-123441013,S3-250462638,S3-264464567,S3-709701077
S1-673314247	S2-250799630,S2-406214320,S2-53727184,S2-573593744,S2-662357421,S3-258403945,S3-669488174
S1-353120324	S2-478196817,S3-300102275,S3-594330877,S3-668379051,S3-785188895,S3-900480000
S1-395493599	S2-560774651,S2-608216084,S3-144742374,S3-167826063
S1-9988149	S2-102013585,S2-945122243,S3-72822702,S3-773593443,S3-896963838
S1-721222783	S2-169170057,S2-371485283,S2-592043035,S2-893583257,S3-303321944,S3-514151035,S3-5630304,S3-679726677
S1-776881472	S2-147458834,S2-465803770,S3-346199607,S3-434385685,S3-510206781,S3-581952806,S3-922732785
S1-278760423	S2-831511987,S2-953134537,S3-280832191,S3-390036469,S3-517367308,S3-579995671,S3-696610716
S1-392555925	S2-262744221,S2-663569415,S2-862554431,S2-973344944,S3-205239334,S3-335218743,S3-777745702
S1-268619671	S2-742471423,S2-777035552,S2-832580315,S3-400938708,S3-746952360,S3-782726726
S1-358984943	S2-137837601,S2-252706372,S2-348970748,S2-773324205,S2-821302060,S3-144250715,S3-557912819,S3-730794557,S3-950652967
S1-38208164	S2-208441937,S2-352577258,S2-573676147,S2-753686546,S3-209035595,S3-415445294,S3-664823744
S1-706509749	S2-381867886,S2-439638181,S2-876506804,S3-592359289,S3-669683586,S3-840634141
S1-526647196	S2-47259610,S2-639017491,S2-818627907,S2-961183999,S2-993943999,S3-582392567,S3-645994929,S3-788901006
S1-479176601	S2-144362064,S3-318526304,S3-730999260,S3-77341846,S3-882174411
S1-804587443	S2-771376233,S2-807944561,S3-203889535,S3-753727476
S1-947426959	S2-133745259,S2-438147899,S2-822532222,S3-127607683,S3-354138227,S3-790364527,S3-804282255,S3-910281923
S1-694233184	S2-395324182,S2-645485150,S2-647578512,S2-961495045,S3-4276647,S3-964108637,S3-999032180
S1-9587318	S2-103057070,S2-405675674,S2-589266086,S2-79730573,S2-903009632,S2-924704082,S3-121633907,S3-208568166,S3-275639657,S3-992376736
S1-684802370	S2-201327482,S2-209336711,S2-373099634,S2-69032402,S2-72950518,S2-87029653,S3-200939044,S3-726349622,S3-734222856,S3-835378078,S3-967488469
S1-414743632	S2-146072165,S2-414385882,S2-558817214,S2-669368790,S2-760787465,S3-245651177,S3-544475247,S3-963861607
S1-273167159	S2-111656070,S2-287628792,S2-521041839,S2-69428738,S2-747914678,S2-839051544,S3-573965277,S3-845507022
S1-820311060	S2-550962994,S2-681720755,S2-737835385,S2-883786137,S2-890822387,S3-189510333,S3-522394237,S3-774557833
S1-80404981	S2-342413465,S2-53270949,S2-604498278,S2-974126251,S3-182446308,S3-501301442,S3-557573643,S3-827106606
S1-568413927	S2-101567527,S2-507887268,S2-578166121,S2-606982041,S2-946169848,S3-192411426,S3-709451927,S3-956034526
S1-672489200	S2-296653978,S2-604973618,S3-329754945,S3-850942132,S3-880464690,S3-963444702
S1-569248644	S2-19984557,S2-629438327,S2-813592316,S3-251745781,S3-335528442,S3-431778990,S3-502423808,S3-616297530
S1-686059652	S2-224236379,S2-375895494,S2-907281329,S3-172489610,S3-489697759
S1-542051983	S2-638842854,S2-678880391,S2-732071046,S2-911308667,S3-150790130,S3-17420092,S3-338229004,S3-389034771
S1-661012151	S2-322302741,S3-920426458,S3-932039838
S1-476719822	S2-216881504,S2-638296551,S2-991445021,S3-179379377,S3-331161309,S3-568989848,S3-688871476,S3-920469106
S1-659965581	S2-803201581,S2-932773123,S3-195482307,S3-651289359,S3-76159046,S3-807134247,S3-973823756
S1-785759288	S2-266761499,S2-28237302,S2-438812703,S2-476493907,S3-209814533,S3-96689086,S3-96792387
S1-640153826	S2-425232961,S2-485923529,S3-150275991,S3-37159164,S3-393208847
S1-886435431	S2-11940619,S2-198025507,S2-512494706,S2-95651370,S3-192234535,S3-685101283,S3-796665376,S3-93246847
S1-553665438	S2-577863650,S2-598428131,S2-654327,S2-810373816,S2-899941604,S3-318031597,S3-452208026,S3-653058292
S1-210042084	S2-499902541,S2-635195790,S3-141369108,S3-734389429,S3-795286039,S3-992092520
S1-656619460	S2-440992436,S2-851236882,S2-937051305,S3-118140014,S3-175747879,S3-353284648,S3-595821157,S3-734149243
S1-621104167	S2-265576464,S2-326923257,S2-433201823,S2-50615036,S2-703265442,S2-716588952,S3-676037474
S1-599887765	S2-39440909,S2-819926580,S3-242627363,S3-439427485,S3-844912839
S1-21151701	S2-260594374,S2-3920078,S3-315863710
S1-343238726	S2-15072650,S2-213028200,S2-748698778,S2-978236138,S3-275233015,S3-555631564,S3-563604506
S1-747636823	S2-153059182,S2-357623364,S2-411953229,S2-659707478,S3-166457976,S3-213371648,S3-419706499,S3-530503483,S3-929527257
S1-147518575	S2-427530966,S2-927504057,S3-233684652,S3-624262950,S3-981241240
S1-838419834	S2-37847282,S2-519727819,S2-623436495,S3-2258609,S3-243180373,S3-354335688,S3-553369857,S3-926122031,S3-990024601
S1-753629720	S2-461208381,S2-732850446,S2-768891523,S3-115257001,S3-381916391,S3-625853073,S3-645775560,S3-918532546
S1-337797749	S2-150771115,S2-403041807,S2-558442746,S2-928764187,S3-454000390,S3-459461273,S3-497011739,S3-638125075
S1-494065422	S2-469528747,S2-539423333,S2-752194010,S3-386962801,S3-922827451
S1-369607460	S2-123762319,S2-266116491,S2-425614843,S2-66601736,S3-155857425,S3-168169765,S3-177542634,S3-195655272,S3-922351547,S3-988453484
S1-963468511	S2-309762591,S2-915014662,S3-223957989,S3-503677487,S3-639921212
S1-184291789	S2-137092379,S2-177870223,S3-148524747,S3-389616529,S3-552779916,S3-837277214
S1-228048717	S2-916318845,S3-227267854,S3-760194822,S3-993780948
S1-674296529	S2-2138285,S2-475507838,S2-532226198,S2-542658918,S2-62387769,S2-746932198,S3-428974792,S3-709308897
S1-832992912	S2-13477134,S3-164982252,S3-45182425,S3-66814637
S1-528770608	S2-175657032,S3-543803260,S3-585796468
S1-414897154	S2-588451560,S3-11625132,S3-508833519,S3-773372640
S1-330111203	S2-14326617,S2-728135499,S3-414445483,S3-817100652,S3-864657920
S1-217190951	S2-105227092,S2-663609061,S3-150171119,S3-569069299,S3-650870160
S1-384200195	S2-27528651,S2-314629333,S2-601903353,S3-160785289,S3-70601997,S3-829094736,S3-972292643
S1-949604292	S2-319033316,S2-565060607,S3-186382452,S3-257223351,S3-518740288,S3-576315592,S3-70454814,S3-764069369
S1-304277254	S2-335298705,S2-628841634,S2-998579155,S3-117024088,S3-915559362
S1-140420032	S2-648775242,S3-198690928,S3-239005429,S3-663243562
S1-655269404	S2-219790355,S2-894801006,S3-805539538,S3-845594447,S3-880667612,S3-909061741
S1-837691846	S2-764490776,S3-150455879,S3-295691211,S3-907983672
S1-517988001	S2-148444497,S2-290241115,S2-931581774,S3-168661480,S3-253142628,S3-540109395,S3-704106169,S3-938402546
S1-481638452	S2-128530628,S2-277543261,S2-643324830,S3-583673785
S1-25391993	S2-148751447,S2-748296377,S2-901851860,S3-10992279,S3-17575409,S3-356250691,S3-888664210,S3-971566974
S1-890633888	S2-180981754,S2-293692974,S2-537272238,S2-928662677,S3-525866902,S3-919303924,S3-957020897
S1-869424257	S2-128361272,S2-729117174,S3-415856005,S3-911374802,S3-996613803
S1-561506443	S2-383670097,S2-58730466,S2-800962895,S2-815949917,S3-193812169,S3-368095119,S3-543842279,S3-916840407
S1-38332737	S2-39044700,S2-8206644,S2-886235540,S3-101772018,S3-164354715,S3-323926252,S3-353155823,S3-692056242
S1-948140963	S2-4485713,S2-942513838,S3-221893936,S3-44684445,S3-516787251
S1-212958391	S2-389571874,S2-767949705,S3-253333544,S3-328031274,S3-347033024,S3-6063278,S3-77930536,S3-898430039
S1-414278495	S2-669336063,S2-722184581,S3-178591531,S3-448937151,S3-563937237,S3-850292606
S1-152828625	S2-11544716,S2-470269683,S2-852781842,S3-325239313,S3-328607368,S3-530903433
S1-387522840	S2-106095737,S2-355347042,S2-7166078,S3-627811098,S3-924509689
S1-956237338	S2-585981636,S2-830321194,S3-270346451,S3-33493041,S3-594466480
S1-748228119	S2-498132037,S2-525216474,S2-593751403,S2-667616589,S2-945856770,S3-240235522,S3-256742449,S3-330756959
S1-557652939	S2-256733932,S2-45194908,S2-787910200,S3-543321400,S3-753724004,S3-831317339
S1-64812621	S2-282131977,S2-703668893,S2-977165972,S3-22584855,S3-419893883,S3-592961641,S3-77577077,S3-936285841
S1-358283101	S2-681175634,S2-747954969,S3-262432626,S3-568945181
S1-445790658	S2-376363581,S2-395374418,S2-417425680,S3-358606510
S1-467381807	S2-477476232,S2-494903038,S2-854767852,S3-678804603,S3-866383361,S3-929510821,S3-996169602
S1-537664220	S2-186637491,S2-435874228,S3-420004326,S3-50099922,S3-657809312,S3-911955784
S1-61214113	S2-136895982,S2-292529916,S2-735940147,S3-11673112,S3-519915449,S3-907509998,S3-925821894
S1-103028090	S2-262845827,S2-721308650,S2-940292611,S3-161607081,S3-296291548,S3-575853074,S3-806148279,S3-867571070
S1-260196062	S2-456533385,S2-493685514,S2-796834608,S2-860154544,S3-131149909,S3-505636582,S3-598785983,S3-670940411
S1-755987671	S2-272360991,S2-497490449,S2-498697980,S2-619998484,S3-14284805,S3-288334198,S3-790522373,S3-969012753
S1-10219375	S2-104470565,S2-415547001,S2-516787228,S3-284268349,S3-497554381,S3-634677978
S1-741812569	S2-925132923,S3-213112516,S3-21519895,S3-45509263,S3-653039217,S3-674075973,S3-713458463
S1-771971619	S2-440929185,S2-677028523,S2-728567130,S2-919886827,S3-142256376,S3-182143055,S3-543471812,S3-958978253
S1-716312493	S2-444429948,S2-773160557,S3-340116079,S3-816649222
S1-315009112	S2-269753903,S2-344243132,S2-846752325,S2-884142012,S3-682824066,S3-931946972
S1-28838154	S2-192247045,S2-311314314,S2-392252531,S2-402583349,S2-462359252,S3-256459395,S3-374703876,S3-731899755
S1-14013300	S2-603292948,S2-905450771,S3-533574264,S3-937637729
S1-852683502	S2-246936935,S2-325935672,S2-751300288,S2-939670427,S3-574263104
S1-235043493	S2-282159077,S2-292718623,S2-791838618,S3-958754478
S1-535928483	S2-130920803,S2-134115727,S2-648773937,S2-89363217,S3-319537544,S3-340217841,S3-631723590,S3-881131427
S1-881673509	S2-19001521,S2-19508771,S2-195954632,S2-276245124,S2-578936882,S3-218059996,S3-249014765,S3-640161252
S1-583340510	S2-301643012,S2-358756744,S2-453639054,S2-473655300,S2-90828233,S3-665527562,S3-757500785,S3-803727521
S1-631990603	S2-13085679,S2-702976190,S3-292390290,S3-516518595,S3-698320344,S3-808617225,S3-875021322,S3-990282437
S1-922896007	S3-12143205,S3-39758666,S3-541299392
S1-448193431	S2-486925608,S2-608274449,S2-926428287,S3-129282346,S3-160578080,S3-309881828,S3-408671086,S3-748597903
S1-715820359	S2-116862231,S2-528225664,S2-557509578,S2-78818629,S2-838725299,S3-155817255,S3-458251520,S3-894418187
S1-595881163	S2-252415733,S2-392599953,S2-973342592,S3-363312794,S3-874770890,S3-890438182
S1-424041745	S2-245888034,S3-103483012,S3-834052680
S1-239379152	S2-328772586,S2-399019601,S2-788848953,S3-306680483,S3-402105349,S3-525448634,S3-748079300
S1-116645718	S2-424267505,S2-779478299,S3-405499203,S3-545225034,S3-608002409,S3-90717814
S1-764847478	S2-435055753,S2-544922872,S2-62181720,S2-724673854,S2-9226642,S3-176498191,S3-43782840,S3-869046459
S1-799437455	S2-27584762,S2-44504094,S2-981113638,S3-332500817,S3-404051890
S1-921826358	S3-226678435,S3-483690119,S3-578415484,S3-897951414
S1-655199447	S2-372682757,S2-385695481,S2-429247531,S2-82171180,S3-645666571,S3-798792377,S3-841003896
S1-68658205	S2-58756858,S2-787170272,S3-446681480,S3-472235680,S3-672397283
S1-912090022	S2-37738340,S2-422578366,S2-974632129,S3-156894039,S3-635191615
S1-506457553	S2-117978228,S2-369232937,S2-372454249,S2-534494985,S3-426679280,S3-668972496,S3-717007296,S3-819204798
S1-663460812	S2-213590827,S2-566906473,S3-762419512,S3-834091481
S1-788323985	S2-177114088,S2-247956976,S2-338627618,S2-494307660,S3-304278041,S3-364463776,S3-621221488,S3-967088981
S1-993639844	S2-746053937,S2-801332041,S3-230435405,S3-786588825
S1-839465554	S2-270347786,S2-434096780,S2-756882442,S2-765774456,S3-264376017,S3-865262700
S1-969290854	S2-22385351,S2-926820244,S3-176371151,S3-883579635
S1-882838975	S2-414535697,S2-677918445,S2-998067307,S3-770650550,S3-866257839,S3-933600045
S1-177178413	S3-100403978,S3-22491657,S3-652552220,S3-846113507,S3-909949684
S1-681027628	S2-12658762,S2-16519532,S2-753508480,S3-379736697
S1-241242908	S2-169218397,S2-207242973,S2-269789058,S2-44413394,S2-560462776,S2-858358936,S3-713913011,S3-911642797
S1-365931692	S2-217162835,S2-541563855,S2-659772815,S3-252215660,S3-6738603,S3-995167264
S1-502907105	S2-172452350,S3-161943763,S3-366975933,S3-762517051
S1-466422359	S2-414203567,S2-625178171,S2-805817576,S3-374746401,S3-564622362,S3-811600540
S1-668044094	S2-180586546,S2-552500068,S2-634462066,S2-663811917,S3-205504337,S3-217632497,S3-557431447,S3-841240058
S1-603498752	S2-106287371,S3-501591323,S3-788852824
S1-342176202	S2-153519164,S2-938480284,S3-622470132,S3-80212070
S1-460257703	S2-655921707,S2-958747539,S3-381969453,S3-847248783
S1-538981445	S2-360228739,S2-393694878,S2-582614642,S3-162070698,S3-865318674
S1-671215817	S2-126774918,S2-290539799,S2-706523992,S2-74128694,S3-55295106,S3-949266066
S1-474824270	S2-39540538,S3-491234385,S3-574943275,S3-954514014
S1-749868331	S2-638901266,S2-816715048,S2-847986971,S3-232569227,S3-452252691,S3-459189533,S3-822368429,S3-987663551
S1-441879263	S2-232422066,S2-471404409,S3-72892523,S3-846092119,S3-91208539,S3-943620273,S3-989942077
S1-131118385	S2-468146936,S2-776773473,S2-890784976,S3-138373490,S3-562933345,S3-58508545
S1-384955402	S2-360537379,S2-774553289,S2-9987523,S3-323765677,S3-607070378
S1-773360471	S2-629221484,S2-793998790,S2-823548478,S2-829324344,S3-6216038
S1-997770939	S2-689298979,S2-969807958,S3-386720084,S3-429050204,S3-45749805,S3-737633990,S3-820150645,S3-91906155
S1-363467614	S2-159723843,S3-254963091,S3-951322872,S3-969937535
S1-194530645	S2-460376936,S3-785890186,S3-814570749
S1-458102932	S2-256338689,S2-518723893,S2-598290532,S2-708058172,S2-873144879,S3-220407463,S3-799920267,S3-888748694
S1-225903207	S2-666578553,S2-930299168,S3-150017531,S3-314444740,S3-373734180,S3-788729263,S3-980956943
S1-794190354	S2-203984636,S2-472260533,S2-49641821,S2-537588751,S2-649389207,S2-67779853,S3-341286411,S3-358147739
S1-523387714	S2-215958834,S2-601912015,S3-38806546,S3-601162827
S1-157756780	S2-313842230,S2-630806210,S2-844649091,S3-113833705
S1-112568273	S2-213720650,S2-731833120,S2-940919683,S3-157636441,S3-285520253,S3-393476343,S3-867217183,S3-958016046
S1-474566799	S2-315605943,S2-559507161,S2-725007400,S3-219937241,S3-549967527,S3-5579344,S3-684792210,S3-86621752
S1-828191544	S2-117859473,S2-250680262,S2-492394156,S2-641051194,S3-359026766,S3-971895680
S1-889154997	S2-436205542,S2-540113764,S2-634363159,S2-756909004,S2-95291656,S3-194263719,S3-208794229,S3-951856884
S1-635670138	S2-107817069,S2-267265112,S2-504870729,S2-669919657,S3-165475133,S3-385847732
S1-625798830	S2-162507852,S2-183778437,S2-741138810,S3-474907721,S3-634585718,S3-724035576,S3-911838530
S1-727319169	S2-306300187,S2-753880476,S3-714611586,S3-856106345
S1-650599254	S3-440286015
S1-901789628	S2-658027474,S3-701648873,S3-971409326
S1-328898219	S2-145385041,S2-877066733,S2-943562420,S3-439494185,S3-520808095,S3-785534690,S3-78672684,S3-869039228
S1-746988036	S2-16555848,S2-190832631,S2-359881464,S2-979951273,S3-858643837,S3-909336465
S1-151844549	S3-211740833,S3-236643492,S3-364218880,S3-389919690,S3-735261756,S3-797087108,S3-828138277
S1-741594811	S2-297350595,S2-636252174,S2-870003464,S3-18866803,S3-311656341,S3-442867601
S1-133553377	S2-294091263,S2-44379445,S2-543116325,S2-970261262,S3-169190755,S3-52306756
S1-201446130	S2-158546182,S2-267495259,S2-571599765,S2-83790332,S2-841951400,S2-982265886,S3-127222738,S3-574399914
S1-801919071	S2-173559634,S2-777061721,S2-810716049,S2-839534839,S3-268908279,S3-270242422,S3-853039252,S3-997381625
S1-425019561	S2-788008094,S2-880564151
S1-445543572	S2-230124946,S2-45713869,S2-952304968,S3-405447011,S3-611317108,S3-618125055
S1-47193493	S2-477207175,S2-491428688,S2-664618755,S2-827210754,S3-199239064,S3-359659839
S1-683546811	S2-521653840,S2-638990350,S2-735726734,S3-10409237,S3-38164546,S3-763989530,S3-805146481,S3-913628288
S1-703370996	S2-103251590,S2-423702414,S3-449699193,S3-547204229
S1-737983564	S2-5802934,S3-68298173,S3-983992718
S1-374574105	S2-291510499,S2-331390277,S2-39749630,S2-897694220,S2-943782458,S2-951580652,S3-418614328,S3-81361875
S1-678246106	S2-1951781,S2-337346111,S2-361157321,S2-720665919,S2-810851283,S3-232066557,S3-462099871,S3-889692293
S1-294324091	S2-212012132,S2-443824599,S2-452424295,S2-653506655,S3-341172545,S3-542136014,S3-780190727,S3-93248613
S1-527801911	S2-254191338,S2-38191321,S3-202274438,S3-31813463,S3-647247565
S1-14476524	S2-157436402,S2-19580874,S2-358520972,S2-905290590,S3-180886981,S3-300358248
S1-506021107	S2-108533069,S2-219936569,S2-353446920,S2-616764749,S2-732400294,S3-37503687,S3-514787011,S3-978280318
S1-313145087	S2-157359093,S2-452326642,S2-612194570,S2-683813521,S2-74334097,S3-240210695,S3-526240552,S3-88146562
S1-305168872	S2-406992452,S3-190052074,S3-195680220,S3-424636055,S3-699446643,S3-815277968,S3-887172222
S1-567398626	S2-103238749,S2-559007915,S2-771403505,S2-908357693,S3-326913720,S3-588883569,S3-903012043
S1-928904601	S2-524183206,S2-998199179,S3-25781028,S3-678091144,S3-860127319
S1-976479663	S2-184000263,S2-616028726,S2-998819632,S3-52737750,S3-630747983,S3-744896556
S1-530376504	S2-742264561,S2-833651483,S3-137993104,S3-62032439,S3-726470940
S1-962059746	S2-267407847,S2-328725204,S3-207805010,S3-283394942,S3-294715020,S3-844268341,S3-963092719,S3-967673950
S1-987858364	S2-267765013,S2-387952860,S2-521253487,S2-839542852,S3-107545058,S3-574190388
S1-657910555	S2-378735387,S2-42533988,S2-451139481,S2-631344276,S3-177424461,S3-443906603
S1-435157825	S2-572183364,S2-791264263,S2-965707042,S3-617590335,S3-646486369,S3-672311502
S1-151037739	S2-568725986,S3-242730108,S3-855361105,S3-869497613
S1-113518311	S2-217225665,S2-333767320,S3-141776125,S3-350633930,S3-514729946,S3-544686834,S3-60652836,S3-965103253
S1-367301449	S2-136342632,S2-871039349,S3-134945684,S3-328341277,S3-43877652,S3-62152972,S3-899103740,S3-959672273
S1-372081564	S2-386948136,S2-430461806,S2-6107786,S3-219500134,S3-219752780,S3-935537890
S1-877384700	S2-144389772,S2-187159188,S2-507215026,S2-66193071,S3-228664872,S3-389711814,S3-908271723
S1-907841685	S2-196184565,S2-70993701,S3-29825410,S3-42114066,S3-46445551,S3-725848420
S1-50830210	S2-344739839
S1-87410965	S2-198227502,S2-608633929,S3-202625385,S3-35870928,S3-899104812
S1-965253070	S2-220903836,S2-230695102,S2-355688073,S2-515214048,S3-112879506,S3-25646130,S3-335929869,S3-400326517
S1-240731894	S2-1829295,S2-844168148,S2-934270853,S3-647987725,S3-842288294
S1-809765600	S2-294982733,S2-449194022,S2-537918853,S2-799418050,S3-705723012
S1-989127363	S2-479736228,S2-49705525,S2-599555513,S2-758681470,S2-973215339,S3-373261717
S1-680362800	S2-472068431,S2-793767433,S3-178000561,S3-555004844,S3-990277437
S1-503550841	S2-487717208,S2-615874794,S2-922494484,S3-302060906,S3-305024770,S3-367350009,S3-650514428,S3-771356710
S1-62148738	S2-464169099,S2-706370495,S3-517162855,S3-61164664,S3-634234779
S1-907522842	S2-45113527,S2-526613100,S2-744034104,S3-281478405,S3-691302461
S1-832570896	S2-139393392,S2-148162334,S2-189944878,S2-441366071,S2-935537441,S3-184509600,S3-962324184
S1-901190621	S2-305532411,S2-578576684,S2-817935473,S2-879096235,S3-137864951,S3-237294430,S3-71111815,S3-746816932
S1-86980119	S2-123077620,S2-326854556,S2-587801225,S2-811319601,S3-138595446,S3-16644465,S3-410236786,S3-93384511,S3-965662972
S1-626500804	S2-893723455
S1-461891546	S2-448000571,S2-497176912,S3-289985636,S3-506147610,S3-643240612
S1-578154048	S2-524053452,S2-732157044,S3-164598095,S3-257265568,S3-583750988
S1-165361282	S2-615294308,S2-771404818,S3-169639142,S3-525212882
S1-651464854	S2-126523889,S2-221647806,S2-296064731,S2-508521349,S3-323154258,S3-366464994,S3-479033905
S1-894459050	S2-425556504,S2-512956545,S2-584069958,S2-70156387,S2-866120757,S3-337768373,S3-63174454,S3-874318776
S1-626385798	S2-529751653,S2-807815252,S2-95896352,S3-364563042,S3-436061472,S3-609618691,S3-621117610,S3-976262626
S1-125022716	S2-473305735,S2-874191267,S3-110339157,S3-201524939,S3-697612675,S3-750008398,S3-92600105,S3-986799699
S1-370032815	S2-271286063,S2-402847172,S2-491457583,S2-755446192,S2-761829814,S2-952040581,S3-478604028,S3-686642977
S1-967739975	S2-358817007,S2-39630963,S3-108651091,S3-112870315,S3-584906049,S3-624007946,S3-809776320
S1-466602166	S2-346885059,S2-842633109,S3-163078849,S3-22330234,S3-290417483,S3-596627809,S3-625276693,S3-981066327
S1-941101954	S2-822073496,S2-8866055,S3-45306928,S3-521319821,S3-535323915,S3-574901325
S1-492418756	S2-189044278,S2-227303137,S3-415738941,S3-525791034,S3-827362406,S3-876538456
S1-116698773	S2-127454810,S2-191416736,S2-32682620,S2-994627994,S3-108465767,S3-159409824,S3-269919134,S3-315187750
S1-343174636	S2-253152298,S2-458881142,S2-764408447,S2-767957446,S3-850951607
S1-742333645	S2-203510343,S2-794404338,S3-141643092,S3-205593473,S3-225228424,S3-296185804,S3-386246798,S3-584091065,S3-724509253,S3-743540634
S1-771891011	S2-242322113,S2-972400030,S3-325339319,S3-489757671,S3-495108242,S3-76575485,S3-907919516
S1-980014346	S2-431200095,S2-500302894,S2-551841846,S3-117029643,S3-490642580,S3-626045374,S3-806226889,S3-881293660
S1-325533306	S2-524192949,S2-621651044,S2-781791965,S2-828149392,S3-476444771,S3-558637321
S1-684991513	S2-188734766,S2-514771863,S2-79520129,S3-339311153,S3-500932062,S3-72992822,S3-789053140
S1-781156588	S2-124773081,S2-634493993,S2-912762505,S3-583875119,S3-869414132
S1-11256478	S2-20711999,S2-329154036,S2-934605695,S2-96838338,S3-642694162,S3-734529532,S3-877695489
S1-264816891	S2-410764175,S2-749284752,S3-216373818,S3-367855884,S3-62606574,S3-722935448,S3-745904564
S1-271195766	S2-273658422,S2-543291007,S2-813509328,S3-162716271,S3-370376246,S3-896391256
S1-709796278	S2-189480334,S2-283457350,S2-644192257,S2-719142886,S2-726950489,S2-973143116,S3-276730483,S3-988628445
S1-113536672	S2-549706530,S3-19775455,S3-962821588
S1-104210871	S2-131722902,S2-334318147,S2-493019107,S2-564480125,S2-973334019,S3-568600121,S3-864579761,S3-919884787
S1-66120827	S2-499752173,S2-988195508,S3-470175963,S3-840878611
S1-899036077	S2-385717179,S2-743386833,S2-765099817,S2-806319435,S3-741816837
S1-130859637	S2-486447561,S2-490484221,S2-825011142,S3-622699537,S3-650499979,S3-719462279
S1-518150976	S2-626192968,S3-148209816,S3-341096543
S1-579404153	S2-105468053,S2-255351310,S2-276091921,S2-662515349,S2-730593705,S3-345366981,S3-473523232,S3-612096986
S1-702950917	S2-138543671,S2-381623726,S2-454743223,S3-299776566,S3-59093063,S3-700446015,S3-731257006,S3-910402216
S1-425690951	S2-902416716,S3-103491717,S3-160009516,S3-269054126,S3-516074924,S3-678981271,S3-893032224
S1-462012283	S2-264770222,S2-333863241,S2-414280500,S2-563019354,S3-619608752,S3-728646168
S1-70097618	S2-547153069,S2-581189516,S2-779338192,S2-816485254,S3-69079711,S3-713640042,S3-863345975,S3-992015320
S1-143773023	S2-277777497,S2-983257994,S3-186627342,S3-191420992,S3-540225957,S3-743192081
S1-451420892	S2-244690,S2-353942989,S2-386197801,S2-425590148,S2-43469526,S3-164753257,S3-700542430
S1-308482790	S2-895420485,S3-241443091,S3-788680404,S3-975292684
S1-996247828	S2-147822943,S2-981024356,S3-155119446,S3-181678227,S3-211388612,S3-242738179,S3-498430228,S3-697488216
S1-364147746	S2-133216932,S2-34482905,S2-945432886,S3-100379029,S3-897953801
S1-579429941	S2-315300091,S2-386766545,S2-479955837,S2-514639895,S2-838703160,S3-392179879,S3-445223493,S3-659282267
S1-280385954	S2-52941047,S2-569429822,S2-745939218,S2-767683679,S2-855813362,S2-890935858,S3-423367852
S1-595543987	S2-491129856,S2-558940027,S2-91012875,S3-260674944,S3-344913935,S3-624160740,S3-869361237
S1-689448051	S2-476129906,S2-778277480,S2-971810742,S2-975309748,S3-506973595,S3-512306148,S3-823779322,S3-843866829,S3-990406708
S1-94126886	S2-1888950,S2-378126077,S2-423482721,S3-427804195,S3-478715586,S3-671887173,S3-993572108
S1-871484539	S2-410426021,S3-129288768,S3-18777431,S3-464902604
S1-591603990	S2-25022312,S2-278015401,S2-539424857,S2-618433674,S3-263017897,S3-466823102,S3-471096840
S1-82297250	S2-500703967,S2-79011400,S2-877578057,S2-937289964,S3-111680067,S3-363694649
S1-657838822	S2-134753617,S2-789055343,S2-904855882,S3-207911022,S3-66179851,S3-861621843,S3-935257380,S3-937407793
S1-94213184	S2-260326286,S2-495136517,S3-149192679,S3-890022188,S3-975557680
S1-680253018	S2-115453771,S2-444282036,S2-454086932,S2-563321886,S3-325175222
S1-771235846	S2-163610151,S2-343007552,S2-377678678,S2-508435751,S2-674312699,S3-454965871,S3-591415657,S3-667154527
S1-124792046	S2-187977456,S2-366647269,S3-448738172,S3-463503024,S3-856292468
S1-986405620	S2-684728102,S2-7173587,S2-72755912,S2-809814612,S2-910308218,S3-118355116,S3-367539347,S3-609959422
S1-451992834	S2-170827452,S2-198638041,S2-210400288,S3-267346476,S3-421832160
S1-762479824	S2-522727682,S2-565953355,S2-580834333,S2-90860717,S3-133126265,S3-407757236
S1-357778260	S2-505051462,S3-409506768,S3-462877344,S3-849923488,S3-917032679
S1-699800600	S2-704288142,S2-892996795,S3-23612130,S3-350186790,S3-466051361,S3-607374382,S3-992460425
S1-200978251	S2-569510814,S2-651963141,S2-702204702,S3-464866234,S3-591267166,S3-693502107
S1-941728013	S2-5073786,S3-1025154,S3-742209044
S1-673860547	S2-424242415,S2-485717780,S2-486551076,S2-78616698,S3-904986164
S1-956721572	S2-464565365,S2-680031584,S2-843048702,S2-963398459,S2-997570917,S3-434589412,S3-584352259,S3-706206124
S1-835199740	S2-136276532,S2-24649133,S2-516857451,S2-757364617,S2-912320741,S3-110911644,S3-138654653,S3-975258969
S1-110033696	S2-167529252,S2-48276212,S2-84602959,S3-682170119
S1-136032418	S2-586586880,S2-951455935,S3-358552851,S3-699278617
S1-692153221	S2-597076675,S2-871492356,S3-136869360,S3-500265428
S1-372732715	S2-11007064,S2-175517587,S2-493247810,S2-873817222,S3-88125433,S3-938435977,S3-939380894
S1-254539403	S2-171021507,S2-281089861,S2-534035151,S2-893662739,S3-35964529,S3-730738053,S3-87647502
S1-863684170	S2-446190164,S3-270619346,S3-9108487
S1-526394262	S2-200017820,S2-284661387,S2-706092010,S2-892344774,S3-166084773,S3-319590441,S3-341879683,S3-799402955
S1-731493228	S2-15339590,S2-53801679,S2-61156831,S2-679815730,S2-741261845,S2-966798354,S3-101601701,S3-837094645
S1-563694254	S2-355652575,S2-415240077,S2-576454292,S2-603066264,S3-179265254,S3-85469920,S3-893085853
S1-413719661	S2-799037646,S3-161197461,S3-163462951,S3-312905563,S3-468849523,S3-581576294,S3-932798782
S1-754157804	S2-201139496,S2-699982775,S2-803945935,S2-931822923,S3-636293417
S1-413227825	S3-191167129,S3-53672202
S1-454087210	S2-493754371,S3-217023562,S3-410799782,S3-48860489,S3-769302660,S3-78973272
S1-680846184	S2-335728729,S2-483196644,S2-710295308,S2-817655455,S2-944565131,S2-953915315,S3-362051753,S3-987399629
S1-999508234	S2-166707521,S2-715130629,S2-959617241,S3-348745013,S3-441592933,S3-552372722,S3-984029324
S1-404281094	S2-281233042,S2-292552342,S2-841814240,S3-197648005,S3-359730157,S3-745573251,S3-872232461,S3-997320844
S1-722863507	S2-159496097,S2-287597917,S3-13096945,S3-784164872,S3-802259790
S1-579135705	S2-191626382,S2-505520798,S2-5278736,S3-430714455
S1-859859470	S2-116484664,S2-16351260,S2-837945585,S3-192228007,S3-396729790
S1-850855724	S2-501162308,S2-527907694,S2-940006977,S3-450746742
S1-100235084	S2-209919477,S2-392508982,S2-433559545,S2-95510135,S3-522931168,S3-589513771,S3-732962750
S1-488955948	S2-191123987,S2-207062381,S2-879897026,S3-444181684,S3-509214405,S3-94938721
S1-125772580	S2-757040268
S1-270167563	S2-505559905,S2-535191677,S2-682851560,S2-690978949,S3-196848663,S3-370379582,S3-492653807,S3-8387165
S1-448312450	S2-233896463,S2-389417469,S2-512145392,S2-714638588,S2-720835222,S3-318479429,S3-42055487,S3-536487359
S1-64224326	S2-224878652,S2-298053951,S2-309326629,S2-334590791,S2-702692135,S3-215784776
S1-679797011	S2-408409748,S2-449580071,S2-592689004,S2-701386105,S2-790453050,S3-224172556,S3-289695334,S3-547176734
S1-358157038	S2-302452632,S2-37254267,S2-576136111,S2-582245290,S3-483151806
S1-352215531	S2-214295278,S2-522006314,S2-606521154,S3-176932925,S3-425987611,S3-572350393
S1-997146552	S2-497168843,S2-525491410,S2-558829260,S2-683847406,S3-190227474,S3-248975399,S3-758297608,S3-906153154
S1-501272530	S2-414848814,S2-640937623,S3-251460040,S3-25635772,S3-455495383,S3-540936323,S3-656371892,S3-888352457
S1-282063308	S2-154944513,S2-188777828,S2-867271083,S2-937530634,S3-103206481,S3-247474855,S3-798020895
S1-410736480	S2-794940420,S2-833473861,S3-383919052,S3-401041481,S3-550800798
S1-370770040	S3-136742741,S3-20248259,S3-252395160
S1-359996018	S2-180725048,S2-394906129,S2-438691729,S2-98526077,S3-556544375
S1-278253442	S2-183286454,S2-708217579,S2-748843555,S3-118706119
S1-932447763	S2-371685210,S2-641225042,S3-290335600,S3-378022238,S3-503023008,S3-772451964
S1-865110598	S2-124720319,S3-20108326,S3-369285362,S3-380292844,S3-417275649,S3-570772378
S1-412981986	S2-554859418,S2-7846413,S3-280194730,S3-330099739,S3-591322591,S3-800389073,S3-836401895,S3-83690385
S1-356831746	S2-453597671,S2-509497772,S2-573644828,S2-722723481,S3-223292981,S3-301816610
S1-205051382	S2-381387167,S2-422344038,S2-531001579,S2-536298702,S2-604215382,S3-177624201,S3-201855274,S3-683602016,S3-722772071,S3-985349106
S1-638388288	S2-154863839,S2-817980651,S2-88115292,S3-110501721,S3-116702918,S3-222490536,S3-308771738,S3-34013919
S1-217183879	S2-116711202,S2-539468088,S2-5591920,S2-788247306,S3-141054720,S3-529227559
S1-233378764	S2-307329474,S2-9916251,S3-28725858,S3-313479458,S3-509430985,S3-831478974
S1-40069141	S2-471145095,S2-54422497,S2-829849882,S3-562273877,S3-918475988
S1-714141887	S2-132859213,S2-183076794,S2-365637130,S2-588249032,S2-858634226,S2-90112534,S2-910004949
S1-312408083	S2-34743316,S2-506616223,S3-106446414,S3-443767790,S3-522804412,S3-639055661,S3-714786429,S3-730906219
S1-939810850	S2-706220431,S2-895879592,S2-956093877,S3-286607457,S3-477035217,S3-546039206,S3-872092421,S3-987151221
S1-882930215	S2-192398617,S2-341513215,S2-564227733,S2-833857096,S2-894097777,S2-954564328
S1-966872599	S2-139051435,S2-14342599,S2-230110748,S2-739334891,S3-447087343,S3-478140907
S1-842238805	S2-487378504,S2-725208178,S3-34579699,S3-424473712,S3-427285877,S3-871992806,S3-936526562,S3-979766214
S1-660025819	S2-235580643,S2-620708115,S3-359830448,S3-388958289,S3-952965242,S3-954257635
S1-994547884	S2-204925338,S2-338267758,S2-36695389,S2-91462560,S3-14920177,S3-338838166,S3-805285197,S3-922555083
S1-28613282	S2-648398279,S2-715300269,S2-87518914,S3-16690643,S3-338975444,S3-463605249,S3-82882714
S1-827332838	S2-201409098,S2-607661176,S2-699737562,S2-784863651,S2-978018056,S3-512696538,S3-992012765
S1-356420659	S2-545208524,S2-986740139,S3-22294875,S3-894417665
S1-49607557	S2-289060034,S2-853928081,S3-135173247,S3-956029274
S1-379039665	S2-150763873,S2-163031801,S2-17041390,S2-726682352,S3-409604533,S3-667094660
S1-684626863	S3-433640469,S3-667959134
S1-719887571	S2-529994649,S2-670197141,S3-245595286,S3-332601103
S1-499721096	S2-283925197,S2-527411467,S2-540023343,S2-723115773,S3-540617118,S3-831256699,S3-936195349,S3-960122800
S1-180672707	S2-136437932,S2-189579556,S2-9880978,S2-998253863,S3-170031833,S3-694177496
S1-219833225	S2-513889684,S2-83002753,S2-831547293,S3-361351006,S3-745645254,S3-910092938
S1-392908301	S2-871048543,S2-964052078,S3-395224972,S3-400002711,S3-427662193,S3-833126672,S3-868331837,S3-927647879
S1-541464084	S2-53310427,S2-873323642,S3-384543703,S3-951773290
S1-345549725	S2-485593839,S2-618020047,S2-965753674,S3-116123327,S3-882269350
S1-674793563	S2-598753153,S2-621598868,S2-627135404,S2-96276698,S3-127124065,S3-558929564,S3-618625333
S1-109886963	S2-339118349,S2-517419130,S2-935243459,S2-93947479,S3-185766939,S3-389304208,S3-774092452,S3-954945323
S1-965138815	S2-379306433,S2-484599960,S2-694629261,S2-985694862,S3-141080905,S3-561535690,S3-938371381
S1-292003607	S2-655013054,S2-979215413,S3-984571144
S1-920293143	S2-562656383,S3-242801457,S3-418071116,S3-610611680,S3-892534598,S3-9041343
S1-400338891	S2-161263857,S2-222017947,S2-40525374,S3-103880926,S3-225618614,S3-405503829
S1-723032861	S2-232844243,S2-494062802,S2-583193900,S2-805260250,S2-879015490,S3-134824767,S3-341850825,S3-926565803
S1-773295843	S2-402080023,S2-485078080,S2-508684134,S2-544218900,S2-7030933,S2-940845122,S3-524392173,S3-965586711
S1-617511566	S3-362651226,S3-506480461,S3-582043273,S3-873900981
S1-319805409	S2-387733359,S2-408975440,S2-721992174,S2-729193840,S3-266948834,S3-302275041,S3-880238877
S1-100177632	S2-494810181,S2-509232260,S2-644867995,S2-872089677,S3-520292139,S3-523818370,S3-911402914,S3-948836673
S1-921453146	S2-203529756,S2-666434456,S3-231268790,S3-292871661,S3-306828266
S1-470967603	S2-450722446,S2-476817416,S2-702675454,S2-702769978,S3-123220028,S3-352704488,S3-739252,S3-836407144
S1-322039516	S2-320731220,S2-397134962,S2-554463011,S2-780188368,S3-383745270,S3-608652067,S3-799880487
S1-775973029	S2-40091670,S3-154488613,S3-319685848
S1-567312734	S2-110025538,S2-318435578,S2-732282891,S3-240693214,S3-399206877,S3-4847480,S3-516831529,S3-618515732
S1-39596263	S2-294981653,S2-824759951,S3-393371706,S3-637758759,S3-656886635,S3-773032073,S3-860604102,S3-956665571
S1-66033502	S2-630056737,S2-679448650,S2-810843531,S3-354549529,S3-747662783
S1-865539215	S2-51005818,S2-603097771,S3-193537896,S3-855761908,S3-878957766
S1-591838985	S2-183142993,S2-240905284,S2-859504505,S2-934759745,S2-987863012,S3-287324990,S3-511521971,S3-97134643
S1-813973877	S2-507765950,S2-888682729,S2-947459181,S2-956271799,S3-204590346,S3-447342223,S3-50376822,S3-510430544
S1-641543517	S2-23964388,S2-295118294,S2-581021605,S2-652790132,S2-774647662,S2-909602208,S2-970739490,S3-81317066
S1-744479781	S2-105705416,S2-790474809,S3-106310174,S3-112067543,S3-48481697,S3-584065458,S3-781781214
S1-226820606	S2-271266243,S2-317689753,S2-503211890,S2-604488547,S3-177162126,S3-626472655,S3-695130842,S3-699421648,S3-970723160
S1-994740853	S2-139867401,S2-504091624,S2-907501453,S2-96819138,S3-502487495,S3-502906946,S3-540161512,S3-764069369
S1-565765897	S2-148470087,S2-257526984,S2-640370708,S2-878519846,S3-169172111,S3-391771223,S3-535286427
S1-909355873	S2-228230130,S2-412083134,S2-687855515,S2-72270677,S2-877050860,S2-985738260,S3-260901792,S3-870911132
S1-460574851	S2-49803013,S2-501353326,S3-134052063,S3-218552985,S3-332758082,S3-521753882,S3-984945395
S1-685528408	S2-968892983,S3-139285910,S3-19504766,S3-332332461,S3-347210899
S1-93675344	S2-835679038,S2-907255140,S3-219517072,S3-272779986,S3-561274794,S3-793609292
S1-201842820	S2-79520638,S3-477492766
S1-142329333	S2-441704121,S2-495734867,S2-517815203,S2-912202845,S3-311131279,S3-634594823,S3-6712979,S3-835285404,S3-856004898
S1-535132786	S2-167745077,S2-229257215,S2-275882757,S2-620869752,S3-362468469,S3-544358227,S3-634971432,S3-701770640
S1-289608642	S2-121720297,S2-263721643,S2-413959273,S2-528099295,S2-869396639,S2-878215439,S2-957076184,S3-489158024,S3-600948679,S3-888772059
S1-563762493	S2-148228039,S2-619613368,S3-176896217,S3-270047869,S3-652300838,S3-735266184,S3-808544325,S3-95934239
S1-965892034	S2-322578246,S2-746674838,S3-209821724,S3-282663662,S3-506202321,S3-524551161,S3-986039919
S1-666484034	S2-163824709,S2-702509477,S2-759795566,S2-981878790,S3-167212042,S3-170579189,S3-356123878,S3-672586720,S3-795157638,S3-839684978,S3-871733977,S3-963325038
S1-506625400	S2-124610513,S2-657618493,S2-826794482,S3-895502820,S3-987871029
S1-104749266	S2-518521175,S2-707604190,S2-733665150,S2-746315640,S2-841202355,S3-224056018,S3-907049494
S1-228793511	S2-463666754,S2-529568821,S3-14404324,S3-210842038,S3-255247062,S3-494700483
S1-114814590	S2-244825471,S2-544838813,S2-886484041,S3-225057677,S3-279410369,S3-621316305,S3-72021606,S3-805515730,S3-855523152
S1-470312395	S2-553838480,S2-561794295,S2-972552897,S3-189152084,S3-235622686,S3-444856795
S1-272003966	S2-11276424,S2-48405506,S2-588452492,S3-317058381,S3-602620047
S1-701672046	S2-154114856,S2-5608226,S2-667543745,S2-94426015,S3-485888801,S3-517475011
S1-576024640	S2-388631092,S2-409863626,S2-481790482,S2-498312583,S2-868607847,S2-925036986,S3-567812341,S3-711784099
S1-727807458	S2-458603597,S2-844831720,S2-859539910,S2-872663323,S2-969132281,S3-199502544,S3-459943115,S3-591786616
S1-976302242	S2-217985658,S2-317428468,S2-385144143,S2-405423032,S2-912804920,S3-216068416,S3-82465976,S3-856781791
S1-971965800	S2-167431453,S2-290610952,S2-380629391,S3-178485098,S3-407530936,S3-819113586,S3-856811033,S3-904500070
S1-813016221	S2-279072114,S3-313904716
S1-936517540	S2-281592376,S2-486962518,S2-657111420,S2-690245834,S2-97810348,S3-22126184,S3-235779419
S1-126643482	S2-378906118,S2-811712582,S2-979997813,S3-239204280,S3-48883335,S3-53955241,S3-598335767,S3-81274132
S1-762250812	S2-112212519,S2-242012345,S2-321822464,S3-294681092,S3-441294148,S3-533630161,S3-617575807,S3-970699080
S1-127718203	S2-124755086,S2-388552442,S2-758212535,S2-987157960,S3-320582328
S1-750199561	S2-903983653,S3-265336400,S3-937505322
S1-57219526	S2-4569955,S2-677010948,S2-89215772,S2-925146123,S3-174998104,S3-422025050,S3-764399160
S1-49104392	S2-335216103,S2-784192247,S2-889508922,S3-232966969,S3-282701528,S3-469362755,S3-584500614,S3-909738046,S3-93442011
S1-652221489	S2-318123791,S2-375051967,S2-702967273,S2-876654752,S3-108739562,S3-379406856,S3-392531206,S3-587913657,S3-910394473
S1-579717008	S2-868277107,S2-998973177,S3-359205261,S3-556634153,S3-672138222,S3-875731000
S1-828827019	S2-708555047,S3-309445854,S3-556004808,S3-738925897,S3-930481981,S3-945413686
S1-47101080	S2-109841185,S2-251357481,S2-632429288,S3-237668783,S3-288287138
S1-538721714	S2-28538152,S2-399451094,S2-527822197,S2-552571178,S2-79622628,S3-257058949,S3-496534254,S3-951772356
S1-794601185	S2-25284200,S3-447425349,S3-546682744,S3-591464787
S1-374999201	S2-119138654,S2-553223074,S2-860470519,S2-91393668
S1-201686787	S2-697091180,S2-736375153,S2-978029909,S3-131006235,S3-242121650,S3-466569418,S3-52715742,S3-713942139,S3-78795661
S1-591581500	S2-463593762,S2-468329336,S2-598513343,S2-62419883,S3-593026462,S3-767767290
S1-30716428	S3-9140526
S1-840824650	S2-258182817,S2-502389689,S3-178775970,S3-315857598,S3-450469156,S3-659154685,S3-734670525
S1-413633860	S2-191207612,S2-243828442,S2-691476556,S3-16875283,S3-281394888
S1-969495030	S2-816036520,S2-827067366,S2-87152341,S3-26077258,S3-522229348
S1-127159191	S2-681315661,S2-954033717,S2-96443527,S3-614121867,S3-815070571,S3-836074969
S1-93379492	S2-10183668,S2-99968645,S3-669170196
S1-831715945	S3-151019081,S3-65488379,S3-803179316
S1-523800628	S2-359086056,S2-3690222,S2-447571421,S2-958020062,S3-152953484,S3-357526321,S3-687704048,S3-711131103
S1-641343856	S2-284014809,S2-296613824,S2-974427013,S3-194175205,S3-887797774
S1-330333841	S2-370887151,S3-15777538,S3-187667391,S3-309684220,S3-473764574,S3-723331301,S3-950612810
S1-547887754	S2-209927576,S2-257975621,S2-477622522,S2-620265634,S3-687108005
S1-134427402	S2-186806087,S2-248409420,S2-797941553,S2-939654028,S3-689939971,S3-692871262,S3-936185648
S1-696306782	S2-221945462,S3-555157704,S3-592761536,S3-599540009,S3-602132911,S3-786535870
S1-172741333	S2-412949810,S3-504753619,S3-838503927,S3-884738547
S1-545839217	S2-144328480,S2-161366068,S2-360738572,S2-500293977,S2-789927303,S2-960081365,S3-471634267,S3-95577989
S1-856322879	S2-529548066,S3-221409448,S3-734170691
S1-477217936	S2-540701149,S2-964665225,S2-998173259,S3-456141124,S3-482220730,S3-749832570,S3-808451416,S3-980910215
S1-797367459	S2-122017745,S2-251019806,S2-379880094,S3-104114576,S3-323311932,S3-498805721,S3-738658501,S3-841943663
S1-835394098	S2-482717664,S2-886724198,S2-929554117,S3-119835413,S3-412996188,S3-424475105,S3-708321884,S3-934178864
S1-902861520	S2-542184597,S2-795699269,S2-932499221,S3-236219724,S3-2472540,S3-397406056,S3-663840747,S3-790733280
S1-193126362	S2-106094348,S2-441842357,S2-70045035,S2-937270365,S3-416436687,S3-985730762
S1-608623091	S2-210431891,S2-340583146,S2-740699272,S2-747793314,S3-339312465,S3-534588503,S3-556767637,S3-767596875
S1-89347250	S2-581046012,S2-585795819,S2-951389853,S3-288983358,S3-597345225,S3-849949374
S1-649034209	S2-109316218,S2-368575850,S2-798054242,S2-820489311,S3-891259182
S1-345473038	S2-301121352,S2-438711741,S2-800347205,S3-666117758,S3-826074567,S3-878883663
S1-799037415	S2-284355152,S2-478704326,S2-930764419,S2-998367223,S3-131517102,S3-374232150,S3-71086319,S3-79368195
S1-638715881	S2-800025709,S2-810418020,S2-927743654,S3-11974899,S3-754955935,S3-905800160,S3-917987011
S1-128334283	
S1-575503136	S2-265199431,S2-365321785,S2-4468,S3-265633750,S3-838956506
S1-559388159	S2-100092895,S2-195943309,S2-199870543,S2-44649996,S2-468745597,S2-642272074,S2-666728919,S3-682952147
S1-749546273	S2-899443822,S3-176523379,S3-924991597
S1-211880735	S2-374576304,S2-477390207,S2-645833656,S2-704558169,S2-880126815,S3-553904586
S1-366620278	S2-141465271,S2-30101893,S2-394887592,S2-729796325,S3-654471612,S3-843410503,S3-858149536,S3-866732886
S1-992353656	S2-331852321,S2-809989965,S2-953993130,S3-369706960,S3-426612929,S3-512956194,S3-572182242,S3-596158455
S1-787797477	S2-392329811,S2-519573941,S2-691665197,S2-778366467,S3-439134386,S3-557031265
S1-480938379	S2-294162503,S2-868317027,S2-891533358,S3-524886061,S3-763868476
S1-303619996	S2-23956569,S2-570825935,S3-179701037,S3-389032825,S3-43389614,S3-473652430,S3-576316463
S1-130524385	S2-446519953,S2-769346094,S2-93324093,S3-223195351,S3-296671161,S3-633038042
S1-731878422	S2-117432009,S2-326220191,S2-456789982,S2-676185446,S2-708245000,S2-858709376,S3-962668562,S3-975993533
S1-360363241	S2-175024296,S2-284233361,S2-351079434,S2-709939260
S1-720527346	S2-207010432,S2-799970873,S3-128640266,S3-189129789,S3-492237929,S3-585077663
S1-408973723	S2-232988886,S2-494766399,S2-800697865,S3-768127332,S3-931353548
S1-951512493	S2-325712821,S2-354810499,S2-464469355,S2-608640256,S2-990559795,S3-184705509,S3-2102846,S3-311278669,S3-834238674
S1-789966462	S2-45487259,S2-474976093,S3-113871033,S3-233207934,S3-292084347,S3-378232010,S3-868196623
S1-291283680	S2-253923426,S2-342034962,S2-503228952,S2-542753951,S2-982222051,S3-241962958,S3-762448131
S1-641831046	S2-673428403,S2-941673592,S3-308999440,S3-68200053,S3-703360856
S1-526938495	S2-738205470,S2-883078555,S2-915270177,S2-950372142,S3-163018111,S3-235517802,S3-4828547,S3-869101829
S1-400643831	S2-604045283,S2-923859562,S2-996969250,S3-153556776,S3-291588953,S3-383439847,S3-901111722
S1-744748522	S3-383442885,S3-475887678,S3-481853481,S3-50532442,S3-910124765
S1-706332602	S2-104431275,S2-289973125,S2-307007359,S2-3267511,S2-559665697,S3-407665595,S3-677995775
S1-380224066	S2-281992700,S2-394131488,S2-827033122,S2-975918922,S3-135771065
S1-870088041	S2-323716147,S2-416856035,S2-517210961,S2-535289243,S2-92691982,S3-555120842,S3-714610919,S3-994162930
S1-667818022	S2-43575395,S2-712231586,S3-249279024
S1-825548874	S2-201247547,S2-836325182,S3-146654544,S3-213542776,S3-417613313,S3-496988839,S3-541358697,S3-762103472
S1-154875646	S2-318848213,S2-64650986,S2-783115569,S2-92161341,S2-932466128,S3-13478871,S3-617174463,S3-773097584
S1-91606066	S2-303942974,S2-769486635,S2-818390364,S3-158043125,S3-721932438
S1-838000156	S2-378996704,S2-46429704,S2-761825376,S2-875850942,S3-160335665,S3-910651945
S1-202688855	S2-550714476,S2-724319653,S3-420507861,S3-42266604,S3-704181251,S3-815124736
S1-59931826	S2-252536865,S3-172279281,S3-283137046,S3-638218600,S3-742044915,S3-879455186
S1-516501595	S2-276603605,S2-325204176,S2-543319240,S2-810728240,S3-584089270,S3-949814926
S1-808547554	S2-276381524,S2-478313898,S2-976987422,S3-208407961,S3-490118671,S3-928009745,S3-962147900
S1-963758676	S2-125034985,S2-144907688,S2-444986062,S2-56114460,S2-866664830,S2-957139880
S1-463017061	S2-248891083,S3-653066163,S3-73884356,S3-876015759
S1-68864075	S2-268918796,S2-770418731,S2-777049557,S3-84914759,S3-943447056
S1-3286207	S2-324852795,S2-373083720,S2-475261747,S2-55118153,S3-130504271,S3-18773141,S3-398821465,S3-557105673,S3-783234307
S1-782712284	S2-915388178,S3-873418348
S1-91727696	S2-132920952,S2-167928276,S2-178217266,S3-438421688,S3-465998806,S3-539633761
S1-64154964	S2-26736517,S2-340606833,S2-363114116,S2-644510008,S2-676905278,S2-847968686,S3-379784610,S3-999435410
S1-964514944	S2-190644611,S2-582454263,S2-69090628,S3-355113224
S1-102716784	S2-911551179,S2-986815208,S3-225464337,S3-588825885,S3-72582221
S1-407776616	S2-202368153,S2-957177430,S3-110002322,S3-143162345,S3-212960317,S3-25513690,S3-666809250
S1-153198332	S2-221649739,S2-935147345,S3-427605311,S3-48772334,S3-651825713
S1-312522728	S2-197616314,S3-912883669
S1-999832742	S2-184774866,S2-293257599,S2-402201719,S2-484883728,S2-747027030,S2-948028129,S3-66790076,S3-699044849
S1-563855236	S2-349035022,S2-904667487,S3-119627156,S3-177448977,S3-592549536,S3-836393556,S3-929403402,S3-975928531
S1-655922842	S2-29666491,S2-312950978,S2-425463088,S2-559426391,S2-92595542,S3-599259827,S3-771046620
S1-133639819	S2-505393757,S3-220528065,S3-231737687,S3-424470868,S3-478691529,S3-704240661
S1-756842816	S2-308253921,S2-32196176,S3-222718294,S3-344060549,S3-497664400,S3-585358627,S3-804308149,S3-965568803
S1-445225651	S2-171906017,S2-411097937,S2-500081935,S2-974595282,S3-289862342,S3-496779743,S3-61516060,S3-895642310,S3-901789465
S1-18097685	S2-724421258,S2-974100382,S2-98684960,S3-170376622,S3-482562155,S3-629628938,S3-670529375
S1-862517234	S2-554442321,S3-218368475,S3-418235989,S3-905086197
S1-7094390	S2-61297709,S2-669385891,S3-37265404,S3-549468401,S3-592346721,S3-622665623,S3-898868555,S3-967834608
S1-990968149	S2-292325522,S2-352273397,S2-574575978,S2-985785884,S3-354841794,S3-648303971,S3-850688708
S1-755447030	S2-248966763,S2-623275181,S2-703271824,S2-769279835,S3-795827205
S1-968363839	S2-615305685,S2-839207286,S2-875549079,S3-206744052,S3-314661937,S3-476686227,S3-650000901,S3-767925847
S1-707056937	S2-204430905,S2-238993049,S2-494120798,S3-11239905,S3-180862424,S3-276372267,S3-683682426
S1-294301808	S2-548560036,S2-626624473,S3-439815681,S3-741255260,S3-769927989
S1-965422905	S2-184357008,S2-299777846,S2-78294702,S2-801582121,S2-963425314,S3-631220672,S3-755614724,S3-93353536
S1-726820323	S2-255156643,S2-611534620,S3-144775238,S3-619214436
S1-940382700	S2-212091230,S2-62076700,S2-679352148,S3-537756866,S3-571744402
S1-48950260	S2-317483520,S2-365613199,S2-45740051,S2-987223529,S3-494884037,S3-892603110
S1-304512406	S2-262386257,S2-935880084,S3-147246873,S3-255368311,S3-328316901,S3-667213266
S1-664404382	S2-243155763,S2-648184102,S2-729645172,S3-457066899,S3-639262623
S1-22912363	S2-33024484,S2-760125894,S2-940353220,S2-97000117,S3-282555684,S3-568880584
S1-97137627	S2-487448526,S2-826523336,S2-832278859,S3-214195371,S3-373263906,S3-54197819,S3-933842815,S3-943780916
S1-33050957	S2-320769427,S2-681320613,S2-990593625,S3-605329326,S3-864507404,S3-91333974
S1-646332882	S2-366768680,S3-298509612,S3-706686994,S3-720178207,S3-749281873,S3-772134591
S1-253261623	S2-232938743,S2-332862656,S2-639389200,S2-710472687,S3-214362635,S3-475003657,S3-871880995,S3-877002926
S1-442030071	S2-328702366,S2-404531358,S2-627523885,S2-860657968,S3-182465226,S3-510135034,S3-551491972,S3-987649251
S1-847994855	S2-251645407,S2-776578986,S2-783817589,S2-840992828,S2-973514629,S3-128089671,S3-596283162
S1-470367556	S2-123102659,S2-213641358,S2-587572795,S2-698039593,S3-298480518,S3-571954069,S3-783023644,S3-823789727
S1-970009676	S2-488065952,S2-575050543,S3-290748554,S3-361312689,S3-736343164
S1-17706991	S2-133804592,S2-23625759,S2-410455173,S2-476311957,S3-75963143,S3-969946321
S1-250120724	S2-215005804,S2-28548228,S2-486375958,S2-715010786,S3-235070650,S3-24362187
S1-611302159	S2-336142201,S2-649570528,S2-87375971,S2-951856256,S3-114729101
S1-684261058	S2-26050123,S2-776725256,S2-868555403,S3-29850752,S3-472197140,S3-544478382,S3-853332144
S1-258207799	S2-144388223,S2-224095655,S2-297860954,S2-526836238,S3-42170484,S3-946074334
S1-730228668	S2-160198602,S2-817283703,S3-133155407,S3-852592405
S1-536614636	S2-243256185,S2-255618857,S2-787118327,S2-914850753,S3-200176542,S3-274970216,S3-863638441,S3-905378375
S1-666778129	S2-265952954,S2-418080519,S2-84040327,S3-189295743,S3-932591666,S3-958145269
S1-95713040	S2-471170203,S2-597326696,S3-26634837,S3-624951440,S3-624967620,S3-993610633
S1-880296423	S3-128429253,S3-339720506,S3-340381930,S3-36986884
S1-277145162	S2-522214214,S2-949812717,S3-754165476
S1-158985118	S2-590416162,S2-758707791,S3-110718085,S3-121147535,S3-172982298,S3-374067096,S3-785739104,S3-976284
S1-72536540	S2-132398870,S2-149192503,S2-646617988,S2-681742372,S2-720557000,S3-170213036,S3-331972245,S3-396042688,S3-404400939,S3-882371895,S3-899955648
S1-281921201	S2-6267589,S2-827792259,S3-146847638,S3-319544138,S3-596423502
S1-836399280	S2-811255343,S3-1869433,S3-259966260
S1-234843865	S2-43635742,S2-809242203,S2-893724684,S3-333367976,S3-927150829
S1-888168741	S2-108189718,S2-191010869,S2-439425189,S2-550916198,S3-182011698,S3-490552611,S3-595338567,S3-699532277
S1-45259427	S2-569748133,S2-702760134,S3-686634956
S1-228438940	S2-495418045,S2-498817451,S2-770616811,S3-343462195
S1-68057229	S2-284629106,S2-564533598,S2-855521959,S3-125382558,S3-391377487,S3-418509096,S3-431116959,S3-950601523
S1-259199146	S2-307684107,S2-53389296,S2-743737371,S2-826556655,S3-137316806,S3-182711238,S3-293604714,S3-515352994
S1-95983601	S2-155142565,S2-559160806,S2-981160551,S3-546334797,S3-692686723
S1-372710644	S2-574686020,S2-980527411,S3-477484724,S3-568167352,S3-682293773
S1-273967593	S2-252439699,S2-506677811,S2-759929845,S2-909164229,S3-138749016,S3-948555412
S1-57949745	S2-114096426,S2-30525241,S2-680631586,S2-8958133,S3-579092401,S3-937229063
S1-357766793	S2-41185608,S2-558550149,S2-569751418,S3-243761990,S3-355603556,S3-648444757,S3-765793156,S3-976906710
S1-165945634	S2-392926314,S2-477311388,S3-177631549,S3-230007597,S3-284006647,S3-610140666,S3-894217862
S1-785978602	S2-441295391,S2-59135011,S2-993134997,S3-119536472,S3-180111410,S3-810060390
S1-99415540	S2-334779167,S3-720838932,S3-771407210,S3-822179214
S1-481603100	S2-204493414,S2-762358361,S2-896469574,S3-316426368,S3-969725444
S1-58098403	S2-127517481,S2-598158029,S2-693121830,S2-844567386,S3-116345266,S3-565373012,S3-747015386,S3-882967463
S1-776540034	S2-11897394,S2-197195695,S2-646552154,S2-696536752,S2-780374071,S3-247690193
S1-560604930	S2-312396167,S2-439889388,S2-58795947,S2-83897515,S2-869324413,S3-128379159,S3-523848258,S3-58771289
S1-629728401	S2-306821481,S2-396632010,S3-208644868,S3-326287961,S3-386700401,S3-637024039
S1-787380955	S2-108613329,S2-910661171,S3-477741377,S3-504235148
S1-806661399	S2-186534935,S2-224762226,S2-848450966,S3-161116711,S3-249424798,S3-62479043,S3-653522418
S1-277839884	S2-823831901,S3-201178408,S3-3325169,S3-704448113
S1-309188545	S2-125012134,S2-493738844,S3-489722191
S1-222854633	S2-377780981,S2-829221380,S3-470696089,S3-601286540,S3-656146951,S3-746120360,S3-786850999
S1-289177914	S2-280303941,S2-539338404,S2-726466526,S2-815772921,S2-988704580,S3-29266651,S3-77962846,S3-841984419
S1-670806792	S2-814992237,S2-896390660,S3-252802463,S3-693617830
S1-237678755	S2-293891335,S2-430650787,S2-524007057,S3-153628177,S3-362522350,S3-551851331,S3-77749237,S3-90831356
S1-481797104	S2-431400953,S2-605983963,S2-906898319,S3-192355436,S3-440062294,S3-482722603,S3-737048765
S1-11216301	S2-592858736,S2-724266329,S2-994435222,S3-271785699,S3-728214486
S1-300061365	S2-113641152,S2-163439247,S2-220337597,S2-284206532,S2-54568879,S3-682425656
S1-763743020	S2-102227349,S2-402242260,S3-135735306,S3-346773465
S1-54610861	S2-106502607,S2-652585254,S2-973327080,S3-608615858,S3-619237112,S3-704625733,S3-858325327,S3-987666732
S1-707318801	S2-469999958,S3-290150751,S3-551489564,S3-74523489,S3-826352864,S3-884856232
S1-817088831	S2-198068092,S2-771040400,S2-833960642,S3-118787593,S3-314921556,S3-612907153,S3-742636966
S1-572586843	S2-199374859,S2-25676842,S2-409634990,S2-500306516,S3-297968496,S3-310136580,S3-590179943
S1-289981585	S2-20277793,S2-478567303,S3-170379420,S3-589213751
S1-822240995	S2-152923842,S2-272071712,S2-86190934,S2-960982289,S3-433646147,S3-708768963
S1-232409170	S3-142039674,S3-651434445,S3-704723086
S1-780157152	S2-462860935,S2-635103295,S2-71660582,S3-114972592,S3-192752380,S3-216332699,S3-990863357
S1-570177438	S2-712521801,S2-784610196,S3-251999142,S3-298698485,S3-31836754,S3-378199433,S3-738853805,S3-822845755
S1-357801377	S2-138730305,S2-357265145,S2-715302405,S2-857093688,S3-228340338,S3-711134279,S3-738347897
S1-395744722	S2-254697594,S2-542488438,S2-602792704,S2-767461427,S2-985865964,S3-227839346,S3-302848062,S3-614328224
S1-818453487	S2-408976554,S2-73743153,S2-875149338,S3-459069487,S3-512138468,S3-581673296,S3-617000321,S3-649848641,S3-866191194
S1-861948238	S2-576110653,S3-125264463,S3-437876370,S3-4929345,S3-966737234
S1-84431466	S2-326570487,S2-402882495,S2-835753437,S3-213935274,S3-335484870,S3-631718163,S3-788124951,S3-900590968
S1-582475397	S2-136998773,S2-195531086,S2-392037600,S3-69991327
S1-259140608	S2-428403275,S2-701605093,S3-131632239,S3-67798388,S3-866653627
S1-349074829	S2-486112363,S2-610063705,S2-704283082,S2-796741075,S2-92307261,S2-945644598,S3-779381265,S3-897778254
S1-975816067	S2-222188268,S2-273041814,S2-961891689
S1-89024280	S2-177387169,S2-203357984,S2-226526889,S2-825161176,S2-899791765,S2-970178943,S3-650025412,S3-8922667
S1-262936500	S2-280470587,S2-696655938,S3-404235331,S3-429827503,S3-782755526
S1-225556480	S2-184718706,S2-251346416,S2-445816897,S2-884103804,S3-154012906,S3-233495533
S1-586485459	S2-182586848,S2-206424368,S2-451584138,S2-537039269,S3-331907124
S1-560118750	S2-387047426,S2-698078440,S3-267496272,S3-313196622,S3-384885185,S3-631457110,S3-73168358,S3-970849771
S1-809772641	S3-96035818
S1-866467075	S2-797601163,S3-480611363,S3-546380413,S3-73500213,S3-992133502
S1-497092644	S2-386110299,S2-513010672,S2-766093457,S3-357855038,S3-440596333,S3-50588382,S3-901471089,S3-974686300
S1-366503312	S2-197731692,S2-328319850,S2-920835379,S3-165561080,S3-458905738,S3-468292592,S3-562021447
S1-202232447	S2-885323432,S2-896382125,S2-913900910,S3-349053519,S3-617941124,S3-743779914,S3-821362578,S3-841637379
S1-117085215	S2-281111990,S2-362474821,S3-73453388,S3-764201431,S3-936735224
S1-738114269	S2-191002776,S2-782158208,S2-891221641,S3-417150607,S3-550666540,S3-891012573
S1-357081003	S2-424267547,S2-722518438,S2-920938377,S3-206618768,S3-682859033,S3-832488265,S3-851807001,S3-931753241
S1-798838720	S2-221520509,S2-296020872,S2-441834635,S2-909323944,S3-607367162,S3-878567131
S1-830573887	S2-494898934,S2-646292006,S2-792855476,S3-147008143,S3-187929272,S3-837164584,S3-84135146,S3-853392618
S1-900919826	S2-113475349,S2-122161101,S2-245122708,S2-647272132,S2-934668684,S3-607581484
S1-645537973	S3-201412577,S3-66039661,S3-979841824
S1-711519675	S2-428297216,S2-718236712,S2-794222191,S3-105727979,S3-297701747,S3-824659525,S3-831172855
S1-66401511	S2-191778523,S2-594165122,S3-227009715,S3-719777494,S3-895452988,S3-908031377
S1-86968078	S2-100312712,S2-489027600,S2-727600414,S3-209906626,S3-395508850,S3-511225946
S1-882967787	S2-485079480,S3-362521210
S1-12156573	S2-209904039,S2-321372474,S2-674003104,S2-957727857,S3-415365450,S3-615998322,S3-720776617
S1-847462383	S2-417729088,S2-421484869,S2-66633219,S2-745492396,S3-374584897,S3-822860375,S3-910413667
S1-928758130	S2-147657552,S2-65430775,S2-731603143,S2-87186826,S3-126830815,S3-570227956,S3-744527196,S3-815882116
S1-270169106	S2-606073989,S2-61239992,S2-640070203,S3-240592259,S3-327503456,S3-743525228,S3-771199716,S3-91321757
S1-952166517	S2-229547703,S2-362555321,S2-858476838,S3-540616397,S3-615779715,S3-835709089
S1-822824249	S2-363020428,S2-36602141,S2-793234554,S3-402883001,S3-484552656,S3-657006087,S3-72593777,S3-972490746
S1-564908493	S2-350239415,S2-489201857,S2-699743037,S2-995663476,S3-239264070,S3-541691342,S3-646814392
S1-441729622	S2-744687789,S3-204902125,S3-306848788,S3-585783747,S3-913485359
S1-162433974	S2-189583184,S2-329624500,S2-550466481,S2-715259829,S2-857407057,S2-962223993,S3-381265041,S3-688559145
S1-783959695	S2-284116269,S2-343245738,S2-395100344,S3-323656703,S3-779365048
S1-776586716	S2-145881083,S2-685999047,S3-372050551,S3-653003357,S3-933091451
S1-907111555	S2-119885036,S2-208061852,S2-22525093,S2-904618059,S3-179337342,S3-531533604,S3-569018657
S1-421523922	S3-18484292,S3-829219285
S1-784636107	S2-281487747,S3-559720223,S3-7579085
S1-813092327	S2-144214851,S2-194808299,S2-385979207,S2-419784581,S2-789359239,S2-862807997
S1-544379259	S2-606200413,S2-611754720,S3-115565488,S3-506027047,S3-750474604,S3-822148884,S3-855060912
S1-190362492	S2-38280186,S2-507549675,S2-726061442,S3-427358973,S3-550367342,S3-932163308
S1-835912667	S2-10871779,S2-237251237,S2-326528029,S2-681810304,S2-968886233,S2-976928007,S3-435230859,S3-486420180,S3-538508623,S3-625165240
S1-498362265	S2-482684206,S2-522618887,S2-555269849,S2-63701901,S2-72216392,S3-296875695
S1-371870191	S2-358823875,S2-408220854,S2-915906894,S2-918147580,S3-129840975,S3-353846482,S3-445338729,S3-463727752,S3-651946454,S3-994359229
S1-306815464	S2-110984354,S2-57855895,S3-135352090,S3-322646449,S3-535487404,S3-692540281,S3-771632752
S1-591286116	S2-166191366,S2-220659877,S2-561531739,S2-565714543,S2-882400411,S3-366819613,S3-804870370,S3-825260926
S1-192558351	S2-274680506,S2-589579760,S3-124996220,S3-32849289,S3-884429637
S1-694913331	S2-411925851,S2-564331437,S2-826359974,S2-949734704,S3-156526353,S3-273747436,S3-414448156,S3-868178987
S1-888264761	S2-541576228,S2-676541633,S3-106522645,S3-26882053,S3-770988503,S3-916952056
S1-285916803	S2-225052205,S2-392310354,S2-71203600,S2-747754843,S2-770925520,S3-177692513,S3-327324087,S3-900981483
S1-93317786	S2-55115188,S2-719605194,S2-756498195,S2-884063782,S2-956061924,S3-587592340,S3-853574345
S1-628095561	S2-389380854,S2-56003215,S2-614332019,S2-963022129,S3-347138009,S3-640242253,S3-787753925
S1-406646229	S2-859547914,S2-892884661,S3-19183564,S3-787482373
S1-486968943	S2-381491968,S2-618873312,S2-906733722,S3-751183871,S3-80233635,S3-810600102
S1-772639909	S2-340902174,S2-626164970,S2-650276049,S2-824327105,S3-17473252,S3-320626424,S3-724154540,S3-81472746
S1-443460820	S2-428182997,S2-571861566,S2-951860432,S3-15201445,S3-257090484
S1-235103383	S2-529283400,S2-718390499,S2-949879733,S3-241108909,S3-655776061,S3-896168740
S1-245935232	S2-129098342,S2-385782445,S2-806255807,S2-855977710,S2-958282124,S3-144652979,S3-322993902,S3-759365800
S1-652432908	S2-231336671,S2-317765970,S2-998162986,S3-575600510,S3-598253124,S3-80426074
S1-473761943	
S1-219784178	S2-122404593,S2-2604214,S2-394500965,S2-792914928,S2-934819432,S3-111593804,S3-119070879,S3-816692076
S1-881400115	S2-109484916,S2-137212562,S2-289393415,S2-343202656,S3-850471681
S1-123450472	S2-357096060,S2-549435130,S2-614825394,S3-759889866,S3-85030477
S1-774343838	S2-544178870,S2-698578696,S3-816957076
S1-783830778	S2-493276144,S2-551556066,S2-851167442,S3-189135697,S3-452876575,S3-560075295
S1-800083381	S2-176046016,S2-620130012,S3-293009719,S3-320179619,S3-896530429
S1-996330019	S2-406004157,S2-808692629,S2-951061353,S3-445460131,S3-471226277,S3-489873432,S3-925209882
S1-625011730	S2-186438875,S2-503986113,S2-715186671,S2-831452507,S3-144139286,S3-709721778,S3-719427166,S3-73385317,S3-938825392
S1-417617663	S2-560474896,S2-74962297,S2-906112404,S3-13683153,S3-35495901,S3-476433974,S3-490572488
S1-51918750	S2-618540288,S2-853780155,S3-133884952,S3-303407156,S3-54701947,S3-637532406,S3-94375894
S1-78009105	S2-497899765,S2-695438970,S2-896340940,S3-488035897,S3-776338661,S3-863339296
S1-961197351	S2-592548889,S3-193148312,S3-492803419,S3-778590665
S1-974275816	S2-122339318,S2-209664252,S2-366981787,S2-642584917,S2-858644655,S3-603241093
S1-186729063	S2-332419906,S2-667006674,S2-761437983,S3-347888978,S3-45578566
S1-422057473	S2-541916306,S2-572517055,S2-893190448,S2-926062673,S2-995703148,S3-152953038,S3-188968564,S3-237187323
S1-621452478	S2-290476920,S2-459137392,S2-678918491,S3-706531007,S3-970744803
S1-118152321	S2-120089200,S2-33521341,S2-392715781,S2-767991021,S2-78046604,S2-893327484,S3-411186658
S1-536052876	S2-225656073,S2-415278085,S2-527634984,S2-875369776,S2-971446278,S3-206367024,S3-465056088,S3-593979578,S3-644490219,S3-931363448
S1-520701165	S2-276591614,S2-522657314,S2-974154298,S3-332892020
S1-10289043	S2-539683466,S2-634261100,S3-254490990,S3-306399581,S3-844865548
S1-85770186	S2-415407055,S2-423213906,S2-498894144,S3-348971026,S3-572530335,S3-801017683
S1-105116714	S2-125593256,S2-893690977,S2-930356946,S3-383668259,S3-480008838,S3-562390195,S3-793083071,S3-960596341
S1-870201989	S2-250217792,S2-319150574,S2-368034585,S2-671886200,S3-184996045,S3-241909973,S3-740447837
S1-469564318	S2-227482593,S2-834006086,S3-179219445,S3-333717109
S1-971174963	S2-164408472,S3-927596802,S3-97354097
S1-658251548	S3-606725174
S1-195212454	S2-466730397,S2-830641347,S3-375986644,S3-596945887,S3-609365748,S3-652067332,S3-74843523,S3-774597651
S1-408449657	S2-179646753,S2-831954410,S3-206805147,S3-827174102,S3-910201948,S3-981487008,S3-989543070
S1-299403649	S2-764395077,S2-767885708,S3-571557229
S1-797074613	S2-149531677,S2-34803182,S2-432273965,S2-925110097,S2-94220345,S3-16343060,S3-34340394,S3-39049770,S3-767507540
S1-886421827	S2-288513969,S2-85550816,S2-932101838,S3-149341844,S3-350057550
S1-608666021	S2-423432387,S2-631306019,S2-715765171,S3-112180285,S3-254154428,S3-346851628,S3-384397481,S3-425705102
S1-356256727	S2-143148176,S2-179325288,S3-267736050,S3-463764602,S3-492488491,S3-510950860,S3-817098273,S3-889446020
S1-899838657	S2-161376386,S2-218876783,S2-30895840,S2-887968818,S3-122283256,S3-50370859,S3-767275302,S3-893091092
S1-728101404	S2-275741587,S2-324168850,S2-511485964,S2-643618888,S2-764098012,S3-311465689,S3-734804860,S3-888301634
S1-429297649	S2-171183171,S2-399385711,S2-416538281,S3-448186553,S3-46032868,S3-499033111,S3-522177499,S3-75343059
S1-43109322	S2-375075171,S2-413447224,S2-420805732,S2-770411529,S2-827458235,S3-304476872,S3-676254093,S3-771477143
S1-363193214	S2-676566508,S2-692963179,S2-699864635,S3-394280276
S1-824027991	S2-764199019,S2-963496611,S2-970073785,S3-345807081,S3-510646283,S3-775840652
S1-431693746	S2-158037674,S2-198538152,S2-310283690,S2-593642596,S3-129621795,S3-215762168,S3-29421994,S3-304230565,S3-711894572
S1-268326211	S2-611240449,S2-922521160,S3-381516963,S3-590995637,S3-683606405,S3-876348671
S1-758716159	S2-558896544,S2-776634640,S3-417290521,S3-42757828,S3-442801472,S3-521519234,S3-781404483,S3-931322377
S1-949276253	S2-146732370,S2-706740368,S3-188932955,S3-733930223
S1-910174774	S2-105482774,S2-867273147,S3-206515444,S3-647539854,S3-829074738,S3-900533639
S1-39002920	S3-157417930,S3-320079020,S3-360819110,S3-431922826,S3-536538119
S1-178591325	S2-100268325,S2-391634319,S2-539998777,S2-602660719,S2-700339263,S3-106513576,S3-179178389,S3-467107285
S1-850813465	S2-117795874,S2-136123579,S2-2732790
S1-750496250	S2-462724164,S2-474073817,S2-49364250,S2-885348860,S3-601100111,S3-634561639,S3-666394637,S3-806725645
S1-718755409	S2-194795522,S2-261157680,S2-389657360,S2-731509979,S3-499653459,S3-603934144,S3-638381212,S3-765207450
S1-979796310	S2-193912504,S2-874009971,S3-308605852,S3-492799302,S3-509333981,S3-523978691,S3-609970541,S3-778983681
S1-475087064	S2-363627848,S2-419028899,S2-560309340,S2-701138916,S2-835817955,S3-250721432,S3-570367764
S1-601808094	S2-348262991,S2-369607025,S2-554486608,S2-897551218,S3-228980429,S3-92497247
S1-525365640	S2-315292448,S2-336790278,S2-581034834,S2-876606631,S3-69541186,S3-723193330
S1-789031762	S2-310924886
S1-995589509	S2-182968397,S2-292613671,S2-416876665,S2-428366821,S2-610053653,S2-64260209,S2-699298371,S3-19197929
S1-520423257	S2-113083335,S2-173440287,S2-818853307,S2-905373098,S2-967249842,S3-393888229,S3-405800833,S3-757133886
S1-994252539	S3-444139062
S1-144126201	S2-316595663,S2-358597725,S3-141601588,S3-294588477,S3-440110698
S1-362672336	S2-186908063,S2-424741601,S2-526710485,S2-775794957,S3-221120954,S3-26873553,S3-509291981,S3-562095329
S1-828411426	S2-638051547,S3-254342215,S3-616081908,S3-750243060,S3-776519426,S3-992219504
S1-569609016	S2-340192735,S2-634478801,S3-194709827,S3-309759426,S3-425268264,S3-650669024
S1-563704697	S2-228501217,S2-649202673,S2-733330153,S3-175480786,S3-309547267,S3-63251491
S1-904771980	S2-620000055,S2-857023126,S3-175534888,S3-643347086
S1-827926871	S2-247270718,S2-514810565,S2-877581906,S3-121886819,S3-644403528,S3-657037133,S3-669133675,S3-670434548
S1-422042868	S2-196864447,S2-239968151,S2-534524426,S2-75006347,S2-932943003,S3-108165387,S3-202013614,S3-740604930,S3-755879629
S1-775203233	S2-28197040,S2-867691181,S2-999026163,S3-456104340
S1-943818293	S2-660340891,S3-351130804,S3-556613540
S1-197859521	S2-211134977,S2-821385884,S2-868098753,S2-907231619,S3-11931896,S3-286302442,S3-77886460,S3-979422353
S1-71726194	S2-324847796,S2-412372170,S2-435493204,S3-135417649,S3-33802421,S3-45540681,S3-921379624
S1-25238831	S2-220174548,S2-334278411,S2-721610683,S3-231110267,S3-318554378,S3-424240248,S3-82285556
S1-488463242	S2-173172809,S2-225107847,S2-348586361,S2-726405130,S3-372701912,S3-545896297,S3-717197493,S3-792614989
S1-660566311	S2-689002779,S2-969638763,S3-104051714,S3-43061994,S3-720594442,S3-779565261,S3-896336588
S1-181590718	S2-115780684,S2-180957155,S2-306013230,S2-882301318,S3-409218969,S3-449979351,S3-582915048
S1-833776162	S2-116046747,S2-125057641,S2-375473093,S2-959543761,S3-228888064,S3-444921350,S3-562677679
S1-686278612	S2-444257919,S2-725791500,S2-776739421,S3-210890485,S3-333236636,S3-442458688,S3-591487727,S3-913730162
S1-607759694	S2-648533205,S2-695107442,S2-896659091
S1-448762228	S3-406251760,S3-823202984,S3-983791846
S1-70172516	S2-665708456,S2-853422436,S3-129870868,S3-278507380,S3-67420706,S3-826223595,S3-984108808
S1-691936087	S3-206346774,S3-278876682,S3-693866176,S3-803617151
S1-669884649	S2-202900647,S2-27960718,S2-383180635,S3-128327374,S3-425367098
S1-150488157	S2-272131981,S2-411161382,S2-454449617,S3-219118233,S3-617232261
S1-407674770	S2-565881595,S2-799539172,S2-840369460,S3-355624203,S3-393567267,S3-398368184,S3-446661514,S3-930553068
S1-775826544	S2-106106055,S2-314003654,S2-704217618,S2-852997997,S2-963890760,S3-494961676,S3-667718610,S3-716706834
S1-409204886	S2-196515463,S3-601300955,S3-995602456
S1-588487671	S2-212402198,S2-395587690,S2-69043188,S3-378374808,S3-561466338,S3-875262127
S1-552647398	S2-124467697,S2-289731308,S2-591619824,S3-165567431,S3-510587378,S3-638522578,S3-78588497,S3-865819398
S1-396406872	S2-322321350,S2-616542541,S2-618238352,S2-745234458,S3-493308880,S3-887375060
S1-29037687	S2-832821409,S3-479443878
S1-778066732	S2-371968906,S2-740975349,S2-933284114,S2-995642152,S3-122821309,S3-643101306,S3-83672041,S3-980247562
S1-989316768	S2-610332651,S2-764168308,S2-901709596,S3-615744513
S1-547610931	S2-361656312,S2-561121602,S2-632876368,S2-725774694,S3-378635708,S3-461517942,S3-776650328,S3-836867737,S3-962944697
S1-329967292	S2-199817350,S2-23751975,S2-748216725,S2-802491602,S3-318516655,S3-324758108,S3-869452358,S3-891694034
S1-654594661	S2-704279953,S2-840283523,S3-280761778,S3-910765878
S1-281834631	S2-302301288,S2-556078242,S2-974055421,S3-372971479,S3-777386740,S3-811877287,S3-995929042
S1-338959936	S2-123356852,S2-19455821,S2-221745543,S2-654279218,S2-657863486,S3-144337170,S3-484671433,S3-536054337,S3-772782124
S1-995248527	S2-118526365,S2-213298469,S2-480079003,S2-505335625,S3-449888973,S3-708327366,S3-819212559,S3-883149595
S1-960921712	S2-593671254,S2-595440391,S3-253641605,S3-380004955
S1-287151853	S2-765629091,S3-409634549,S3-70198947,S3-702666218,S3-900627922
S1-537767320	S2-450698192,S3-233061080,S3-606899629
S1-345164654	S2-34821973,S2-481799918,S2-885673129,S2-957165209,S3-160661152,S3-299195738,S3-708928467,S3-83212780
S1-778723915	S2-250602320,S2-322138986,S2-363227372,S3-237901743,S3-457556970,S3-861527493,S3-946366014,S3-999541190
S1-700340552	S2-319077259,S2-766705518,S2-886077359,S3-118798812,S3-153372494,S3-826811047
S1-420262942	S2-377276642,S2-591733113,S2-719102442,S2-923279440,S3-276279911,S3-326846282,S3-969083476
S1-9286046	S2-198956143,S2-25243800,S2-380124130,S3-102222663,S3-192375055,S3-235673418,S3-326846794,S3-696556281
S1-843799121	S3-750307251,S3-861239376,S3-868602359
S1-173990232	S2-244085214,S2-496601704,S2-557624098,S3-261752337,S3-863019210
S1-958406641	S2-733237183,S3-12699017,S3-346602855,S3-686337844,S3-719195033
S1-179978286	S2-900415398,S2-956163127
S1-784538693	S2-443925182,S2-485376410,S2-600288779,S3-496184519,S3-599475799,S3-640868359,S3-684805645,S3-715606369,S3-853577961
S1-132167781	S2-202626146,S2-206446664,S2-602502623,S3-557574105,S3-744968153,S3-755525261
S1-538857839	S2-147275425,S2-455372423
S1-783325346	S2-584313296,S2-887140393,S3-121529604,S3-817402614,S3-848650686
S1-941675977	S2-740195321,S3-558839316,S3-565063972,S3-74011754,S3-880201958
S1-545983369	S3-195298871,S3-409311631,S3-435099478,S3-898628351,S3-922301584
S1-992075031	S2-106973718,S2-305288598,S2-455769823,S2-738282473,S2-739127548,S3-302034678,S3-707450991,S3-858082849
S1-812610920	S2-153551010,S2-610756997,S3-286541991,S3-390518156,S3-413843745,S3-553248395,S3-617177109,S3-801103880
S1-999996921	S2-492529112,S2-520500964,S2-59682231,S2-81960189,S2-896410710,S3-315379331,S3-477106059,S3-502551827
S1-285072149	S3-987016572
S1-35241133	S2-494258386,S2-707463874,S2-728592747,S2-740505780,S2-91123968,S2-974214311,S3-509910604,S3-583123940
S1-787875366	S2-2057216,S2-520904860,S2-62873318,S2-807115064,S3-107562892,S3-198967598,S3-777132745,S3-947066941
S1-712865080	S2-897845534,S3-893744626
S1-246620706	S3-864936093
S1-632662475	S2-103732645,S2-336125589,S2-938741148,S2-963642089,S3-167117581
S1-393870707	S2-30299328,S2-496552709,S3-415337235,S3-763165326,S3-820811774,S3-85337552,S3-899074441
S1-858555240	S2-244588549,S2-599972505,S2-623050879,S3-326102701,S3-440747969,S3-899917194
S1-565513635	S2-393462302,S2-412550320,S2-80772947,S3-45016455,S3-631879651
S1-702712801	S2-912514544,S2-980012114,S3-130147972,S3-284802614
S1-531526467	S2-517854286,S2-812592178,S2-937699113,S2-992935661,S3-295578611,S3-301706769,S3-502014292,S3-789011224
S1-168560755	S2-169663306,S2-615550645,S3-140543682,S3-26274447,S3-739303927,S3-764496024
S1-335020725	S2-126045996,S2-296674576,S2-402941289,S2-565738087,S2-73884358,S3-373044052,S3-897046100
S1-378782855	S2-699484019,S2-815233340,S2-998296789,S3-57701395,S3-659360795
S1-494181063	S2-465504920,S2-967414554,S3-123552544,S3-356716228,S3-361439845,S3-449498308,S3-909062203
S1-634433848	S2-196746144,S2-306809160,S2-463741431,S2-762823439,S2-817549189,S2-85465416,S3-811957353,S3-962867160
S1-802201480	S2-288077245,S2-365309001,S2-568220401,S3-141978245,S3-738497961,S3-949361457
S1-422819194	S2-508247305,S2-740018024,S2-86689257,S2-901124060,S2-931210850,S3-591534063
S1-499413241	S2-230620979,S2-324732649,S2-671966252,S3-126603054,S3-312621936,S3-479618329,S3-746986556
S1-931259075	S2-626811222,S2-881847239,S2-905332890,S2-928105590,S3-789816967
S1-926536025	S2-449425939,S2-755433934,S2-895633789,S2-907440340,S3-329690324,S3-49891172,S3-562086194
S1-801543180	S2-109106974,S2-693252190,S3-143769230,S3-197648435,S3-298700244,S3-91691747,S3-995238119
S1-807521054	S2-272819476,S2-70704219,S2-960081586,S2-993912649,S3-449609268
S1-474738947	S2-413240739,S3-234461284,S3-615989109
S1-10147117	S2-430133894
S1-307914737	S2-891664362,S3-319174297,S3-367196483,S3-376299341,S3-625342165
S1-969856634	S2-121113157,S2-337445904,S2-784773195,S3-654621975,S3-843717317,S3-951525094,S3-969799016
S1-320589989	S2-161010067,S2-342568738,S3-438823167,S3-723235230
S1-468640470	S2-44251649,S2-857078312,S3-197478743,S3-399181182,S3-408398046,S3-501284769
S1-914746883	S2-256483715,S2-327937556,S2-350529237,S2-582597599,S2-727517638,S3-141115451,S3-913725369
S1-453249638	S2-44586269,S2-685626350,S3-59891659,S3-936269948,S3-966893533
S1-952584271	S2-32689167,S2-410988579,S2-647353387,S2-67199251,S2-756254904,S3-640484097,S3-683206626,S3-685807781
S1-93358403	S2-933299223,S2-976323784,S3-853287379,S3-886657930
S1-566134526	S2-996898890,S3-39525535,S3-47758048,S3-567124886,S3-989097116
S1-859034505	S2-164838684,S2-894924353,S2-997525346,S3-297409540,S3-321989171,S3-413649506,S3-436371062
S1-507007444	S3-647621539
S1-63179395	S2-354959519,S2-370345586,S2-603735573,S2-62956456,S2-747886007,S3-38330555,S3-480455576,S3-620614230
S1-317587697	S2-328562684,S2-408158780,S2-993394404,S3-224438578,S3-701914188
S1-432027191	S2-200675
S1-39340755	S2-285900892,S2-65066304,S3-342177482
S1-410442208	S2-166196840,S2-462991011,S2-592138617,S2-788832393,S2-805050005,S2-864162108,S2-886706040,S3-975939761
S1-485250605	S2-239601474,S2-273854014,S2-288028532,S2-350751415,S2-397276966,S2-72045100,S2-818312231,S3-331888776
S1-271647984	S2-462057763,S2-586834878,S2-753863534,S3-372311296,S3-459799009,S3-537009937,S3-5398899
S1-91380943	S2-169300832,S2-51435294,S2-741596498,S3-486266345,S3-544560876,S3-741900708,S3-847225802,S3-949643004
S1-559194563	S2-120318420,S2-144587010,S2-191840269,S2-96122211,S3-409799537,S3-513840239,S3-700764902,S3-945878888
S1-157860365	S2-246206637,S2-293623906,S2-525788120,S2-743372954,S3-121984253,S3-240619741,S3-309666301,S3-839713680,S3-859567200
S1-576514771	S2-453897795,S2-60258564,S2-607314339,S3-291380997,S3-591461424,S3-78932462
S1-161922873	S2-210495410,S2-31034209,S2-368100828,S2-776298850,S2-99186484,S3-258765781,S3-357704361,S3-902832346
S1-984349687	S2-338630414,S2-397118258,S3-495600699,S3-684493689
S1-626370241	S2-395316617,S2-61141156,S2-991937897,S3-240517932,S3-638069373,S3-647930973,S3-878422706
S1-609068757	S2-21124632,S2-219540210,S2-231951142,S2-242317162,S3-601452064,S3-652827257,S3-710800186,S3-862967587
S1-998865632	S2-115810571,S2-363074488,S2-748985479,S3-11201910,S3-35079560,S3-398470607
S1-841779385	S2-213152287,S2-908280012,S3-147321881,S3-229054507,S3-829793046
S1-281351359	S2-174976453,S2-267412677,S2-338260657,S2-84712846,S2-988224926,S3-322051272,S3-503889409,S3-711185446
S1-42027415	S2-172346795,S2-928972811,S2-932396244,S3-109932042,S3-334027497,S3-583455874,S3-699509063
S1-475472890	S2-252553975,S2-497607433,S2-572157691,S2-582137721,S2-741994893,S2-765691271,S2-770012677,S3-519407562
S1-641281384	S2-10178761,S2-149345973,S2-250627467,S3-196264086,S3-213193724,S3-790676277,S3-795801407
S1-715571289	S2-94294705,S3-197373602,S3-807424230,S3-839083996
S1-874056196	S2-432288583,S2-473274176,S3-375350927,S3-460439457,S3-558234591
S1-83969493	S2-565402347,S2-717155450,S3-118948698,S3-571027967,S3-902708035
S1-635306353	S2-2624865,S2-289269727,S2-502167439,S3-116616641,S3-24586951,S3-493870940,S3-723241918,S3-988739744
S1-655133341	S2-46668534
S1-86479901	S2-479901244,S2-641981285,S2-684681583,S2-738177620,S3-314435664,S3-324866022,S3-361380357,S3-516393516
S1-336220780	S2-151458933,S2-420381269,S2-590824809
S1-351708260	S2-290843018,S2-542465307,S2-73770166,S3-170573038,S3-417314655,S3-64841225,S3-780842044,S3-899338118
S1-150531436	S2-305667987,S2-564910325,S2-618207057,S2-712817241,S2-954875400,S3-404017773,S3-436196468
S1-184744766	S2-239043401,S2-288813755,S2-399734735,S2-702554935,S3-297862217,S3-646027374,S3-69782084,S3-834492641
S1-79689211	S2-565064428,S3-270226549,S3-521888091,S3-5469516
S1-350778280	S2-553381523,S2-589194562,S3-280544759,S3-64492784,S3-805014700
S1-535714580	S2-289199941,S2-715551246,S3-681227007,S3-720449304,S3-819578739
S1-127823954	S2-352091287,S2-925611776,S3-163004222,S3-265768018
S1-616606172	S2-127100981,S2-876246828,S3-420842480,S3-827452026,S3-923007051
S1-696655998	S2-238872691,S2-48139082,S2-511584234,S3-417231225,S3-75509604
S1-417343953	S2-611551777,S2-789191698,S3-105020098,S3-149474015,S3-70293889,S3-952248387,S3-986507486
S1-50227392	S2-371660098,S2-616594671,S2-698698168,S3-38288219,S3-561782393,S3-73947749,S3-750925162,S3-903692911
S1-418762765	S2-66793777,S2-713565257,S3-290882539,S3-298732266,S3-439527303,S3-475263799,S3-62872556,S3-687861380
S1-771288456	S2-133233299,S2-375494318,S2-557591328,S2-599609748,S2-813397030,S3-693987275
S1-149989854	S2-14259120,S2-254531603,S2-291035648,S2-592074772,S2-904153734,S3-174550174,S3-202293698,S3-521235437
S1-993763448	S2-944711572,S3-330868419,S3-359556644,S3-578482908,S3-630859052,S3-706546356,S3-74197343,S3-796487793
S1-970223663	S2-193438572,S2-285674176,S2-393659493,S2-807265941,S3-237267753
S1-689302587	S2-268974177,S2-501809825,S2-627270897,S2-844873035,S2-938616427,S3-317290780,S3-578600025,S3-986217479
S1-715845664	S2-102595043,S2-417343115,S2-685335671,S2-987833161,S3-1656768,S3-223457285,S3-293750823,S3-764441891
S1-680926841	S2-379880790,S3-949066982
S1-158996760	S2-896638683,S2-940764070,S3-818070243
S1-147589192	S2-22073542,S2-534547581,S2-800329603,S2-836872037,S3-276208582,S3-750372795
S1-973681990	S2-150665631,S2-27496743,S2-292135953,S2-8426661,S3-708175895,S3-763207105,S3-784005453,S3-968794160
S1-898177027	S2-543660385,S2-779495489,S2-781105156,S2-863361544,S3-190623605,S3-345916085,S3-424869025,S3-831109112
S1-657465189	S2-163777559,S2-660077555,S2-807573295,S2-867018533,S3-178334920,S3-434832430,S3-473184073,S3-780054821
S1-173493772	S2-161524941,S2-211333016,S2-213275424,S2-426900495,S2-596410307,S2-725548718,S3-409614194,S3-409724957,S3-622650635,S3-972228873
S1-202177028	S2-260526723,S2-459186279,S2-637450102,S2-866603675,S3-803761623,S3-894708504
S1-11910435	S2-581838980,S2-879976868,S2-910147974,S2-935858445,S3-321131842,S3-747192405,S3-916066234,S3-972971229
S1-436773220	S2-226427628,S2-589072993,S2-620580262,S2-754129334,S3-235545855,S3-277910809,S3-397700768,S3-686913620
S1-285732620	S2-83752531,S2-910751964,S3-288015064,S3-679936669,S3-706426935
S1-709370139	S2-515345976,S2-878252401,S2-886538813,S2-984526485,S3-141275378,S3-231162709,S3-687163226,S3-961386090
S1-252122985	S2-226197251,S2-484425256,S3-264035416,S3-317373411,S3-4658441,S3-682380263,S3-837949387,S3-880097849,S3-98621312
S1-471814011	S2-616705907,S2-792440740,S3-435285091,S3-463129009,S3-553292711,S3-602305373,S3-608439405,S3-811810682
S1-284852967	S2-253105872,S2-867076846,S3-139265133,S3-57900063
S1-976551345	S2-303724773,S2-643729029,S2-705742979,S2-829827989,S3-305547495,S3-8707919,S3-990015530
S1-355993742	S2-109179211,S2-758921244,S2-888238871,S3-187822826,S3-323936170,S3-382827687
S1-763294390	S2-660218073,S2-934831550,S3-19990196,S3-330156541,S3-336893260,S3-45648323,S3-980397221
S1-80596849	S2-223616332,S2-651984912,S3-276502683,S3-490600873,S3-59853879,S3-761722946
S1-820316214	S2-250501646,S2-28255556,S2-610242847,S2-840201398,S3-362688357,S3-387660254,S3-487549679,S3-689112802,S3-987197472
S1-84540224	S2-138532856,S2-765272899,S2-88204327,S3-605050659,S3-684702686,S3-833329782
S1-229737695	S2-16119180,S2-240978745,S2-526540606,S2-849341959,S3-424710026,S3-699779804
S1-263895273	S2-492024698,S2-602509697,S2-695421502,S2-964070127,S3-578799498
S1-801652887	S2-193142799,S2-594579888,S2-702631033,S2-998121172,S3-382665717,S3-780195546,S3-90848614
S1-302545518	S2-220818177,S2-288869252,S2-407376895,S2-41499364,S3-673617594,S3-757342843,S3-975519763
S1-387034478	S2-557811990,S2-640903031,S3-222935425,S3-339160225,S3-64675276,S3-705338906,S3-757847376,S3-85218834
S1-552869189	S2-410755357,S2-839282116,S2-845716865,S3-492049295,S3-603446356,S3-687482920
S1-628750577	S2-100408575,S2-12442607,S2-953553422,S2-984644447,S3-155252607,S3-43812579,S3-488367491,S3-754854626
S1-529637076	S2-504256804,S2-581868039,S2-969233553,S2-978097504,S3-177004236,S3-187501842,S3-215450995,S3-687020194
S1-397911773	S2-469226831,S2-555953670,S3-150528564,S3-725059173,S3-900658769
S1-51452542	S2-147261283,S2-397938073,S2-478403298,S3-211012406,S3-316317157,S3-344272571,S3-372152419,S3-595608170,S3-974385708
S1-306227678	S2-201081358,S2-249800851,S2-450436681,S2-528547073,S2-855713306,S3-523842467,S3-959178802
S1-275722339	S2-164200026,S2-175562534,S2-210809472,S2-420240029,S2-66670832,S3-719881627,S3-995468216
S1-682776043	S2-139295704,S2-305789364,S2-59108170,S3-724416429
S1-143999522	S2-347745404,S2-609008222,S2-837938169,S3-277100283,S3-314106403,S3-492515704,S3-711478188,S3-961275908
S1-745510193	S2-390525060,S2-510933010,S2-593577577,S3-345684169,S3-452396743,S3-484354278,S3-511066467,S3-793929538
S1-595443736	S2-1297442,S2-435510891,S2-463321362,S3-300892129,S3-468149127,S3-541369262,S3-679244841,S3-841632021
S1-446356368	S2-924924346,S3-243050592,S3-661242408,S3-773043368,S3-817322406
S1-199562809	S2-106981420,S2-671442709,S2-740853166,S3-162260768,S3-513227246,S3-577309905,S3-84180063,S3-880920351
S1-251806961	S2-485603638,S2-727842603,S2-853262165,S2-905539520,S3-161015267,S3-502602948,S3-921001260
S1-892534727	S2-593353164,S2-62414788,S2-737216964,S2-82626034,S3-243814164,S3-76617142,S3-90483805
S1-755843637	S2-192602361,S2-44984616,S2-637464041,S3-828177009,S3-850571284
S1-307199320	S2-233453423,S2-513856290,S2-557607936,S2-857907215,S3-279490474,S3-534409925,S3-605066264,S3-805518648
S1-631877977	S2-308156163,S2-578181935,S2-623867016,S2-728047242,S2-73217220,S3-159981053,S3-353180314,S3-397305297,S3-773227468,S3-98743692
S1-164146289	S2-371820185,S2-598219698,S2-651043735,S3-18765699,S3-474632633,S3-61227477,S3-98054305
S1-490736709	S2-218328657,S3-22088661,S3-289833090,S3-625514886,S3-828980557,S3-863256971
S1-600065378	S2-256191677,S2-424424138,S2-884803331,S3-16968037,S3-207552427,S3-611660440,S3-720742280,S3-960944783
S1-918545242	S2-303741203,S2-517718519,S3-279233731,S3-340941536,S3-455212014,S3-754009762
S1-682017974	S2-484502832,S2-569349484,S3-568156557,S3-682019929
S1-518958477	S2-176449030,S2-228331060,S2-570171590,S2-685494429,S2-995817528,S3-149754797,S3-499650659,S3-628847979
S1-223580886	S2-433927406,S3-370972658,S3-436506574,S3-860237392
S1-730009155	S2-149054878,S2-151171670,S2-45394981,S2-539119125,S2-936991533,S3-203874107,S3-713332356,S3-762374532
S1-217914926	S2-477062804,S2-547057454,S2-70377353,S3-42609799,S3-579908540,S3-759388779,S3-878638664
S1-495827263	S2-117257300,S2-190651893,S2-982398722,S3-128967799,S3-455002629,S3-496827750,S3-860952262
S1-303347859	S2-486692333,S2-967784092,S3-414710242,S3-599677323,S3-832526562,S3-882941171
S1-323310574	S2-173519738,S2-388339675,S3-20710397,S3-231904898,S3-284498961,S3-334527031
S1-678363580	S2-614603412,S2-739156123,S2-98202938,S3-337088899,S3-732045061,S3-776591981
S1-457518446	S2-383397545,S2-821869771,S3-318193547,S3-561736455,S3-580117212,S3-61340296,S3-890848241
S1-905812798	S2-786974370,S2-98852236,S3-354487532,S3-512312474
S1-887561405	S2-371901093,S2-425682584,S3-937875940
S1-678965947	S2-395954125,S2-784156842,S2-872903080,S2-996328220,S3-272576245,S3-626218127,S3-841361092,S3-916636266
S1-862011667	S2-120889512,S2-580702580,S3-744323120,S3-92668515
S1-499459764	S2-728143200,S3-54266384,S3-610659872,S3-649104071
S1-403570424	S2-100520286,S2-385766328,S2-569824179,S2-628568656,S3-452118362,S3-46680927,S3-477496005,S3-562399640,S3-565502708
S1-667693577	S2-136192591,S2-52256586,S2-619594884,S2-78846723,S3-638042093,S3-815695181,S3-832202675,S3-901922902
S1-914368582	S2-461478438,S2-865984263,S3-452836194
S1-818052356	S2-108350728,S2-542996060,S2-657132551,S2-72445515,S3-439460579,S3-56667713,S3-881219626
S1-722109572	S2-198255016,S2-303060482,S2-521806052,S3-367793266,S3-707703887
S1-317322066	S2-197079697,S2-534111257,S3-358395363,S3-960763048
S1-559781905	S2-379145970,S2-736769763,S3-540745086,S3-560083067,S3-988692530
S1-786710786	S2-319155196,S3-260419251,S3-47980304,S3-589754476,S3-629009928,S3-742992191,S3-801524112
S1-177580551	S2-240455526,S2-980021787,S3-142321770,S3-173463400,S3-327872989,S3-526385109,S3-562145494,S3-966767228
S1-6031293	S2-341777940,S2-399377035,S2-446193247,S2-643086740,S3-75498444
S1-509489715	S2-156322125,S2-390385285,S2-939006662,S3-186094636,S3-404148660,S3-414679392,S3-434108389,S3-574278601
S1-926261898	S2-514266367,S2-67740497,S2-947631964,S3-201074583,S3-615100616,S3-824772
S1-528911445	S2-306893956,S2-382643314,S3-127771898,S3-147128661,S3-243022800,S3-328867089,S3-654575927,S3-726665299
S1-373429262	S2-423005222,S2-488009184,S2-63636018,S2-720799282,S3-199726910,S3-453851441,S3-692095727,S3-719488189
S1-355452242	S2-242227148,S2-905591594,S2-923178006,S3-379427833,S3-536437905,S3-663946293,S3-710740616,S3-835410516
S1-745588014	S2-217185575,S2-39439866,S2-903713761,S3-316534825,S3-415248283,S3-715971939
S1-467271266	S2-498032982,S2-89565681
S1-732066600	S2-345136871,S2-630836047,S2-996940567,S3-270661643,S3-423411731,S3-899066063
S1-831074973	S2-170541314,S3-322658010,S3-362421150,S3-456721024,S3-598066296
S1-285590158	S2-393515398,S2-573812233,S2-677071178,S2-953419467,S3-338230044,S3-596015055,S3-656410463
S1-862162365	S2-690958575,S2-777440535,S2-863397602,S3-112827933,S3-211351135,S3-332527500,S3-722845266,S3-86748408
S1-373078577	S2-868427494
S1-459579842	S2-166093107,S2-518328333,S2-833365925,S3-35265691,S3-483578519,S3-715089583,S3-872063754,S3-999060948
S1-457812338	S2-911103682,S2-946965805,S3-111829695,S3-375152399,S3-536264874,S3-825769280,S3-97515370
S1-944120034	S2-935455331,S3-353167120,S3-482410546,S3-618937033,S3-779817922,S3-836087151
S1-714629845	S2-192661614,S2-412254361,S2-628135955,S3-779913929,S3-872865097
S1-317837837	S2-486803307,S2-853585272,S3-285342477,S3-418553311
S1-660863871	S2-846803163,S2-853878188,S3-937888370,S3-960443759
S1-481663225	S2-242557714,S2-426787806,S2-660385776,S2-749448115,S2-880217688,S3-210559290,S3-357652944,S3-401361724
S1-393069195	S2-451363717,S2-538048462,S2-931204595,S3-55779062,S3-587720098,S3-916489833
S1-764120159	S2-676870870,S2-770130504,S3-414421273,S3-417538080,S3-513708225,S3-554423863
S1-703270628	S2-20494210,S2-298512901,S2-742825757,S2-795385847,S2-849246438,S2-851518459,S3-463752463,S3-837625422
S1-245742411	S2-167405156,S2-979424371,S3-376273554,S3-484407548,S3-708382735
S1-933504634	S2-158715989,S2-299486043,S2-492222627,S2-731428091,S3-547684700,S3-766122038,S3-975091950
S1-461479625	S2-331618920,S2-968501607,S3-358870845,S3-414759495,S3-544784248
S1-808561376	S2-388693662,S2-745372294,S3-243467292,S3-71492660
S1-293011736	S2-13248977,S2-230136246,S2-345279468,S2-411876717,S2-964515300,S2-991988189,S3-140342511,S3-463381069,S3-690507132,S3-725217918,S3-744553767
S1-606269220	S2-219795985,S2-752191136,S3-845824773
S1-37214838	S2-395603963,S2-637423009,S2-651439627,S3-268339783,S3-354018017,S3-45890181,S3-515173656,S3-744795041
S1-386198119	S2-400046598,S2-874776109,S3-181088610
S1-463015763	S2-18122271,S3-167623879,S3-488638377,S3-640066113,S3-779721961,S3-787049357
S1-523030272	S2-284928792,S2-556768003,S2-970670085,S3-571268201,S3-626028623,S3-719598335,S3-872166073,S3-926293650
S1-892152132	S2-181935836,S2-557607936,S2-694390427,S3-727417581,S3-772943648,S3-809259023,S3-862886159,S3-99076489
S1-295806376	S2-627246721,S3-134004051,S3-464691876,S3-488217603,S3-641609198
S1-247693809	S2-452152009,S2-746866366,S2-931244013,S2-950323548,S2-952868612,S3-15897039,S3-628912892,S3-644343785
S1-823493377	S2-151461860,S2-267924499,S2-464333762,S2-687449626,S2-855739753,S3-427132930,S3-550145165,S3-979310508
S1-29472381	S2-403319992,S2-91392292,S2-940946268,S3-514892018,S3-577680566,S3-754951591,S3-916281458,S3-923920262
S1-422319063	S2-200586590,S2-476037510,S2-525554234,S3-381844217,S3-446804380,S3-70915017,S3-767248811
S1-201956656	S2-192218535,S2-549142246,S2-590683917,S2-719130974,S2-992424579,S3-225403846,S3-333886341
S1-852263489	S2-479464711,S2-529085229,S2-602591543,S2-76722022,S3-132309994,S3-598436343,S3-661007132,S3-785746162,S3-877860676
S1-825138435	S2-785352450,S3-216439714,S3-297563505,S3-327163832,S3-94470331
S1-230317503	S2-557585335,S2-674917478,S2-735258704,S2-842847114,S3-140220929,S3-227955386,S3-493385000,S3-496645673
S1-553700075	S2-181069775,S2-547209307,S2-588930892,S2-641375918,S2-64898771,S3-321352751,S3-467920094,S3-701582060
S1-567453435	S2-744919903,S3-690714222,S3-911475930
S1-480847536	S2-859290245,S3-118664010,S3-356063628,S3-388731533,S3-505938048,S3-649271945,S3-724620680
S1-286177046	S2-480997232,S2-512655988,S2-516451481,S2-68005261,S3-396990383,S3-572307954,S3-604638454,S3-673077065
S1-765408402	S2-63952631,S2-655431159,S2-686847978,S3-137604654,S3-266762636,S3-33872785,S3-389750916,S3-761427704
S1-562455267	S2-803270256,S2-911017011,S3-278780981,S3-375094407,S3-728243972,S3-991183353
S1-729757798	S2-108618422,S2-277887709,S2-309255985,S2-622116376,S2-623773932,S3-212787863,S3-842831449
S1-38193725	S2-406126829,S2-588312012,S2-659008586,S2-880337675,S3-629526097,S3-678917989,S3-708012088
S1-604531817	S2-378288072,S2-467793381,S3-186671034,S3-208904316,S3-736856119,S3-825125922,S3-962728073
S1-117040790	S2-207103753,S2-827052714,S3-810743095,S3-91310448
S1-801273777	S2-641669321,S2-668076972,S2-790647857,S2-793336564,S3-30207515,S3-745325701,S3-862167888,S3-866703634
S1-361796855	S2-10888652,S2-281789140,S2-588686434,S2-751632915,S2-863907009,S3-217793049,S3-248020059
S1-573314843	S2-453851492,S2-804139425,S3-290353360,S3-937718978
S1-22213170	S2-28650898,S2-769124926,S3-133659635,S3-230336154,S3-38077344,S3-676481113,S3-918553415
S1-275024118	S2-120381329,S2-14590762,S2-304942180,S2-646487087,S2-965454445,S3-26243171,S3-329196593,S3-71146711,S3-942734635
S1-696894598	S2-238263434,S2-34971066,S2-561843910,S2-634816582,S3-174877690
S1-479660107	S2-125503812,S2-207779049,S2-219893714,S2-485365792,S2-695694390,S2-958873849,S2-979140774,S3-104432442
S1-828496525	S2-923173386,S3-212837101,S3-308964761,S3-56546803,S3-642493816,S3-662969187,S3-665667079,S3-93550784
S1-173413264	S2-273342251,S2-596504582,S3-11891725,S3-402198455,S3-779749501
S1-801183951	S2-293149278,S2-543715844,S2-559422017,S2-832211576,S2-887697217,S3-120262720,S3-520623911,S3-645131428
S1-215477741	S2-100298630,S2-109001158,S2-144855047,S2-314237600,S2-893199513,S3-67948455,S3-779570905,S3-79473379
S1-352931328	S2-432441278,S2-731745033,S2-986167031,S3-123046350,S3-179543495,S3-382457256,S3-759670848,S3-906926837
S1-317412843	S2-236859276,S2-257070479,S2-313789589,S2-367628232,S2-587768357,S3-136718716,S3-819427324,S3-882300861
S1-146825696	S2-187067164,S2-309354544,S2-643407430,S2-760529747,S3-467781396
S1-810565883	S2-190119082,S2-384014482,S2-449090694,S2-746586822,S2-982407886,S3-309798239,S3-759901669,S3-956267590
S1-651356307	S2-548193432,S3-258540044,S3-295253596,S3-474939080,S3-602775013,S3-747990686,S3-96479792,S3-987374182
S1-771349113	S2-435659204,S2-567497681,S3-318398916,S3-574749112,S3-62454965,S3-771775458
S1-74184957	S2-103835773,S2-616522063,S3-246285546,S3-410352904,S3-527821379,S3-999620347
S1-399922700	S2-15530237,S2-543892591,S3-289564854,S3-388023613,S3-52059726,S3-823802771,S3-871013039,S3-875050581
S1-95652996	S2-758134358,S3-236574933,S3-73584951
S1-877164377	S2-24842837,S2-295661811,S2-400892937,S2-812473744,S2-835587678,S3-327763373,S3-502487495,S3-764069369
S1-432488054	S2-26884249,S2-306336367,S2-331899967,S2-429937538,S2-706829248,S3-226931567,S3-464593067
S1-78785334	S2-169991349,S2-641449435,S2-653724115,S2-879427299,S2-906635103,S3-569812464,S3-609545835,S3-941945321
S1-83994471	S2-329512540,S2-612287197,S2-845991796,S2-847754831,S3-580957642,S3-746006093
S1-494723939	S2-382534762,S3-222723274
S1-398855929	S2-555214002,S3-646314186,S3-792585215
S1-344630593	S2-275075225,S2-92961715,S2-960357743,S3-434895798,S3-455189862,S3-734558294,S3-785675553,S3-961952120
S1-229868833	S2-228853497,S2-309853385,S2-312647488,S2-314850140,S3-57675120,S3-903269550
S1-492523123	S2-565726663,S2-631380760,S3-57046876
S1-784515344	S2-109629683,S2-553672466,S2-605881648,S2-962015210,S3-566604954,S3-63230454,S3-780403473,S3-936363634
S1-46892180	S2-149753790,S2-468863566,S2-634443012,S3-255316135,S3-614333849,S3-957449683
S1-454862185	S2-129421638,S3-821331754
S1-341915839	S2-579026194,S3-16980457,S3-213379641,S3-781848273,S3-844653105,S3-920550190
S1-307682741	S2-161495974,S2-488069852,S2-884783688,S3-538415805,S3-540842141,S3-861594450,S3-87846940
S1-23978395	S2-575265506,S2-886030718,S3-395107384,S3-479016113,S3-818461169,S3-988348657
S1-940784491	S2-334641593,S2-381299792,S2-719899636,S2-766325794,S2-958740221,S3-666247549,S3-701086723,S3-918047679
S1-136087096	S2-555920273,S2-737478767,S3-314651245,S3-435433446,S3-730010396
S1-612350883	S2-520538197,S2-566036254,S2-81862387,S3-834466889,S3-881114045
S1-470331329	S2-214165519,S2-500290928,S2-73603196,S2-743637063,S3-531827638,S3-693682096,S3-713860740,S3-716366446,S3-93948598
S1-680605999	S2-342173454,S2-372911843,S2-399367,S2-742344033,S2-818657324,S3-441450240,S3-545857517,S3-939972017
S1-706589768	S2-112496099,S2-275924578,S2-301744692,S2-469767968,S2-833292355,S2-920679042,S3-909466748,S3-938861625
S1-459838977	S2-303442568,S2-61399851,S3-152308225,S3-399774112,S3-467566562,S3-881918815
S1-132347480	S2-543034283,S2-56699638,S2-654004080,S3-798810442,S3-817302031
S1-928490288	S2-637196557,S2-953008648,S3-287912862,S3-663941537,S3-884770463
S1-648310554	S3-592504137
S1-940738741	S2-15839082,S2-572446682,S2-78234501,S2-965416771,S3-162137553,S3-251097067,S3-595068233,S3-774509306,S3-897316194
S1-535945961	S2-217253806,S2-243124744,S2-330721520,S2-441325143,S2-769464233,S2-831513424,S3-348913086,S3-710208284
S1-461968843	S3-829193520
S1-338019006	S2-223601570,S3-312882370,S3-467709834,S3-493684809,S3-626182656,S3-661229504,S3-903633173,S3-925873895
S1-99105980	S2-253805944,S2-273420722,S2-491263876,S3-259216780,S3-630553861,S3-637679901,S3-763815333,S3-88412743
S1-956101450	S2-219981430,S2-858531077,S3-151545194,S3-376678556,S3-924633109,S3-989734057
S1-931248778	S2-16788441,S2-238205652,S2-389882894,S2-508294332,S2-695023801,S2-751815432,S2-917664333,S3-586450151
S1-794547113	S2-100473169,S3-388722262,S3-649619834
S1-919409996	S2-311806607,S2-881479691,S2-881848926,S3-564514372,S3-590164134,S3-786514168,S3-973885437
S1-343114531	S2-41358429,S2-688493831,S2-83519678,S3-120317041,S3-138750636,S3-462699365,S3-770740914
S1-400119390	S2-343092306,S2-712283747,S2-801402203,S3-243213533,S3-459974609,S3-497143366
S1-737256869	S2-338525688,S2-418833596,S2-578967344,S3-307975166,S3-689310515,S3-769089953
S1-586198821	S2-266389259,S2-579010715,S3-126488669,S3-542735449
S1-660914928	S2-727122365,S3-516981164
S1-346882069	S2-68304887,S2-745485775,S3-646977218,S3-898186825
S1-757127205	S2-353748678,S2-454406827,S2-729145028,S3-167667398,S3-335965983,S3-5365923,S3-757505751
S1-941664504	S2-187146467,S2-307687451,S2-612280945,S2-976848846,S3-287653721,S3-453863603,S3-766222376,S3-98049493
S1-734233428	S2-469966732,S2-684817451,S3-800961126,S3-896291215
S1-323651499	S2-134953979,S2-195175759,S2-282359121,S3-449638365,S3-651992912,S3-67765090
S1-623853019	S2-350760252,S2-439527310,S2-467855953,S2-592351406,S3-324219925,S3-389571225,S3-531778095,S3-878633098
S1-670754521	S2-114367816,S2-425196353,S3-405075023,S3-856336555
S1-258168068	S2-193159923,S2-439119425,S2-511250257,S2-604551483,S2-784529370,S3-181465467,S3-987173969,S3-989663010
S1-780023477	S2-259647504,S3-162097127,S3-164198479,S3-581565279,S3-851324621
S1-171316010	S2-277748679,S2-695361846,S2-903135214,S3-201517266,S3-569074453,S3-943642689,S3-989816269
S1-426519105	S2-314853358,S2-43184791,S2-584313004,S2-607320907,S3-183706973,S3-654026792,S3-661634968,S3-667650662
S1-805436756	S3-479923060,S3-785093103
S1-431267499	S2-523440058,S2-721352330,S2-771168225,S2-810106856,S3-170852629,S3-572844383,S3-731653204,S3-817965755
S1-179410342	S2-235423778,S2-596101191,S2-839573511,S3-108371977,S3-909841341
S1-644102249	S3-609941683,S3-955921266
S1-285374680	S2-140132603,S2-249532140,S2-578501522,S3-304117558,S3-452292480,S3-490516139,S3-554799150,S3-692479204
S1-713643160	S2-221901085,S2-942550612,S2-943636992,S2-999676796,S3-279915373,S3-412618119,S3-693092824,S3-838374806
S1-390115748	S2-450312222,S2-756779258,S3-11203305,S3-823517740,S3-87630683,S3-985995407
S1-520775657	S2-149487370,S2-697295840,S3-222914500,S3-626999518,S3-682265926,S3-767087385,S3-904958542,S3-927770906
S1-793123684	S2-180232418,S2-245542373,S2-336122585,S2-666741605,S2-952323929,S3-129144911,S3-66992436,S3-856761846
S1-584569047	S2-244687482,S2-763615164,S2-847457308,S2-914181611,S3-116891732,S3-221935117,S3-493477605
S1-71423311	S2-383402311,S2-847019051,S3-684334417
S1-959341072	S2-3887349,S2-788661822,S3-161375020,S3-290899299,S3-404361346,S3-450234312,S3-49579370,S3-693722488
S1-128036250	S2-186279699,S2-286767539,S2-302219223,S3-263230513,S3-422585290,S3-64405830,S3-781302960,S3-925536043
S1-416072586	S2-329015575,S2-745627325,S2-811020229,S3-473706701,S3-881803254
S1-721175658	S2-176618421,S2-744241992,S3-143418259,S3-155377484,S3-236172944,S3-284270289,S3-509374628,S3-983793054
S1-753505175	S2-168513347,S2-312672245,S2-425750622,S2-711301311,S2-74139993,S3-263780780,S3-290330726,S3-802052727
S1-396260951	S2-533304161,S2-573932482,S2-731097952,S2-92446174,S3-208043490,S3-30295966,S3-867793146,S3-884125608
S1-905209483	S2-332975620,S3-266181167,S3-493283851,S3-965387824
S1-417509665	S2-132493761,S2-347677801,S2-557013589,S2-622762898,S3-115764145,S3-470594684,S3-990091416
S1-786073642	S2-145576288,S2-968715682,S3-169767384,S3-34021331,S3-628756669,S3-750992461
S1-200165042	S2-181686728,S2-308103221,S2-329592350,S2-33328943,S3-373048124,S3-377541317,S3-475022434,S3-695604428
S1-776380237	S2-140137932,S2-146864108,S2-379620911,S2-89103147,S2-986058286,S3-489194586,S3-664990183,S3-72371706
S1-503961256	S2-107441175,S2-138448343,S2-265879430,S2-719347716,S2-931535010,S3-271106223,S3-272374747,S3-615959001
S1-152304269	S2-845038507,S3-177287830,S3-257484525,S3-294466322
S1-62701527	S2-311632044,S2-461255998,S2-485142234,S2-538230572,S2-928144978,S3-119036582,S3-198956367,S3-379150963
S1-674501628	S2-18706971,S2-609771350,S2-713448800,S3-159267164,S3-333364822,S3-424790047,S3-734285134,S3-743876695
S1-933359619	S2-346513949,S3-149515254,S3-565860356
S1-660825315	S2-181672166,S2-18282189,S2-628844213,S3-367674680,S3-624789240,S3-786654784
S1-133808531	S2-127864736,S2-287028966,S2-45269088,S2-471889445,S2-738232583,S2-868267932,S3-261875491,S3-614310142
S1-334062268	S2-316965103,S3-302878320,S3-503749151,S3-684286138
S1-644401185	S2-69402169,S2-710150417,S2-743735511,S3-196320695,S3-696614851,S3-754798725,S3-815152263,S3-964987516
S1-757346768	
S1-275445154	S2-490571542,S2-739050856,S2-765358639,S3-129628278,S3-171825671,S3-183275849,S3-521856409,S3-976229194
S1-898699584	S2-26520306,S2-776544708,S3-45832723,S3-488978712,S3-907808586
S1-254286378	S2-704807880,S3-265800530
S1-359800972	S3-177755591,S3-270212252,S3-498730734,S3-512426283,S3-682364671,S3-747503798,S3-938886017,S3-968002970
S1-907199494	S2-4388575,S3-222701361,S3-432141160,S3-575346856,S3-75888327
S1-65335203	S2-256189275,S2-492024659,S2-987987544,S3-134479854,S3-30512562,S3-380426991,S3-568189295,S3-665482334
S1-532697950	S2-521623443,S2-729419061,S3-142729850,S3-216843332,S3-272371676
S1-713655080	S2-326296760,S2-471325727,S2-955121248,S3-12344410,S3-474246306,S3-562427708,S3-921950619,S3-927806573
S1-423505290	S2-903021238,S3-671646708,S3-936424226
S1-788373110	S3-304946955,S3-319368997,S3-430249124,S3-748009226
S1-239807483	S2-156872571,S2-373060764,S3-238543954,S3-27326788,S3-583828661,S3-808846844,S3-865335402
S1-335343722	S2-254107190,S2-533690230,S3-309958681,S3-401447965,S3-566440347,S3-583715194,S3-615385789,S3-915686985
S1-107942336	S2-511364711,S2-793138899,S2-981450765,S3-341906134,S3-344381743,S3-785751956,S3-871935543,S3-892402266
S1-463290756	S2-300658293,S2-597752531,S2-79051003,S2-919762158,S3-145741151,S3-732629913,S3-784383102,S3-950694899
S1-978567596	S2-355591608,S2-981082532
S1-297098914	S2-182518128,S2-268381725,S2-35103648,S3-156784261,S3-410271834,S3-431859618,S3-816971413,S3-906015905
