entity_id	business_name	business_address	country
S3-22088661	Cascade Interstate Infrastructure Corp	331 Hammond Pond Parkway, Unit 301, Brookline, Massachusetts	US
S3-818722089	Socio Ecole	54 Rue Albert Calmette, Tourcoing, Hauts-de-France	France
S3-620366426	Smithfield Inc Anchor Development Town	00111 Cattail Lane, Unit 1, Smithfield Town, Virginia	US
S3-219752780	rev it up hypnosis! lp		US
S3-644782724	Nantes Parents  SAS	6 Promenade Europa, Nantes, Pays de la Loire	France
S3-393476343	Womens Hrealtcmh Clinic, Inc		US
S3-257866797	Eastern [Pártners]		India
S3-906176808	Hutchison and Hrtmt Altisource, LLC	3 Tramquill Avenue, Valley Cottage, New York	US
S3-362688357	Bhavani & Bróthers	Villa No.52 Hanging Gardens Survey No:265/2, Manikonda Jagir Village, Rangareddy Distr, Ict., Hyderabad, Rangareddy, TG	India
S3-807505676	Star ಐಟಿ Private Limited	Spaclance 39, <NULL>, Bangalore, KA	India
S3-96658915	ZAY SECTION SARL	46 Rue Malesherbes, Lille, Hauts-de-France	France
S3-465838963	The Royal Aerospace Labs Harbor (Llc)	42025 11, Valley Head, Alabama	US
S3-789718939	Flying Private  Export Limited	No. 339 Shivratna Bangola, Shankarnagar Malshiras, Malsras, Solapur, महाराष्ट्र	India
S3-391962962	Straight Edge Cleaning Service L.L.C.	Ruidooso, 637 Sudderth Drive, New Mexico	US
S3-725027386	Vantageavi	Rue Fondamdege, Bordeaux	France
S3-70915017	F + U Spdmre Holdings	1455 Sheyenne Park Ct, West Fargo, North Dakota	US
S3-510965154	Maison De Santé De Antoine	8 Rue Des Prés, Saint-herblain	France
S3-419290170	Silver Food Pharmacy Limited	79 O/o M/s Paul Abrao & Sonssubramanian Road Willingdon Island, Cochin, KL	India
S3-343699739	LLC Custom Broadcast Advisors	625-D Pike St, Covinggton, Kentucky	US
S3-187929272	Sapgrs & Cie SAS	68 R. Maurice Berteaux, Lille, Hauts-de-France	France
S3-930481981	XP Cares  Pvt	Door No 104 Tower-tulip, Shankara Residency Omaxe, Jaipur, RJ	India
S3-352400318	Epperson, Walker and	5474 1/2 1175, Wheatfield, Indiana	US
S3-33319226	Maison Rpi Groupe Sas	Dunkerque, 70 R Henri Terquem, Hauts-de-France	France
S3-706608875	Centre Hospitalier Du-Racing SA	11 C Av De Lrocéan, Lège-cap-ferret, Gironde	France
S3-201783413	Doa Inc	1316. Trail Run Ln, Cordova, Tennessee	US
S3-498805721	federal managers ltd		US
S3-61516060	solidairesantesarl.com	63 Avenue Jean Jaures, Pessac	France
S3-49891172	Parti Parents	4 R Auguste Brideux, Nantes	France
S3-106446414	INC Pediatric Dental Center	1404 1/2 Richmond St, Arlington Heights, Illinois	US
S3-117575529	Shree Professionals Group Private Ltd	Door No 479. B-88 4St Floor, Defence Colony, South Delhi, DL	India
S3-740900748	École maternelle Sâint Maintien		France
S3-910651945	Anish Pr0jectsprivate Private Limited	MH, Fl No A 501 Sr No 2/2/2 Shree Samarth Comples Dhayari, Pune	India
S3-494918434	Blue Hospitality Private Ltd (ID: 43225)	Door No 45 Smr Vinay Acropolis Flat No. 201 Iib, Whitefields, Hyderabad, Kondapur, TG	India
S3-817036910	Js & Brothers  Infratech	Indore, MP, No 640 Ed86 Sector D Scheme No103, Indore	India
S3-589858260	Pvt. Karam Sons Ltd.	432-444 Nilatechnopark, Thiruvananthapuram, Palakkad, കേരളം	India
S3-355624203	Maison Catch [SAS]	92 Rue Des Chalâtres, Nantes, Pays de la Loire	France
S3-681231658	Oncology Care Có		US
S3-409604533	1529 Seventh Street Apartments Llc	00490 Overlook Road, Millbrook, New York	US
S3-810083576	Vantagekor doing business as Bajrang Merchants (India) Private Limited	N-95-94, Second Floor, Munshi Lal Building N-Block Cannaught Circus, New Delhi, Central Delhi, Delhi	India
S3-734558294	Brevin Sëction	# 15 Allée Des Peupliers, Pessac, Nouvelle-Aquitaine	France
S3-186152848	Veraumbraio	15 Allée Messidor Pyla, La Teste-de-Buch, Nouvelle-Aquitaine	France
S3-882886609	Ciranylazeta	69 Rue d'Allonville, Nantes, Pays de la Loire	France
S3-78932462	Welch &  Miller Iron Works	659 Wash Woods Way, Southport, North Carolina	US
S3-597237481	Dsj Star Private  Limited	Plot No. P1-03, Ground Floor, Block-p, Sector-75, Parklands, Faridabad, HR	India
S3-585358627	Gray And Graham Co	357 1/2 Locust Grove Road, Shelbyville, Kentucky	US
S3-760385246	Établissements Fl SCI	N°147 R Ferdinand Mathias, Lille	France
S3-905378375	ইউনিক গুজরাট টেকনোলজি প্রাইভেট লিমিটেড	R.r. Plot Num - G-8, Kolkata, Howrah, WB	India
S3-400884014	Ectofluxtavo aka Bordeaux Parents SARL	37 Rue Bauducheu, Bordeaux, Nouvelle-Aquitaine	France
S3-964356134	माय हेल्थकेयर प्राइवेट लिमिटेड	#91, Jalna, Thane, MH, Ambad Tq Ambad Dist. Jalna Ambad	India
S3-593979578	Convergence & Fils Sa	Pessac, 2A Rue Armand Calmon	France
S3-507875986	Premier Group Center		US
S3-891163793	Dynamic Health Solutions Partners  (Corp)	Ridgefield, Washington, 9245 1rd Street	US
S3-756901755	Lille Màison SAS	24 Rue Princesse, Lille, Nord	France
S3-215290652	Big Foundation Peirte Limited	New Delhi, DL, South Delhi, D-29	India
S3-213809296	Modi (india) Private	Delhi, DL, Flat No 75 Plot No 36 Ajanta Cghs Patpar Ganj Delhi	India
S3-797059056	Smithfield Town Anchor	104 Cdttail Lane, Unit 1, Smithield Township, Virginia	US
S3-540725327	Hopkins (Quasaredge)	200-204 Third St, Bangs, Texas	US
S3-429359728	Lycée Sainte Cmp Développement SASU	27 All Charles Dickens, Saint-nazaire	France
S3-105286696	Standard,-LLC		US
S3-877695489	de Lycée Objectif	Bordeaux, 48 Boulevard Jules Simon, Nouvelle-Aquitaine	France
S3-131687279	Kore Harris Royal Tailwind,	Tennessee, Trimble Rd, Nashville	US
S3-956034526	Elsa Gassendi Parents E.U.R.L.	11 R. Masséna, Lille, Nord	France
S3-291380997	Welchmiller.Com	659 Wash Woods Way, Bald Head Island, North Carolina	US
S3-814800939	Association de Communale & Fils	(4) Rue De Rocroi, Roubaix, Hauts-de-France	France
S3-988051573	Libertes &	3 Rue D'epinal, Roubaix, Hauts-de-France	France
S3-333670300	Anabelle Hernandez Safe Inc	6013 62nd Ave, Unit Apt 314, Johnston, Iowa	US
S3-584906049	Mondiale Sôciete SARL	42 Rue Maryse Bastié, Pessac, Nouvelle-Aquitaine	France
S3-552779916	Beloonyxflux+	1935 Willetts Bottom Road, Battletown, KY	US
S3-38509410	Tourcoing Club Sarl	202 Rue De Gand, Tourcoing, Nord	France
S3-741782747	ಬೆಸ್ಟ್ ಫುಡ್ ಪ್ರೈವೇಟ್ ಲಿಮಿಟೆಡ್	KA, Kangarali, H No 2261 4Th Cross, Belgaum, Shahu Nagar	India
S3-787753925	Abhilasha LLP Services		India
S3-179567554	Lueck Lending	521 61st St, Chicaggo CITY, Illinois	US
S3-43245650	LC	#27 Rue Jean Bart, Maison Des Associations, Lille, Hauts-de-France	France
S3-292227340	Dr Jeevan 5olutions (India)	G B3/111, Sector 20, Gautam Buddha Nagar, UP	India
S3-181678227	Renaissance Section	26 La Berthauderie, Pornic	France
S3-870288571	Veohalo	10 Rue Bertrand de Goth, Bordeaux, Nouvelle-Aquitaine	France
S3-754854626	LAM	Nantes, 13 Chaussée De La Madeleine, Loire-Atlantique	France
S3-182799636	City Of Waukesha Interfaith Federation Partners	408 Sheffield Rd, null, Waukesha, Wisconsin	US
S3-731481673	Tavocalo DBA: TH Construction Private Limited	B310, Sumadhura Acropolis, Nanakramguda, Gachibowli, Serilingampally, K.V.Rangareddy, Telangana	India
S3-5471505	Clinique Jean SA	4 Imp. Du Clos De Maugis, La Teste-de-buch, Gironde	France
S3-686337844	Brenna Bróckman, L.C.S.W., DDS PC	1227a Rose Vista Court, Unit Apartment 1, Saint Paul, Minnesota	US
S3-402198455	Club du Soc Participations	N° 9 Allée Lakanal, Saint-herblain	France
S3-846650101	Public Srg Engineering Limited	A-1409, Mumbai City, Girgaon, MH	India
S3-903149173	Krishna Krishna Services Prtnes	2, 3Rd Main, K.r. Garden, Bangalore South, Bangalore, KA	India
S3-417538080	The Dct Institute Of Technology Center Ventures	Plot 00229 T 16, Bangalore, ಕರ್ನಾಟಕ	India
S3-232420178	Electronic Business	Santa Ana Ln, Indiannapolis, Indiana	US
S3-561740255	TH TH Conthuction LLP	Block A-813. B312, Serilingampally, K.v.rangareddy, TG	India
S3-659282267	Renouveau Sportive International SARL	7 Rue D'inkeramnn, Roubaix, Nord	France
S3-397338520	Comité du Low SA	0042 Bd. De La Solidarité, Nantes	France
S3-984029324	Maha Enterprises Limited Service	Plno 16A Nirzar Soc Sno 19/1 Pl 16/A Nr Sangam Press Kothrud, Pune, MH	India
S3-933622627	Convenient [Pratrs] &	Door No 204, G Floor, Sobha, Deflower, Mg Garden, Bangalore South, Bangalore, ಕರ್ನಾಟಕ	India
S3-694011937	Vivre  Section	Nord, 12 Cour Delattre, Lille	France
S3-504235148	Mr Aevum & Sons LLP	Plot No. 116/P, Ahmedabad, GJ	India
S3-329218929	FTCM Club SAS	106b R Gambteta, Pays de la Loire, Nantes	France
S3-426679280	Sree-Technologies Pvt	Flat No.604, O-block, Quartz-rainbow Vista, Hari Ramhills, Moosapet, Kukatpally, Hyderabad, TG	India
S3-573283100	Deleves Ets	12 Rue de la Patouillerie, Nantes, Pays de la Loire	France
S3-445581169	Gildveo	N° 1 Cite Sereine, Tourcoing, Hauts-de-France	France
S3-688699729	Media Kámra Interiors LLP	महाराष्ट्र, Malaxmi Heights Chs, Plot 62-66 Sector 20, Roadpali, Kalamboli, Taluka, Panvel, Hn ##961 Fat 1303, Raigarh, Navi Mumbai	India
S3-183825299	Sky Industries Private [Limited]		India
S3-836074969	lithiumbeacon.com	Oneil St, Houston, Texas	US
S3-28725858	Muzaffarnagar Power Pvt  Ltd	2/2 Grd Floor, Meeka Vihar, Jansath Road, Muzaffarnagar, उत्तर प्रदेश	India
S3-245651177	Southern Business Private Limited		India
S3-126392456	Éason-Cion	29451 New Fawn Trsil, Elkhart, Indiana	US
S3-175704443	Hotels Trading Public	Rohtak, Sector 5, Behind, Kings Collage School, 152P, Rohtak, हरियाणा	India
S3-366477135	Pineda Salon  of Queen	Arizona, Queen Creek, 751 Kingbnrd Dr	US
S3-847190886	Perideks Services	22107 Homer Smith Rd, Babbie, Alabama	US
S3-783234307	Bia Inc  Center	1100 Highland Ct, Hartselle, Alabama	US
S3-22315231	Mitchell, Williams & White Center Inc	8038 Innsdale Ave, Cottage Grove, Minnesota	US
S3-551491972	Jasper  Chiron	3205 Winch Rd, Springfield, Illinois	US
S3-621221488	Amicale DES Banquet	63 Rue Saint-louis, Roubaix, Nord	France
S3-786278809	VI Club SARL	12 R D'orleans, Tourcoing, Hauts-de-France	France
S3-42757828	Patriot Kkr  Inc	114 Pear Street, Unit 3, Olympia, Washington	US
S3-287767983	Base  Trading Private	11/34, Dindigul, TN	India
S3-772092445	Interstate Investment-Systems	1330 Travis Boyd Rd, NULL, Mansfield, Tennessee	US
S3-851719461	Urgent Care L.L.C. Health		US
S3-82507339	Wi1son ánd Mcsweeney	300B 12rd St, PMB 3249, Washington, District of Columbia	US
S3-665538796	Ericson Textiles Corporation	2130 Black Bridge Rd, City Of Janesville, Wisconsin	US
S3-439583102	Eleves Culturel SAS	Dunkerque, 117 Rue Etienne Dolet, Hauts-de-France	France
S3-577948534	Loco Culture	70 H Rue De La Pomme D'or, Calais, Hauts-de-France	France
S3-880338965	naitrecompagniefrance.com	14 R Des Pyramides, Lille, Nord	France
S3-151937075	Mitchell, Williams Center White and	Cottage Grove, Minnesota, 8038 Innsdale Ave	US
S3-969725444	MQ Software [Co]	Door No 15, Ghaziabad, UP	India
S3-165561080	Bright Ltd Pvt Technologies	No 76 1459, New Delhi, South Delhi, DL	India
S3-605358936	Services Physical Therapy Care of Fort Mill Partners	642 1/2 Cheval Dr, Ft Mill, South Carolina	US
S3-233794493	Lucky Auto Body [Inc.]	Selby Ranch Road, Sacramento, California	US
S3-526530356	ಶಿವ್ ಸರ್ವಿಸಸ್ ಪ್ರೈವೇಟ್ ಲಿಮಿಟೆಡ್	Akr Vo 67, Bhive, No.112, Akr Tech Park, B Block, Bangalore South, Bangalore, ಕರ್ನಾಟಕ	India
S3-197361387	École maternelle Hemdi	11 Bis Avene De Bordeaux, Lège Cap Ferret, Gironde	France
S3-545857517	Shri Hotel Enterprises Private		India
S3-478938450	Bordeaux Çonseil SAS	Nouvelle-Aquitaine, 0019 Rue Etiene Duperat, Bordeaux	France
S3-803761623	Pi Limited Center	A-302 Riddhi Siddhi Apartment Near Vasant Talkes, Valsad, GJ	India
S3-417231225	horizonchoice.com	3314-3318 Kyle Avenue, Golden Valley, Minnesota	US
S3-867910611	Institut	11 Rue André Caverne, Bordeaux, Nouvelle-Aquitaine	France
S3-243140746	jmaternelle.com	Rue Alexandre Lambert, Calais, Pas-de-Calais	France
S3-826223595	Ujjwala Tradecom Private Límited		India
S3-973979765	Jhansi Prívate Limited Center		India
S3-721600438	Veocira	60 Avenue du Maréchal de Lattre de Tassigny, La Baule-Escoublac, Pays de la Loire	France
S3-594370708	Dusek Atlantic	536-540 South Street, Portsmouth City, Virginia	US
S3-288917403	Amenagement Institut Sas	15 Rue La Mothe, Bordeaux, Gironde	France
S3-898185278	SON Anciens  SA	25 R. De Grillaud, Nantes	France
S3-949258846	Able Institute Of Technology Private Limited	H-562, Nand Nagri Extn Sunder Nagar, Delhi, DL	India
S3-188968564	Family  [Association]	1018 Woodland Park Dr, West Des Moines, Iowa	US
S3-400631882	Nantes Amis S.A.S.	16bis Boulevard Emile Romanet, Nantes, Loire-Atlantique	France
S3-839138359	Ocean SARL & Fils	120 Avenue Gustave Dron, Tourcoing, Hauts-de-France	France
S3-381429629	Technology Karunadu  Solutions Pvt Ltd	100, Tiruchengode, Namakkal, TN	India
S3-276372267	Financement (France) Fèderation SARL	Nord, 58 Rue Raspail, Lille	France
S3-405748750	Tavoonyxio d/b/a Midwest Harbor Digitalbridge LLC	1108 Lawn Lane, Ramsey, IL	US
S3-113118261	Dooars (India) Systems Pvt Ltd	S No. 17/8, Pune, Pune City, महाराष्ट्र	India
S3-352461391	Association des Janvidlle	102 R. Nicoas Poussin, Calais, Hauts-de-France	France
S3-493283851	Meriden Advanced Health (Partners)	44 Rice Rd, Meriden CITY, Connecticut	US
S3-968027773	5olano's Fioserirs LLC	730 Locust Avenue, Eagle Mountain, Utah	US
S3-958016046	Womens  Health	3007 Ivy Street, Waynesboro City, Virginia	US
S3-27589043	Smt ajay charitable trust #61051	C - 501 Gtb Nagar, Allahabad, UP	India
S3-295372994	KLM [Culturelle]	59 Rue Daubenton, Roubaix, Hauts-de-France	France
S3-69991327	Ratnagiri Overseas	1800, Basement, Gyani Bazar Kotla Mubarakpur, New Delhi, South Delhi, DL	India
S3-50130147	Maon Metropolitan Piemnting Group	13031 31st Avenue, Lynnwood, Washington	US
S3-115745356	Coline	52 Avenue du Vallon, Pessac, Nouvelle-Aquitaine	France
S3-444297076	Dunkerque Comite SA	16 R. Floquet, Dunkerque	France
S3-992853173	भारत लॉजिस्टिक्स Private Limited	Ward No 4 Kasrawad Roda, Khargone, West Nimar, मध्य प्रदेश	India
S3-1869433	Eye Clean Medicine Inc	517 Rough Hollow Drie, Troy Township, Texas	US
S3-969937535	Lloyd Semiconductor Co	342 Waterville Avenue, Le Center, Minnesota	US
S3-139285910	Soleils Services France	51 R Camena D'almeisa, Bordeaux, Gironde	France
S3-959563893	क्लासिक मैनेजमेंट	#155 A Thikakeravadi Thikekaravadi Junnar, Pune, MH	India
S3-160661152	Royale Quality (India) Private (Limited)	714, 7Th Floor Tower A 1 Supertech Eco Village I, Greater Noida, Ghaziabad, Gautam Buddha Nagar, उत्तर प्रदेश	India
S3-866732886	Comité de Agissons	27 Rue Des Douves, Bordeaux, Nouvelle-Aquitaine	France
S3-988739744	Commercial-Investment Industry Inc.	1433 Parnell Dr, Eugene, Oregon	US
S3-572470285	Simmons And Mesf Karman Coastal L.L.C.	0051 Terri Sue Ct, Hampton, Virginia	US
S3-356764057	Clinique St Visite Holding	(72) Rue De Lyon, Lille	France
S3-204134159	a1pha sun software engineering private limited	##7 Flor, Gurgaon, Dlf Qe, HR	India
S3-781404483	Patriot KKR INC	114 Pear St, # 3, Olympia, Washington	US
S3-634730592	AUTONOME MAISON	50 Rue Des Pelicans, Pessac	France
S3-164964532	Holdings Chavez, Oliver Ray and Bread	4933 Seminary Rd, Godfrey, Illinois	US
S3-72582221	Jar1on Banndr Inc.	14258 Craggy Rock Ave, City Of El Paso, Texas	US
S3-432828421	Village  & Frères	9 Bis Rue D'erlon, Nantes, Pays de la Loire	France
S3-790276267	AC	4 Cour Lberun 230bis Rue De Fleurus, Tourcoing	France
S3-673500337	Lille Maison SAS		France
S3-748337793	Precision Morgan Co	50-07 65 Street, Woodside, New York	US
S3-700213729	Club de Jean Développement	135 Boulevard Robert Schuman, Nantes	France
S3-674455951	Us Sante E.U.R.L.	31 Rue Ternax, Roubaix	France
S3-672477447	Happiness Ecole SARL	75 Rue Robert Vanghelswe, Dunkerque, Nord	France
S3-839684978	Lille Maison S.A.S	#27 Rue Jean Bart, Hauts-de-France, Maison Des Associations, Lille	France
S3-732134466	BC	No. 18 R. Du Chene Lasse, Saint-Herblain, Pays de la Loire	France
S3-488638377	Timber Vii Ínc		US
S3-726665299	Lège-Cap-Ferret Club EURL	Nº 1 Avenue Du Monument Salins, Lège-cap-ferret	France
S3-240235522	FJ Management Pvt Ltd	Gorakhpur, H.no 30 Anand Bhawan, UP	India
S3-378022238	Netherton Starry of Henry County Uptown Inc	2036a The Great Rd, Fieldale, Virginia	US
S3-708724575	Life Téchnology Pvt Ltd		India
S3-238266549	Vaayuika Metalfab [Private]	092-Shri Keshav Sadan, Shanti Nagar, Nai Sadak, Lashkar, Gwalior, MP	India
S3-437041960	LLC Enriquez Pooflaet	201 Arthur Dr, # G, Thomasville, North Carolina	US
S3-817320115	Mr Indo Industries Private  Ltd	Shop No 402, Sanskar Heights, Nr. Radhe Circle, 150 Feet Ring Road, Rajkot, GJ	India
S3-278833830	Commission on Veterans Affairs Corporation Enterprises		US
S3-582003781	tova colonial aspen l.l.c.	Davis Ave, Elkinsc ITY, West Virginia	US
S3-606618189	Helge's	166 Duffy Road, Milton, VT	US
S3-163018111	Ca Amicale	Bordeaux, 33 Rue Général Gouraud	France
S3-963639281	Literacy Project Inc Trust	Missouri, Kansas City, 11000 College Lane	US
S3-935957042	Solaviquo	83 Rue Jouffroy, Roubaix, Hauts-de-France	France
S3-679869790	Karan (India) Eretail L.L.P.	Plot No A-16-163, Udupi, KA	India
S3-847490955	Amicale des  Tennis	63 R Pasteur, Dunkerque, Hauts-de-France	France
S3-886520373	Arihant  Steel Private Limited Services	Jupiter Lane Attakulangara, Manacaud P.o, Thiruvananthapuram, T.c. 41/114(24), KL, Trivandrum	India
S3-679937343	Developpement Sôlart Club SA	15 Square Du Beau-bouquet, Lille	France
S3-833222973	Foot & Ankle Group LLC	114 107th Street, Bloomington, Minnesota	US
S3-933842815	Midwest Associates North Partners	10918 Mohave St, N/A, Avondale, Arizona	US
S3-681227007	Precision Financial Ádvisors Inc	117 Oak Dr, Morehead City, North Carolina	US
S3-464902604	Value-Odyssey Partners LLC	0741 E Park Drive, Monroe, North Carolina	US
S3-616601776	Vivre SCI Élémentaire	Lille, 24 Rue De La Madeleine, Nord	France
S3-239264070	Lyrasynvera doing business as Vast Services Private Limited	Ward 01, Saleha Road, Devendranagar, Panna, Madhya Pradesh	India
S3-149192679	इंटरनेशनल इम्पेक्स प्राइवेट लिमिटेड	431-A, A.b. Road, Indore, मध्य प्रदेश	India
S3-863933665	Srg Engineering Limited	A-1409, Mumbai City, Girgaon, MH	India
S3-897316194	Whitehead  Atlantic Uranium Inc.	321 Antioch Rd, Scottsville CITY, Virginia	US
S3-44472693	Prabhat  Exports	A 152 / A153, Thane West, Road No. 22 Wagle State, MH	India
S3-475003657	Vks Systems Group Private	No ##13 C/o Manorama Devi Village & Post Office Susuwahi, Varanasi Region, Varanasi, UP	India
S3-834466889	Group Federal Coca	812 Main St, null, Norristown, Pennsylvania	US
S3-699532277	Royal  Consultants		India
S3-493958029	Eye L.L.C. Partners		US
S3-292579907	du Association Boule	Avenue Du Général Leclerc, Pessac, Nouvelle-Aquitaine	France
S3-736456399	First Dynamics Center		US
S3-731899755	Pharmacie de la Jean SCI	15 Cité Lagache, Lille, Nord	France
S3-168169573	Wexnex	31 R. Jacques Jollinier, Saint-Nazaire, Pays de la Loire	France
S3-795282416	Ets Lecole		France
S3-985301191	Bard Hólding Company LLC	916-A 1st St, Linton, Indiana	US
S3-212787863	Cercle (France) Et Associés	Saint-herblain, 181 Q. Emile Cormerais	France
S3-161943763	Downtown Brcbershop! Inc	3161 163rd Street, Skiatook, Oklahoma	US
S3-655036866	Allied Alliance, L.L.C.		US
S3-485040837	Dr Indo Power Limited		India
S3-301075788	Professionnel (France) Sportive		France
S3-554851105	atlantic citizens inc	15th Street, Emmetsburg ITY, Iowa	US
S3-391320188	Shivam International-Private		India
S3-32545631	Comité De Dêleves	220 R Ferdinand Mathias, Lille, Hauts-de-France	France
S3-43877652	Smt Future Producer Private Limited		India
S3-910893566	Caloflux f/k/a Association des Espoir	8 Rue Colbert, Calais, Hauts-de-France	France
S3-77577077	Little Tavenr!	389-D Hickman Hollow Road, Surgoinsville, Tennessee	US
S3-55779062	>> Metr0politan Products Inc Center	429 Seventh St, Sloan, Iowa	US
S3-466682096	Private Lakshmi Products Ltd	7-3740, Opp. Alankar Lodge, Navi Peth, Ahmednagar, Ahmednagar, MH	India
S3-719427166	The Banuelos & Kunze Holding Inc	004535 Bella Vista Dr, City Of Moorpark, California	US
S3-120541786	Anny's Select Design Ltd	11914 Snapping Turtle Lane, Huntersville, North Carolina	US
S3-366315825	Global Infotech  LLP	No. 7-11, 7Th Main Road, J.p. Nagar, 3Rd Phase, Bangalore South, Bangalore, ಕರ್ನಾಟಕ	India
S3-208568166	Blue Pub LLC Service	0600 Eagle Road, # 1E, Greensboro, North Carolina	US
S3-979782222	Nationale (France) çlub	45 R. Bneau, Bordeaux, Nouvelle-Aquitaine	France
S3-410094517	Balaji Private International Limited		India
S3-952965242	Verrify Keystone	784 Morris Park Ave, PO Box 755, Bronx, New York	US
S3-771316343	Roquette (France)  Societe	60 R. Jules Guesde, Roubaix	France
S3-686050532	Mi & Frères France Eurl	7 Imp Geometre, Merignac	France
S3-141365913	Roch Rèsidence EURL	37 Rue Des Postes, Lille, Hauts-de-France	France
S3-458589523	Gardiens Restauration	1 R. Max Linder, Nantes, Pays de la Loire	France
S3-464345357	Mumbai Projects Pvt [Limited]	Bombay, Mumbai City, MH, Flox Chambers, Tata Road No:1, Near Roxy Cinema, Opera House, M18	India
S3-323356278	Promotion Sport Sarl	73 Bis R Edison, Nantes, Loire-Atlantique	France
S3-868331837	Saint-Nazaire Sportive  SARL	All Des Albatros, Saint-nazaire, Loire-Atlantique	France
S3-987151221	Dunning Mainteasnce, Inc.	323 Sandy Ave, Charlotte, North Carolina	US
S3-938991132	Developers Smp Websolutions Private Ltd	103, Ballia, UP	India
S3-314033526	Familles Collège Sarl	29 Rue Andre, Bordeaux, Nouvelle-Aquitaine	France
S3-415248283	La Amicale SASU Services	20 Avenue De Bordeaux, La Baule-escoublac, Loire-Atlantique	France
S3-732629913	Big Solutions Public Limited		India
S3-834614248	13 Daffaires Atelier Sarl	Nº 131 Gradne Rue, Roubaix	France
S3-819098940	Partners Elite Cloud Cogncepts	3243 Massaponax Church Road, Spotsylvania County, Virginia	US
S3-622765082	Cadence & Cie	Nº 221 Rue Achard, Bordeaux	France
S3-497143366	Vr Group Miad [Holdings]	Door No 9 Sethi Industries Areahoshiarpur Road Jalandhar City, Punjab, Jalandhar, ਪੰਜਾਬ	India
S3-7744580	Benchmark Agents Limited	Malapuram, No. 141, KL, Malappuram, Meppurath Building, Puthiyiruthy Swamipadi, Post Palapetty, Ponnani	India
S3-96464144	Shree Sangh Industries	C-c-601 Gardenia Glamour Phase-9 Maharaja Agarsain Marg, Ghaziabad, Crossing Republic, UP	India
S3-534588503	>> TOTAL WHOLESALE CONCEPTS PARTNERS	26 1/2 Woodside Dr, Conowingo, Maryland	US
S3-161159971	Amicale  du Varoise	213 Rue De La Latte, Tourcoing, Hauts-de-France	France
S3-606001832	Kore Harris Royal Tailwind,	3906 Trimble Road, Nashville, Tennessee	US
S3-544153452	Summit Capital Wintergreen Inc.	Benoit Street, Westport, Massachusetts	US
S3-795829580	Fédération du Rover Développement	62 Rue Mazarin, Bordeaux	France
S3-393681261	श्याम इंफ्रास्ट्रक्चर प्राइवेट लिमिटेड	A-1/167., 3Rd Floor, Janakpuri, West Delhi, New Delhi, DL	India
S3-664492709	Prívate Indica Networks Ltd	196, Samuel Street, Mumbai, MH	India
S3-589036595	Goodman Grand Andretti Andretti	Woodgrove Dr, West Valley City, Utah	US
S3-675843563	Harbor Learning	277 Cranes Hollow Rd, Amsterdam, New York	US
S3-375152399	Vijay Properties	Door No 3 Silver Line Chsl I C Colony Holy Cross Road No 2 Borivali, Mumbai, Mumbai City, MH	India
S3-472404292	Fab & Co  Enterprises	Plot No-1098, At-sampur, Po-ghatikia, Ps-chandaka, Bhubaneswar, Khordha, ଓଡ଼ିଶା	India
S3-850571284	Q 2 Secure Neuberger Inc.	406 Fourth Ave, Humboldt, Iowa	US
S3-53152385	Hotels Trading Limited Services	Rohtak, 152P, Sector 5, Behind, Kings Collage School, हरियाणा, Rohtak	India
S3-853788940	The Delta Investments LLC		US
S3-194299608	Prasad & Trump	0718 Brandenbush Lane, Bldg. 7, Columbus, Ohio	US
S3-674981098	Bartram Ósprey LLC	W551 Hoosier Road, Town Of Spring Grove, Wisconsin	US
S3-308755345	Bordeaux Conseil	0019 R Etienne Duperat, Bordeaux, Nouvelle-Aquitaine	France
S3-923590867	Patton Pacific Beverage L.L.C.	172- Pitard Loop, Mountian VIEW CDP, Arkansas	US
S3-500924576	Shree Pvt Ltd Center	Hn 773 204/205, Konark Shram Behind Everest Building, Mumbai, MH	India
S3-652819304	Riia [East]	09 1st St, Muenster, Texas	US
S3-357855038	Coimbatore Builders Enterprises Private Limited	159, Coimbatore, TN	India
S3-730518526	A Cure  2 You Uptown	1402 Franklin St, Elkhart Ttownship, Indiana	US
S3-997320844	International Enterprises Private Limited	Shop-22 Murlidhar Heights, Opp Satva Green Partyplot, Daskroi, Ahmedabad, GJ	India
S3-782386190	Private EAST International Limited	Gandhi Murti Compound Patel Nagar, Patna, BR	India
S3-821769038	locataires club sas		France
S3-174116818	Main Street  Barbershop Enterprises		US
S3-680674636	Solomon & Gtaiaa Inc.	501 Arcade Saint, Maquoketa, Iowa	US
S3-935359003	The Vision Partners		US
S3-850629902	Calais Sportive Enterprises		France
S3-678981271	Piedmont Reliable Media of Folsom West	California, #3212 Auburn Leaf Loop, Folsom	US
S3-562137470	Back Alley Grill! Riverside L.L.C.	14001D Crown Ct, Prince William County, Virginia	US
S3-783036729	Shivam International Private Limited		India
S3-635191615	lncorporated Allied Prairie Northwest	1806 Doon Street, Ayrshire, Iowa	US
S3-629628938	y 7 t precision llc	22318-A Stottlemeyer Rd, Bldg 171, Poulsbo, Washington	US
S3-126772891	Dovakelo formerly known as 3638 Church Avenue Owners Corp Inc.	1075 3rd Street, Carrington, ND	US
S3-801045155	Lyrakelo d/b/a Beth Methodist Church	96 Pheasant Run Drive, NC, Burnsville	US
S3-707703887	D 3 L AUTOMOTIVE INC	Montana, Superior, 1277 Cedar Creek Rd	US
S3-243535487	Anchor Highland Llc	#25 Fuller Street, Unit B, Lee, Massachusetts	US
S3-902658966	अल्फा सन सॉफ्टवेयर प्राइवेट लिमिटेड	3 Floor, Dlf Qe, Gurgaon, हरियाणा	India
S3-225110476	Lipscomb Gamco Co	Valley Ridge Place, Loudoun County, Virginia	US
S3-885630831	Marigot Centre	32 R De La Pavotirèe, Nantes	France
S3-495817982	JFY Amis	Mérignac, 62 Av. De La Marne, Gironde	France
S3-314651245	inc beth emanuel	8609 Cottage Hill Rd, null, Mobile Twnship, Alabama	US
S3-858171985	ANILESH SERVICES PRIVATE LIMITED	Flat No. ##001, Bldg. No. B-6, Sector-6, Shantinagar Miraroad(e), Thane, MH	India
S3-622650635	Unique Services Phrivate Limited	Survey 1 85 Door No 1 -55 1 1 Kj 3F, Serilingampally, తెలంగాణ, K.v.rangareddy	India
S3-948402864	Thompson Service		US
S3-612924241	Freudenburg Logistics	184 1/2 Reserve Ct, Elizaethtown, Kentucky	US
S3-668708129	USHA (INDIA) SWAD PRIVATE LIMITED		India
S3-345722607	evo & co infratech	Plot 206. Sh - 20 Ashley Garden Chs.ltd., Thane, महाराष्ट्र	India
S3-319590441	Universal Limited Services Enterprises		India
S3-474864592	Pharmacie Deleves		France
S3-117855656	Anchorsmithfieldtown.Com	104 Cattail Ln, Unit 1, Smithield Township, Virginia	US
S3-572848456	City Foundation Pvt [Ltd]	Srikant Chamber G-7 B-wing Chembur, Mumbai, MH	India
S3-424710026	Shagun Group Polytechnic	No 10/13 Church Street Petchinagar, Tirunelveli, TN	India
S3-947426844	Pediatric  Dental	1505 Martin Street, Peoria, Illinois	US
S3-467566562	rajalakshmitechnologiesindia.com	Room No B3/10/598st Louis Commercial Complex Church Circle Erinjery Angadi, Thrissur, KL	India
S3-830103493	Common Traders Group	1390 Sector 6, Bahadurgarh, Haryana, HR	India
S3-370791669	qinfrastructure.com	Chackwara Road, RJ, Jaipur, H.no 863 Behind Tezaji Temple, Phagi	India
S3-426664893	శ్రీ సర్వీసెస్ ప్రైవేట్ లిమిటెడ్	Salarpuria Sattva Knowledge City, Level 1, Unit 2, Sy. No. 83/1, Plot No. 2, Inorbit Mall R, Oad, Raidurg Village Hitech City, Hyderabad, TG	India
S3-846941799	LLC Montica Copper	Texas, 2246  Wilhurt Ave, Dallas	US
S3-964339036	White-Services		India
S3-815695181	Bordeaux Centre Sàrl	Rue Leyteire, Bordeaux	France
S3-346341352	LLC Harvey Toyo Central	4413 Taylor Blvd, Louisville, Kentucky	US
S3-313061460	Thomas and  Li Massage Care	11414 Pastini Circle, Manchaca, Texas	US
S3-290335600	Holdings Netherton Starry of Henry County	2036a The Great Road, Fieldale, Virginia	US
S3-296185804	Pineer Spa LLC	300 Nutt Rd, Dayton, Ohio	US
S3-162338965	સુપર ટેક્નોલોજીસ પ્રાઇવેટ લિમિટેડ	1St Floor, F6-123, Gidc, Near Vidyanagar Road, Anand, GJ	India
S3-50167118	Deleves Soins SARL	2 R. Auguste Comte, Saint-nazaire, Loire-Atlantique	France
S3-142879521	International LLP Services		India
S3-3411741	Zephonyxwex	51 R. Malesherbes, Lille, Nord	France
S3-849923488	Direct Suffolk City Youth Co Association	121 Brewer Ave, Suffolk, Virginia	US
S3-665022856	Nexhalo	1 Rue Van Grutten, Calais, Hauts-de-France	France
S3-188271588	Ferray Sord Inc	16122. Ranch Meadows Road, Cypress, Texas	US
S3-998529325	Association Dë Communale		France
S3-852086046	Potins Culture Participations	13 Bis Allée De L'ile Gloriette, Nantes, Loire-Atlantique	France
S3-733506906	Lumello Rmg	31925 Outer Highway 10, <NULL>, Redlannds, California	US
S3-184832815	Ets Droopy SAS	23 Cour2 Loois Fargue, Bordeaux, Nouvelle-Aquitaine	France
S3-808011331	Big-Projects Private Limited		India
S3-789053140	KLB EURL + Associés	N°39 R Morand, Nantes, Pays de la Loire	France
S3-478385609	Clinique Saint Vacances France	22 R. Tastet, Bordeaux, Nouvelle-Aquitaine	France
S3-830943732	Ziify Preferred Scuti  Inc	Mentor Ave, Painesville City, Ohio	US
S3-722362420	Mr South Enterprises Industries Private Limited	1370, Bardoli, Surat, GJ	India
S3-885297069	Sai  Software Private Limited	Suraj Deep Iind Floor1-jopling Road Lucknow, Lucknow, UP	India
S3-196185855	STARK BROTHERS	Central Avenue Road, महाराष्ट्र, 237 Sadodayaplaza, Opp.mayo Hospital, Nagpur, Block No.510	India
S3-227255052	Violences Supporter Maison Sasu	1 Rue Alfred Delattre, Lille	France
S3-994262628	Établissements Réagir Participations SARL	Loire-Atlantique, Pornic, N°37 Rue Cosntant Guillou	France
S3-757716247	Generale Sportive SARL	Nouvelle-Aquitaine, N° 11 Avenue Marcel Doret, Merignac	France
S3-809259023	école Maternelle Notre & Co		France
S3-771570273	Will Societe		France
S3-432937055	Beth Emanuel	Wellspring Dr, Fredericksburg, Virginia	US
S3-9108487	Co Hemisphere Section	18 Bis Av. François Rude, La Baule-escoublac	France
S3-497974886	Williams Aria Ínc.	412 Arrowhead Drive, Allen, Texas	US
S3-787191635	YI Harbor ([Athena]) #67947	1046- Vassault St, # #2, Tacoma, Washington	US
S3-174351745	Sascha A. Miller, D.C., M.D., Inc (ID: 70829)	Sevier, 44 Cove Canal Road, Utah	US
S3-881293660	EURL 4l Spôrtive	Saint-Nazaire	France
S3-824952566	Dinesh Services		India
S3-325478334	Jumelage Spôrtive SASU	35 Rue Louis Geandreau, Bordeaux, Nouvelle-Aquitaine	France
S3-212302805	Nylapyra D.B.A. Griffith, Jyoti, DMD	MA, 105 School Street, Springfield	US
S3-396042688	Bright  Exrorts Pvt Ltd	Hn 136 E-81 2Nd Floorsaket, Saket, New Delhi, DL	India
S3-648536959	Aileen Moye, O.D. [P.C.]	Jonesboro, Arkansas, 20- Craighead 367 Rd	US
S3-338229004	Maddi Urnmr C0nvertible Inc	1020- Auglaize St, Wapakoneta, Ohio	US
S3-486308749	Dusek  Atlantic Synchrony LLC	536-540 South Saint, Portsmouth City, Virginia	US
S3-335484870	Happy-Coffee Corp	Ponca City, 903 5th St, Oklahoma	US
S3-808190093	Sonakshi Trading Private Ltd	H.no 4, Chennai, TN	India
S3-773653757	Comité des Môntoise		France
S3-843659428	Shiva Consultants லிமிடெட்		India
S3-622579427	... Cg Research	No 1002, KA, Mysore, Mysuru	India
S3-530511702	Apple-Foundtbson Limited	No.8a, State Bank Colony, Meena Estate Main Street, Sowripalayam, Coimbatore, TN	India
S3-98049493	Khatu Energy	H.no 301 Caprigreenfieldsestate A B Nair Road Juhu, Mumbai, MH	India
S3-544791159	blochmodernlegato.com	721 Strawfield Ln, Fairfax County, Virginia	US
S3-59449639	PUBLIQUE & FRÈRES DISTRIBUTION SARL	36 Rue Alfred Caulier, Dunkerque	France
S3-505057238	coline foyer sas		France
S3-478191266	Jhansi Paul Infratech Limited	#632 House No.1527-c-16 Near Janki Puram Civil Lines, Jhansi, UP	India
S3-87435384	PEREZ OLD CENTER		US
S3-907922737	Petits Pharmacie	No 121 R Etienne Dolet, Lille, Hauts-de-France	France
S3-803501299	East  International Private Limited	Gandhi Murti Compound Patel Nagar, Patna, BR	India
S3-560187106	Savante Centre Participations	Nantes, #12 Av Jany, Pays de la Loire	France
S3-950652967	बालाजी ट्रेडिंग प्राइवेट लिमिटेड	C/o Brajpal Singh, Gandhariya Sitapur, Sidhauli, Sitapur, UP	India
S3-452832540	Nagendra Structurals Limited Services	Faat No 603/5, 6Th Floor, F Wing, Insignia Chsl, Cst Road, Bks Kalina, Santacruz East, Mumbai, null, MH	India
S3-642635233	Nanas Cheap Culture	21 R. De Santonge, Bordeaux, Nouvelle-Aquitaine	France
S3-278829241	Primary Care Partners [Corp]	827 Hampton Road, Columbus, Ohio	US
S3-79500445	Behavioral Health Medicine Llc	Theodore, 6638 Lake Helen Dr, Alabama	US
S3-654621975	Hammond		US
S3-880915063	फर्स्ट टेक्नोलॉजी प्राइवेट लिमिटेड	Sidhnath Vishwakarm College Road Near Honda Car Agency, M/s Sri Om Sai Auto, BR, Gaya	India
S3-863256971	Cascade Infrastructure PC Services		US
S3-841148024	Huckabee Capital Starlink Riverside	311D Orange St, Manito, Illinois	US
S3-340474643	Creative Supee Power LLP	Flat No - 106 Kalpataru Harmony, Off Sion Circle Sion East, Mumbai City, Mumbai, MH	India
S3-947982327	Domicile Bureau Çulturelle SARL	1 Allee Des Merles, Lège-cap-ferret, Nouvelle-Aquitaine	France
S3-235579584	Childers Bft Financial, Inc	Hill Creek Dr, Garland, Texas	US
S3-141776125	Attitude  Musique-Sa	N° 91 Boulevard De La Moselle, Lille, Nord	France
S3-355535276	La Baule-Escoublac Cie S.A.R.L.		France
S3-249725477	LE	149 Rue Frédéric Combemale, Lille	France
S3-17575409	Établissements Àrts	15 Passage Hermitte, Bordeaux	France
S3-412996188	East Estate Limited Center	H.no 328 Flat No G2, N/A, Shankarpally, K.v.rangareddy, తెలంగాణ	India
S3-682380263	Tennis (Frânce) Centre SA	21 Rue De Wazemmes, Lille, Hauts-de-France	France
S3-574070082	Green  Jewellers Private Limited	Gandhi Chowk, Pathankot, Gurdaspur, PB	India
S3-921379624	ETS OSMOZ SA	30 Imp Des Vignes Du Bourg, Nantes	France
S3-110082848	Mission & Cie France SARL	67 R. Ratisbonne, Lille, Nord	France
S3-216068416	Downtown LLC  Tavern	3899 Marion Williasmport Rd, # 26, Caledonia, Ohio	US
S3-669170196	Dynamic Th Private Limited		India
S3-744891016	Coin Chitfin Pvt Ltd	38 Msb Mansion, Kannur, Taliparamba, കേരളം	India
S3-749832570	Aditya Hóspítality	Block B-865 101, Plot No. B-27, Commerce Centre, Off. New Link Road, Near Morya House, Andheri West, Mumbai, MH	India
S3-882192521	Institute Metro ÍV Care	18 Joelson Ct, Albany, New York	US
S3-742295028	Roca,  Kalindi,	3124 Lincoln Way, Costaa MESA, California	US
S3-48538636	Lille SAS Et Fils	N° 2 R Des Urbanises, Lille, Hauts-de-France	France
S3-734806141	Roubaix Amicale EURL	12B Rue De La Conference, Roubaix	France
S3-879926623	Bharat International Public Limited	5/420, 2Nd Street, Rajiv, Ngr S.kolathur, Kanchipuram, TN	India
S3-195680220	सनराइज भारत केयर लिमिटेड	New Delhi, Opp.- Sant Nirankari School, Malviya Nagar, DL, M-g-73b, South Delhi	India
S3-88125433	institut saint combattants	147 Boulevard De L'egalité, Calais, Hauts-de-France	France
S3-900440994	Howard Trading	1228 Ogreeta Road, Murphy, North Carolina	US
S3-22816740	Globe Mining	Tower-g-14, Bangalore, Bangalore North, ಕರ್ನಾಟಕ	India
S3-449149844	FO Apogee LLC	Phoenix CIY, 8165 1/2 Black Canyon Access Road, Arizona	US
S3-519851641	FAMILY GROUP	##17674 103, Audubon, Minnesota	US
S3-627603324	American American Siddhi, Partners	1616 Wnidsor Dr, Harrison, Arkansas	US
S3-42170484	Krishidhan Godavari Enterprises Corporation	Plot No. 103 A/1, Industrial Area Govindpura, Bhopal, मध्य प्रदेश	India
S3-166084773	Universal Lotus Services Private	UP, Jhansi, Flat No T-5, Jhansi	India
S3-746059467	Verakor	41 Rue du Maine, Saint-Nazaire, Pays de la Loire	France
S3-28940538	A Cure 4 All Inc	5356-5360 Holmes Street, Kansas City, Missouri	US
S3-450572762	Hunger Committee		US
S3-514892018	Pegasus Trading	J-99 Ashok Vihar, Divreportingcircle, Ground Floor Ashok Vihar, DL	India
S3-672738085	Communale Primaire International SAS	32 Boulevard De La Moselle, Lille	France
S3-317312832	Dovatavo DBA: Baumgartner Nippon, PLLC	15830 91st Way, Redmond, WA	US
S3-703237221	Vision Center of Ramsey ((Group))	15296 Oak Valley Road, Ramsey, Illinois	US
S3-122608599	Fisher Worldwide	1513 Virginia Ave, Kingsville, Texas	US
S3-736989368	>> Nama Consultants Ventures Limited	13054, Prestige Wellington Park, Near Gangamma Circle, Jala Halli, Bangalore, KA	India
S3-314438952	Hyderabad Center		India
S3-718102385	HEO Advgmgiros Westgate	002 Robert Breen Pkwy, Lockport, New York	US
S3-477106059	lF Sérvices Private Ltd	Plot 409 1, Satyajit Sarani, Shibmandir, P.o. Kadamtala Opp. St' Pauls School, Darjeeling, N/A, পশ্চিমবঙ্গ	India
S3-900658769	Comité Dû Livet	No 52 Ave Aristide Briand, Mérignac	France
S3-93677390	Wee Development [LLP] #89223	18-B, Janyug Apartments, Sector 14, New Delhi, Extn. Rohini, DL	India
S3-892534598	Institut [Ip]	Hauts-de-France, Roubaix, 70 Rue Jean Baptiste Notte	France
S3-929510821	New International Private	207, A Block, Beta Wing, Raheja Towers, 177/10, Anna Salai, Chennai, தமிழ்நாடு	India
S3-224064142	Kammer, Pryor And Sanchez Center	2020- Morehead Street, PO Box 8277, Charlotte, North Carolina	US
S3-869592853	Allied (Alliance)	Hidden Lagoon Pl, <NULL>, Saratoga Springs, Utah	US
S3-707306962	Raven Pi0neer [Clinic]	Fort Carson, 4401 Mabry Ct, Colorado	US
S3-415365450	PEAK MOUNTAIN DISTRIBUTION LLC	Harvey Ave, Illinois, Berwyn	US
S3-313336212	Family Group Ltd	17687 103, Audubon, Minnesota	US
S3-92497247	Fayeorbi Co a/k/a Formation Club EURL	46 RUE Bonte Pollet, Terrasse du Parc - appartement 242, Lille, Hauts-de-France	France
S3-932719433	A Diamond Metal	1058 550, Lehi, Utah	US
S3-405832091	Hinson  Holdco	Ambrose, 307 Linda St, North Dakota	US
S3-763165326	Mayfield, Esq. Nadilne,	1520-1524 S 30th St, Louisville, Kentucky	US
S3-448119156	Rs Group of-Companies Private Limited	House No. 1382, Block D New Subji Mandi Azadpur, Delhi, North Delhi, DL	India
S3-148319421	20/20 optical inc	110 Willomet Ave, Dallas, Texas	US
S3-701315530	Raja Steel	#Opp Post Office, Ambalpady Post Udupi, Udupi, KA	India
S3-204455509	Private Paper Video Group Limited	114, 'M' Square, B/h. City Centre, Nr. Swastik Cross Roads, Navrangpura, Ahmedabad, GJ	India
S3-995468216	Sweet Ice Cream Group Group	3154 Glen Oaks Ave, # Unit 204A, St Paul, Minnesota	US
S3-417300456	Pharmacie Jeanne France	4004 Rue Des Carrieres, Calais, Pas-de-Calais	France
S3-620596230	Radiant Comfort Limited Private Ventures	Building No.14, Amritsar, Amritsar -I, ਪੰਜਾਬ	India
S3-122770528	Integrated Energetics Southside LLC	491 Airport Rd, Muscle Shoals, Alabama	US
S3-855295596	PATRIOT TRUST	1021 Sunset Road, Wheaton, Illinois	US
S3-766570172	Roca, Kalmincd, Esq. Midtown	3129 Lincoln Way, Costa Mesa, California	US
S3-399260766	DI Mountain  Care	New Delhi, 30, New Delhi, दिल्ली	India
S3-29850752	व्हाइट एनर्जी प्राइवेट लिमिटेड	Mira Devi, W/o Upendraram, Vill-aurangabad Nagar, Po-aurangabad Nagar Parishad H.no, Aurangabad, BR	India
S3-673077065	Jeune École SARL	29 R Des Remparts, Bordeaux	France
S3-105225807	Spear Custom Energia PLLC	503 Porch Swing Place, Durham, North Carolina	US
S3-309445854	Pvt XP Cares [Ltd]	Flat No. 104 Tower-tulip, Jaipur, RJ	India
S3-757500785	Krishna Service Private Límited		India
S3-886531176	Stephany Desert	#607 Coralview Ter, Virginia, Mdlothian CITY	US
S3-755525261	oered.com	5830 Saddle Downs Pl, Fairfax County, Virginia	US
S3-264035416	Tennis (France) Centre SA	21 Rue De Wazemmes, Lille, Hauts-de-France	France
S3-489162764	சதர்ன் எஸ்டேட் பிரைவேட் லிமிடெட்	Coimbatore, தமிழ்நாடு, 47East Arokiasamy Road R S Puram, Coimbatore	India
S3-499176465	Mumbai Limited Impex	H.no D/203 Janmabhoomi Chamberswalchand & Hirachand Marg Ballard Estate, Mumbai, MH	India
S3-308968897	Calosol	Plot No. P1-03, Ground Floor, Block-P, Sector-75, Parklands, Faridabad, Haryana	India
S3-805329015	Comité de Lsgus	177 R. Edouard Vailcant, Roubaix, Hauts-de-France	France
S3-936185648	Irixylo	At-Rajpur, Po-Kereragarh Via- Madanpur, Kendrapara, Orissa	India
S3-568820472	Esprit Sport	8 Rue Du General Anne De La Bourdonnaye, Lille, Hauts-de-France	France
S3-776416119	Agra India Public Limited	Shop No. Lg-##5, Glory Plaza Swadeshi Bima Nagar, Agra, UP	India
S3-309958681	Art Club Enterprises		France
S3-326931175	South  Business LLP	Huse No. 211/5, Gali No. 5 Shakti Park, Gurugram, Gurgaon, हरियाणा	India
S3-569018657	Cuttack (Producer)	#D/01, Dorada, Athgarh, Near Up School, Cuttack, Khuntuni, OD	India
S3-594483559	A & M Federal Partners LP	6804 Wayne Avenue, Chicago, Illinois	US
S3-275404902	Blue Shyam Consultancy Consultancy	3Rd Floor, കേരളം, Trivandrum, Gayatri Building Technopark Campus, Thiruvananthapuram	India
S3-280544759	અર્બન કન્સલ્ટિંગ મેડિકલ્સ પ્રાઇવેટ લિમિટેડ	Shop No. 6 To 3, 2Nd Floor, 24 Caret Building, Opp. Rok Regency Hotel, Law Garden, C G, Road, Ahmedabad, GJ	India
S3-759388779	Arunachalam Co &	Office209 Mj Compelx Buil, D No3 Veer Savarkar Block, New Delhi, DL	India
S3-872698456	Mkiri Çomite SAS	22 Rue De Lallouee, Nantes, Loire-Atlantique	France
S3-693111241	Brise Jeunes		France
S3-404616857	Shri Siddhi Storage Private  Limited	<NULL>, Ghaziabad, Flat No C16-2103, UP, Ghaziabad	India
S3-141275378	Avideltavio	84 Rue Jean Soula, Bordeaux, Nouvelle-Aquitaine	France
S3-985468194	SA	R. Teulere, Bordeaux, Gironde	France
S3-326913720	Metro &-Partners Ltd	#2, 5Th Floor, Isiri, Chokkanahalli Layout, Bangalore North, Bangalore, KA	India
S3-595068233	Whitehead Atlantic Uranium	Scottsville CITY, 321 Antioch Rd, Virginia	US
S3-651825713	Mr Gnm Medical Private-Limited	No C-49 Galla Mandi Gate K Samne Jamuniya Road, Sehore, MP	India
S3-324966987	Amicale dù Varoise	213 Rue De La Latte, Tourcoing, Hauts-de-France	France
S3-909221913	Pvt Deep Cs Ltd	10, Whiteacres Channasandra Main Road, Ambedkar Nagar Whitefield, Hosakote, Bangalore Rural, KA	India
S3-793621947	Haloorbiiri	32 R Famotina, Bordeaux, Nouvelle-Aquitaine	France
S3-726147940	Primaire du Louis EURL	11 Rue Abbé De L'epée, Nantes	France
S3-681080844	Liberty Ínitiative LLC	49A Maxwell Dr, Southington, Connecticut	US
S3-969946321	@regionalinterstate	Arkansas, 330 Mcclendon Street, Mineral Springs	US
S3-816692076	ऑल केयर प्राइवेट लिमिटेड	/A, Bldg. No. B, Shivsagar Society, Opp. Mulji Nagar, Off. S. V. Road, Boriv, Ali West, Mumbai, महाराष्ट्र	India
S3-203757612	Baumgardner Heritage Enterprise Lakeside Inc	522 Everglow Lane, Garner, North Carolina	US
S3-687793065	Beautiful Sólutions LLP	Surat City, GJ, No 8Th Flr Flat804 Fpno29, Surat	India
S3-545216223	GGS Parents S.A.S.U.	No 46 Rue Georges Mandel, Bordeaux	France
S3-517118137	રોયલ લોજિસ્ટિક્સ પ્રાઇવેટ લિમિટેડ	GJ, A 502 Mantra Luxuria, Chorasi, Beside Tapti Greens, Surat	India
S3-805762686	Savoirs Loisirs	9 Pl. De La Revolution Francaise, Saint-herblain, Pays de la Loire	France
S3-63402265	YP	19 Rue Du Fonteny, Nantes, Loire-Atlantique	France
S3-161669384	Avionyx Network	3613 Tyson Place, Albuquerque, New Mexico	US
S3-519915449	Jennifer Mccormick Highland  Kensington	East Ridge, Tennessee, ##1319 San Hsi Drive	US
S3-770850395	Davis Holdings Service	01437 Prince St, Houston, Texas	US
S3-74069043	अल प्रॉपर्टीज लिमिटेड	House No 101A, Sainik Kunj Kunraghat, Gorakhpur, UP	India
S3-48294558	Brooks, MD Dorotea,		US
S3-561466338	fealto.com	Lakestone Dr, Sacramento, California	US
S3-441918764	Gym Sportive	R. Champlain, Bordeaux	France
S3-499434280	big hypnosis Industries		US
S3-888548657	Express Staffing Technologies Holdings	##1014 Sunny Brae Ct, Apex, North Carolina	US
S3-943780916	Midwest-Dental	10907 Mhave St, Avonndale, Arizona	US
S3-282677400	Team SAS Groupe	16 Rue Marego, Apt 5, Bordeaux, Nouvelle-Aquitaine	France
S3-464373684	Patton Pacific Béverage LLC		US
S3-82691642	Ets Communale Participations SARL	4 Ave De La Presqu'île, Lège-cap-ferret	France
S3-439815681	merfetes.com	25 Place D’armes, Calais, Pas-de-Calais	France
S3-393548511	Arcadie Elementaire	No 40 R De Solférino, Bordeaux, Nouvelle-Aquitaine	France
S3-14086194	Ets Satlsn SARL	Rue Du Merle, Pessac, Gironde	France
S3-233684652	Baus PLLC		US
S3-171560152	Athletique Conseil	002 R. Hector Melot, Saint-herblain	France
S3-163004222	M & T		US
S3-631457110	Anand Properties Limited	4St Floor, North West Delhi, DL	India
S3-901669267	Killeen Community Center Corp	4300 Lake Rd, Unit G, Killeen, Texas	US
S3-950218588	METROPOLITAN ANALYTICS LLC	Lafayette St, Bellaire, Texas	US
S3-932743728	YLI Precision LLC [Cslm]	65- Asher Ave, Stonington, Connecticut	US
S3-340941536	Sri Vedanshi Private Limited Services	No 303, Koyambedu, TN	India
S3-813117593	IMNX Ecole	8 Bd Carnot, Lille	France
S3-660435658	Dental Metro  Clinic		US
S3-91801265	Centre Médical Patbels	132 Rue De Menin, Tourcoing	France
S3-869497613	Maison de Santé Deportes	Boulevard Louis Xiv, Lille	France
S3-812202063	Oncology Care Inc Commission	Airmont, New York, 1 Fawn Hill Dr	US
S3-583875119	CC	(346) R. Raymond Telly, Dunkerque	France
S3-106123267	Royal Marine Laboratories	2015-2019 Morrison Street, Kokomo, Indiana	US
S3-967488469	Kreutzer Great Industrial [LLC]	333 Lindy Boulevard, Ballwin, Missouri	US
S3-30512562	Bordeaux  Sportive-Sasu	84 Rue Camille Sauvageau, Bordeaux	France
S3-281621836	Classic Wholesale Systems, Inc	209 Town Farm Rd, Litchfield, Connecticut	US
S3-338838166	Bordeaux Club SARL	Bordeaux, 37 Rue Sarrette, Nouvelle-Aquitaine	France
S3-97515370	Limited Vijay Properties	Shop No 3 Silver Line Chsl I C Colony Holy Cross Road No 2 Borivali, Mumbai, Mumbai City, MH	India
S3-615959001	SUNRISE SERVICES PRIVATE LIMITED		India
S3-645637503	Northern Center		US
S3-676538650	Maison Attitude SARL	92 Rue Émile Fourcand, Bordeaux, Nouvelle-Aquitaine	France
S3-182259894	Cruz's  Manufacturing	23 120th Ave East, Tulsa, Oklahoma	US
S3-558382098	Prime Services Private Ltd	No 0003 Gokul Dhim Colony, Bareilly, UP	India
S3-548520727	Rockhold, Bracey and Corona LLC Service	2455 League City Parkway, League City, Texas	US
S3-277706706	Établissements Mine France SARL	No 33 Av Gustave Delory, Roubaix	France
S3-110991179	Womens Health Medicine (L.L.C.)	2192 High Lakes Loop, Oregon, Bend	US
S3-993947126	Developpement Solart Çlub	6 Square Du Beau-bouquet, Lille, Nord	France
S3-315379331	KIF  Services	Plot 409 1, Satyajit Sarani, Shibmandir, P.o. Kadamtala Opp. St' Pauls School, Darjeeling, N/A, পশ্চিমবঙ্গ	India
S3-723331301	Deltaonyx+	27 Allée de la Forêt, Pessac, Nouvelle-Aquitaine	France
S3-243022800	EURL Lège-Cap-Ferret Club	Nº 1 Avenue Du Monument Salins, Lège-Cap-Ferret	France
S3-108676090	Miller, Price And Gropp (Co)	1920 Cavalier Drive, Tempe, Arizona	US
S3-885717187	Green Jewellers Group Private  Limited	No 48 Gandhi Chowk, Gurdaspur, Pathankot, PB	India
S3-644863686	fsfannie.com	3684-3686 Saddle Ridge Rd, Deerfield, Wisconsin	US
S3-189152084	de Comité Jaden	Pl Amelie Raba Leon, Nouvelle-Aquitaine, Bordeaux, Centre Hospitalier Universitaire De Bordeaux - Groupe Hospitalier Pellegrin	France
S3-368659557	Gildfaye F/K/A Delacy Rapid Sunrise	1780 Webb Road, Simpsonville, KY	US
S3-960188983	ராம் இண்டஸ்ட்ரீஸ் பிரைவேட் லிமிடெட்	Door No.1, Chennai, TN	India
S3-495925379	बाबा गैलेक्सी सॉफ्टवेयर प्राइवेट लिमिटेड	Bombay, Mumbai, महाराष्ट्र, 001St Floor Koteshwar Ashibhpremises Pandit J N Road Nea R Bharat Boot Despot Mulund-w	India
S3-94983178	Lower-Food-LLC	20121 Highway 22, PMB 3181, Mckenzie, Tennessee	US
S3-837628364	Rural Amicale SCI	#25 Rue Des Roitelets, Lège-cap-ferret	France
S3-87468627	Sperling, Christopher & Farah	FROT Dodge, Iowa, 1436 Twenty First Ave	US
S3-547028837	YN Finance Ltd.	76/77, Ludhiana, PB	India
S3-376273554	Ink Folsl Club SAS	Bordeaux, 37 Rue Du Haillan	France
S3-410236786	Rochefort Industries (France) Sarl	8 All De La Chênaie, Bordeaux, Nouvelle-Aquitaine	France
S3-378232010	Nantes [Comite]	15 Ch De La Guiblinière, Nantes	France
S3-916636266	Cozy Massage Corporation	15 Higgins St, Lisbon, Maine	US
S3-990943307	Associated & Borthres Pvt Ltd		India
S3-34808705	Varanasi Shows Limited Center		India
S3-22558764	Nationale Gaz International SARL	# 20 R Du Maréchal Joffre, Dunkerque, Hauts-de-France	France
S3-264469857	Midwest Harbor Digitalbridge Co	1115 Lawn Ln, Ramsey, Illinois	US
S3-490600873	Builders Sweet Beverages Pvt Ltd.		India
S3-585796468	Maison 2çv		France
S3-445338729	Saint-Herblain Comite	13 Rue Paul Duias, Saint-herblain	France
S3-140160549	JFY Comite	Gironde, Mérignac, 62 Ave De La Marde	France
S3-308935235	5CI Team Danse	La Baule-Escoublac, 13 Ave Marie-louise	France
S3-281463850	Bordeaux Culture Sarl Enterprises		France
S3-237650183	Us Sante E.U.R.L.	31 Rue Ternaux, Roubaix	France
S3-770475613	Downtown Bárbershop	8421- Timber Trail, Brecksville, Ohio	US
S3-929451031	Blue Learning-Center		US
S3-466161593	Trusted Laboratories Services	6428 Cordelia Road, Williamsurg, Virginia	US
S3-978221547	Cozy Ice Cream LP		US
S3-133798264	Karam Lífestyle Industries Pvt. Ltd.	H.no 432-444 Nilatcehnopark, Thiruvananthapuram, Palakkad, KL	India
S3-905305836	Gonzalez Managed	2002 Farnham Ct, Illinois, Schaumburg	US
S3-841984419	Happy Deli LP	851 Montague Ln, Kimberling City, Missouri	US
S3-489202817	Yellowstone (India) Consultancy Infratech Limited	148L/2, Model Town, Sonipat, HR	India
S3-982765770	परफेक्ट ट्रेडिंग बेकरी	D-58, Midc Area, Jalgaon, MH	India
S3-450143911	Thrissur Corp  Center		India
S3-869046459	Wexfayelyra	42 Rue Newton, Roubaix, Hauts-de-France	France
S3-712288656	jori smith unified homes, llc	Redding, NULL, 2757 Hopkins Avenue, California	US
S3-287650714	Dorice Higa Ridge Partners LP	134 Skfif Road, Northville, New York	US
S3-937785274	Jhansi  Paul Limited	House No.1527-c-3- Near Janki Puram Civil Lines, Jhansi, उत्तर प्रदेश	India
S3-521563666	Barksdale Array L.L.C.	1014 Kite Road, Mineral Wells, Texas	US
S3-900627922	Albertine N. Johnson, D.D.S.  Partners	520 9th Street, Clarksville, Tennessee	US
S3-647204401	Deco Comite  Groupe	Tourcoing, 99 R Des Martyrs, Hauts-de-France	France
S3-741255260	Mer Fess SAS	25 Pl D’armes, Calais, Pas-de-Calais	France
S3-876015759	Butler Federal Printing Inc	01811 Avenel Ln, Chatham, Illinois	US
S3-896291215	Protection (France) Patrimoine Sarl	No 14 Rue De Douarnenez, Nantes, Pays de la Loire	France
S3-910413667	Luxmi (India) Recruitment Public Limited	5-144/4, Patancheru Road, K.v.rangareddy, Rangareddy, TG	India
S3-751183871	The Mcneil Precision Medicines	Indiana, Indianapolis, 2738 Mc Clure St	US
S3-968794160	sbs satya private limited	MH, Aapli Ekta Chs Ltd., Navpada, Marol Naka A. K. Road, Near Continental Hotel, Andh, Eri (East), Bandra Suburban, Mumbai, A A-529	India
S3-328867089	KF	Avenue Du Monument Salins, Lège-Cap-Ferret, Nouvelle-Aquitaine	France
S3-767882342	Fisher Inc Services		US
S3-678692720	Cornerstone  Chemical Collective	3011c Wade Rd, Durham, North Carolina	US
S3-741032564	Eastern Pharmaceuticals Pvt.	A/311 Aaradhya Tower, Mumbai, MH	India
S3-45578566	Ghaziabad Fashion Limited	Janakpuri, Block B-780 E-134 Gali No-13, Ghaziabad, UP	India
S3-638125075	Dental Silver	13 Mary St, Watertown, Wisconsin	US
S3-618665326	Iripyracalo	107 Rue Henri Ghesquière, Lille, Hauts-de-France	France
S3-822368429	Maison de Santé Sainte Art France	17 Aveneu Désiré Six, Tourcoing	France
S3-8707919	Black Technology Limited Center	696, MH, Narayan Peth, 3Rd Floor Bafna Chambers, Laxmi Road, Pune	India
S3-452396743	CM	40 Rue du 8 Mai 1945, Lille, Hauts-de-France	France
S3-692871262	Kcc & Private Limited Center	At-rajpur, Po-kereragarh Via- Madanpur, Kendrapara, ଓଡ଼ିଶା	India
S3-821254628	Dr Silver (india Group Prívate Limited	Baikunth- 7 Sapru Magr, Lucknow, UP	India
S3-176123451	Silver  Supply	22-C Highwood Rd, Montgomery, Texas	US
S3-963629470	white foods pvt ltd		India
S3-310447066	Centre Médical Papy Holding	15 Rue Du Noviciat, Bordeaux	France
S3-814570749	Cerballiance Peps Service SARL	(73) Rue Du Mirail, Bordeaux, Nouvelle-Aquitaine	France
S3-509721248	சன்ரைஸ் இன்ஜினியரிங் பிரைவேட் லிமிடெட்	24, Madras, Chennai, தமிழ்நாடு	India
S3-475940464	Maison Riverains International	55 R. Jean Haas, St.-nazaire, Pays de la Loire	France
S3-460805847	Iolanthe Seat Choice Mozayyx	#1624 Estate Ave, Bismarck, North Dakota	US
S3-222914500	Apex Software Public Limited	E-##42, Madhu Vihar, East Delhi, Divreportingcircle, New Delhi, DL	India
S3-443592919	Shri 5wastik Traders Prívate Limited	No #47, Jain Market, Kem Road, Pugal, RJ	India
S3-799652148	Value Realty Digital,	North Carolina, 331 Bay Drive, KILL DEIL Hills	US
S3-916489833	Zetadeltapyra trading as Metropolitan Printing Products Inc	429 7th Street, Sloan, IA	US
S3-243438992	Barnes Gulf  Sea Llc	6959 Harper Ave, Illinois, Chicago	US
S3-11083059	Walsh Media	4476. Alliquipa St, Baton Rouge City, Louisiana	US
S3-503677487	Veoveo DBA Tutelaire Club (France)	20 Avenue de Magonty, Pessac, Nouvelle-Aquitaine	France
S3-47223919	mídwestharbordigitalbridge.com	1108-A Lawn Ln, Ramsey, Illinois	US
S3-143372701	Moore Integrated Orange LP	412 Hawthorne Loop Road, NULL, Leland, North Carolina	US
S3-191019407	Collège Michel SARL		France
S3-16439761	Dent The Bike (Shop)		US
S3-718232600	Etrier EURL Services		France
S3-822775491	Mountain Shréya	San Bernardino, 1023-C G St, California	US
S3-219517072	*** Puruchemicals.Com	9-2, Ivanhoe, Ground Floor, 139, G J Bhosale Marg, Nariman Point, Mumbai, MH	India
S3-151611657	WBE Çentre SAS	37 Rue De La Vigne, Tourcoing, Hauts-de-France	France
S3-28410330	Frontier Institute Inc	27906 191, Roy, Montana	US
S3-246121885	Veravio Labs F/K/A Family Metropolitan Health	335 Paradise Acres Road, Oakland, MD	US
S3-250721432	વન ઇન્ફ્રાસ્ટ્રક્ચર પ્રાઇવેટ લિમિટેડ	#21, Park Avenue Soc, Nr.gulab Tower, Sola Roa, Ahmadabad City, Ahmedabad, GJ	India
S3-858325327	Maison Ermitage SAS	197 R Barthelemy Delespaul, Lille	France
S3-59853879	Builderssweetbeverages.Com	14-A, Roshan Lal Market, Vishwa Karma Chowk Miller Ganj, G T Road, Ludhiana, PB	India
S3-933999058	Biswas Electronic Private [Limited]	J 1003, Gautam Buddha Nagar, उत्तर प्रदेश	India
S3-393763033	Clinique St Vacances		France
S3-252215660	West  Supreme Global Center	339 Valek Rd, Ennis, Texas	US
S3-273747436	Commission on & Co		US
S3-17380827	Bordeaux SA [Union]	73 R Eugène Ténot, Bordeaux, Nouvelle-Aquitaine	France
S3-306102907	Petit College		France
S3-868884669	Pornic Ecole Holding SAS	Loire-Atlantique, 006 R. Jacqueline Auriol, Pornic	France
S3-568989848	Center Great Limited	महाराष्ट्र, Bombay, Mumbai City, Andheri East, Shakti Prints Compond Chakala Bhd.bajsons Indl. Est	India
S3-48981201	Eclipse Solutions Limited Center	#14, Srisai Nagar Uppal, Medchal Malkajgiri, Hyderabad, TG	India
S3-47758048	Ruraux Local Primaire Groupe SARL	11 Impasse Veuve Bertrand Crocq, Mérignac	France
S3-182143055	RED Trading Technologies Private Limited	Fl No. B-508 Cineraria Venkatesh Flora, Ph-ii Pl. No. 24 Deccan Mill/ Mundhwa, Pune, MH	India
S3-910055408	Aakriti (India) Private Limited Service	42, Satana, Nashik, महाराष्ट्र	India
S3-8922667	Entente Lôisirs SAS	70 R De La Benauge, Bordeaux, Gironde	France
S3-67765090	Urgent Care Physicians of Kingston Springs LLC	156. Petro Rd, Kingston Springs CDP, Tennessee	US
S3-162260768	>> pediatric dentistry physicians	Queen Anne Rd, Harwch Township, Massachusetts	US
S3-719598335	Shree Builders Piitae Limited		India
S3-431116959	Judo Maternelle	278 Rue Judaïque, Bordeaux	France
S3-527542506	Nationale Club SCI	Saint-nazaire, N° 25 Av Du Commandant Cousteu, Pays de la Loire	France
S3-748894941	Vaex  Family Office Inc	5090 Nature Trl, Cincinnati, Ohio	US
S3-304173773	ets new groupe sas	36 Rue Poyenne, Bordeaux, Nouvelle-Aquitaine	France
S3-865262700	Jtm-Hospita1  Ltd		India
S3-397104587	*** Pacific Ho1ding Company L.L.C.	##228 Irving Avenue, Bend, Oregon	US
S3-734866130	établissements-Djs SASU	29 R Maisdon Pajot, Nantes, Pays de la Loire	France
S3-342050466	Services Global Canada LLC	3115 4650, Liberty, Utah	US
S3-122767378	Salsa Musique	4 R Du Liveau, Nouvelle-Aquitaine, Mérignac	France
S3-153157419	Irigild	92 Rue Daubenton, Roubaix, Hauts-de-France	France
S3-923007051	Cornerstone Genomic Global Co	483 Hess Avenue, Coolidge, Arizona	US
S3-91208539	Reese United  Atlas Ltd	New York, 5931 Harvard Saint, Hamburg	US
S3-693576349	Dispositif Jeunes  Distribution S.A.S	12 Av Pierre De Coubertin, Pessac, Nouvelle-Aquitaine	France
S3-367081291	Ajay  Charitable Trust	C - 501 Gtb Nagar, Allahabad, UP	India
S3-955954511	LLC Quolum Fellowship	11900 Main Street, # STE 124, Spotsylvania County, Virginia	US
S3-759212872	Coastal-Software LLC	North Dakota, 4002 Kites Ln, Bismarck	US
S3-547124807	Bartram Osprey	W551 Hoosier Road, Town Of Spring Grove, Wisconsin	US
S3-53510515	#Isrestateprivate	Villa No.35, Casa Grand Eternia, Sf No.33, Kalapatti - Kurumbapalayam Mail Road, Ka, Lapatti, Coimbatore, TN	India
S3-815373273	Orion  Kgaa		US
S3-315187750	Mumbai Agro-Private Ltd		India
S3-182605194	Quillous SCI Développement	18 Rue Du Plessis Allais, Pornic, Pays de la Loire	France
S3-323916888	Ziraesh Advances Ltd	Jaipur, RJ, Door No 894 31	India
S3-506628541	DEO INC	405 Main St, NULL, Durand, Illinois	US
S3-116891732	dermatologyfederalphysicians.com	6 Sterling Rd, North Castle, New York	US
S3-827452026	Cornerstone Genomic Global  LLC		US
S3-432663993	Kolkata Agritech Limited Partners		India
S3-954323084	Memorial Charities	Illinois, South Elgin, #23 Sandstone Court	US
S3-834238674	Mirayumaumbra née Ets Vigne SAS	9 Rue Reine Astrid, Pays de la Loire, Nantes	France
S3-605573925	Liberer çentre SARL	71 Rue De Chantilly, Calais, Pas-de-Calais	France
S3-144742374	Smt Built Ventures Services	H.no D/13 New Sr No 136/2, Pune City, Pune, MH	India
S3-483196647	STARKS COMMUNITIES LLC	Town Of Fairfield, Wisconsin, ##S3528 Pine Knoll Ct	US
S3-495769707	SAS Technique Amis	64 Quai Des Queyries, Bordeaux	France
S3-712607408	Institut Marie Enterprises		France
S3-634971432	Brothers Cochin LLP Ventures	Du- 189 Pitampura, Delhi, North West, दिल्ली	India
S3-561736455	Smt Sanjay Brother Corporation		India
S3-785890186	cerballiance peps college sarl	52 Rue Du Miaril, Bordeaux, Gironde	France
S3-955587931	Maison Leao	36 R. De La Jusitce, Lille, Nord	France
S3-459189533	Maison de Santé  Art		France
S3-663967388	TW Groupe SASU	11 Rue Fernand Guilbert, Lille	France
S3-615389169	Investment (India) Properties Care	No 7-62/362-365, Flat No. 2, 2Nd Floor, Ivory Woods Apartment, Prashanth Hills Colony, Raidu, Rgam, Hyderabad, TG	India
S3-847126498	Confrerie Cie	64 Rue De Libourne, Bordeaux, Nouvelle-Aquitaine	France
S3-680785057	হাইটেক ফাইন্যান্স প্রাইভেট লিমিটেড	C/o- Durjodhan Singha, Old Malda, Malda, WB	India
S3-37594262	Medina  Diamond Sun Inc	8555 Main St, # 43, Reynoldsburg, Ohio	US
S3-727948243	Gulf Starling Secure	268 1825, Centerville, Utah	US
S3-719368521	GONZALEZ MANAGED	2002 Farnham Ct, Schaumburg, Illinois	US
S3-676548609	Wealth Private Healthcare Limited	Plot No 5-209, Sai Ram Township, Ramachandrapuram, TG	India
S3-284741935	limited products panama retina	H.no:3-1-251/6/1, NULL, Vikarabad, Rangareddy, TG	India
S3-777254186	LE	Pays de la Loire, Saint-Nazaire, 43 Route du Haut Rocher	France
S3-748597903	Private Sanand Technologies Private	Plot No 14 15 16 Moraiyaindutrial Estate Moriya Rd, Sanand, Ahmedabad, GJ	India
S3-785714159	La Baule Escoublac Parents	Avenue Du Parc Des Sports, La Baule-escoublac, Loire-Atlantique	France
S3-404051890	Sahibabad Dairy Imperial Overseas Private Limited	B-964 B-block (Pucca), New Delhi, Sahibabad Dairy, DL	India
S3-877828734	Harvin Grnein Pvt Ltd	New Delhi, DL, Plot No-30 Sect-10, Iv/f, Dwarka, Flat No-49, New Delhi	India
S3-941240503	Locale Service SARL		France
S3-936873508	colinefoyersas.com	No 52 Av. Du Vallon, Pessac, Gironde	France
S3-211113359	Phylis's  Inc Center	1013 Thistle Briar Pl, Cary, North Carolina	US
S3-96194395	Safe Áutomotive PC	Chicago, 9451a Harvard Avenue, Illinois	US
S3-917987011	Avitavo	12 Rue De Roncq, Tourcoing	France
S3-149791386	Proprietaires & çie SAS	5 Rue Des Pénitentes, Lille, Hauts-de-France	France
S3-190861072	Veobelo	27 Rue Pierre Léostic, Dunkerque, Hauts-de-France	France
S3-795801407	Nylaflux dba Ace Tech Private Limited	9/110, Tamil Nadu, Sriperumbudur, L And T Nagar Moulivakam, Kanchipuram	India
S3-956148838	Tourcoing SAS Groupe	15 Chaussee Marcelin Berthelot, Tourcoing, Nord	France
S3-553369857	Evociranovi trading as Mcgee Fortress Inc	4477 30th Avenue, Fargo, ND	US
S3-320969158	Surgical  Crt Inc		US
S3-698073288	Noon L.L.C.	550 Woodlawn St, Hoffman Estates, Illinois	US
S3-756329204	The Jori Smith Unified Homes, LLC	2757 Hopkins Ave, NULL, Redding, California	US
S3-386246798	Pioneer Spá LLC	300 Nutt Road, Dayton, Ohio	US
S3-786654784	Shiv Builders Private [Limited]		India
S3-936285841	Little Tavern! Ltd	393 Hickman Hollow Rd, Surgoinsville, Tennessee	US
S3-955921266	Agen Sante SCI	8 Imp De La Pointe Aux Chevaux, Lège Cap Ferret, Nouvelle-Aquitaine	France
S3-790954425	Rencontre Maison		France
S3-834244055	Pk Section Sas	Nº 12 R Du Bois De La Musse, Nantes, Pays de la Loire	France
S3-807912406	Brixbelo	California, PO Box 6441, 32 Meadow Way, Scotts Valley	US
S3-807741392	Promotion Sportif		France
S3-377029245	Lille Comite Groupe	Hauts-de-France, Lille, 36 Rue Des Sarrazins	France
S3-83672041	Shree Constructions  Ltd	BR, Gaya, #952 House No-gs 020 838 Nadraganj Neem Gali Pratap Lane Gaya	India
S3-73584951	INC PEDIATRIC DENTISTRY GROUP OF TOWN OF ELDORADO	Town Of Eldorado, Wisconsin, W7942 N	US
S3-623346644	bright medical brands llc	Wisconsin, W417 Haddick Rd, Town Of Gull Lake	US
S3-418614328	ಬಾಬಾ ಸಾಫ್ಟ್‌ವೇರ್ ಪ್ರೈವೇಟ್ ಲಿಮಿಟೆಡ್	Bangalore Rural, Whitefield, #4/3, KA	India
S3-428487595	Gwalior Estates	#A-437 Udaygiri Apartment, Ground Floor, Dainik Bhaskar Lane, P.s. Jayendraganj, Gwalior, MP	India
S3-218059996	1482 Broadway Street Properties East	North Dakota, Hettinger, ##413 Third Ave	US
S3-438250662	Villalobos  LLC Service #80562		US
S3-34340394	musee service sarl	7 Cour Leclercq, 17 Rue De La Potennerie, Roubaix, Nord	France
S3-706587929	South Limited Private Global		India
S3-26873553	Orbiavinyla+	289 Rue des Cinq Voies, Tourcoing, Hauts-de-France	France
S3-57869017	শ্রী শক্তি ইঞ্জিনিয়ারিং প্রাইভেট লিমিটেড	87/28, Raja S.c, Mullick Road, Kolkata, Kolkata, Howrah, WB	India
S3-286868244	Patriot Practice Ltd Service	W215n5556 Kenmore Drive, Village Of Menomonee Falls, Wisconsin	US
S3-13690729	Mots Club S.A.R.L.	6 Rue De La Rosière D'artois, Nantes, Pays de la Loire	France
S3-808014566	Sutton Care [Capstone]	304  Wilma Ave, Louisville, Kentucky	US
S3-167910015	SASU Pivoine Patrimoine	No 5 Avenue Ellen Macartuhr, La Baule-Escoublac	France
S3-98162482	The Quis L.L.C.	1266 Eufaula Heights Rd, Longview, Washington	US
S3-202965742	Defense (France) Amis	83 R Emile Cmbes, Merignac	France
S3-141054720	Pas Eco1e [EI]	24 Rue Blanche, Lille, Nord	France
S3-127496720	Communale Primaire	# 84 Boulevard De La Solidcrité, Nantes, Pays de la Loire	France
S3-324866022	Tulsa Youth Services LLC	Oklahoma, # Apartment 1101, 7871 Union Ave, Tulsa	US
S3-223839782	Lien Çlub SAS	12 Rue Des Montaganrds, Lille	France
S3-290150751	Chang Invesco Llc	702 Bobhite Pl, Philomath, Oregon	US
S3-685101283	ei tourcoing comite	19 Rue Jacques Cartier, Tourcoing, Nord	France
S3-177692513	Lège-Cap-Ferret Comite SARL Enterprises		France
S3-690714222	meridianindiaauto.com	2, Calcutta, Howrah, WB	India
S3-417150607	Isis  Institut	48 Cours Saint-louis, Bordeaux, Gironde	France
S3-136941698	#globalclear	3115 4650, Ogden Valley, Utah	US
S3-291093734	Lyrazeph	59 Rue Des Martyrs De La Resistance, Lille	France
S3-308169830	Niveau &  Fils Holding	Pays de la Loire, 8 Rue Jean Richepin, Saint-nazaire	France
S3-63251491	Sanchez Golden	3959 Hunt Highway, Unit 184, San Tan Valley, Arizona	US
S3-171131209	A Cure 4 Áll	5343 Holmes St, Kansas City, Missouri	US
S3-696469928	Cercle SARL Services		France
S3-48772334	Gnm Developers Private	Door No 100 Galla Mandi Gate K Samne Jamuniya Road, Sehore, मध्य प्रदेश	India
S3-945709766	रेड इन्वेस्टमेंट्स प्राइवेट लिमिटेड	2-17, Mumbai, MH, Mumbai, Adani, Inspire-bkc, Situated G, Bkc Main Road, Bandra Kurla Complex	India
S3-989199211	D K & Q Gamco Ltd	697 Taylor Rd, Stoneville, North Carolina	US
S3-843168286	Club des Cultuelle	No 57 Rue De Garies, Mérignac	France
S3-730584756	Arcsolx a/k/a Glyphiq Joint LLC	178 Wilson Street, Bridgeport, CT	US
S3-365290699	DELTA PARTNERS INC.		US
S3-448543776	Investment (India) Care Care-LLP	Door No 7-62/362-363, Flat No. 2, 2Nd Floor, Ivory Woods Apartment, Prashanth Hills Colony, Raidu, Rgam, Hyderabad, తెలంగాణ	India
S3-215450995	Nantes Ecole	36 R Des Chambelles, Nantes, Pays de la Loire	France
S3-605050659	Internal Associates Creative Medicine		US
S3-15372255	VW Limited 5ervices	#0506 Flat No- 823, Bhubaneswar, Khordha, OD	India
S3-689310515	Indian Care Public Limited	Sadar Bazar, Flat No. 102, Sector-15, Part-2, Gurgaon, House No. 1495E, HR	India
S3-371076527	Baldridge Company Holding Central	Kentucky, 1248 Harmons Ferry Rd, Calhoun	US
S3-540616397	Safe Pioneer  Legato Group (Northside)	9031-9033 Ellery Channing Drive, Huntrsville, North Carolina	US
S3-471767350	Nationale Federation Participations SAS	107 Bis R De Paris Appt B02, Tourcoing, Hauts-de-France	France
S3-7579085	HH Gas Holdings	3866 Wake Cir, Norfolk City, Virginia	US
S3-549994046	LLC Obsiian	97 Stonefly Trl, Banner Elk, North Carolina	US
S3-107772869	Sabots Patrimoine Holding EURL	16 Allée Des Albatros, St.-nazaire	France
S3-699779804	Shagun Polytechnic	Tirunelveli, தமிழ்நாடு, Pandarakulam Sankarnagar, 430- Church Street Petchinagar	India
S3-252500696	फर्स्ट एग्रो प्राइवेट लिमिटेड	D 172, Bhajan Pura, Delhi, DL	India
S3-260674944	Gain Ínterior Pvt Ltd	323. No - 36/1 Opp.abhang Mang, Haveli, Pune, MH	India
S3-477896225	J & Z Índex LLC	175-A E Railroad Saint, Hamden, Ohio	US
S3-512426283	Quopyra	63 Rue Amédée Saint-Germain, Bordeaux, Nouvelle-Aquitaine	France
S3-748630682	-- Sree Services Private	Salarpuria Sattva Knowledge City, Level 1, Unit 2, Sy. No. 83/1, Plot No. 2, Inorbit Mall R, Oad, Raidurg Village Hitech City, Hyderabad, TG	India
S3-553767585	Clea Miranda Peak Babcock Llc	19 Greene Street, New York	US
S3-897063118	Ocean Comite S.N.C.	Nord, 0124 Avenue Gustave Dron, Tourcoing	France
S3-216444688	Whitesnow Supportservices Privaet Limited	B/11, Kamalpushpa Appartment, Memnagar Road, Navrangpura, Ahmedabad, GJ	India
S3-87973776	Cercle SAS Services	4 Rue Ambroise Paré, Pessac, Nouvelle-Aquitaine	France
S3-360819110	Detente Pharmacie Sas	383 Rue Albert Mahieu, Dunkerque, Nord	France
S3-464691876	Alpha Hotel Construction Public Limited	Door No 762 S 26/294 Ka 8 Meera Purbasahi, Varanasi, UP	India
S3-642694162	Lycée de  Objectif SCI	Nouvelle-Aquitaine, 48 Boulevard Jules Simon, Bordeaux	France
S3-93831726	Ariazetaumbra	3 RUE Alfred de Musset, Nantes, Pays de la Loire	France
S3-230209303	PVM Culturelle		France
S3-836401895	Bordeaux Élémentaire International EI	7 R. Commandant Marchand, Bordeaux	France
S3-306848788	Corner Corner Séafood Inc	138 Sanderson St, # 301, Sprinfgield, Massachusetts	US
S3-368013589	The Dent  Bike Shop	Tallman St, Wildrose, North Dakota	US
S3-560457165	Shri United Ehnteepises Limited		India
S3-673635835	Cornerstone Chemical Collective Group	3012 Wade Road, PO Box 1892, Durham, North Carolina	US
S3-906255063	BX SAS & Associés	47 Av Emile Counord, Nouvelle-Aquitaine, Appt 232, Bordeaux	France
S3-65488379	Cmp Cobdosiultdncy	Flat No D-302, NULL, Andhra Pradesh	India
S3-389800266	फ्यूचर कंसल्टिंग प्राइवेट लिमिटेड	B3/501, Navi Mumbai, MH	India
S3-391124423	Sri First Private Limited Center - 4624892505		India
S3-448352964	Bharathi Schkis [C0mpany]	No 153 Joglekarwadi, Sion Fish M, Sion Chunabhatti Signal, Mumbai, महाराष्ट्र	India
S3-602620047	R 4 A	3015 Cypress Ave, Kansas City, Missouri	US
S3-538062159	Maison de Àntoine de Santé International	29 Rue Des Pres, St.-herblain, Loire-Atlantique	France
S3-930760981	Gorkahpur India (Limited)	Gorkahpur, UP, House No #125K Mirihiriya Post Rigawali Bazar Campierganj, Gautam Buddha Nagar	India
S3-152610803	Dsj Star Industries Private Limited	Plot No. P1-6, HR, Faridabad	India
S3-838401560	Watts Securities		US
S3-177631549	NXY Díagnostic Ltd	H.no B3/49-34-3c, Visakhapatnam, Vishakhapatnam, AP	India
S3-284802614	Mirariza	4081b 30, Delanson, New York	US
S3-120262720	baycharities.com	5009 John Hagar Rd, Hemritage CITY, Tennessee	US
S3-842831449	Cercle France		France
S3-516393516	Tulsa Yghuh Services, (LLC)		US
S3-725059173	Veoumbra	Nouvelle-Aquitaine, 102 Avenue Aristide Briand, Mérignac	France
S3-608002409	Kolkata Developers Prívate Limited		India
S3-304376686	Jaxaria	21450 12, # Unit 1207, Foley, Alabama	US
S3-288272345	Goenka  Fonuntry Industries Limited	Kozhikode, ##951, കേരളം	India
S3-657037133	Pediatric Dentistry	Charlotte, North Carolina, 8333 Hidden Springs Trail	US
S3-529432120	Smt Lakshmi Exports		India
S3-236643492	ED	# 2 Allée Citronnelle, Mérignac, Nouvelle-Aquitaine	France
S3-476065925	Shyam Trading Restaurant Pvt	G-11/342, Dda Flats, Kalkaji, South Delhi, New Delhi, दिल्ली	India
S3-563314931	Departementale Sportive Holding Sàrl	22 Av. Du Basisn Cap Ferret, Lege-cap-ferret, Nouvelle-Aquitaine	France
S3-324219925	Cardiology Specialists of Inc Center	222 Grazing Bdck Dr, Clayton, North Carolina	US
S3-517367308	Litchfield Cóastal Wells LLC	501 Maple Street, # Apt 419, Fayetteville, Arkansas	US
S3-663941537	Jones Maiagement Ltd	2086 Hualapai Dr, Bullhead City, Arizona	US
S3-315034616	Gurgaon Technologies Infratech Corp	No 41 Second Floor, House No-116/5 Hans Enclave, Gurgaon, HR	India
S3-817322406	By Bella SAS Cie	28 Rue Des Pavillons, Nantes, Loire-Atlantique	France
S3-277100283	YW  India Company	#5A, 2Nd Floor, Plot-1a, Ladhabhai Building, Mama Pramanand Marg, Opera House, Mumbai, MH	India
S3-578194237	Amicale de  Ssiad SAS	26 Avenue Ludovic Comerais, Nantes, Loire-Atlantique	France
S3-218552985	Real Consultants Ltd	Office Space No.1408, Kozhikode, KL	India
S3-482877560	citoyennete maternelle	21 Bis Rue Adrien Pichon, Saint-nazaire	France
S3-863345975	EURL South Amis	17 Rue Delphin Petit, Lille, Hauts-de-France	France
S3-436196468	Pvt Resume (India) Ecotech Ltd	1/4 585, Beside Ramalayam Janda Chettu Center, Tadigadapa, Vijayawada Region, Vijayawada, ఆంధ్రప్రదేశ్	India
S3-316911654	Iriyuma	Blvd Léon Gambetta, Calais, Hauts-de-France	France
S3-841632021	Asset Building Council Corporation		US
S3-654446509	நார்த் இன்ஃப்ராஸ்ட்ரக்சர் பிரைவேட் லிமிடெட்	Iv Street, Anna Nagar West Extension, 728, Chennai - 600 101., Anna Nagar West Extension, TN	India
S3-620763499	Lille Primaire S.A.S.		France
S3-974504891	Chappell and Sabia Generation West Inc	130-134 Stoughstown Rd, Shippensburg, Pennsylvania	US
S3-634594823	Urology Signature Center, Inc	Fairplay, Maryland, 8036 Sharpsburg Pike	US
S3-197896516	Doa Ltd	1320-1324 Trail Run Lane, Cordova, Tennessee	US
S3-602132911	Commerce Anciens		France
S3-700446015	MAISON RETRAITES SARL		France
S3-683606405	Nantes Section	24 Rte De Paris, Nantes, Loire-Atlantique	France
S3-141884600	Art SA Services	36 R Fontaine Del Saulx, Lille, Hauts-de-France	France
S3-767864067	global constructions limited		India
S3-26274447	Eurl Outreau Lycée	32 R Saint-jospeh, Roubaix, Nord	France
S3-497561805	Xylodrexquo	7Th Floor, Mumbai, MH	India
S3-297968496	Ui Sïrius Centre	107 R De Lille, Roubaix, Hauts-de-France	France
S3-910201948	Siddipet  Limited International	Surey No- 39 And 206, Siddipet Industrial Park, Mandhapally Village, Hyderabad City Region, Andhra Pradesh	India
S3-801796721	Moye & Bolan Developments Llc		US
S3-958724852	Coline Foyer SAS	No 52 Av. Du Vallon, Pessac, Gironde	France
S3-63803361	SREE CONSTRUCTIONS PRIVATE LIMITED		India
S3-282252849	Ganga  Investment	Midc Pl No A57, Kolhapur, MH	India
S3-116198818	Lège-Cap-Ferret  SAS + Fils	87 Ave Des Grives, Lège-cap-ferret	France
S3-939972017	Hotel  Enterprises (ID: 52354)		India
S3-66663897	Creative Logistics Pvt Ltd.		India
S3-215115706	[LLC] Rockhold, Bracey and Corona	2455 League City Pkwy, League City, Texas	US
S3-783146950	La Baule-Escoublac Parents Enterprises		France
S3-101941206	llc cayetano anchor briacell	15 Stratford Road, W Hartford, Connecticut	US
S3-594842154	Aakriti Heaven (India) Priav Limited	Satana, H.no. 42, MH	India
S3-30299321	CTO Park Private Limited	Supreme Signature Chs, Union Park, Wadhavali, MH, Mumbai, C-501, Mumbai	India
S3-918397305	Mr Real Trading  Private	157, Unit No. 604, 6Th Floor, T-19 Towers, TG, 5-4-156, Secunderabad, Hyderabad	India
S3-325339319	Bouliste Restauration Holding SA	344B Avenue Vulcain, Nouvelle-Aquitaine, La Teste-de-buch	France
S3-603871104	Relais  Culturelle	4 Cour Lebrun 230bis R De Fleurus, Tourcoing	France
S3-391804956	EHPAD  Pierre	Bordeaux, 6 Cours D'albret, Gironde	France
S3-783089557	Lotus Projects Public Limited	No 177 Mahatma Gandhi Road 3Rd Floor, Kolkata, Howrah, WB	India
S3-42286562	Sperling, Cfhrisbher & Farah Group	1440- Twenty First Ave, Fort Dodge, Iowa	US
S3-551097835	Indian Capital Enterprises	Plot 134 House No. 260, Bhopal, Huzur, मध्य प्रदेश	India
S3-692409606	Novizeta aka Grandes (France) Amicale SASU	131 Rue Magnesia, Calais, Hauts-de-France	France
S3-887797774	Sgs Gréen Private	0017, Ahmadabad, GJ, Naroda, Govardhan Park, Opp. Karnavati Nagar	India
S3-449638365	>> Urgent Care Physicians of Kíngston Springs LLC	156. Petro Road, Kingston Springs CDP, Tennessee	US
S3-866191194	Sree Tech LLP	Plot No.1/22, Ex-service, Men Colony, Ward No.28, Bellary, ಕರ್ನಾಟಕ	India
S3-655879423	Global Media Private (Ltd)		India
S3-522804412	Pediatric Dental Center Inc	1404 1/2 Richmond St, Arlington Heights, Illinois	US
S3-13069877	Collège Saint Marie SAS		France
S3-201304941	associated & brothers private limited	Sjr Compmex, N H 45 Road, Kolampakkam Maduranthakam Taluk, Chengalpattu, Kancheepuram, தமிழ்நாடு	India
S3-922239369	Lyra Oriental Corp	70 Madisno Avenue, Asheville, North Carolina	US
S3-728720245	Smt Super Private Limited Center		India
S3-784005453	Sbs Satya Private  Limited		India
S3-192411426	Elsa Gassendi Parents EURL	11 R Masséna, Lille, Nord	France
S3-709308897	Synyumayuma	62 Rue de Berckem, Tourcoing, Hauts-de-France	France
S3-353167120	New Eastern Impex Technologies Private	No 24 Hara Ch Mallick Lne, Kolkata, WB	India
S3-995743320	Dunkerque Jeunes Sarl	16 Rue Frédéric Chopin, Dunkerque	France
S3-905199795	Cure Nails LLC Services	3940 81, Danville CDP, Alabama	US
S3-471598413	Trichem Mines	Nandanam Mra A 0031/2Maruthankuzhi Kanjirampara P O, Trivandrum, KL, Thiruvananthapuram	India
S3-265404836	Chretienne Comite SARL	05 R Galilée, Lille, Nord	France
S3-309798239	Clinique du Passais  SCI	8 Cité Samain, Lille, Hauts-de-France	France
S3-774509306	Whitehead Atlantic	4321 Antioch Road, Fluvanna County, VA	US
S3-991556437	Premier Broadcast Group Partners	112 Quaker Ln, W Hartford, Connecticut	US
S3-4847480	first galaxy industries llp	A-14, New Delhi, South Delhi, DL	India
S3-836574951	Empire Crystal Nippon Inc.		US
S3-176061677	ZP Union SASU	4 Bis Rue De Monterey, Pessac	France
S3-962136235	Patriot Market  LP		US
S3-356250691	établissements Arts SASU	15 Passage Hermitte, Bordeaux	France
S3-911255097	Apple Fountsdan Private Limited	Coimbatore, State Bank Colony, Meena Estate Main Street, Sowripalayam, No.1a, Coimbatore, தமிழ்நாடு	India
S3-564647366	E.U.R.L. Economique Congregation Theatre	58 Av. De L'océan Cap Ferret, Lège-Cap-Ferret, Nouvelle-Aquitaine	France
S3-693871121	Pharmacie du Voiture	R Berthollet, Roubaix, Hauts-de-France	France
S3-74911501	Atlas Flagstar	4584 Red Pine Dr, Bloomington, Indiana	US
S3-16644465	Rochefort Industries (France) S.A.R.L.	8 Allee De La Chenaie, Bordeaux, Nouvelle-Aquitaine	France
S3-798020895	global industries inc	2214 Overton Ave, Missouri, Independennce	US
S3-793148611	RFZ Estate Infratech Private Ltd	Door No 58 Gokhalae Hall Street, Sivaganga, TN	India
S3-748328422	LAXMI SERVICES PVT LTD		India
S3-303823628	Institut de Secthe	100 R De Lille, Tourcoing	France
S3-461206288	Ketech Egh [LLC]	304 14th St, Saint Charles, Illinois	US
S3-353180314	Golden Learning	Lowell, Massachusetts, # 5, 944 Lakevew Ave	US
S3-72883639	SARL Human (Fransnoce) Soins	N°137 Rue Duguay Touin, Calais, Pas-de-Calais	France
S3-398470607	Laxmi Industries Enterprises		India
S3-582392567	Coleman LLC Services		US
S3-841637379	SREE & BROTHERS PRIVATE LIMITED		India
S3-297862217	परफेक्ट इम्पेक्स प्राइवेट लिमिटेड	A- 86, Basement Defence Colony, New Delhi, दिल्ली	India
S3-795205925	lille ecole participations sas	19 R Meurein, Lille, Hauts-de-France	France
S3-131066161	Etudiants-Ateliers	50 Rue Du Mirail, Bordeaux, Gironde	France
S3-966209649	Vijay Pvt Ltd Center	30, Seat No.2, Cantt Road, Near Dayanand Chowk, Garha, Jalandhar, ਪੰਜਾਬ	India
S3-196264086	ஏஸ் டெக் பிரைவேட் லிமிடெட்	9/110, Sriperumbudur, Kanchipuram, TN	India
S3-571346190	Odell and  Francisco LLC	##5802 Stephen Cir, Davenport, Iowa	US
S3-669133675	Ectosyn aka Pediatric Dentistry Group LLC	8333 Hidden Springs Trail, Charlotte, NC	US
S3-415738941	Lumyx LLC Center		US
S3-229054507	Merkaz Culturelle SAS	30 Avenue Des Pétrels, Nantes, Loire-Atlantique	France
S3-359205261	Madrassati & Cie SARL	Nº 48 Rue Yves Ponceau, Pornic, Loire-Atlantique	France
S3-592472143	Fluxorbiio	7 Avenue de l'Océan Cap Ferret, Lège-Cap-Ferret, Nouvelle-Aquitaine	France
S3-497589147	rapid payment systems		US
S3-71086319	Education Institute Corporation		US
S3-701086723	Private - (East) Ayurveda Ltd	Sohp-003, Andheri, महाराष्ट्र, - (East)	India
S3-387660254	Private Bhavani & Brothers Limited	Villa No.52 Hanging Gardens Survey No:265/3, Hyderabad, Rangareddy, TG	India
S3-235545855	Vision (Power)		India
S3-305137499	Memorial Chárities	#23 Sandstone Court, South Elgin, Illinois	US
S3-727116715	INC 4351 MADISON ST PARTNERS	53 Oak Point Rd, Hammond, New York	US
S3-171565219	Nantes Anciens Holding SARL	56 Rue De La Durantiere, Nantes, Pays de la Loire	France
S3-927770906	एपेक्स सॉफ्टवेयर प्राइवेट लिमिटेड	Hn C-644 E-33, Madhu Vihar, East Delhi, Shahdara, New Delhi, DL	India
S3-344129854	Smt Brixbrix	##4B, New Delhi, DL	India
S3-737727208	*** 5anjay Management (India) Industries	Hn 15 1/53/6, Nursery Bagan, Nager Bazar, Kolkata, Kolkata, Howrah, WB	India
S3-916904181	Anupama ácademy Private Limited	Mumbai, MH, Maker Tower E, 18Th Floor, Cuffe Parade, Hn 503 184-B, Mumbai	India
S3-335001367	Comité des Montoise	N° 87 R Batpiste Marcet, Nantes, Pays de la Loire	France
S3-217927960	Chasse Top Ecole SA	14 Impasse Du Petit Rochalot, La Baule-escoublac	France
S3-526352019	South (Búílders)		India
S3-73168358	Anand Properties Pivate Limited		India
S3-640652523	3958 Third Lane Holdings Corp	1213  Carlos Dr, Raleigh, North Carolina	US
S3-320582328	BC Çentre SAS	135 Rue Joffroy, Roubaix, Nord	France
S3-780363381	IG (Groupe)	44 R Blanche, Lille, Nord	France
S3-537166331	Dr Bigway Society Educational	East Delhi, D-323, 2Nd Floor, Balajicomplex Laxmi Nagar, Plot D/992 207, दिल्ली	India
S3-665667079	Miraecto	2 RUE Thiers, Lille, Hauts-de-France	France
S3-11201910	Laxmi ఇండస్ట్రీస్ Limited	#3-30-1, Ring Road, Guntur, Krishna, AP	India
S3-962275705	Drayora Heritage Partners LP (ID: 51045)	6018 Birdcage St, Unit APT 120, Citrus Heights, California	US
S3-510950860	ad centre	347 R Roger Salengro, Hauts-de-France, Lille	France
S3-773470426	Balaji Márketing Ltd		India
S3-77930536	Lyraquojax	30, Maniratnam Row House Part-2 P&T Colony Road, Vasna, Ahmedabad, Gujarat	India
S3-332500817	Private Sahibabad Dairy Imperial Limited	B-951 B-block (Pucca), Sahibabad Dairy, New Delhi, DL	India
S3-698440507	Locataires Pharmacie Sarl	3 R Guerni, Bordeaux, Gironde	France
S3-725848420	SAS Cadres Hârmonie Club	14 R. D' Anzin, Tourcoing, Hauts-de-France	France
S3-772134591	xfx strategic telecom southside	233 Wildgrove Ct, null, Anticoh, Tennessee	US
S3-574381040	Gonzalez Managed | www.gonzalezm.com	Schaumburg, Illinois, 2002 Farnham Ct	US
S3-162154317	@Parceltrading	A21 B, Ricco Ia, Behror, Alwar, राजस्थान	India
S3-316073552	Nantes Sportive SAS	010 Rue Jean-emile Laboureur, Nantes	France
S3-322912124	Tara Crle Limited	00138, Jaipur, RJ	India
S3-743192081	N N Cooper	15315 24rd Ave, Tacoma, Washington	US
S3-903208413	ब्राइट एक्सपोर्ट्स एजेंसीज प्राइवेट लिमिटेड	Flat No.f-407, Nagpur, MH	India
S3-115624925	#associationgobe	#83 R Jeanne D'arc, Lille, Nord	France
S3-963270131	The REB Consultancy LLP	House No C-542 1St Floor, Shahbad Daulatpur, Khatu, Delhi, North West Delhi, दिल्ली	India
S3-845824773	Bahu School Private Limited Partners	Flat No.1001, 10Th Floor, Plot No. 550, Mont Blanc, Jame Jamshed Road, Matunga (Cr), Mumbai City, Mumbai (SUBURBAN), MH	India
S3-43782840	Miravera	47 Rue Newton, Roubaix, Nord	France
S3-552175985	Peppy Plastics Ventures Private	No.s112, No.769, 2Nd Floor, S-no.366, Spencer Plaza, Chennai, Tiruvallur, TN	India
S3-827935285	Association des Droit EURL	No 91 R. De La Convention, Nantes, Loire-Atlantique	France
S3-976262626	Apex Healthcare Limited Service		India
S3-307460916	Grigny Centre SNC	14 Rue Jean Jacques Rousseau, Nantes, Pays de la Loire	France
S3-279233731	QK Energy Ventures Private Limited	Chennai, Kanchipuram, No.303, TN	India
S3-502014292	Holdings Surgical Clinic	3843 Oak Grove, Oklahoma, Unit Apartment 724, Midwest City	US
S3-108739562	Deleves Construction	338 Ave Linné, Roubaix	France
S3-921517855	Generale Agricole Sarl	Gironde, Mérignac, 8 - Av Macrel Doret	France
S3-610630738	Fab &	Plot No-1087, At-sampur, Po-ghatikia, Ps-chandaka, Bhubaneswar, Khordha, OD	India
S3-1228404	SPEAR CUSTOM ENERGIA PLLC	503 Porch Swing Pl, Durham, North Carolina	US
S3-290417483	congregation baptist church Enterprises		US
S3-500932062	KLB  Culturel	N°39 Rue Morand, Nantes, Pays de la Loire	France
S3-605833351	Black Technologies Private		India
S3-557105673	The Bia Ltd	1107 Highland Court, Hartselle, Alabama	US
S3-880938275	vijayinfotech.com	Block B-812 B 303, Pimple Nilakh, Pune, MH	India
S3-913034614	Valley Northern LLC	8821 Hwy 26, Crowheart, Wyoming	US
S3-679210054	South Tech	Hn 503/3 Room No 12, Mumbai, महाराष्ट्र	India
S3-25646130	associatescarefamily.com	2301 Bradley Ave, # 309, Louisville, Kentucky	US
S3-405545466	Bombay Exports (Pvt)		India
S3-36157873	Buonocore, Mejia And Patteson Llc	4050 33rd Ave, Phoenix, Arizona	US
S3-913559431	Gold Global Private	Mumbai, MH, Worli, Aurus Chambers	India
S3-176498191	Horizon & Cie		France
S3-560083067	iihealth.com	# UNIT E, Stafford County, 600 Interstate Business Pk, Virginia	US
S3-836627066	Dream  Limited Private Care	D6, Bangalore, Bengaluru, KA	India
S3-543842279	Music (arh) Anciens SASU	Rue Du Satnd De Tir, Roubaix, Nord	France
S3-396222288	zaa.com		US
S3-73834952	Centre Saint Martin Développement	1 Rue De La Tranquillite, Tourcoing	France
S3-172982298	SUPREME CONSTRUCTION LLP	Chennai, Pammal, #116 G.a Pammal Main Road, தமிழ்நாடு	India
S3-384203195	Wadsworth City Horizon Pharma LLC	1300-B Coalridge Parkway, Wadsworth City, Ohio	US
S3-497664400	Gray and Graham	357 1/2 Locust Grove Rd, Shelbyville, Kentucky	US
S3-659615917	ફર્સ્ટ ઇન્વેસ્ટમેન્ટ પ્રા. લિ.	I- 523 Arohi Elegance Village Bopal; Taluka : Daskroi, Ahmedabad, Sanand, GJ	India
S3-776339707	Vaayuavi Real	No 1, Kk Road, Opp Nenepu Building Behind St Mary's School, T Dasarahalli, Bangalore Urban, Bangalore, KA	India
S3-204973124	Navi Mumbai Project	312, Navi Mumbai, Thane, महाराष्ट्र	India
S3-516981164	Patriot Institute LLC Trust		US
S3-111627985	Lecole Pro Amicale SA	(98) Rue Aristide Briand, Saint-nazaire	France
S3-852886823	Bordeaux Service SAS	13 Rue Du Chai Des Farines, Bordeaux, Gironde	France
S3-223957989	Tutelaire Club (France) SCI	25 Av De Magonty, Pessac, Gironde	France
S3-165179760	Developers Godrej Rise Limited	108, 2Nd Floor, 27Th Main Road, Hsr Layout, Sector 2, Opposite T, Banglore Karnataka, Bangalore, KA	India
S3-62479043	Wexavihalo Co formerly known as Je Sportive SARL	7 Rue Frédéric Mottez, Lille, Hauts-de-France	France
S3-814360441	Al Investment LLP		India
S3-788967471	WOE Ecole	Avenue Du Maréchal De Lattre De Tassigny, La Baule-escoublac, Loire-Atlantique	France
S3-892858961	EURL Verne Entre Societe	7 Rue Charles Marionneau, Bordeaux, Nouvelle-Aquitaine	France
S3-253483196	श्याम इंफ्रास्ट्रक्चर प्राइवेट लिमिटेड	A-1/167., 3Rd Floor, Janakpuri, New Delhi, West Delhi, DL	India
S3-382871217	Ferray Sound Southside Inc	16129 Ranch Meadows Road, Cypress, Texas	US
S3-949266066	Pediatric Dentistry Inc	115 Spanish Oak Cir, Georgetown, Texas	US
S3-825388573	Comité DES TOUS	# 45 Rue De L’espérance, Dunkerque	France
S3-701212943	Global Consrrucstnions Medicals Pvt Ltd	30-K, Housing Board, Kumbha Nagar, Chittorgarh, RJ	India
S3-140294805	Faridabad Private Limited Center	Plot No. 8/6 & 8/6A, Faridabad, HR	India
S3-574399914	Arm Sons L.L.P.	No 35 Model Town Iscon Road Mansarover, NULL, Jaipur, राजस्थान	India
S3-945094407	Association  des Espoir France	No 8 Rue Culbert, Calais, Hauts-de-France	France
S3-146847495	Karan (India) éretail Pvt Ltd	(10-A2), Shivalli Industrial Area, Udupi, Doro No #16-150, Udupi, KA	India
S3-608826113	Centre Médical Pastels SA	132 Rue De Mein, Tourcoing	France
S3-503746174	Shuster  Liquor of East Peoria	322 Woodlawn Boulevard, East Peoria, Illinois	US
S3-993834242	Lille Groupe	Nord, 229 Rue Slferino, Lille	France
S3-522434646	HJ Maison	5 Bis Rue Du Bois, Nantes, Loire-Atlantique	France
S3-505638375	Blue [Charter] [Charter]	235. Davis Avenue, Clemmons, North Carolina	US
S3-744527196	Adan Merger	277 Chinquapin Ln, Louisville, Kentucky	US
S3-836815367	Torres Hamilton Inc.		US
S3-165416829	Patton Pacific LLC Beverage	172- Pitard Loop, Mountian VIEW CDP, Arkansas	US
S3-706531007	Cornerstone Bróokfield PC	3721 Ritter Avenue, Indianaplois Township, Indiana	US
S3-622861367	Darden,, Brande DPM Inc	6139 47rd Pl, Marysville, Washington	US
S3-89973661	Perez Inc		US
S3-268355268	Loya Mckinney Lewis Opportunities LLC Services	Evans Avenue, Troutdale, Oregon	US
S3-291162934	Collège  Airs	34 Avenue Des Deux Ponts, Pessac, Gironde	France
S3-736343164	Notes Union SCI	3 All Des Confiseurs, Tourcoing, Hauts-de-France	France
S3-580484260	Eastern Pifiarircs Uptown (Inc)	1018 Green St, Norfolk, Virginia	US
S3-367803209	Loya, Mckinney & Léwis Opportunities LLC	2035 Evans Avenue, Troutdale, Oregon	US
S3-720644421	Lille Primaire SAS	Hauts-de-France, 18 Jete De La Gare D'eau, Lille	France
S3-774092452	Laxmi Bustaolgders Solutions Private Limited	Door No 661 Office No. 20/E, 5Th Flr Commerce Centre, Tardeo Road, Bombay, Mumbai City, महाराष्ट्र	India
S3-376509559	École prîmaire du Paul Participations	110 Boulevard De Sarrebruck, Nantes, Pays de la Loire	France
S3-273905446	Skylark Solutions Public Ltd	102, N/A, Indore, Khargone, MP	India
S3-838454844	RQ-Club SASU	Nº 41 Rue Du Maine, Saint-Nazaire, Pays de la Loire	France
S3-312984762	Infra  Backbone Limtied Exports	B113 Block B Sushnat Lok, Gurgaon, Sector -45, HR	India
S3-859919127	Solutions Addplus Technologies Private	##147, 9Th Cross, 1St Phase J P Road, Bangalore, ಕರ್ನಾಟಕ	India
S3-629009928	Monster Cb SA	N° 19 Avenue De La Foret, La Teste-de-buch	France
S3-775270891	Smart Pacific Metals Midtown Co	##1912 F, Hawarden, Iowa	US
S3-84263571	Centre Hospitalier Sainte  Sainte EURL		France
S3-302011545	Maison International Développement S.A.R.L.	24 Rue De Conde, Lille	France
S3-197732744	Maison Attitude SARL [Cie]	92 Rue Émile Fourcand, Bordeaux, Nouvelle-Aquitaine	France
S3-466051361	Mr Golden Indusftotcis Group	Door No 633 Shiv City Silver, Indore, MP	India
S3-825260926	Om Maintenance Private  Limited	MH, Thane, Door No 133 B Wing, Shop 09, Hiranandani Estate, Atlanta	India
S3-679212207	Mots Club SARL	6 R. De La Rosière D'artois, Nantes, Pays de la Loire	France
S3-346851628	M/s Kota Chits Pvt Ltd		India
S3-495217297	Williams Optimal Optimal Industrials	625 Traci Joyce Lane, Fairfax County, Virginia	US
S3-444512191	Urban Industries Private  Limited	A1, Pune, MH	India
S3-584089270	Incorporated Meza Better Cea	Albemarle, North Carolina, 0724 Shady Dr	US
S3-769995337	Cobalt	5219 Parkview Ave, Cincinnati, Ohio	US
S3-979475116	Prime Corp Partners		India
S3-675643888	White, Johnston and Smnbth Inc	219 Sun Valley Circle, Sterrett, Alabama	US
S3-836407144	Sarasan India	Pune City, MH, Pune, #254 Sno 73/22F	India
S3-492103174	Kbs Centre SCI	9 Rue Du Chêne Lasse, St-herblain	France
S3-36282066	Dr South Business  Limited		India
S3-719777494	National  Group Service	917 B Lincoln Ave, City Of Beaver Dam, Wisconsin, # Unit 4	US
S3-410510877	Central Secure Srrhading Gulf	272-D 1825, Centerville, Utah	US
S3-503023008	Netherton Starry Of Henry County Inc	202 The Great Road, Fieldale CDP, Virginia	US
S3-84195887	Ets-Gcs SAS	39 Rue Jacques Prévert, Mérignac, Gironde	France
S3-569812464	Fortune Sree International Private [Limited]	H. No. 334, Mitc Colony, City Sirsa, Sirsa, HR	India
S3-242354139	Happy Ecole SA		France
S3-245110084	ಶಿವ್ Services Private Limited	Akr Vo 67, Bangalore South, Bangalore, KA	India
S3-499939263	रियल Technology Private Limited	House No. 7A, Delhi, North West, DL	India
S3-592725854	Verne Entre Sôciete International EURL	Bordeaux, 011 Rue Charles Marionneau	France
S3-952482869	UBC	7 R. Edgar Quinet, Saint-Nazaire	France
S3-689112802	Bhavani	Villa No.52 Hanging Gardens Survey No:265/2, Manikonda Jagir Village, Rangareddy Distr, Ict., Hyderabad, Rangareddy, Telangana	India
S3-69033898	Mel (France) Fgderatlan SARL	22 Cite Sereine, Tourcoing	France
S3-203056870	Private Yamuova Índia Limited	Howrah, J1-18, পশ্চিমবঙ্গ	India
S3-896336588	Lille SARL Cie	64 R. De Madagascar, Lille, Hauts-de-France	France
S3-690437581	Services Fast Fannie Southside LLC	3697 Saddle Ridge Rd, Deerfield, Wisconsin	US
S3-760165425	Safe-Spacsphere-LLC	2960 Mills Avenue, Unit B, Washington, District of Columbia	US
S3-869884672	Commercants Sport EI	Nantes, 1 R. De La Noe, Pays de la Loire	France
S3-745776041	RCI Solutions Holdings Private Limited	Door No 83, Palakkad, കേരളം	India
S3-155363429	Drayex Heritage Westgate Center	6018 Birdcage St, # APT 120, Citrus Heights, California	US
S3-795157638	Lille Maison (Sarl)	#27 R. Jean Bart, Maison Des Associations, Lille, Hauts-de-France	France
S3-449609268	Samuelson Imperial	10 Reynolds Rd, Brookhaven, New York	US
S3-597209257	Fédération du Etudiant.e.s SNC	St-nazaire, 18 Rue Des Ajoncs	France
S3-846092119	Reese United Atlas Llc	3910 Harvard Street, Hamburg, New York	US
S3-414445483	Advisors Precise [Enterprises]	#54 Natunpally, Morepukur Near Bharti Sangh Club, Fair Price Shop, Hooghly, Rishra, WB	India
S3-432141160	Institut [Sourires]		France
S3-475022434	Cmirealtyindia.Com	W.e.a. Karol Bagh, New Delhi, Central Delhi, DL, Hn 530 8-A/11	India
S3-205066017	Md Retail Phievt Limited	H.no 998- S. F. 220, Vadodara, GJ	India
S3-237433225	Balaji White Constructions	Door No 27 Halwaikhana Behind Mishra Market, Auraiya, उत्तर प्रदेश	India
S3-291577180	M/s Benchmark  Agents Private	Dor No 128, Meppurath Building, Puthiyiruthy Swamipadi, Post Palapetty, Ponnani, Malappuram, കേരളം	India
S3-742044915	The Abney and Crum Meridian, Inc	Glen Dale, 37A Baker Dr, West Virginia	US
S3-742021151	Orbibrix	241, Kamalpur Pikar, Post Mubarkpur Pikar, Ambedkar Nagar, Uttar Pradesh	India
S3-42055487	Kaizen Dairy  (Limited) (ID: 86017)	Delhi, Hn 306 P No -14/603 East End Apartment Cghs Mayur Vihar Ph-1 Extn., DL, East Delhi	India
S3-666475734	Mel (France) Federation SAS	N° 1 Cité Sereine, Tourcoing, Hauts-de-France	France
S3-811957353	twistedcoffee.com	52nd St, # 2245, Phoenix, Arizona	US
S3-520515945	Collège Airs S.C.I.	36 Av Des Deux Ponts, Gironde, Pessac	France
S3-908792244	भारत स्काई कंसल्टेंसी प्राइवेट लिमिटेड	Valeram, Evershine Nagar Link Road, H.no 307 415, Mumbai, Malad (W), महाराष्ट्र	India
S3-550145165	Pornic Gestion  SA	Loire-Atlantique, Pornic, 7 Rue De La Marine	France
S3-51850204	Metropolitan Analytics	4404 Lafayette St, Bellaire, Texas	US
S3-294006606	Bordeaux Amicale S.A.S.U.		France
S3-268228057	Lumfaye	112 R Meurein, Lille	France
S3-904594862	Rodriguez,, Roxanne Md Corp	8886. Winston Farm Ln, Dayton, Ohio	US
S3-468189050	Laxmi Builders Pvt		India
S3-626310560	Amigos Loisirs EURL	Pas-de-Calais, 118 R Leonard De Vinci, Calais	France
S3-741258017	Vivre Section	12 Cour Delattre, Lille, Nord	France
S3-364801892	True And Co	8, Amartalla Street 4Th Floor, Room No.407, Kolkata, Howrah, Calcutta, WB	India
S3-455189862	Brevin Section  SAS	# 15 Allée Des Peupliers, Pessac, Nouvelle-Aquitaine	France
S3-363747680	Elite Magticme Partners	1426 Spring Mill Road, Lower Merion Township, Pennsylvania	US
S3-167667398	Synergy Nursing Home Partners Corporation	1/1/6 M M Ghosh Streetkrishnagar Nadia, Hooghly, W B, পশ্চিমবঙ্গ	India
S3-96227560	Batavia Cultural  All Committee	1116 Wilson Street, # F, Batavia, Illinois	US
S3-65691379	Creative Logistics Private Limited		India
S3-757028303	HOY Marine Private	601, Nagpur, MH	India
S3-902832346	Empire Federation	107 Wilderness Cv, null, Texarkana, Texas	US
S3-562677679	First India Ltd	Hn 322 C-146 Sector-44, Gautam Buddha Nagar, Atta, UP	India
S3-311278669	Ets Vigne S.A.S	9 Rue Reine Astrid, Nantes, Pays de la Loire	France
S3-70454814	Communal-Anciens (SA)	11 Rue Des Roitelets, Lège-cap-ferret, Nouvelle-Aquitaine	France
S3-801103880	Institut Saint Robert SCI	Pays de la Loire, N° 24 Rue Jules Simon, Nantes	France
S3-685792767	Bordeaux Institut	Bordeaux, 11 - Rue Andre Caverne, Gironde	France
S3-127685828	Fortune Services Pefeat Limited		India
S3-777416705	Aviators (India) Wood Ltd	Door No 2963 Buderhut Nayabad, Kolkata, WB, Calcutta, Flat-2b, Eden Fresco Appt, Nayabad, Kolkata	India
S3-304817773	Colin Sante-SARL	19 R. De La Birochere, Pornic, Loire-Atlantique	France
S3-482195052	Nagin Asia Private	H. No.1-12-162/10/s6 Temple Alwal, Hyderabad, Andhra Pradesh	India
S3-329029930	Annemarie K. Alilden, D.C. Inc	917 Withrow Road, Charlotte, North Carolina	US
S3-980397221	Amicale  des Promotion	4 Route Du Cormier, St-nazaire, Pays de la Loire	France
S3-811945716	west holding group llc	114 Goldcrest Ln, Bozeman, Montana	US
S3-723235230	Lucas LLC Studios Atlantic	2002 Bevington Oaks Cir, KATY, Texas	US
S3-937950093	>> G/G Léase Inc	43 1/2 Norfolk Avenue, Swampscott, Massachusetts	US
S3-218792384	Arcfaye	104 AV du Peuple Belge, Iae de Lille, Lille, Hauts-de-France	France
S3-920752410	C0ntinental Committee	444 52 St, New Ork, New York	US
S3-844272123	#Noon Inc-Center		US
S3-840878611	SAS PROMOTION PATRIMOINE (FRANCE)	1 Rue Traverscere, Nantes, Loire-Atlantique	France
S3-654906611	4351 Madison St St Partners	40 Oak Point Road, Hammond, New York	US
S3-294655751	Wroblewski,, Tierney P.A., M.D., P.C. South PC	7031 Petty Ln, Dallas, Texas	US
S3-677085944	Limited AG Sofwame	001, Highway Road, Chandanwadi, Jogila Market, Thane, MH	India
S3-498040690	DAVIS CONVERTIBLE LLC	Texas, Houston, Prince Street, <NULL>	US
S3-354709655	Amicale du Varoise	213 R De La Latte, Tourcoing, Hauts-de-France	France
S3-217632497	Direct Cie SARL & (Associés)	Nº 1941 Av Roger Salengro, Calais	France
S3-43375255	Hu élémentaire France S.A.S.	011 R De La Barbniais, Nantes	France
S3-125754219	LLC Baa	3520 Lincoln Avenue, Unit 4, Ogden City, Utah	US
S3-268518744	(LLC) Commercial Rlbtatl Alliance	Larman Court, Unit APT, Indianapolis, Indiana	US
S3-109224155	ઇન્ડો ઇન્ડસ્ટ્રીઝ પ્રાઇવેટ લિમિટેડ	Shop No 402, Sanskar Heights, Nr. Radhe Circle, 150 Feet Ring Road, Rajkot, GJ	India
S3-262656733	Tous Club SA	No 11 R Jean Paul Sartre, Saint-herblain, Loire-Atlantique	France
S3-561007064	LLC Odell And Francisco	##5802 Stephen Cir, Davenport, Iowa	US
S3-763714868	Sai Global Private Limited Enterprises		India
S3-170301011	East Midnapore Step Limited Services	Purba Medinipur, Midnapore, 3 Kashberia, WB	India
S3-121529604	Event &-8rothers Limited	N/A, Ahmedabad, GJ, 38/A- Shaktikunj Soc Nr Manpasand Centre Bapunagar	India
S3-813592188	Institut-de  Pierre		France
S3-735689050	Shae Martinez, D.O. J.	6303 47th Ave, Riverdale, Maryland	US
S3-850967674	Team-Danse S.C.I.	13 Av. Maie-louise, La Baule-escoublac	France
S3-213379641	Hitech Properties Priovate Limited		India
S3-762374532	Dutilisation Comite (Frânce)	8 Allée Sully Prudhomme, Pessac, Gironde	France
S3-399359185	Services Red Limited	Delhi, DL, #868 O-20/a-2 Dilshad Gardn, East Delhi	India
S3-283628171	श्याम इंफ्रास्ट्रक्चर लिमिटेड	A-1/171, 3Rd Floor, Janakpuri, West Delhi, DL	India
S3-194742584	Alpha (France) Club SNC	085 R. Royale, Cafe De Paris, Calais, Hauts-de-France	France
S3-463285340	Omega & &	Thane, 09 1St Floor Jay Bhavani Nagar Rd No.32, MH	India
S3-124711611	InstitutjacquesCom	66 Rue Du Grand Maurian, Gironde, Bordeaux	France
S3-693987275	Ets Regard [SARL]	22 R Jacquemars Gielée, Lille	France
S3-875479759	RA Sport SARL	Bordeaux, Nouvelle-Aquitaine, 027 Rue Beaufleury	France
S3-810600102	Mcneil Precision Medicines	2738 Mc Clure Street, Indianapolis, Indiana	US
S3-316534825	artsfranceamicale.com	10 Avenue De Bordeaux, La Baule-escoublac, Loire-Atlantique	France
S3-98054305	ब्राइट लॉजिस्टिक्स प्राइवेट लिमिटेड	Plot No.##9, Alwar, राजस्थान	India
S3-175023293	Club  des Team	Mérignac, 146 Av Aristdie Briand	France
S3-754881130	Domicile Btuafu Culturelle SARL		France
S3-52306756	Mots Ecole-SCI	St.-nazaire, #15 R. De La Caserne	France
S3-331888776	My Products Private	G-1302, Samarth Garden, Near Shangharila Biscuit Company Opp. Datta Mandir Road, Mumbai, Mumbai City, MH	India
S3-517574792	Bangalore Securities Pvt (Ltd)	House No. 555Ka/Kv-203, Khushi Vihar Kanausi Kp, Lucknow, UP	India
S3-321352751	S.A.R.L. Confederation Union	Bordeaux, 63 Rue Fematina	France
S3-595125986	Institut de la Education SCI	7 Allee Jean Mace, Merignac, Gironde	France
S3-698588167	bardholding.com	Linton, 916-A 1st St, Indiana	US
S3-724620680	Reseau (France) Amis SAS	(78) Allée Des Seychelles, Gironde, Pessac	France
S3-126306004	Cozy Ice [Cmrma]		US
S3-540109395	Private Royal Estate Limited	North Delhi, Bo-#73 Shalimar Bggh, New Delhi, DL	India
S3-813367686	साई सॉफ्टवेयर प्राइवेट लिमिटेड	Hno 1015-B Kh.no 1536, New Delhi, West Delhi, DL	India
S3-270212252	centre sainte lyceens	61 Rue Amédée Saint-germain, Bordeaux, Gironde	France
S3-24543783	Inc Interstate Investment Systems	Tennessee, #1333 Travis Boyd Rd, Mansfield	US
S3-911642797	Eye Physicans		US
S3-93353536	educationclubfrance.com	35 Rue René Caillié, Dunkerque, Nord	France
S3-991319843	Urgent Care Héalth Llc	6725 Bowie Dr, Fairfax County, Virginia	US
S3-851124494	Technique Amis SAS	Bordeaux, 64 Q. Des Qubyries	France
S3-898681506	Pike  & Stephens lnc	#179 Avon Ave, Northfield, Illinois	US
S3-213753983	Gurgaon Technology Corp	Second Floor, Gurgaon, HR	India
S3-811807456	Physical Therapy Center LLC Council	Arizona, 2955 Blue Lake Drive, Pinetop	US
S3-579237633	LLC Lantern	819 Fifth Street, Moorhead, Minnesota	US
S3-368664795	Nasik  Technologies	TN, Sf 2 144 & 145 Slv Noble Embassy Nava India, Coimbatore	India
S3-182673224	Ananda Foods Private		India
S3-928635588	Edwards  and 8owman Inc		US
S3-895892242	AE Private Limited Limited Center	C/o Shashank Chaudhary, Ghaziabad, UP	India
S3-982402712	Inc Continental Cmmittee Westgate	445-447 52 St, New York	US
S3-744988048	Safe Inc Automotive		US
S3-388854236	CS College	30 Rue Canve, Bordeaux, Nouvelle-Aquitaine	France
S3-565502708	Amicale Du Lounge	Rue De Pessac, Bordeaux	France
S3-313196622	Anand Properties प्राइवेट लिमिटेड	North West Delhi, Floor, DL	India
S3-612096986	The Nicholasville Housing-Custom Trust Inc	802 Brannon Road, Unit 235, Nicholasville, Kentucky	US
S3-435230859	Oasis School Service	Fl 10 Bld G, Poona, MH	India
S3-887375060	Singh & Brothers Private Private Límited	Sn: A-8a/1/1, Audumbar Palace Pragati Const, Wadgaon Kd, Mumbai, Pune, MH	India
S3-149341844	Interstate Alliance Inc		US
S3-543747967	LLP Laxmi Bldsr	Plot No. 10 Taj Nagar, Near Rakshak Super Bazar, Nagpur, MH	India
S3-179566646	Fdc Group Private Limited	No 5 S/o Sk Islam Uddin, Villandp.o Kalindi, P.s Mandarmoni, Coastal, Midnapore (E), Midnapore, WB	India
S3-81288293	Comité	62 Rue Henri Loridant, Tourcoing, Hauts-de-France	France
S3-221849462	Ape Comite 5AS	52 R Clemenceau, Dunkerque, Hauts-de-France	France
S3-153372494	Raj Premier Products Limited Services	C-2198, Kolhapur, MH	India
S3-626218127	Cozy Masagsa Harbor	18 Higgins St, Lisbon Falls, Maine	US
S3-449635009	Trichem Automobiles LLP	Nandanam Mra A 0031/2Maruthankuzhi Kanjirampara P O, Trivandrum, Thiruvananthapuram, KL	India
S3-439744697	Products Pánama Retina Limited	H.no:3-1-251/6/1, NULL, Vikarabad, Rangareddy, తెలంగాణ	India
S3-734670525	perez smart roman	Laevenworth, 235 Ottawa St, Kansas	US
S3-201202838	The Devine, Torres & Avery	Hidednite, 402 Rocky Springs Rd, North Carolina	US
S3-533061883	Scaffolding (India) Manik Centre Holdings	Pune, Flat No. 615, MH	India
S3-315863710	Harris Delta-Spring Inc	265C Lumber Road, Deposit, New York	US
S3-613196104	KLM Culturelle	59 Rue Daubenton, Roubaix, Hauts-de-France	France
S3-286416456	Ltd Products Panama Construction	H.no:-1-251/6/6, Bail Bazar Road, Near Gunj, Vikarabad, Rangareddy, TG	India
S3-16875283	#kheopsservices	11 Rue Des Prunus, La Teste-de-buch	France
S3-876081779	Rizaevo t/a Hunger Coalition LLC	Marlborough, MA, 6 Gikas Lane	US
S3-496779743	solidaire sante sarl	63 Av. Jean Jaursè, Pessac	France
S3-943620273	Reese United Atlas		US
S3-972094079	साई मैनेजमेंट लिमिटेड	Door No ##56 C/o Anita Shau, Jhansi, Babina, UP	India
S3-919671413	Ear Nose & Throat Partners Holdings		US
S3-38330555	Ets Diakha France Sas	Pays de la Loire, Saint-herblain, 028 Avenue De La Libération	France
S3-411353657	Locale Comite Holding Eurl	24 R. De La Halle, Lille	France
S3-384180438	Centre Hospitalier Saint  Martin	1 Rue De La Tranquillite, Tourcoing	France
S3-348971026	FP	9 Av. Armand Larrivière, Lège-Cap-Ferret, Nouvelle-Aquitaine	France
S3-457241981	"Clinique ""ehpad SASU"	Nord, Roubaix, 58 R Jouffroy	France
S3-424089312	কৃষ্ণ প্রোডাক্টস প্রাইভেট লিমিটেড	Rom No-205, 2Nd Floor, Matrix Towr, Plot No 24, Block-dn, Sector V, Saltlake, North 24 Parganas, WB	India
S3-7242106	Cornerstone Clough	#4710 Greenwood Dr, # UNIT 3-4, Lynchubrg CITY, Virginia	US
S3-868602359	Tango-Pharmacie International SA	Pays de la Loire, Nantes, No 19 Rue Jaqcues Chambon	France
S3-416436687	Noviveo One	37Th Floor, 3703, Tower No 1 Crescent Bay, Jerbai Wadia Road, Near Mahatma, Phule Educationa, L Society, Mumbai, Mumbai City, Maharashtra	India
S3-518567957	Lopez Sizzle  Inc	18682 Bill Black Road, Athens CDP, Alabama	US
S3-805107801	Pviaet Madhushree Brothers Limited	Atlanta, Flat No A 1, 1101 S. No. 46/52, Near Saundraya Hotel, Waka, D, Pune, MH	India
S3-375466726	Cercle SAS France		France
S3-731311951	Srg Enginieirng Pvt Ltd	Door No 3-10 A-1405, Mumbai Ii, Girgaon, MH	India
S3-86256224	4206 Church Avenue Associates  LLC	1827 East Ridge Dr, Blacksburg, Virginia	US
S3-352592516	Pharmacie Jéan		France
S3-839083996	Ars Infra Of Tiruchirappalli Group (Private)	No. T##13, Third Floor, Annamalai Nagar, Karur Bye Pass Road, Tiruchirappalli, TN	India
S3-579703517	Bureau of Aging LLC	258 Hearthstone Dr, Bartlett, Illinois	US
S3-373874065	Solutions Gujarat Cold	C-#3-a-133-a Janakpuri, West Delhi, New Delhi, DL	India
S3-683206626	CHIROPRACTIC ASSOCIATES LLC & Co		US
S3-473652430	Krishna Ineesmenst	1104 11Th Floor Tower B1, Tulip Purple Sec 69, Arjun Nagar, Gurgaon, HR	India
S3-497888700	baumgardner heritage enterprise summit inc	522 Everglow Ln, Garner, North Carolina	US
S3-271109668	Union-du Defense	108 R Abbé De L'epée, Bordeaux, Nouvelle-Aquitaine	France
S3-333886341	Bright Inc Associates West Digital	1074- Walton Road, BLUE BELL, Pennsylvania	US
S3-560824545	Eason Cion | www.easoncion.com	29451 New Fawn Trail, Elkhart, Indiana	US
S3-211740833	Entraide SAS France	011 Allee Citronnelle, Merignac	France
S3-950467678	Perfect Tirtigd Pvt Ltd Ltd		India
S3-380321058	Irifayedelta	8 La Baconnière, Pornic, Pays de la Loire	France
S3-419706499	Incorporated Ivenent Mckinley	512 Oak Drive, PMB 6839, Carterville, Missouri	US
S3-828743230	Mr @js	Ed86 Sector D Scheme No94, Common Passage Robert Sq., Indore, MP	India
S3-71175912	Shuster Liquor of East Peeoddia Northside	329 Woodlawn Boulevard, E. Peoria, Illinois	US
S3-16690643	AFCE CLUB VELO	No. 38 Av. De Saint-nazaire, Saint-nazaire	France
S3-457739031	Gt Club SCI	# 20 Rue De La Joseliere, Pornic, Loire-Atlantique	France
S3-474649427	Enterprises Sk Snevsesprivaiet Care	#9, Flat No. 101, Savitri Sadan, Palam Vihar Ext, Near Geeta Property, Palam Vihar, Gurgaon, हरियाणा	India
S3-640816200	Peppy Plastics Infratech Limited Center	No.s112, Chennai, Tiruvallur, TN	India
S3-781848273	Hitech  Properties Private Ltd	C-d/5, Atlantis Vilas, Near Preet Bunglow, Chhani Canal Road, Vadodara, GJ	India
S3-276730483	Dunkerque Parents SCI	#154 Route De Fort-mardyck, 59640 Dunkerque, Dunkerque	France
S3-903692911	Nantes Centre SARL		France
S3-529992976	Urgent Care Cdlaic LLC	114 Bee Balm Lane, Boone, North Carolina	US
S3-311446015	CT	Mérignac, 146 Avenue Aristide Briand	France
S3-430457476	Siddhi Private Limited Center		India
S3-538903511	Gym Sportive SCI	9 Rue Champlain, Bordeaux, Gironde	France
S3-685282319	Sainte Centre Hospitalier	2 quater Avenue Henri Dunant, Mérignac, Nouvelle-Aquitaine	France
S3-274851164	All-Consultancy Private (Limited)	No #3, Akola, MH	India
S3-752756737	Phylis's Héalth	1000 Thistle Briar Pl, Cary, North Carolina	US
S3-674252950	Welspun Knowledge Pvt Ltd	OD, Bhubaneswar, Patrapara, 36/10, Brahmeswar Patana	India
S3-261358106	Te Ecole EURL	107 Av Du Peuple Belge, Iae De Lille, Lille	France
S3-992219504	Shiv Care  Limited		India
S3-9140526	Maccallum & Ewing Ltd	73 Pampano Lane, Saint Charles, Missouri	US
S3-693617830	Lyssa Póff, MD	Arizona, 8033 6th St, Sunnyslope	US
S3-599677323	Made Enterprises Exports	C-816, T/f, Lig Flats, East Of Loni Road Loni Road, West Delhi, East Delhi, DL	India
S3-867432047	Shana Hughes Cascade Universal Ltd	1253 Western Avenue, Unit Apartment 1, Guilderland, New York	US
S3-790002939	Behavioral Health Medicine	6638 Lake Helen Dr, Theodore, Alabama	US
S3-137932957	Brooks, Dorotea, MD Partners	73146-D 490th Avenue, Jackson, Minnesota	US
S3-569103311	Studio  (College)	New Delhi, East Delhi, C-12 T Delhi Police Employers Cooperation Group Housing Soc Iety Mayur Vihar Phase-i, DL	India
S3-514348506	Ciel & Frèrés SAS	9 R. Maurcie Utrillo, Merignac, Gironde	France
S3-763310254	Nationale Gâz SARL	N°16 Rue Du Maréchal Joffre, Dunkerque	France
S3-231497250	Dr Balaji International Ventures (Private)	47-B, Sy, No. 11/26, Khanamet, Hitech-city Main Rd Hitech-city, Hyderabad, Andhra Pradesh	India
S3-395619247	Établissements Enfants	17 Allée Henri Lavenant, Saint-nazaire	France
S3-161878848	Monet Sportive SAS	128 Bis R. De L'epinette, Tourcoing	France
S3-724509253	pioneer spa corp	305 Nutt Rd, Dayton, Ohio	US
S3-144652979	Benson [Realty]	Peoria, #2412 Miners Drive, Illinois	US
S3-812632860	Vishwanath Lcaefnd Córp	Plot No. Iid/31/1 Street No.1111 (Major Arterial Road), Kolkata, Howrah, পশ্চিমবঙ্গ	India
S3-545821785	Jaxsyn	19 Rue André Caverne, Bordeaux, Nouvelle-Aquitaine	France
S3-967683710	Texel Multiverse	Plot 615 C-7/8 Model Town-iii, Delhi, DL	India
S3-204590346	Mountain Center Lakeside	1025 Portsmouth Drive, Island Lake, Illinois	US
S3-934533103	Reed (Allied)	153-155 Jefferson St, Mooresville, Indiana	US
S3-255444003	École primaire du Jeanne EURL	#34 R. De La Passerelle, Tourcoing	France
S3-789113500	Down Rapid Heritage, Holdings	195 Lark Street, Albany CITY, New York	US
S3-102396364	>> Casey Society VI	600 217. Carmel Drive, null, Carmel, Indiana	US
S3-324227968	Cruz'S Cruz'S Manufacturing		US
S3-881337500	Safran Technologies Limited	#4/205 To 208, Surat City, Surat, GJ	India
S3-94780414	Dunkerque Comite SAS	617 Rue De La Répulique, Dunkerque, Hauts-de-France	France
S3-569655904	LLP Digital Swastik Foundation	Flat-c/2601 Oberaoi, Mumbai, Jogeshwari East, महाराष्ट्र	India
S3-614125804	Jumelages Sport Sarl	Bordeaux, R Guadet, Gironde	France
S3-627584984	ZSZ CLUB SARL	22 Rue Victor Hugo, Lille, Hauts-de-France	France
S3-991374045	private ananda foods limited	Block No.188/a, Gandhi Nagar, Gandhinagar, ગુજરાત	India
S3-489697759	Beloquo	Taltala, Kolkata, Howrah, West Bengal	India
S3-565506729	4l Sportive (France) SAS	2 Place Du Commandant Dewulf, Dunkerque, Nord	France
S3-311656341	Iriecto Sys	16 Rue James Cook, La Teste-de-Buch, Nouvelle-Aquitaine	France
S3-479112156	Select Atlantic lndustries	Brooksbank Rd, Oxford, New York	US
S3-119473696	LA	104 AV du Peuple Belge, IAE DE Lille, Lille, Hauts-de-France	France
S3-870316883	Choice  Payroll Technologies	195 Capitl Road, Jonesville, Virginia	US
S3-140819438	Rand Éégmentaire SAS	51 R. D'oran, Calais, Hauts-de-France	France
S3-602775013	M/s Square-Healthcare Pvt Ltd		India
S3-637024039	Ethos Gaming Holdings Pvt Ltd	Block A-850 Sf-23, Block - B, Signet Plaza Kunal Cross Road, Gotri, Baroda, Vadodara, GJ	India
S3-201367576	Ambattur Expo Prigevae Limited	B3/9, Tamarai Kulam, 3Rd Cross, Str, P. Thoppu Manali, Ambattur, TN	India
S3-787482373	Mrinal Industries Structure Private Limited	Valasaravakkam, Chennai, No.83, தமிழ்நாடு	India
S3-525939924	True & (lD: 27255)	8, Amartalla Street 4Th Floor, Room No.407, Kolkata, Calcutta, Howrah, WB	India
S3-335528442	Fédération de Departementale Développement	162 Boulevard La Fayette, Calais, Hauts-de-France	France
S3-750504863	PS	539 AV des Nations Unies, ESAAT, Roubaix, Hauts-de-France	France
S3-418509096	Judo Mâternelle		France
S3-78063085	baycenter.com	0929 Lorenza Ridge Rd, Smoot, West Virginia	US
S3-735403295	Pornic Ecole Distribution SAS	006 Rue Jacqueline Auriol, Pornic, Loire-Atlantique	France
S3-943798156	Goethe CLUB SAS	N° 22 Rue Du Plateau Des Glières, Nantes, Pays de la Loire	France
S3-727936818	Amicale	25 Rue Teulere, Bordeaux, Nouvelle-Aquitaine	France
S3-271581590	Centre Médical Pastels	132 R. De Menin, Tourcoing	France
S3-391211748	Rhino Club Groupe SARL	16 Ch. Des Grillons, Nantes, Pays de la Loire	France
S3-956778874	Bright Services Private (Limited)	#134, Annai Indira Nagar, Mettu Annex Road Puthagaram Surapet, Chennai, TN	India
S3-450250366	Gardiens Restauration	1 Rue Max Linder, Nantes, Pays de la Loire	France
S3-511184218	Marylin'S Clear Systems Córp	Twin Creeks Drive, Chagrin Falls, Ohio	US
S3-483866895	Magana Advanced Evolution	248 Lake Avenue, Unit A, California, Watsonville	US
S3-796827067	Bordeaux Club Développement SARL	169 R De La Benaue, Bordeaux, Nouvelle-Aquitaine	France
S3-127935219	Syndrex	1 Rue du Liveau, Mérignac, Nouvelle-Aquitaine	France
S3-378337800	Reseau Linformation Service E.U.R.L.	3 R. Pierre Gicquiau, St-herblain	France
S3-775840652	Massive Club  Ltd	59 C/o Adv. Kamlesh Pisal, Pisal Arcade 74/5. Kesarkar Peth, Satara, महाराष्ट्र	India
S3-122899707	ehpadsaintpongistecom	5 Imp D'epernon, Mérignac, Nouvelle-Aquitaine	France
S3-427605311	Gnm Developers  Private (Limited)	No. 100 Galla Mandi Gate K Samne Jaouniya Road, Sehore, मध्य प्रदेश	India
S3-770988503	agence ecole sarl	24bis Rue Paul Wante, Roubaix, Hauts-de-France	France
S3-269856430	Jams  Diamond Pvt Ltd	Plot 761 Sr. No. 141/2, Halvad Road, B/h Phc Ghuntu, Morvi, Rajkot, GJ	India
S3-894116284	Base Trading	11/34, Main Road, Municipal Office Town Bus Stand, Dindigul, TN	India
S3-503119943	Smart Impex Public Limited	8-3-222/1/S/217, Madhura Nagar, Rangareddy, Hyderabad, తెలంగాణ	India
S3-205012052	Olympique Çonseil SAS	015 Rue Veyssiere, Bordeaux, Gironde	France
S3-911482454	Williams 0figmlia Industrials  Inc	6270 Traci Joyce Ln, Fairfax County, Virginia	US
S3-331161309	Great Enterprises	Bombay, Shakti Prints Compond Chakala Bhd.bajsons Indl. Est, MH, Andheri East, Mumbai City	India
S3-682265926	Apex Software Engineering  Limited	E-02, Delhi, New Delhi, DL	India
S3-525515152	RX Assliatirn Limited	405- Shilp Towe Tagoreroad, Rajkot, GJ	India
S3-346415129	Wexhaloveo	18 Rue Puysegtr, Bordeaux	France
S3-585396705	Jagson Jagson Fusions (hIhbinh) LLP	Delhi, DL, Anand Vihar, East Delhi, C-28	India
S3-122821309	Smt Shree Developers  Private Limited		India
S3-590476162	Inc. Polaris Triton	436 Main Street, Warwick, North Dakota	US
S3-774913098	Institut Du Roller EURL	Dunkerque, 11 R. Du Docteur Germain Vaneecloo	France
S3-975172667	Halomirax	35 Rue Ratisbonne, Lille, Hauts-de-France	France
S3-163021089	Technique Amis	Bordeaux, 64 Quai Des Queyries	France
S3-339160225	Platinum Factory (LLC)	19942 Indian Spring Trl, Amarillo, Texas	US
S3-266948834	Chasse (France) Amicale Sarl	0059 Route Du Cap Ferret Grand Piquey, Lège-cap-ferret, Gironde	France
S3-385217182	Seniors	17 Rue Etienne Larchey, Nantes, Pays de la Loire	France
S3-287330676	Wilcox Electronics Inc	2215 Coronation Boulevard, Charlotte, North Carolina	US
S3-25752542	Bay Centre	0929 Lorenza Ridge Rd, Smoot, West Virginia	US
S3-742360636	Baumgardner Heritage Enterprise	501 Everglow Ln, Garner, North Carolina	US
S3-561800191	NP	4 - Pl Clémence Lefeuvre, Nantes, Pays de la Loire	France
S3-533761239	Hari  Impex Ltd		India
S3-412299304	Physical Therapy Center Ínc		US
S3-20379466	#ussante	31 R Ternaux, Roubaix	France
S3-931753241	Caloarc	58 Rue Auguste Comte, Lille, Hauts-de-France	France
S3-195804552	Kelopyra	5 Rue Romain Rolland, Pessac, Nouvelle-Aquitaine	France
S3-361394099	Prudence Reed	1230 Oak Ridge Rd, Botetourt County, Virginia	US
S3-357704361	Empire  Federation Enterprises		US
S3-552260860	internal medicine trusted care associates llc	28 Executive Dr, Massachusetts, Stoneham, Unit 302	US
S3-424216262	Iripyra formerly Ets Droopy SAS	23 COUR2 Louis Fargue, Residence les Attiques - Appt. 103 - Bat. B, Bordeaux, Nouvelle-Aquitaine	France
S3-987666732	Korzeph	190 Rue Barthélémy Delespaul, Lille, Hauts-de-France	France
S3-936351611	Inc T+ Triumph	##6417 Gainsborough Rd, Fl 1, Scottsdale, Arizona	US
S3-766067226	Team Club SARL	No 90 Av De Noes, Pessac, Nouvelle-Aquitaine	France
S3-492237929	Onyxvioveo	C 50, Ground Floor Bajaj Nagar, Jaipur, Rajasthan	India
S3-857120981	Gulf Secure Stiarlag	Utah, 268 1825, Centerville	US
S3-80352363	Lyrapyraflux	87 Rue Descartes, Roubaix, Hauts-de-France	France
S3-130282512	Arihant Limited Hea1thcare	#12, Sanjeevappa Layout, 10Th E Cross Nagavarpalya, C V Raman Nagar, Bangalore, KA	India
S3-540274392	Complete Apparel Collective	4270 Ventana Loop, Arizona, Tucson	US
S3-200305132	Saclinic.C0m	#461 Johnson Branch Road, Bryson City, North Carolina	US
S3-919112947	Pongiste Franco Comite SASU	79 Ave De Bretagne, Lille, Hauts-de-France	France
S3-779252892	Common Common Traders Infratech Pvt	Bahadurgarh, HR, Haryana, Door No 1390 Sector 6	India
S3-914608195	Prvaet Black Dévelopers Limited	89B 89C Ff, Gurgaon, DL	India
S3-818252596	Pitchouns Maternelle SARL	Nº 27 Avenue Des Druides, Nantes	France
S3-490552611	Dr Roya1 Consultants Ventures	49, Gwalior, MP	India
S3-638189105	GGS Parents	No 46 Rue Gorges Mandel, Bordeaux	France
S3-479923060	Beecham,-Haug &	00263 Church St, Cynthiana, Kentucky	US
S3-881208606	Perinatalite Maternelle	No 27 Rue Jean Monnet, Tourcoing, Nord	France
S3-570367764	વન ડેવલપર્સ પ્રાઇવેટ લિમિટેડ	Hn 73 22, Park Avenue Soc, Nr.gulab Tower, Sola Roa, Ahmadabad City, Ranna Park, GJ	India
S3-967686091	Petits Culturelle SAS	N° 24 Rue Du Puortalet, Saint-herblain, Loire-Atlantique	France
S3-889875449	INSTITUT LOCALE SAINT	34 B R. Jean Moulin, Pornic, Loire-Atlantique	France
S3-120320637	Sperling, Christopher & Feth LLC	1436 21st Ave, FROT Dodge, Iowa	US
S3-610577637	ફર્સ્ટ ઇન્વેસ્ટમેન્ટ એલએલપી	I- 502 Arohi Elegance Village Bopal; Taluka : Daskroi, Ahmedabad, GJ	India
S3-380941769	vishwas academy	127 B, DL, Adhchini, Delhi	India
S3-39570132	Maid Tavern LLC Services	Geddes, 590 State Fair Bdvd, New York	US
S3-437422253	FO Apogee Highland L.L.C.	8165 1/2 Black Canyon Access Road, Unit 414, Phoenix CIY, Arizona	US
S3-54419882	Synorbi Labs trading as Obsidian LLC	97 Stonefly Trail, Banner Elk, NC	US
S3-396729790	Dr Hans Advertisement Group Limited	No 98 1St Floor 8Thcross Anand Nagar Phase 2 Behind Titan Watches Sipcot, Krishnagiri, Dharmapuri, TN	India
S3-772782124	Vanguard Foundation [Corporation]	Fl A1403 Pl 14/15 Sec 29C Yashodeep Heights Ghansoli, Mumbai City, MH	India
S3-463764602	adcentre.com	347 Rue Roger Salengro, Lille, Hauts-de-France	France
S3-913628288	Drexquo	9 Avenue De La Noue, La Baule-Escoublac	France
S3-766227893	NMC Centre  SAS	44 Avenue Des Cols Verts Le Pyla, La Teste-de-buch	France
S3-893732676	Surgical Clinic Ace		US
S3-500343774	American Corp Glóbal	192-A Fahi Pond Rd, North Anson, Maine	US
S3-802175986	Apex Limited Private  Healthcare	D-549, Qutub Vihar -2, Goyela Dairy South West Delhi, South West, Delhi, DL	India
S3-18679887	DE ASSOCIATION GOBE DISTRIBUTION	085 R. Jeanne D'arc, Lille, Nord	France
S3-345627381	Ets Gcs SCI	Merignac, Gironde, 39 R Jacques Prevert	France
S3-243180373	mcgeefortress.com	04477 30th Ave, Fargo, North Dakota	US
S3-489722191	Salaries SARL Et (Fils)	36 Bis Rte Du Point Du Jour, St.-nazaire	France
S3-201074583	MASSINGILL PEDIATRICS LLC	Cole Way, Dakota Ridge, Colorado	US
S3-544155432	Nantes Parents SAS	6 Promenade Europa, Nantes, Pays de la Loire	France
S3-611485133	Royal વેન્ચર્સ Private Limited	A 504- Mantra Luxuria, Beside Tapti Greens, Chorasi, Surat, GJ	India
S3-318516655	Bright Energy Pvt	1, May Queen Apartment, 33Rd Road, Bandra West, Mumbai, Mumbai City, MH	India
S3-526150474	Rhines Pediatrics Llc	229 Scioto Street, Circleville, Ohio	US
S3-571725267	AP	5 Rue Meste Verdie, Bordeaux, Nouvelle-Aquitaine	France
S3-470696089	eastern media private limited	C/o- Ram Krishna Saha, D B Nagar, North 24 Parganas, WB	India
S3-335218743	Mr Green Pennymac	Illinois, 1029 9th Street, Lockport	US
S3-162945891	Crystal Crystal Certified Ltd Fargo,	80 Winter St, Natick, Massachusetts	US
S3-892752521	VV Lycee	78 T Rue Du Jard, Mérignac	France
S3-535696520	Groupe Clou SCI	154 Cour2 Du Medoc, Bordeaux, Nouvelle-Aquitaine	France
S3-846090279	Hudson Optimal  Landscaping Inc	19818 N Cove Rd, PO Box 6877, Cornelius, North Carolina	US
S3-699509063	Gaylene Fairclough Esq.	77. Grand Blvd Extension, Shelby, Ohio	US
S3-240517932	UH Services		US
S3-218633782	Childers Bright		US
S3-52059726	Gildvantage	1440, Tf Mohalla Sangatrashan, Paharganj, Central Delhi, Delhi	India
S3-11381730	DEFENSE (FRANCE) CULTURELLE EURL	83 R Émile Combes, Mérignac	France
S3-249165489	Admr [Plus]	42 Rue Sauteyron, Bordeaux, Nouvelle-Aquitaine	France
S3-850292606	Navyug Corp		India
S3-492515704	YW [India]	महाराष्ट्र, #5A, 2Nd Floor, Plot-1a, Ladhabhai Building, Mama Pramanand Marg, Opera House, Mumbai	India
S3-159183862	Taraita Equipments Private	419-420, Prabhadevi, महाराष्ट्र	India
S3-348681530	Pornic Sportive		France
S3-318881012	Mr Sun LLP Exports	1456/7, Ahmedabad Hq Region, Gandhi Nagar, GJ	India
S3-920909324	Velo Comite-SAS		France
S3-455212014	Vedanshi Pharma-Private Limited	Door No 303, Koyambedu, Chennai, TN	India
S3-510413492	Parents Experience SARL	47 Crs Victor Hugo, Bordeaux, Gironde	France
S3-577309905	Pediatric Dentscry Physicians Co	10 Queen Anne Road, Unit 303, Harwich, Massachusetts	US
S3-332517766	Jumelage Spôrtive International SARL	43 Rue De Nuits, Bordeaux, Nouvelle-Aquitaine	France
S3-998272366	E T Buffington Rithm		US
S3-735769157	Womens Health Medicine Llc	2192 High Lakes Loop, Bend, Oregon	US
S3-589534261	Shiv LLP Services	उत्तर प्रदेश, Hasrajijyawan Lalitpur, 903 C/o Mankunwar Lalitpur, Lalitpur	India
S3-69079711	AS	17 R Delphin Petit, Lille	France
S3-341286411	Vanguard-Inc.		US
S3-266000103	Atlas Inc Center	216 Red Pine Dr, Bloomington, Indiana	US
S3-391719433	Beloarcx	8 Rue Jean Jacques Rousseau, Nantes, Pays de la Loire	France
S3-870012270	Britta C. Donovan,-O.D. Eastgate LLC	15 Chrisman Avenue, London, Ohio	US
S3-450321247	Association des  Droit	80 Rue De La Covention, Nantes, Pays de la Loire	France
S3-239617489	Lumhalo	Vill- Hariraha, Rustampur Anchal- Laukahi, Narhaiya Bazar, BR	India
S3-427285877	ग्लोबल सर्विसेज प्रा. लि.	F16 17Commerce House 78 Tardeo Road, Mumbai, MH	India
S3-640395079	Fluxlumlyra	17 Rue Jean Monnet, Tourcoing, Hauts-de-France	France
S3-116949395	Onyxbelo	18 Rue ma Campagne, Roubaix, Hauts-de-France	France
S3-773540314	Gildnyla	30 Rue d'Italie, Roubaix, Hauts-de-France	France
S3-446790939	SUPERIOR HOSPITALITY SERVICES CORP	1210-1212 Grandview Ave, Ojai, California	US
S3-362196866	Institut de Style International	107 Rue De Lille, Tourcoing, Hauts-de-France	France
S3-547204229	Dr Sunrise Ventures  Limited	607, B.c. Bazar, Nearlicoffice, Ambalacantt, Ambala Cantt, हरियाणा	India
S3-621272703	Red It Limited-Services	House No 16/297, G/f, Sangam Vihar, Delhi, New Delhi, DL	India
S3-418989260	Etudiants Sportive	#6 R. Du Puits Desiazeaux, Bordeaux	France
S3-415856005	Hannon and Gosnell Center	1005 Koudsi Blvd Northwest, Iowa, Cedar Rapids	US
S3-533630161	Sri Teltroy Producer Public Limited	H.no 92 P B Anil Roy Rd, Kolkata, Calcutta, পশ্চিমবঙ্গ	India
S3-210559290	Blue Hair Hair Stúdio		US
S3-312263330	Prabhat Exports Company	A 152 / A153, Road No. 22 Wagle State, Thane West, MH	India
S3-907495413	ஜைன் இன்ஃப்ரா ஸ்டோர்ஸ் பிரைவேட் லிமிடெட்	No.1-90, Chennai, TN	India
S3-42010600	Bordeaux Amicale S.A.	30 R Feaugas, Bordeaux, Nouvelle-Aquitaine	France
S3-424470868	Gildbrix	24 R. Des Augustins, Bordeaux, Gironde	France
S3-507061658	Luna Rdsrmecve Co	621-B Eagle Cir, Underwood, Iowa	US
S3-226127767	Soljaxmira	16 Av Chambrelent Pyla, La Teste-de-Buch	France
S3-562390195	Mr Alpha International Co		India
S3-390138477	Gonzalez Health  Center	Zabriskie Dr, Bryce Canyon City, Utah	US
S3-653522418	Je  Sportive SARL	7 R. Frédéric Mottez, Lille	France
S3-686913620	Vision Power Pvt		India
S3-377899584	Sai Private Consultants North Limited	Shabari Cottons Private Limited Door No Ep-1 524F Po. Attadappa, Kannur, Keralam	India
S3-167212042	Lille-SARL Maison	#27 R Jean Bart, Maison Des Associations, Lille, Hauts-de-France	France
S3-310848349	Premier Broadcast Inc	109A Quaker Ln, Connecticut, West Hartford	US
S3-673870902	Onyxflux	N°28 Rue D'italie, Roubaix, Hauts-de-France	France
S3-743779914	Sree & Brothers Infratech Pvt.	E-##17/7 Budh Vihar Behind Dharamveer Market Badarpur, New Delhi, South Delhi, DL	India
S3-62032439	Lippman L.L.C. Services		US
S3-190321289	Velo  Comite	31 - R. Du Général Mangin, Dunkerque, Nord	France
S3-583828661	Miss Societe (France) SAS	25 B Rue Des Boyens, La Teste-de-buch	France
S3-177448977	Shyam  Industries Private Limited	Door No C-4b Madhab Chatterjee Street, Kolkata, Rajarhat-gopalpur, WB	India
S3-783932997	Starks Communities Highland LLC	S3530 Pine Knoll Court, Baraboo, Wisconsin	US
S3-978280318	poojabrothers.com	324 D-4, Ground Floor Kiran Garden, Uttam Nagar, Gurgaon, New Delhi, DL	India
S3-553904586	Galindo Holdings Group	7805. 300, West Lafayette, Indiana	US
S3-950601523	Bordeaux Union SAS	278 R. Judaique, Bordeaux	France
S3-630859052	VC	146 Rue Paul Bellamy, Nantes	France
S3-788901006	Coleman, Celinka-W., L.C.5.W., M.D.,	229 Private Road 6136, Jasper, Texas	US
S3-2472540	Nantes Sportive	008 R. Alfredo Gomez Ollero, App 204 Batiment C1, Nantes, Pays de la Loire	France
S3-638770251	Cosmic School Pvt Ltd Center	687, Roopsagar Road, Ward No. 37, Teh. Girwa, Udaipur, राजस्थान	India
S3-328984683	TGH-Groupement	416 Rue De Tunis, Calais, Hauts-de-France	France
S3-673572118	Limited Fortune Developers Center	Howrah, WB, Zinzira Pool (Bandal), Kolkata, Kolkata, C/o Smt Purnima Ghughu	India
S3-734529532	Lycée dé Objectif Participations	61 Bd. Jules Simon, Bordeaux, Gironde	France
S3-344726646	प्राइम सर्विसेज प्राइवेट लिमिटेड	0003 Gokul Dham Colony, Bareilly, UP	India
S3-454618931	East International Phriccte-Limited		India
S3-454277047	Faith (France) Club	1839 R. Du Banc Vert, Dunkerque	France
S3-142398694	PC	23 All Des Platanes, Saint-Herblain, Pays de la Loire	France
S3-289564854	Om Food Private Limited Enterprises		India
S3-248975399	Chasse (France) SA Cie	474 R Du Brun Pain, Tourcoing	France
S3-697578040	Drexnyla Sys aka QUF Energy Limited	Sarai Sahjadi, Banthara Bazaar, Lucknow, Uttar Pradesh	India
S3-970563091	Chretienne Comite Distribution SARL	16 Rue Galilée, Lille	France
S3-293452813	Maia's Cléan Transport Downtown LLC	Stevens Point, Wisconsin, 5418 Vern Holmes Dr	US
S3-128068542	Professionnel Sportive	13 Square Pierre De Ronsard, La Teste-de-buch, Nouvelle-Aquitaine	France
S3-532042268	Ess Spôrt SAS	28 R. De Valenciennes, Lille	France
S3-170852629	Back Alley Cleaning (Sércgcie!)		US
S3-159631071	UNITED SILVER APEX LTD	04676 Ridgecrest Drive, Springfield, Missouri	US
S3-497745075	medleytraders.c0m	Naglatashi, Knkrmrt, Meerut, C/o Bashir, Meerut, उत्तर प्रदेश	India
S3-366972895	Veranylaio	80 AV DU DOCTEUR SCHWEITZER, APP 20 RESIDENCE CAMPUSEA, Pessac, Nouvelle-Aquitaine	France
S3-359026766	Matthies & Morgan	1718 Brookfield Street, South Bend, Indiana	US
S3-316426368	MQ Snohfcmtwer Co	No 15, Kh. No. 1318, Village Morta, Ghaziabad, UP	India
S3-689511593	Jaya Brothers & Private Limited	77, Dharmi Niwas, Ram Krishna Mission Marg, Mumbai (SUBURBAN), Mumbai, MH	India
S3-330099739	Bordeaux Élémentaire EI	6 R. Commandant Marchand, Bordeaux, Gironde	France
S3-856761846	S.A. Lenseignement Bds Amis	007 Rue Charles Batailse, Nantes, Loire-Atlantique	France
S3-837713113	CARMON & WEAVER	012 Mcgibbon Avenue, Amsterdam, New York	US
S3-700049570	Cherplasserry Solar Private Ltd	3/1669, Pvn Towers Cherplasserry - Pattambi Road, Nr Govt H, Ospital, Ernakulam, KL	India
S3-68298173	Rando (France) Fetes S.A.	7 R Hippolyte Laurand, Lille, Nord	France
S3-112827933	MQ Armesi Distribution SARL	41 R. Captal Francois De Ruat, La Teste-de-buch, Nouvelle-Aquitaine	France
S3-808451416	आदित्य हॉस्पिटैलिटी	Block B-865 101, Plot No. B-27, Commerce Centre, Off. New Link Road, Near Morya House, Andheri West, Mumbai, महाराष्ट्र, Mumbai	India
S3-389753615	Celestial Educational Society Overseas	104, T 29, Nirala Estate, Plot No Gh04 Techzone Iv, Noida, Gautam Buddha Nagar, UP	India
S3-27412092	ಸ್ಟಾರ್ ಐಟಿ ಪ್ರೈವೇಟ್ ಲಿಮಿಟೆಡ್	Spacelance 39, <NULL>, Bangalore, KA	India
S3-212434163	Children'S Network Enterprises		US
S3-178297863	Choice Frontir Chs  LLC		US
S3-756302562	20/20  Optical Corporation		US
S3-803675410	Amenagement Institut Sas	Gironde, 15 Rue La Mothe, Bordeaux	France
S3-987374182	M/s Square Polymers	No 82 / 2730, Bombay, Mumbai City, MH	India
S3-10910946	Inc Gonzales, Smith & Villa Harbor	324 Volanta Avenue, Unit Unit C4, Baldwin County, Alabama	US
S3-545255949	Foundationtechnologiesshubhlaxmi.Com	190/A, Kalpauk, Chennai, TN	India
S3-975939761	Tavokelo	27 Rue Saint-vincent De-paul, Bordeaux, Gironde	France
S3-185001734	സൺ പ്രൊഡക്ട്സ്	C-29, Malabar Gate Ram Mohan Road, Calicut, KL	India
S3-3835661	Silver Bistro Bistro		US
S3-319537544	International  Limited Service	15Th/6 Floor, New Delhi, दिल्ली	India
S3-156695185	Khandelwal Welfare Society Industries	Vadodara, GJ, Nr. Aurbindo Ashram Dandia Bazar, #74 Manshidham	India
S3-617174463	Universal Consulting Technologies Private Limited	Building No. 522/23, Puthukoli, Kasaragod, കേരളം	India
S3-563491513	Cénter Punjab Management Ventures Co	#695, Maszid Road, Honavar, Uttara Kannada, KA	India
S3-112067543	Nafa & Fils International SARL	N°18 Rue Des Myosotis, Pornic	France
S3-191420992	N N C0oper Aspen PLLC	15315 24rd Ave, Tacoma, Washington	US
S3-522315736	Skylark (india) Public-Limited	342 113, Indore, MP	India
S3-962821588	Sahil Sahil Fly L.L.P.	Barberry / Bar 612, Omaxe Forest Spa Surajkund Road, Sector-43, Faridabad, HR	India
S3-404839205	Casontrust.Com	Pennsylvania, 500 Elmood Ave, Upper Allen Township, Unit 4	US
S3-75012811	LLC Villalobos Purpose Highland	381 1/2 Daffodil Ln, Matteson, Illinois	US
S3-976857939	White, Johnston and Inc Smith	219 Sun Valley Cir, Sterrett, Alabama	US
S3-243213533	Vr Maid Group	Sethi Industries Areahoshiarpur Road Jalandhar City, Punjab, Jalandhar, PB	India
S3-920017628	Delta Interegsts Inc		US
S3-983791846	Maison Tribus	203 R De Bègles, Bordeaux, Gironde	France
S3-801206427	Jai Impex-Private Limited		India
S3-389304208	Laxmi Builders Public Limited	Shop No-5, Mumbai City, Mumbai, MH	India
S3-397784984	Ravinder Vídyalaya	Hn 692 Off 2037 B Bhima Complex, Steel Market Kalamboli, Raigarh(mh), Panvel, MH	India
S3-879512583	Griffith, Jyoti, Center	105 Schol St, Springfield, Massachusetts	US
S3-448937151	Navyug Memorial	Office No. 20, Andheri (West), Mumbai, MH	India
S3-768127332	OSP Fineerv Pvt Ltd	Shop 16, Fortune 80 Udr, (Mcl) University Road, Girwa, Bedla, RJ	India
S3-638522578	Bordeaux Médico SARL	35 Pl Pey-berland, Bordeaux, Gironde	France
S3-656886635	Mare Sport	Bordeaux, 119 Rue Sainte-catherine	France
S3-624789240	शिव बिल्डर्स प्रा. लि.	S N 103/3/3, Karvir, Kolhapur, MH	India
S3-157855156	Xyloumbra	6 RUE Auber, Lille, Hauts-de-France	France
S3-95949650	Woodard +  Heiser, LLC	2818 Estates Ct, Lake Saint Louis, Missouri	US
S3-124058195	Comité-des Montagne SARL	Pessac, 26 R Louis Armand	France
S3-52737750	Cercle & Frères Sarl		France
S3-81499244	Interventions Hells Primaire	28 Rue Pierre De Guethem, Tourcoing	France
S3-167117581	NZ  Fortune	Hawthorn Dr, Wilis, Texas	US
S3-876944006	CAX Club SASU	311 Avenue De Dunkerque, Lille	France
S3-287264434	Brixdovavantage	67 R. Beaufleury, Bordeaux, Gironde	France
S3-169396716	Commercial Retail Alliance Partners LLC	8137 Larman Court, null, Indianapolis, Indiana	US
S3-813313513	The Integrated Integrated Energetics LLC	Airport Rd, Musscle Shoals, Alabama	US
S3-540745086	I/I-Health	600 Interstate Business Pk, Unit UNIT E, Fredericksburg, Virginia	US
S3-930339595	Safran Ltd Center	H. No 4/205 To 208, 2Nd Floor, Allayani Wadi, Begampura, Surat City, Surat, GJ	India
S3-936735224	Eswara Horizon Limited	No 0030 Tm.ap.viii/577c, Dharmasala, Kannur, KL	India
S3-27744218	Lehpad Institut	1 Rue Des Frères Amieux, Nantes, Loire-Atlantique	France
S3-260419251	Monster Çlub SARL	La Teste-de-buch, Nouvelle-Aquitaine, # 8 Avenue De La Froet	France
S3-340238924	Brixlumsyn One	Flat No 603, 6Th Floor, F Wing, Insignia Chsl, Cst Road, Bks Kalina, Santacruz East, Mumbai, Maharashtra	India
S3-82882714	Afce Vélo Club	No. 38 Avenue De Siant-nazaire, Saint-nazaire	France
S3-253230041	Tanishq Public School-Ltd	Ahmedabad, 31, GJ, Golden Lotus, Nr. Manav Bunglow, Science City Road, Sola, Ahmedabad	India
S3-304230565	Priaoe ZL Agro [Limited]	Villa No 34 Lane 1 Mayfair Villas, Hyderabad Urban, Hyderabad, TG	India
S3-802138933	Liberer Societe SARL	73 Rue De Chantilly, Calais	France
S3-411840744	Francais  Ecole	Roubaix, 230 Boulevard Gambetta	France
S3-873231777	établissements Fl Distribution EURL	N°147 R. Ferdinand Mathias, Lille	France
S3-815744944	Limited Wealth Private Services	H.no 5-209, Sai Ram Township, Ramachandrapuram, TG	India
S3-59338495	Complete Apparel  Collective Inc	Tucson, Arizona, 4270 Ventana Loop	US
S3-562399640	Amicale du Lounge	Rue De Pessac, Bordeaux	France
S3-871078084	Pornic Ecole (EURL)		France
S3-87630683	Shri Madhavan Welfare Society Exports	Saiayadri Hsg S.no28/3 Nr, Pune City, Chinchwad, MH	India
S3-183566491	Premlata Forklift Industries Private (Limited) #35897	##1-2-33/Me/34, TG, null, D	India
S3-391898006	Pulido [Service]	639 Blackthorne Cir, Calabash, North Carolina	US
S3-362051753	LM	119 Avenue de Bordeaux Cap Ferret, Lège-Cap-Ferret, Nouvelle-Aquitaine	France
S3-92600105	Tennis Unîon SARL		France
S3-129621795	ZL Agro Private	Hyderabad, Hyderabad Urban, Villa No 34 Lane 1 Mayfair Villas, TG	India
S3-336989731	Bajrang Merchants (Iond)ia Private Private Limited		India
S3-526570962	Mountain Shreya Ltd Ltd	##1034 G Street, San Bernardino, California	US
S3-405075023	Omnisport Comite France SASU	20 Rue Du Vivier, Roubaix	France
S3-43389614	Krishna Investments  Private		India
S3-700802160	Oncology Care Inc & Co		US
S3-39936844	Behavioral Health Valley Care Associates-Inc	265 Homestead Ln, Charlottesville, Virginia	US
S3-88698985	Orbiquo	721 Strawfield Lane, Fairfax County, VA	US
S3-720742280	Saint-Nazaire  Pharmacie SARL	6 R Louis Lumière, Saint-nazaire, Pays de la Loire	France
S3-357203507	Trans	182 Passage de la Chataigneraie, Dunkerque, Hauts-de-France	France
S3-66780258	Madhushree Brothers Infratech Private Limited	No 25- Atlanta, Poona, Pune, MH	India
S3-98115270	M R Móntgomery Fortress	0118 Manor Dr, Madison, Alabama	US
S3-873418348	PHYSICAL THERAPY PARTNERS OF MCKINNEY HOLDINGS	81 Cold Stream Drive, Mckinney, Texas	US
S3-84180063	Pediatric Dentistry Physicians LP	96 Queen Anne Road, Harwch Township, Massachusetts, Unit 303	US
S3-94519005	ಗ್ಲೋಬಲ್ ಮೀಡಿಯಾ ಪ್ರೈವೇಟ್ ಲಿಮಿಟೆಡ್	No.b3/8, Sri Ramanuja Centre Commercial Complex, Station Road, Hubli, Dharwar, ಕರ್ನಾಟಕ	India
S3-478715586	Arcdova a/k/a Ss Seven Solutions Limited	Shakthi Towers, Ground Floor, Tower-I, 766, Anna Salai, Chennai, Chennai, Tamil Nadu	India
S3-677599136	Maison de Santé du Antoine SCI		France
S3-433874412	Patriot Trust Co	Illinois, Wheaton, 1022-1026 Sunset Road	US
S3-693065915	Ets Gcs-SARL	37 Rue Jacques Prévert, Mérignac	France
S3-938084816	Anjali & Brothers Private Ltd	Office No.205, Mumbai City, MH	India
S3-407530936	LLC Heckman, Resynsds & Wallace	17163 Smith Ridge Rd, Garfield, Arkansas	US
S3-143418259	Textile India Public  Limited	H.no 16 C 103 Today Royal Elisium, Plot No 47 Sec2 Karanjade, Raigarh(mh), Panvel, MH	India
S3-674679966	Lumelle Center Enterprises		US
S3-760668201	Erickson, Csvetaz and Mitchell	1319 Northern Parkway, Baltimore, Maryland	US
S3-241524902	Bel SARL Sportive	Av Des Naiions Unies, Roubaix, Nord	France
S3-668972496	శ్రీ టెక్నాలజీస్ Pvt Ltd	Hyderabad, 604, O-block, Quartz-rainbow Vista, Hari Ramhills, Moosapet, Kukatpally, Hyderabad, TG	India
S3-591433545	Holdings Q 3 E Ágriculture	129 Broadway, PMB 7546, Amityville, New York	US
S3-788298057	MAA RAJ INFRASTRUCTURE PRIVATE LIMITED	Gr Fl 160 Jodhpur Garden 86/2/2, Kolkata, Howrah, পশ্চিমবঙ্গ	India
S3-565063972	Kestiq Sierra Holdings	514 Harvest Ln, City Of Sun Prairie, Wisconsin	US
S3-946783193	Silver (india Private	Baikunth- 5 Sapru Marg, Lucknow, UP	India
S3-215784776	Baie SAS Groupe	N°46 Rue Maisdon Pajot, Nantes, Loire-Atlantique	France
S3-408398046	Karv Mémorial Trust Exports	A 18 Gelda Jyot Chs Ltd, Panvel, Mumbai, MH	India
S3-455767849	École maternelle International  France	0047 R De Maregno, Lille	France
S3-704428693	Behavioral Hahmlacth Medicine LLC	6638 Lake Helen Drive, Theodore, Alabama	US
S3-602364935	Vijaya Care Public Limited	1247, 27Th Main, Sector 2 Somsundrapalya, Hsr Layout, Bangalore, Bangalore, KA	India
S3-178990780	liquoreastshuster.com	322 Woodlawn Boulevard, East Peoria, Illinois	US
S3-288543350	Hopkins  Quasaredge (ID: 61966)	200-204 Third St, Bangs, Texas	US
S3-191167129	Co Barbee Pealr	13456 45th St, St Michael, Minnesota	US
S3-447925429	Mukund Trading	G-70/b, Bangalore, Bangalore North, KA	India
S3-248631081	Re Classes Comite S.A.S.	18 Rue Des Eraules, Saint-nazaire, Loire-Atlantique	France
S3-535286427	Piedmont Institute	002644 Eighth Ave, null, Merced, California	US
S3-18765699	ब्राइट लॉजिस्टिक्स फार्मेसी प्राइवेट लिमिटेड	Plot No.10, Alwar, RJ	India
S3-845682268	mumbaipolytechnic.com	Shree Narayad Dham, Kothari Nadi, Sanganer Rd, Bhilwara, RJ	India
S3-491234385	River Traders Center Enterprises	महाराष्ट्र, H.no 22-A Silk House630 Js Sethi Road Metro, Mumbai	India
S3-328816700	LE	3 Blvd Jean-baptiste Lebas, Lille, Nord	France
S3-747990686	SQUARE HOSPITAL	H.no 0061 / 2730, Mumbai, Mumbai City, महाराष्ट्र	India
S3-162070698	JN  Land Private	#1243/48 B, E Ward, Shivaji Udyamnagar, Kolhapur, MH	India
S3-256394134	Cure Cure Nails Co		US
S3-908464954	Caldelle Líbérty LLC	295 Winter Street, # 25, Hanover, Massachusetts	US
S3-62856081	Perfect It Private		India
S3-526240552	Bordeaux Club SARL	14 Passage Kiéser, Bordeaux	France
S3-549468401	इंटरनेशनल इंजीनियरिंग एलएलपी	T-42, West Delhi, New Delhi, DL	India
S3-966262157	Creative Defense Có	Caspian Dr, Tennessee, Knoxville	US
S3-792042695	Global Shree Chemicals LLP	C/o Amit Kumar L202, Tower 1, Ghaziabad, UP	India
S3-706378307	prime brothers ltd	1458South End Amain Jaya Nagar9th Block, Bangalore, ಕರ್ನಾಟಕ	India
S3-91612307	ISP  Comite		France
S3-936953562	Nantes Amis SAS	9 Rue De Savenay, Nantes, Loire-Atlantique	France
S3-40536515	Glyfiq Joint LLC	178 Wilson Street, Bridgeport, Connecticut	US
S3-103603834	Comité du 3eme	42 Bd Jean Moulin, Nantes, Loire-Atlantique	France
S3-525866902	One Prime Constructions Private (Ltd)	North 24 Parganas, Deshbandhunagar, Fl-003, G Floor, Bengal, Park Chambers, H/d Ltd., WB	India
S3-682425656	Pharmacie Jean & Fils	21 Rue Achard, Apt 209 Hall B, Bordeaux, Nouvelle-Aquitaine	France
S3-470136069	M/s Biswas Electronic Private Ltd	UP, Gautam Buddha Nagar, J 1003, Nodia	India
S3-206618768	Collège Sainte Paul EURL		France
S3-640156077	Urgent Care Clinic L.L.C.	Bee Balm Lane, Boone, North Carolina	US
S3-910281923	Allied Network	Fredericksburg, 126 Nottingham Drive, Virginia	US
S3-895502820	Solidaire Club (France)  Holding SAS	#4 Rue Des Hortensias, Lille	France
S3-364563042	Apex Healthcare Psivante Limited	#54/4 Bhawna Bhawanist Floor Near Akash Cinema Azadpur, Delhi, North Delhi, दिल्ली	India
S3-421981696	Maia'S Transport (Clean)	5417 Vern Holmes Drive, Stevens Point, Wisconsin	US
S3-83044236	Ets Systeme SAS & Fils	Nouvelle-Aquitaine, 9 R De Romainville, Pessac	France
S3-96792387	विजय हेल्थकेयर प्राइवेट लिमिटेड	#218, Kamptee, Nagpur, MH	India
S3-820947978	Evergreen Hetlhy Industries Private Limited	8, New Delhi, North West, DL	India
S3-73884356	8utler Federal Prceom Inc	1800 Avenel Lane, Chaham, Illinois	US
S3-405503829	Cochin Services Pvt Ltd	Xxv/ 88A, 86B, Koonamthai Edappally, Ernakulam, Cochin, KL	India
S3-614074577	Red Developers Limited	B-0030-a, DL, East Delhi, Delhi	India
S3-742992191	Monster Club Distribution SARL	N° 19 Ave De La Foret, La Teste-de-buch	France
S3-396407386	Bhumika & Co Infratech Limited	Block F-862 C-55/c-1 G/f Kh No-396/2 Gali No-1 Bhajanpura Delhi, Delhi, North East, DL	India
S3-335907873	Lycée-Sainte SNC	No 28 Av Édouard Tranaud, La Baule-escoublac, Pays de la Loire	France
S3-556767637	Total  Concepts Service		US
S3-196320695	Push (France) Club S.A.	2 R. Francois Couperin, Pessac, Gironde	France
S3-907622851	Gf Centre Sas	11 All Jeanne, La Baule-escoublac, Pays de la Loire	France
S3-837093386	Pornic Ecole	Nº 14 R De Bllevue, Pornic	France
S3-720838932	Pn Drink Private Ltd | www.pndrinkp.com	47B/8, Nalini Sett Road, Ground Floor, Kolkata, Kolkata, Howrah, WB	India
S3-978121297	Pediatric Dentistry Coastal Cber Associates LLC	Sherburne, New York, ##2 South Street	US
S3-594855044	sas laffaire comite participations	69 R Des Sarraznns, Lille, Nord	France
S3-886657930	lisa amicale ei	3 Avenue Des Pinassotes, Lège-cap-ferret, Nouvelle-Aquitaine	France
S3-417083458	Comité du [Sapeurs]	108 Rue De Maubeuge, Roubaix	France
S3-584267902	MC	N° 81 R. Dupuy De Lmôe, Roubaix, Nord	France
S3-840227910	D/C Enterprise Ltd	Wisconsin, Unit Unit 1, City Of Wisconsin Rapids, 3258c Washington Street	US
S3-624160740	Gain Pvt Ltd Partners		India
S3-130029971	Contribuables (fFnbrac) Amicale SARL	139B Boulevard Albert 1er, Bordeaux, Gironde	France
S3-324758108	Bright Energy Pvt	1, May Queen Apartment, 33Rd Road, Bandra West, Mumbai, Mumbai City, MH	India
S3-903093213	Bel Sportive Sàrl	Roubaix, Av Des Nations Unies, Nord	France
S3-467107285	Shri Guru Lfohigsics Private Limited	B-b3/204, Sai Green Valley-1, Nr. Vibhusha Bunglow, Daskroi, GJ	India
S3-407535536	Vijay Hospitadity Private Limited		India
S3-510748337	Bright Ice Inc Cream		US
S3-703192427	Smt Dhiti Induselrties Private Limited		India
S3-221893936	Russell  + Maxwell Incorporated		US
S3-815152263	Fayerizacira+ t/a Push (France) Club SA	2 Rue François Couperin, Pessac, Nouvelle-Aquitaine	France
S3-985106536	VPR	Bordeaux, Nouvelle-Aquitaine, 13 RUE du Chai des Farines	France
S3-293301698	Wilson and Mcswéeney	300B Twelfth Street, PMB 3249, Washington, District of Columbia	US
S3-342755397	Alpha Properties Prívate Limited		India
S3-379673705	Akp India Ventures Pvt.	No 7 Kottayil House Kundaliyur P O, Thrissur, Irimbranallur, കേരളം	India
S3-237274454	Herrera and Perkins  Painting	9764 Crabapple Court, BON Aquua, Tennessee	US
S3-202625385	Pune Bakery	Officeno.501, Ekadanta, Plotno.8cts136, Gulwanimaharajpath, Erandwane, Pune, Mutha, MH	India
S3-220128220	Sky Industries Private Ltd		India
S3-860471958	Clean Wellness Enterprises		US
S3-722714262	Good ఇన్‌ఫ్రాస్ట్రక్చర్ ప్రైవేట్ లిమిటెడ్		India
S3-920072333	Violences Supporter SASU Maison	1 Rue Alfred Delattre, Lille	France
S3-135417649	Ets Osmoz EURL France	Nantes, Pays de la Loire, 17 Imp Des Vignes Du Bourg	France
S3-841545365	Center Forte Strong LLC	2600 Germann Road, # 392, Ocotillo, Arizona	US
S3-934831995	Nationale Automobile SAS	107 Bis Rue De Paris Appt B02, Tourcoing, Hauts-de-France	France
S3-557643244	Bartram Osprey Westgate LLC	Town Of Spring Grove, Wisconsin, W558 Hooseir Rd	US
S3-387984814	Aviators (India) Solution Overseas Ltd.	2963 Buderhut Nayabad, Flat-2b, Eden Fresco Appt, Nayabad, Kolkata, Calcutta, Kolkata, WB	India
S3-397361154	Eastern Pediatrics lnc.	013 Green St, Norfolk, Virginia	US
S3-371686367	Express-Exchange	North Carolina, 111. Pine Haven Park, Rockingham	US
S3-339991995	Laurent prîmaire École	9 Rue Louis Gaume Grand Piquey, Lège-Cap-Ferret, Gironde	France
S3-479618329	Davis Patriot Arts	301- Brookstown Avenue, Winston-Salem, North Carolina	US
S3-304946955	Enfants Gestion Distribution SAS	15 Rue Nungesser, Pessac, Gironde	France
S3-347275596	Pharmacie Bureau	Nantes, Loire-Atlantique, N°9 Rue De Port Maria	France
S3-372844783	Pornic Foyer Développement	21 R Des Buissonnets, Pornic, Pays de la Loire	France
S3-305999174	Public South Builders Limited	Midnapore, WB, Rajpura P.o -Rakhajungle, Kharagpur, Kharagpur, 28 Tapas Kumar Das	India
S3-128523575	Perez 0ld Inc	Vale Ave, PO Box 1601, Kannapolis, North Carolina	US
S3-170356205	Anjana Park Private Group Limited	Door No 12, Faridabad, Palwal, HR	India
S3-198208443	हाईटेक प्रॉपर्टीज एलएलपी	House No. 619/118, Lucknow, UP	India
S3-3087317	Shree Sdati Engineering Motors Private Limited	87/32, Raja S.c, Mullick Road, Kolkata, Calcutta, Howrah, WB	India
S3-154186831	comitdesorganisme.com	1 R. Frédéric Combemale, Lille, Hauts-de-France	France
S3-784063035	Baa Coastal L.L.C.	533 Lincoln Ave, Ogden City, Utah	US
S3-921632999	Amicale de Petite Groupe SASU	39 Rue Auguste Blanqui, Roubaix	France
S3-375986644	Surgical Center Industries		US
S3-58508545	Harr Express Múltimedia	03549 Banff Ave, YUMA CDP, Arizona	US
S3-187986639	Evoariaecto	34 Rue ma Campagne, Roubaix, Hauts-de-France	France
S3-89659238	Vantagewex	Dunkerque, 31 Rue des Frères Lumière, Hauts-de-France	France
S3-199239064	Associated Intelligence Inc Industries	10017 Mountain View Rd, Scottsdale, Arizona	US
S3-663840747	Nantes Comite SARL	008 R. Alfredo Gomez Ollero, Apt 204 Batiment C1, Nantes, Pays de la Loire	France
S3-82278815	Fédération des Deleves SCI	2 R Len Buerne, Nantes, Loire-Atlantique	France
S3-411003611	Trusted Momgage Laboratories Northside	6433 Cordelia Road, James City County, Virginia	US
S3-445384335	Empire Crystal Nippon Inc	164 Gulph Rd, Unit Unit 1645, King Of Prussia, Pennsylvania	US
S3-882287528	Bay Center Group	936 Lorenza Ridge Road, Smoot, West Virginia	US
S3-298652866	Allee & Fîls SARL		France
S3-241284430	நார்த் இன்ஃப்ராஸ்ட்ரக்சர் பிரைவேட் லிமிடெட்	728, Anna Nagar West Extension, Chennai - 600 101., TN	India
S3-612470951	Brixdeltaecto	120 Rue Meurein, Lille	France
S3-591534063	Ekvira Project Pvt Ltd		India
S3-307835041	Krishna Marketing Private		India
S3-877822301	advisorstransitcrystal.com	6305 Cth Vv, Sun Prairie, Wisconsin	US
S3-3980292	Agro Cane (India) Group	H. No 11/1, Gurgaon, Urban Estate, HR	India
S3-29906325	Mahesh Márble Overseas Pvt Ltd	Plot No 681-J Kh No. 1493, G-blk F/f Ph-6, Aya Nagar, West Delhi, DL	India
S3-455942982	Clean Cornerstone Auto Sales Llc	Sunset Street, Paulden, Arizona	US
S3-876293803	Jumelage (France) Soins Sarl	#26 R. De Tourcoing, Dunkerque, Hauts-de-France	France
S3-853132776	हरि मार्केटिंग एलएलपी	H No - 4A, K-375 Siyaram Vihar Takrohi Indira Nagar, Lucknow, UP	India
S3-738853805	Nantes Amis Sarl	Pays de la Loire, 14 Av Sainte Anne, Nantes	France
S3-409218969	pvt nks s0lutions holdings ltd	27, Bangalore South, KA	India
S3-751827905	Pessaccentresarl.Com	34 Rue De Romaivnille, Pessac, Gironde	France
S3-561874339	kestrelartscom	909 Rodgers Road, Crossville, Tennessee	US
S3-864507404	La Teste-de-Buch Sportive Distribution SASU	47 Avenue Haitza, La Teste-de-buch, Nouvelle-Aquitaine	France
S3-617000321	>> Sree Tech-LLP	Plot No.1/22, Ex-service, Men Colony, Ward No.28, Bellary, KA	India
S3-418741801	Ear Nose & Throat Star Partners Partners Co.	2632 Enchanted Hills Drive, Tucson, Arizona	US
S3-846307810	Locale Centre SAS	78 Ave Léo Lagrnge, Lille	France
S3-600646908	Super Foundation	Ranveer Colony Gole Ka Mandir, Bhind Road, Gwalior, Madhya Pradesh	India
S3-625165240	Oasis Internatonal School	Fl 10 Bld G, Poona, MH	India
S3-764441891	Sce Ecole  SAS	2565 C Avenue De Petite-synthe, Dunkerque, Hauts-de-France	France
S3-661634968	Danciens Jeunes SARL	19 Avenue De Lorraine, La Baule-escoublac, Pays de la Loire	France
S3-99192171	margaretherootrapid.com	233 Luxapalilla Avenue, Winfield, Alabama	US
S3-467709834	Mumbai India Ltd Enterprises		India
S3-843318045	Smart Impex-Private Limited		India
S3-11203305	Madhavan Welfare	Sahayadri Hsg S.no0028/1 Nr, Mahadev Temle Bijalinagar, Pune City, Pune, MH	India
S3-479016113	Red  Shivam Estate Hardware Private (Limited)	B/27 Sea Pearl Versova Beach Chs. Seven Bunglows Versova, Andheri (West), Mumbai Ii, Mumbai City, MH	India
S3-607179635	Coolhut Center	Villa 184, Geown Oasis, V Kalahalli, Sarjapur Main Road, Anekal, Bengaluru Urban, KA	India
S3-393711256	YI Harbor Athena Inc.	1046- Vassault St, # #2, Tacoma, Washington	US
S3-783023644	ગોલ્ડન સોલ્યુશન્સ	Block-a, Ahmadabad City, Ahmedabad, GJ	India
S3-5579344	Roubaix Centre Participations	Roubaix, #34 Rue De La Tour	France
S3-406970693	Synavi	14 Rue des Frères Pereire, La Teste-de-Buch, Nouvelle-Aquitaine	France
S3-555004844	Maison  Global SAS	7 R. De Bréa, Bp 42117, Nantes	France
S3-596119036	Wise Vidyalaya	Mukundapuram, Keralam, Thrissur, Door No. 16/268F	India
S3-718239372	Crossman,-Brynne R.,-D.O.	3140 Saunders Settlement Road, Cambria, New York	US
S3-442801472	Patriot Kkr	114 Pear St, Olympia, Washington	US
S3-386579499	Ets Participations Droopy SAS	27 Cour2 Louis Fargue, Residence Les Attiques - Appt. 103 - Bat. B, Bordeaux, Gironde	France
S3-794270887	Seven Services Private  Ltd #93743	402.Happy Home. Castle11-5-19. Red Hills, Hyderabad, Andhra Pradesh, TG	India
S3-144761518	Dr Fayesol	No #10, Bangalore, KA	India
S3-550660187	AA Sport	027 Rue Beufleury, Bordeaux, Nouvelle-Aquitaine	France
S3-471490677	Urgent  Care Health LLC Enterprises		US
S3-296044042	Private Super Fóundation Limited	Gwalior, MP, Gwalior, Ranveer Colony Gole Ka Mandir	India
S3-825608277	classic marine digital	3234 Yale Avenue, Memphis, Tennessee	US
S3-898430039	Ahmedabad Solutriaos  Exports Pvt Ltd	44, Maniratnam Row House Part-2 P&t Colony Road, Vasna, Ahmedabad, GJ	India
S3-717007296	Smt sree technologies llp		India
S3-200793808	UTILISATEURS PHARMACIE GROUPE	21 Rue Des Marchandises, Nantes, Loire-Atlantique	France
S3-131401546	Communale SA Loisirs		France
S3-490637648	QVW Foods Private (Limited)	No. 657 Unit No.1112, 10Th Floor, Vasavi Mpm Grand, 11Th Level, Beside Metro Station, Yellareddyguda, Ameerpet, Khairatabad, Hyderabad, Andhra Pradesh	India
S3-386700401	Ethos Ites Pvt Limited	Block A-850 Sf-23, Baroda, Vadodara, ગુજરાત	India
S3-692148337	Inc. A & M Federal	6811 Wayne Avenue, PMB 8726, Chicago, Illinois	US
S3-266605804	Dr Rudraksh Bío Bío	C/o Mohd. Mansoor Near Hdfc Bank Munshiganj Road, Amethi, Sultanpur, UP	India
S3-793178545	Ets-Deleves	12 Rue De La Potouillerie, Nantes, Pays de la Loire	France
S3-269245427	Mots (Frànce) Culture	1741 Av. De Petite-synthe, Dunkerque, Nord	France
S3-614109100	Sree Management Technologies Private	Plot No Eg##8 Gr Floor, Delhi, North West Delhi, DL	India
S3-234990598	Eastern Pediatrics Inc.	013 Green Street, Norfolk City, Virginia	US
S3-362421150	RQS Groupe Club	19 Pssage Du Bassin, Lège-cap-ferret, Gironde	France
S3-104132048	codynis partners	2795 221A, Mooresboro CITY, North Carolina	US
S3-965126786	Barksdale Group Center	1015 Kite Road, Mineral Wells, Texas	US
S3-522542684	Starwing Developer Private-Ltd (ID: 58165)	C-42nariana. Vihar, New Delhi, South West, DL	India
S3-477496005	Amicale Du Lôunge	Rue De Pessac, Bordeaux	France
S3-311586019	Hunger Cmbnimtee	512 Echo Springs Rd, Knoxville, Tennessee	US
S3-494961676	Kritesh Téchn0logies Private Limited		India
S3-755245003	Digitalconsultants.Com	C/o M Bapu Rao 1-2 Sunkidi Talamadugu, Adilabad, TG	India
S3-938825392	Banuelos & Kunze Holding	4535 Bella Vista Dr, Moorpark, California	US
S3-135411177	Shiv Products Private	Plot 312 Wilson House 1St Floornagardas Road Andheri (E), Mumbai, MH	India
S3-101025040	Dart Ànciens	102 Rue Henri Ghesquiere, Lille, Hauts-de-France	France
S3-628756669	Veraumbraxylo	Rue De Courchelettes, Dunkerque, Hauts-de-France	France
S3-93246847	Tourcoing Çomite EI	19 Rue Jacques Cartier, Tourcoing, Nord	France
S3-620565926	U+ Iii Harbor LLC	1338 Mian Saint, Evanston, Illinois	US
S3-382932507	7-Sons Partners Ltd	12 Karin Ct, Chapel Hill, North Carolina	US
S3-623066057	Tennis Amicale Groupe	40 Rue Du Casterneau, Nantes, Pays de la Loire	France
S3-649207493	Williams LLC Center	Cactus Wren Dr, Phoenix CDP, Arizona	US
S3-685145197	VI Amicale	Rue D'orleans, Tourcoing, Nord	France
S3-20248259	EURL Mecaniques Amicale Groupe	Roubaix, Nord, 171 Rue Decrême	France
S3-591550518	Communale Primaire		France
S3-66814637	Dynamic Infotech लिमिटेड		India
S3-708784278	In Marcheurs Amicale S.A.S.	Merignac, 20 Allee Du Pont De Madame, Nouvelle-Aquitaine	France
S3-78973272	Albatros  Lycee	N°98 R. Du Loup, Bordeaux	France
S3-374165583	Juris & Frèrês SAS	5 Rue Roger Salengro, Dunkerque	France
S3-249384916	gv comite sasu	12 Boulevard Jules Verne, Nantes	France
S3-520744061	Public Flip Memorial Trust Limited	Pandur, Kudal, MH, #83 House No. 61 Bhevtadwadi	India
S3-482562155	Y Highland T Precision 7 LLC	22278 Stottlemeyer Road, Bldg 171, Poulsbo, Washington	US
S3-363158284	Inc Heritage Rea1ty Pártners	Ardmoore CDP, Oklahoma, N/A, 2628 Commerce	US
S3-570869463	Table Aupres Musique EURL	42 Rue Beethoven, Dunkerque, Nord	France
S3-123568816	Gilbert, Jolynn, DPM, PC (Corp)	02830 900, Salt Lake City, Utah	US
S3-311399186	Indian Capital	#83 House No. 258, Bhopal, MP	India
S3-3325169	Creative Creative  Works LLC		US
S3-819912367	Continental Committee	444 52 St, New Ork, New York	US
S3-72892523	Reese  United Atlas LLC	3910 Harvard Street, Hamburg, New York	US
S3-116898506	Olympique Centre SASU		France
S3-942734635	Maison Deleves Sarl	R Maurice Marinot, Calais	France
S3-111680067	Joliot Grôupement France SAS	25 R. De L'allier, Nantes, Loire-Atlantique	France
S3-670111128	Noon Llc	Hoffman Estates, 550 Woodlawn Street, Illinois	US
S3-619140722	Creative Defense Company	Tennessee, 2525 Caspian Drive, Knoxville	US
S3-871992806	ग्लोबल कंस्ट्रक्शंस प्रा. लि.	Bombay, महाराष्ट्र, 7 F16 17Commerce House 91 Tardeo Road, Mumbai	India
S3-672909180	Ashraya Industries Ltd	14/14A, Chittoor, AP	India
S3-367587084	Solorbifaye	8 Avenue Louis Pasteur, La Baule-Escoublac, Pays de la Loire	France
S3-533198121	Roubaix Àmicale EURL	12 B Rue De La Conférence, Roubaix	France
S3-588259027	LZE Comite  SCI	Lille, 6 Rue Aeber	France
S3-970699080	teltroyproducercom	P B Anil Roy Rd, Kolkata, Calcutta, WB	India
S3-262432626	Bruner First Manulife	##8147 Kaula Dr, Fair Oaks, California	US
S3-265897111	Ape Pârents SAS	51 Rue Clémenceau, Dunkerque, Nord	France
S3-134004051	Alpha Hotel Construction-Pvt  Ltd	S 2-6/294 Ka 5 Meera Purbasahi, Varanasi, Lalpur, UP	India
S3-846592198	FAD Anies SARL		France
S3-143711423	EHPAD dê Notre		France
S3-317463838	Aniket Protech (Private)	Smt Jira Devi, Jehanabad, BR	India
S3-821481567	Bordeaux Çulture SAS	11 B Rue Alfred Dalancourt, Bordeaux, Nouvelle-Aquitaine	France
S3-820811774	Mayfield, Nadine,  Esq	1520-1524 S 30th Saint, Louisville, Kentucky	US
S3-771199716	One Consultancy	Hn ##389 Shop 273 Plot No.30 2 Flr, Delhi, New Delhi, DL	India
S3-863339296	Heartland Federation of Boiling Spring Lakes Inc.	120 Windemere Drive, Boiling Spring Lakes, North Carolina	US
S3-755129131	SAS Financement & Cie Groupe	Bordeaux, 32 R. Du Jardin Public	France
S3-866367148	Atlantic Cleaning Inc (Service)	123 Kelly Court, Franklin, Tennessee	US
S3-985730762	Premier School Center	Mumbai City, 3703, Tower No 1 Crescent Bay, Jerbai Wadia Road, Near Mahatma, Phule Educationa, L Society, H.no 37Th Floor, Mumbai, MH	India
S3-938402546	रियल Food प्राइवेट लिमिटेड	Ba 71, Shalimar Bagh, North West, दिल्ली	India
S3-356716228	SAS RAW Amicale Holding	51 Rue Jules Michelet, Roubaix, Hauts-de-France	France
S3-801222643	Amicale du Jacques SCI	27 Rue Ingres, Roubaix	France
S3-646660233	Centre Hospitalier du Sainte Enterprises		France
S3-736058391	American  Engineesicng, Holdings	# 402, Tennessee, Knoxville, ##120 Lovell Road	US
S3-793083071	AI	F N S1 P N 88 Shri Balaji, Residency11Ganesh Nagar17, Jaipur, Rajasthan	India
S3-380510334	Team Danse  SCI	13 Av. Marie-louise, La Baule-escoublac	France
S3-142976544	village & frères	9 Bis R. D'erlon, Nantes, Pays de la Loire	France
S3-182236021	Hanumat Pvt Ltd Services	Off-9-502, Mumbai, MH	India
S3-134052063	Real Consultancy Private  Limited Enterprises		India
S3-346773465	Smt Manidhari Company Clinic	16, Survey No. 86, K D Smark Trust I.t.c., Dist.: Junagadh, Kadvasan, Junagadh, GJ	India
S3-424407265	GT SERVICE PARTICIPATIONS SARL	69 Rue Malakoff, Lille, Hauts-de-France	France
S3-218368475	Elvera's Empire  Agriculture Lakeside	2326 A, Town Of Scott, Wisconsin	US
S3-849949374	Soeur Service Participations SASU	83 Bd De Metz, Roubaix	France
S3-132309994	HUMMER, STACE, L.C.S.W., DDS PC LTD	#3963 Garden Avenue, PMB 9635, Western Springs, Illinois	US
S3-287846373	Valley Northern	8818a Hwy 26, PMB 2312, Crowheart, Wyoming	US
S3-861239376	Tango Distribution SA & Fils	Pays de la Loire, No 19 R Jacques Chambon, Nantes	France
S3-127771898	Lège-Cap-Ferret EURL Groupe	0038 Avenue Du Monument Salins, Lege-cap-ferret	France
S3-665011482	Thane Pvt Ltd Center	Office No. 702, Thane, MH	India
S3-101829201	Urban lndustries Private Limited	A1, Pune, महाराष्ट्र	India
S3-750925162	Sàrl Nantes Centre	N°53 R De Bel Air, Nantes, Pays de la Loire	France
S3-543803260	SARL Maison Tm	#22 Rue D'isiy, Roubaix, Hauts-de-France	France
S3-680081101	My Hea1thcare Pvt (Ltd)		India
S3-646486369	Giana Mader Floating Lakeside L.L.C.	2053 4675, City Of Holladay, Utah	US
S3-860952262	KZK SARL Services	4 Bis Ave De Verdun Cazaux, La Teste De Buch, Gironde	France
S3-656146951	Eastern 8harat Media Private Limited		India
S3-373695763	Perfect It Co	Flat No. A-104, Padmavilas Apartments Baner Pashan Link Road, Athashri Pashan, Pune, MH	India
S3-882174411	Holy-Builders Private Limited	Virudhunagar, Jay Kay Complex 91Vadiyann Street Virudhunagar, Virudhungar, தமிழ்நாடு	India
S3-649295209	Primaire Piml	74 Rue Saint-sauveur, Lille	France
S3-4828547	Ca SARL Services	33 Rue General Gouraud, Bordeaux	France
S3-488825904	Pommiers Amis (France) France E.U.R.L.	30 R Morion, Bordeaux	France
S3-631649129	Noon	550 Woodlawn Saint, Hoffman Estates, Illinois	US
S3-797380800	école Primaire (Jeanne)		France
S3-80046913	Quis L.L.C. Center	1266 Eufaula Heights Road, Longview, Washington	US
S3-766891770	EMC GROUPE SAS	31 Rue Jean Hameau, Bordeaux, Nouvelle-Aquitaine	France
S3-178775970	Smart TZ Roman	214 1/2 Ottawa Street, Leavenworth, Kansas	US
S3-929820544	Empire United  Central, LLC Service	22763 165, Ls Banos, California	US
S3-789816967	LLC Kerr Súpreme Brands	Mount Hope, 208 White Bridge Rd, New York, PMB 5759	US
S3-871880995	Vks Systéms Private Limited	Varanasi Region, Varanasi, UP, C/o Manorama Devi Village & Post Office Susuwahi	India
S3-563699181	Clement Ltd Creative	118, Hyderabad Region, Adilabad, TG	India
S3-397406056	Nantes Sportive SARL	0013 Rue Alfredo Gomez Ollero, Nantes, Pays de la Loire	France
S3-71312727	La Baule-Escoublac Soins  SARL	30 Av Des Érables, La Baule Escoublac, Pays de la Loire	France
S3-447601257	Marigot Comite	Nantes, 32 Rue De La Pavotière	France
S3-581565279	Krishna-Mdca Limited	#34 S/o Ram Ratan Gopal-chandresal Rural, Kota, RJ, Kota	India
S3-337387428	Life Technology Prmavte Limited Limited		India
S3-25852739	Honey & Bróthers Pvt Ltd	Monoranjan Mondal #00201 Nonakuri Kaktia Bazar, Dis-purba Medinipur, Tamluk, Wb, Tamluk, Midnapore, WB	India
S3-467781396	Lbm Groupement (France) Sas		France
S3-751129302	Kundan Limited Center		India
S3-763038478	SHIV Projects Private Limited		India
S3-46565562	Eleves Culturel SAS		France
S3-955297260	Phoceen Màison SAS	N° 64 Av Atlantique Cap Ferret, Lège-cap-ferret, Nouvelle-Aquitaine	France
S3-657456292	Pitts Income Incorporated		US
S3-476086298	Express Staffing Technologies Corp	Apex, ##1014 Sunny Brae Ct, North Carolina	US
S3-208146973	Financement &	28 Rue Duptay, Bordeaux	France
S3-777709368	Kelocira One t/a Dorganisation Sportive SA	44 Rue de Kerbrun, Saint-Nazaire, Pays de la Loire	France
S3-570758708	kannanbuildwell.com (ID: 32341)	69, Church Avenue Road, Ollur P O, Thrissur, KL	India
S3-864155702	Arihant Infra Pvt	Plot No. 1 To 4 Blgd. A&b, A.k. Road, Vadodara Region, Surat, GJ	India
S3-963444702	CITY TECHNOLOGY PRIVATE LIMITED Enterprises		India
S3-983065622	Bright Services Limited	No C-14, Chennai, Kanchipuram, TN	India
S3-433109609	Dynamic Services Digital	#1832 Mission Rd, Vestavia Hills, Alabama	US
S3-196202018	Anch0r	0016 Fuller Street, Lee, Massachusetts	US
S3-872304868	Centre Médical Dame EURL		France
S3-527928129	Roubaix Amis	Hauts-de-France, Roubaix, 16 R. Boucicaut	France
S3-825487864	The Woodard & Heiser, Co	2822 Estates Ct, Lake Saint Louis, Missouri	US
S3-698149986	dynamic power private limited		India
S3-802259790	Foundation  Ann Ventures Private Limited	No 1-98-9-12/A/1, Flat No 205, Jubilee Cyber Grand, Shaikpet, Hyderabad, తెలంగాణ	India
S3-772943648	École maternelle du Notre	28 R De La Fon De Madran, Pessac	France
S3-751252284	Madelina Duffield, DPM  Corporation	800 Elliott Rd, Texarkana, Texas	US
S3-58754717	The Ceva Valley Holdco Holdco Inc.	Meadow Way, Scotts Valley, California	US
S3-134252908	Nantes Primaire S.A.S.U.	Nantes, 338 Avenue Du Séquoia, Pays de la Loire	France
S3-462706949	Potins çulture SAS	10 Bis Allee De L'ile Gloriette, Nantes, Loire-Atlantique	France
S3-92825121	Lille  Amicale	6 R. Tribourdeau, Lille, Nord	France
S3-114313873	Piedmont Foundation Inc Enterprises		US
S3-349053519	SREE & Brothers PVT. LTD.	E-##17/4 Budh Vihar Behind Dharamveer Market Badarpur, New Delhi, South Delhi, DL	India
S3-80555445	scscommodity.com	Shop No. 101, Mulashi, Pune, MH	India
S3-990277437	Maison Global S.A.S	7 Rue De Brea, Nantes	France
S3-751025239	Commission On Veterans Affairs Enterprises		US
S3-663018696	Viokeloectoio	15 Rue Léon Crépy, Lille, Hauts-de-France	France
S3-628976345	Bright Builders Private Enterprises		India
S3-524297371	Andrea Powers, Group Partners	13 Two Rivers Rd, Saint Regis, Montana	US
S3-440483453	Orissa &  Sons Industries Private	Plot 0524 S-17/321-d, Varanasi, Nadesar, उत्तर प्रदेश	India
S3-367538349	Cancer Foundation  Eastgate	291-295 Railroad Ave, N/A, Norwood, Massachusetts	US
S3-138373490	Harr Express Pet Care	##3558 Banff Avenue, Yuma, Arizona	US
S3-73078276	Pyravera	1 Cité Sereine, Tourcoing, Hauts-de-France	France
S3-730906219	Pediatric Dental Center INC	Richmond Street, Arlington Heights, Illinois	US
S3-561601487	Établissements Leman France SARL	54 Avenue De La Chapelle Forestiere Pyla, La Teste-de-buch, Gironde	France
S3-391771223	Piedmont Ínstítute	8rd Ave, null, Merced, California	US
S3-878633098	Synwex Sys D.B.A. Cardiology Specialists of Clayton Co	220 Grazing Buck Drive, Clayton, NC	US
S3-607488780	jhansi real limited	UP, Jhansi, 632 House No.1527-c-16 Near Janki Puram Civil Lines	India
S3-886974429	@humanitairgroupe	No 37 R. Sait-françois, Bordeaux, Gironde	France
S3-69541186	Birsa Technologies (India) [Infratech]	#6-3-680/8/7, Andhra Pradesh	India
S3-9619281	Sai North Consultants Public Limited	Shabari Cottons Private Limited Door No Ep-1 537F Po. Attadappa, Kannur, Taluk, Kannur, KL	India
S3-30007859	अर्बन इंडस्ट्रीज प्राइवेट लिमिटेड	Pune, A1, Pune, महाराष्ट्र	India
S3-369576596	ramseurcornerstoneroyalty.com	800 Blackburn Court, Charlotte, North Carolina	US
S3-43681954	sai software private limited	New Delhi, West Delhi, Hno 1015-B Kh.no 1536, DL	India
S3-984929048	Upper Complete Wellness LLC	2480 41, # F, Kentucky, Henderson	US
S3-243467292	M/s White Impex Limited Center	2/95 Vishwas Khand Gomti Nagar, Lucknow, UP	India
S3-254698375	Safe Spacsphere (Llc)	2960 Mills Ave, Unit B, Washington, District of Columbia	US
S3-722866976	Publique &-Frs SARL	# 35 R Alfred Caulier, Dunkerque, Hauts-de-France	France
S3-829849910	Sri Modern Technologies Private		India
S3-260368690	Vantagevera Sys aka Nantes Amis SAS	16 Bis Boulevard Emile Romanet, Nantes, Pays de la Loire	France
S3-438421688	Peak Peak Dynamics Partners Center	862 Newman Drive, North Richland Hills, Texas	US
S3-845165747	PLLC Baumgartner Níppon,	Redmond, 15830 91st Way, Washington	US
S3-209561959	Personne Centre S.A.R.L.	1 Boulevard Benoni Goullin, Nantes	France
S3-95922600	Novikelo Co DBA: Woodard & Heiser, LLC	2818 Estates Court, Lake Saint Louis, MO	US
S3-572530335	#fdrationpingouins	9 Avenue Armand Larrivière, Lège-Cap-Ferret, Nouvelle-Aquitaine	France
S3-220407463	Mountain  Sterling	Stanley Dr, Glastonbury, Connecticut	US
S3-542084569	Fluxdrexx née Shiv Products Private Limited	Wilson House 1St Floornagardas Road Andheri (E), Mumbai, Maharashtra	India
S3-962147900	Ashapura Jain (lndia)  Private Limited	E-34, Plot No.-26, Qutub Vihar, Part-2, Goyla Dairy, Post Office-chhawla, New Delhi, Central Delhi, दिल्ली	India
S3-404850943	L.L.C. Pacific Holding Company	Bend, Oregon, ##228 Irving Ave	US
S3-698144046	Caldelle Refdgrd  LLC		US
S3-987149677	M0dex Trading Exports Private	No B3/117/q/482-sharda Nagar, Kanpur, Naveen Nagar, Kanpur Nagar, UP	India
S3-670444863	Institut Jacques	66 Rue Du Grand Maurian, Bordeaux, Gironde	France
S3-914706764	Arc Bullion Private Limited	No 486 Sadashiv Peth Agarkarbhavan Shop No 1, Pune, MH	India
S3-169077289	Caldus Health, [Inc]	2501 Oakes Plantation Dr, Raleigh, North Carolina	US
S3-843455062	Public Greenstar Public School Limited	Tamilnadu, Jaganath Salai, Srp Colony Madras - 82, Chennai, ##227, TN	India
S3-726856550	Sree मैनेजमेंट Private Limited	Plot No Eg03 Gr Floor, Sanjay Gandhi Nagar Ph Ii, Delhi, North West Delhi, DL	India
S3-502543252	Collège De Michel SAS	51 Impasse Frederic Mistral, Calais	France
S3-628816060	Quality Diagnostic Ventures Corp	484 Texnana Way, Holly Springs, North Carolina	US
S3-296226408	Inc Classic Wholesale Systems	209 Town Farm Rd, Litchfield, Connecticut	US
S3-785746162	Hummer Stace L.C.S.W. DDS-PC		US
S3-694447522	Mr Rajendra & Sems Private Limited	Hyderabad, Behind Taj Krishna, Adjacent Lane To Iipm, TG, Hyderabad, Door No 6-3-596/103	India
S3-664610812	Ets Communale SARL		France
S3-526700922	La Baule-Escoublac	N°22 Ave Lmuis Pasteur, La Baule-escoublac, Loire-Atlantique	France
S3-881404967	Pyranex Sys F/K/A Colonial Coalition III	12411 8th Avenue, Unit 8, Spokane Valley, WA	US
S3-264376017	Jtm Hóspital Ltd	Door No D/216, 3Rd Main, 5Th Cross, Defense Colony, Bangalore North, Bangalore, KA	India
S3-880667612	Maison Stephane	329 Rue Pierre Legrand, Lille, Nord	France
S3-894196685	Inc A & M Federal	6811 Wayne Ave, Illinois, Chicago	US
S3-435497119	Établissements-Sauce	34 Rue De La Halle, Lille, Hauts-de-France	France
S3-867793146	Nantes Amicale Ventures		France
S3-79405901	Onco1ogy Care Inc	1 Fawn Hill Dr, Monsey, New York	US
S3-82687238	Zetaarc One	204/205, Konark Shram Behind Everest Building, Mumbai, Maharashtra	India
S3-955342026	Locale Comite		France
S3-932605143	Lassociation Collectif SARL	76 Rue De Rocroi, Roubaix	France
S3-278686965	Bombay Hospitality Limited Enterprises		India
S3-864655080	Reseau Linformation Service Eurl	3 Rue Pierre Gicquiau, Saint-herblain	France
S3-294588477	Pacific Fashion Inc	00979 Lincoln Street, # 2, Salt Lake City, Utah	US
S3-503708017	(Llp) Divij Brothers Ventures	Door No 46 Rampur, Lathiya Bachchhaon, Varanasi, उत्तर प्रदेश	India
S3-520597285	Zephveo Labs a/k/a Kannan Buildwell Pvt Ltd	69, Church Avenue Road, Ollur P O, Thrissur, Kerala	India
S3-776519426	शिव केयर लिमिटेड	H.no 912 A-wing Flat No 207 A Blockshiv Shrist Apartments Kharegaon Kalwa, Thane, MH	India
S3-361368203	Cosmic Public School Pvt Ltd	687, Teh. Girwa, Udaipur, राजस्थान	India
S3-217793049	Jarlyx	9040 Michael Douglas Drive, Clarence, NY	US
S3-617590335	Giana Mader Floating, L.L.C.	2050 4675, City Of Holladay, Utah	US
S3-212804548	Marigot  Ecole	32 Rue De La Pavotiere, Nantes	France
S3-367209464	Family Federation  LP		US
S3-700088369	Office of Consumer Affairs Incorporated		US
S3-442523439	Collective Appliances (India) Enterprises Private Limited	Pravallika Residency, Krishna Nagar, Visakhapatnam (Urban), Vishakhapatnam, 15-14-25/F Gf 110, ఆంధ్రప్రదేశ్, Visakhapatnam	India
S3-437519763	W0mens Health Mdline (L.L.C.)	2192 High Lakes Loop, Bend, Oregon	US
S3-575853074	nantes culture groupe sarl	N° 42 Avenue De Roe, Nantes, Loire-Atlantique	France
S3-501975217	अल प्रॉपर्टीज लिमिटेड	Huse No 101A, Sainik Kunj Kunraghat, Gorakhpur, उत्तर प्रदेश	India
S3-365404633	Pyrasynzeph	21 Rue de l'Abbaye, Nantes, Pays de la Loire	France
S3-423755357	Lycée Sainte Francoise SAS		France
S3-638069373	UH Bread Partners Inc	85 Munjoy, Maine, Portland	US
S3-955753690	41  Danse	116 Rue Ma Campagne, Roubaix	France
S3-364218270	Jaxsol	106 R. Du Docteur Schweitzer, Tourcoing, Hauts-de-France	France
S3-401566652	Vioarc formerly known as NX Club SAS	56 Rue Jeanne la Corsaire, Nantes, Pays de la Loire	France
S3-804282255	>> Allied Network Ii	126 Nottingham Dr, Fredericksburg, Virginia	US
S3-460889457	Judo-Amicale Groupe SASU	28 Allée Edbard Jenner, Saint-nazaire	France
S3-249870371	Joli Mccardell Híghland	11549-11553 Bertram St, Prince William County, Virginia	US
S3-658135343	Tierney Wroblewski, P.A., M.D., P.C.	Petty Ln, Dallas, Texas	US
S3-216373818	Venu Alizes Ehpad Distribution Sàrl	N°19 R Raspail, Nantes, Pays de la Loire	France
S3-44162929	Creative Industries LLP	Rohini, दिल्ली, Block F-279 D-11/42 Sector-11, North West	India
S3-95934239	Comité Du Team SA	53 R Galilee, Nantes, Loire-Atlantique	France
S3-624262950	Baus Group	84 King Cotton Lane, Wetumpkac ITY, Alabama	US
S3-463876507	Dorganisation Sportive		France
S3-622049908	Jonquille Maternelle Participations Sas	#17 Rue Alexandre Lamebrt, Calais, Pas-de-Calais	France
S3-137882505	Liberer Çentre SARL	71 Rue De Chantilly, Calais, Pas-de-Calais	France
S3-750307251	Tango Phârmacie France SA	No 19 Rue Jacques Chambon, Nantes, Pays de la Loire	France
S3-448858337	La  Baule-Escoublac Fetes	19 Avenue Raymond Lalande, La Baule-escoublac, Pays de la Loire	France
S3-521215564	Nexxylox aka Black Technologies Limited	Door No 160A, Padmalaya, Room No 104, First Floor, Coimbatore South, Coimbatore, Tamil Nadu	India
S3-928356785	Sun Services Private Ltd		India
S3-891035428	The A Cure 4 A1l	5343 Holmes St, PO Box 1728, Kansas City, Missouri	US
S3-513344314	Nmc Memorial Trust Limited		India
S3-219118233	Gray Dynamics (Southside)	230 Hiawatha Dr, Little Rock, Arkansas	US
S3-174998104	M/s KMR COLLEGE	355 Rail Bazar, Kanpur, UP	India
S3-436010159	CP	240 Av Antoine De Saint Exuery, Calais, Pas-de-Calais	France
S3-546039206	Dunning Inc. Service	323 Sandy Avenue, Charlotte, North Carolina	US
S3-182711238	Arjan Publishing	402, 4Th Floor, Goyal Trade Centre, Shantivan, Borivali East, Mumbai City, MH	India
S3-339724551	Womens Héalth Supreme Specialists	24 Oakvue Dr, Mchenry, Maryland	US
S3-19933536	KAMMER, PRYOR AND SANCHEZ ACQUISITIONS	2020- Morehead Street, North Carolina, Charlotte, # 233	US
S3-810743095	Lille Fetes International EURL	19 R D'antin, Lille, Hauts-de-France	France
S3-203680740	Smt >> South Investment Stores	Landmark Gupta Tower, Commercial Complex, Azadpur, दिल्ली, Delhi, House No B-3-b1/22, North West Delhi	India
S3-796234403	અરિહંત ઇન્ફ્રા પ્રા. લિ.	Plot No. 1 To 4 Blgd. A&b, A.k. Road, Vadodara Region, Surat, GJ	India
S3-208904316	French Ecole Développement SAS	10 Nouvelle Impasse Des Salorges, Nantes, Pays de la Loire	France
S3-404361346	Ram Investments Pvt Limited	H.no 5407 Arya Samaj Road, Delhi, Central Delhi, DL	India
S3-76575485	Bouliste Restauration	341 Bis Aveue Vulcain, La Teste-de-buch, Nouvelle-Aquitaine	France
S3-628309856	Piedmont Initiative East	0034412 Red Horn Road, St Ignatius, Montana	US
S3-50376822	Mountain Center & Co		US
S3-104669575	ardyth garcia vanguard canadian llc	14013 5th Pl, Everett, Washington	US
S3-521888091	Awa Federation Sarl	#26 R Fidele Lehoucq, Appartement 125 Etage 2, Tourcoing	France
S3-881219626	Te &	26 Rue Royer, Dunkerque, Hauts-de-France	France
S3-137759917	Greenstar Ptbcdc School Private Limited	Chennai, Door No 295 214, TN	India
S3-595889917	patriot trust group | www.patriottr.com	1022-1026 Sunset Rd, Wheaton, Illinois	US
S3-74843523	Surgical Cénter Inc	674 47, Saranac LAK Ecity, New York	US
S3-755249184	Goenka Foundry Ltd	#949, Calicut, Kozhikode, KL	India
S3-309749840	Gv Lycee	14 Rue Du Duc De Guise, Calais, Hauts-de-France	France
S3-805014700	Urban Consulting प्राइवेट लिमिटेड		India
S3-958396670	Avenir Anciens ((SAS))	37 Rue Du Maréchal Kellermann, Calais, Hauts-de-France	France
S3-579207306	Shyam Private Products Limited	13, Bangalore, KA	India
S3-867571070	Nante Culture EURL	N° 42 Avenue De Rome, Nantes, Loire-Atlantique	France
S3-298700244	Signature Diagnostic Gróup West	118 Woodlawn Avenue, # Apartment 2, Ynokers CITY, New York	US
S3-215762168	ZL Ahgecfr  Private Limited	Villa No 34 Lane 1 Mayfair Villas, Hyderabad Urban, Tellapur, TG	India
S3-280304921	Jonquille Élémentaire SAS	16 R. Alexandre Lambert, Calais, Pas-de-Calais	France
S3-43812579	Nantes Societe S.A.S.U.		France
S3-323180779	Ynez LLC M.D. Koren,	Norwalk, 27 Cannon St, Connecticut	US
S3-834654481	Daction Club SARL		France
S3-93446429	India Kt-Tradelinks Limited Private	C/o Patel Machinery Stores Sardar Road, Morbi, Rajkot, GJ	India
S3-767507540	Musee Service S.A.R.L.	Roubaix, 7 Cour Leclercq, Nord, 17 Rue De La Potennerie	France
S3-725896748	Drexkelo	6 Allee des Perdrix, Lège-Cap-Ferret, Nouvelle-Aquitaine	France
S3-40671395	Mohan-Institute	No A-39 131-135, Ist Floor, Nila, Technopark, Thiruvananthapuram, Trivandrum, KL	India
S3-17927213	Combelles College (France) EURL	No 95 R De Mouvaux, Roubaix	France
S3-619608752	CC	34 Rue Ludovic Lefièvre, Nantes, Loire-Atlantique	France
S3-814226516	ELITE CLOUD CONCEPTS LLC		US
S3-553007512	FEMMES EAU SARL	50 Rue Jenn Castandet, La Teste-de-buch, Gironde	France
S3-297380246	-- Kaverva Private Limited Center	E-172 A, NULL, Jaipur, राजस्थान	India
S3-388958289	VERRUFY KEYSTONE GROUP	787 Morris Park Avenue, Bronx, New York	US
S3-159981053	Golden Learning Ventures Group		US
S3-695282527	Sunrise Fabricators Private-Limited	3162880, Hanamkonda Village, Warangal Urban, Hanamkonda, తెలంగాణ	India
S3-656178236	IR Solutions-Mumbai	Jogeshwari (W), Mumbai, Mumbai City, महाराष्ट्र	India
S3-601300955	Ashtavinayak & Brothers Public Limited	No 15 C/o Amol Tarachand Borde, 14/3 B/202, Kute Fortune, Pune, MH	India
S3-339418916	Big Ice	91 Sumner Avenue, # 7, Springfield, Massachusetts	US
S3-756667262	Nantes Conseil EI		France
S3-780715292	associationpetitscom	Rue Abll Martin, Tourcoing	France
S3-116709962	Consultancy Bt Logistics Public Limited	68/2056B, Kozhikode, KL	India
S3-717197493	Ryan Safe Urban Corp	229 Twelfth Street, London, Kentucky	US
S3-821533812	Behavioral Health Associates Lexington Corp Board	Lexington, Texas, 236- Nursery Dr	US
S3-596423502	tech smith tillage private limited	No 264 Dr No: 9/214, Kannur, Puthige Grama Panchayath, Kasaragod, Kasargod, KL	India
S3-228667613	Centre Local Cie		France
S3-982075372	जय इन्वेस्टमेंट प्राइवेट लिमिटेड	No B3/13, Thane, MH	India
S3-467478292	Lille Centre SARL	8 Blvd Jean-baptiste Lebas, Lille	France
S3-898834515	ENI Parents SARL	Lège Cap Ferret, 4 Rue Des Arbousiers Cap Ferret	France
S3-880519505	DG	46 R. Georges Mandel, Bordeaux, Nouvelle-Aquitaine	France
S3-474506141	Foundation Shubhlaxmi Technologies		India
S3-2668710	Bright Builders Furniture Private Limited	H.no 122/4, 7Th Main, 3Rd Cross, 3Rd Phase, 1St Floor, Peenya Industrial Area, Bengaluru, Bangalore, ಕರ್ನಾಟಕ	India
S3-556416643	Vie Amis	Gironde, 23 Route De Toulouse, Bordeaux	France
S3-443287821	Syngildriza	19 Ave Marcel Riaud, La Baule-Escoublac, Pays de la Loire	France
S3-371358332	Ectokelo doing business as Sun Foods Private Limited	Khasra No. 1004, Lal Dora Village Rithala, Delhi, North West, Delhi	India
S3-390181874	Mr Big Investments  LLP		India
S3-259559873	Shri Associated & Brothers Limited	No ##21 Sjr Complex, தமிழ்நாடு, Kancheepuram, N H 45 Road, Kolampakkam Maduranthakam Taluk, Chennai City Region	India
S3-508150859	Topflow Environment (India) LLP	74/A Daihitta Road, P.o-khagra, Berhampore, Berhampore, Murshidabad, WB	India
S3-330024793	Shri Haloorbi	14/291, A Square Building Kuzhivelipady, Kangarappady, Edathala, കേരളം	India
S3-399175509	Culture du Sainte SAS	36 Av Édouard Trabaud, La Baule-escoublac, Loire-Atlantique	France
S3-264464567	Teitelbaum, Park and Santana Cal Ltd	14638 42rd Place, Yuma Foothills, Arizona	US
S3-478651997	Melodee Blackburn, Esq. Inc. | www.melodeebl.com	30 Straton Ct, Baasye CITY, Virginia	US
S3-77341846	Holy (india)  Prgvrahet Limited | www.holyindi.com	Hn 602 Jay Kay Complex 95Vadiyann Street Virudhunagar, Virudhunagar, தமிழ்நாடு	India
S3-630065294	Dynamic Financia1  Brands		US
S3-579851001	HEO Ádvisors	7000 Robert Breen Parkway, Lockport, New York	US
S3-501591323	Vk & Co Ventures	F-815, Orchid Paradise, Safal Parisar-1 Road, Ahmedabad, Daskroi, GJ	India
S3-210842038	Uluberia - Ii Chits	C/o S K Arif, Raghudebpur Rajpur, Uluberia - Ii, Howrah, WB	India
S3-83305279	Calais Sportive Sàrl	100 Rue Francia, Calais	France
S3-523027806	Aurilia E. Gannon, M.D. Co	8210 Beagle Dr, Henrico, Virginia	US
S3-880944874	NANTES AMIS FRANCE SAS	10 Rue De Savenay, Nantes, Pays de la Loire	France
S3-818070243	Guru Consultancy Private  Limited		India
S3-917087020	Comité des Tous Développement District	No. 54 Rue De L’espérance, Dunkerque	France
S3-126105154	RESEAU LINFORMATION SERVICE EURL		France
S3-259547859	Grace Chapel (Highland)	1659 Ashmont Ct, Beavercreek Twp, Ohio	US
S3-670483391	Maddox, Bguer and Estrada	1449 Monrovia Ave, PMB 5238, Costa Mesa, California	US
S3-861094937	Developers  Symbol Private Limited Services		India
S3-998036149	-- 4-Corners Group Services	330 28th Street, Unit 6203, Charlotte, North Carolina	US
S3-544833769	Bordeaux  Conseil SAS		France
S3-744302223	Feller'S LLC Center	Crookston, Minnesota, 1007 Eickhof Boulevard	US
S3-512197629	Comité des Minis SCI	# 39 R Du Prieure, Lille, Nord	France
S3-747838526	Maison	26 RUE Leon Jamin, Nantes, Pays de la Loire	France
S3-721195650	Anand Dream Ínvestments Industries Private Limited	17-Aradhana, Kastur Park, Shimpoli Road Near Suvarna Hospital, Borivali(w), Mumbai, Mumbai City, महाराष्ट्र	India
S3-159735510	caldoninnovation.com	414 Sweetheart Dr Dr, Rogersville, Missouri	US
S3-143162345	East Systems Limited Partners		India
S3-481110485	MTO Farm	Charch Road, Bhushan Nagar Kedgaon, Ahmednagar, NULL, महाराष्ट्र	India
S3-495600699	पायोनियर हाई फाउंडेशन एलएलपी	H.no 878 7, Sikandra Bodla Road, Agra, UP	India
S3-84108451	Promotion Srbodtp SARL	73 Bis R. Edismn, Nantes, Loire-Atlantique	France
S3-414336021	Sun Services Enterprises		India
S3-331972245	Bright-Exports Pvt	Hn 136 E-81 2Nd Floorsaket, South West, South Delhi, दिल्ली	India
S3-158274881	Irby, Ormiston and  Orama Rush Inc	40-C Bridle Lane, Stonefort, Illinois	US
S3-106310174	SARL Nafa & Fïls	Loire-Atlantique, Pornic, 5 Rue Des Myosotis	France
S3-709977863	koreharrisroyal.com	Tennessee, 4221 Trimble Road, Nashville	US
S3-493865566	Comite de Marie la	19 - Place Du Casino, Dunkerque, Nord	France
S3-709356583	Keystone Partners	#20 Beach Ln, Westhampton Beach, New York	US
S3-121633907	Ble Pub LLC	602 Eagle Rd, # 1E, Greensboro, North Carolina	US
S3-785437280	Coolhut Ecommerce	Villa 188, Geown Oasis, V Kalahalli, Sarjapur Main Road, Anekal, Bangalore, KA	India
S3-5893228	LLC Epperson, Wre and King	5474 1/2 1175, Wheatfield, Indiana	US
S3-475320344	Liberty Initiative Ltd	60 Maxwell Drive, Southington, Connecticut	US
S3-21981939	Sean'S Liberty Barbershop Holdings	23121-C Pelican Bass Ln, Pelican Rapids, Minnesota	US
S3-918036937	UYS Agencies Limited Private	C-449, Ground Floor Sector-10, Noida, Gautam Buddha Nagar, UP	India
S3-884125608	Nantes Amicale SARL	Pays de la Loire, 0012 Avenue Du Loing, Nantes	France
S3-752815902	Gulf Institute	2322 Pecan Road, South Mountain, Arizona	US
S3-561295161	Evince Widen [LLP]	B-5, Patna, BR	India
S3-567124886	SARL Ruraux Local Primaire	8 Impasse Veuve Bertrand Crocq, Mérignac, Nouvelle-Aquitaine	France
S3-824772	MASSINGILL PEDIATRICS LLC	004491 Cole Way, Dakota Ridge, Colorado	US
S3-107214518	Custom Bay Nóva, Co	206. 4th St, Unit 9, Danville, Kentucky	US
S3-538829099	Sri MODERN TECHNOLOGIES PRIVATE LIMITED		India
S3-753403878	Pearson Holding, LLC	522 1/2 Cynwyd Circle, Pennsylvania, Lower Merion Township	US
S3-618625333	Diane Sportive (Frânce) SARL	3 Av Des Camélias Pyla, La Teste De Buch	France
S3-315462169	Combelles College (France) Groupe EURL	No 106 Rue De Mouvaux, Roubaix, Nord	France
S3-87544846	CENTRE MÉDICAL SAINTE FRANÇOIS PARTICIPATIONS	11 R. Du Danemark, Pessac	France
S3-614943889	Eastern Entrepreneurs	A/0302 Aaradhya Tower, Mumbai, MH, Pipe Line Rd, Ghatkopar W	India
S3-956665571	Mare Sport Participations	121 - R Sainte-catherine, Bordeaux, Nouvelle-Aquitaine	France
S3-323190950	pearson sciences, inc	522 1/2 Cynwyd Circle, Lower Merion Township, Pennsylvania	US
S3-687108005	Corny Ruiz Metro Melar Northside	103. Webb St, Hamden, Connecticut	US
S3-523842467	Constancia Olivares	2707 Broad St, PMB 5906, Richmond, Virginia	US
S3-811273139	Green Brottehers Pvt Ltd	H. No. 1196, Gali Chowkidar Wali, Pajabi Phatak, Balli Maran, Chadni Chowk, New Delhi, DL	India
S3-628541882	Yumakelo formerly Classic Marine Digital	3234 Yale Avenue, Memphis, TN	US
S3-745904564	Veowex	21 Rue Raspail, Pays de la Loire, Nantes	France
S3-96931992	Vaayuiki Private Limited-Partners [#32181]	96-Shri Keshav Sadan, Gwalior, MP	India
S3-720450720	Hyderabad Foundation (ID: 48830)		India
S3-377953146	Saint-Herblain Loisirs SCI	# 41 Place De La Revolution Francaise, Saint-herblain	France
S3-499653459	Communaute France SARL & Associés	20 R Jean Boiun, Nantes, Pays de la Loire	France
S3-865556568	South  Enterprises Private	6369, Bardoli, Surat, GJ	India
S3-506673343	open (india) services llp	Hn 572 A-423 Satpushp Grandeur, Allahabad, UP	India
S3-14404324	Uluberia - Ii Infracon LLP	Howrah, ##17 C/o S K Arif, WB, Uluberia - Ii	India
S3-951519942	Crayons Rental  Limited	Lalita Mansion, Flat No. 01, Road No.-03, Priyadarshi Nagar, Near Dps(junior Wing) Opposite To Prachi Car Washing, P.s- Rupaspur, Bailey Road, Danapur, Patna, Dinapur-cum-khagaul, Patna, BR	India
S3-673873532	Buonocore, Mejia and Patteson LLC LLC	4050 33rd Ave, Northwest Annex, Arizona	US
S3-141369108	Swastik ग्लोबल Technologies Pvt Ltd	Door No 4554 Jai Maya Market Tri Nagar, Delhi, North Delhi, DL	India
S3-190052074	सनराइज भारत आईटी लिमिटेड	Blokc G-811 M-94b, Opp.- Sant Nirankari School, Malviya Nagar, New Delhi, South Delhi, DL	India
S3-76315288	Mr coronation & sons limited	Mustafapur Pargana-phulwari P.op.s-khagaul, Patna, BR	India
S3-417767830	Sai North Consultants Stores Private Limited	Shabari Cottons Private Limited Door No Ep-1 537F Po. Attadappa, Kannur, Taluk, Kannur, KL	India
S3-163078849	Congregation Baptist Church [Corp]	1354 Chukar Lane, Incorporated, Idaho	US
S3-787891668	Didwana  Business Limited Center	Hn 427 House No 8 Jorawarpura, Didwana, Nagaur, RJ	India
S3-504397901	Classic Financial LP	Illinois, Kenmore Avenue, Chicago	US
S3-769456074	True Co Center	8, Calcutta, Howrah, পশ্চিমবঙ্গ	India
S3-256034013	7-Sons	102 Karin Court, NULL, Chapel ILL, North Carolina	US
S3-377724236	Établissements Generations SARL Groupe		France
S3-294237697	@etssysteme	9 Rue De Romainville, Pessac, Nouvelle-Aquitaine	France
S3-471226277	Brixariapyra	2 R Roland Oudot, Mérignac, Nouvelle-Aquitaine	France
S3-704625733	SA Maison Ermitage	190 R. Barthelemy Delespaul, Lille	France
S3-249785537	Bagwe Grc	Hanuman Nagar New Punaichak, null, Patna, BR	India
S3-884770463	Jones Management Co	2086 Hualapai Dr, Bullhead City, Arizona	US
S3-205593473	Pioneer Spa  LLC	300 Nutt Rd, Dayton, Ohio	US
S3-417354996	Shri -- Indica Private  Limited Center	196, Samuel Street, Mumbai, MH	India
S3-391052537	Al Investment Private-Limited		India
S3-886415553	गुड इंफ्रास्ट्रक्चर	10, Mumbai City, Mumbai, MH	India
S3-304511526	Balaji Marketing Corp		India
S3-198141620	Royal  Ecole	Loire-Atlantique, Nantes, 37 Rue Camille Desmoulins	France
S3-719195033	BRENNA BROCKMAN, L.C.S.W., DDS PC CORP	1230 Rose Vista Ct, Unit Apartment 1, Roseville, Minnesota	US
S3-878883663	Conway, Corbitt & Wórrall Inc	30 First Street, # 1, Melrose, Massachusetts	US
S3-228664872	colematernellemadeleine.com	250 Rue Paul Langevin, Calais, Pas-de-Calais	France
S3-752948949	Eleves Culturelle		France
S3-498150227	Goethe Ehpad S.A.S.	21 Rue Du Plateau Des Glières, Nantes, Loire-Atlantique	France
S3-215910655	American Inc Inc Service		US
S3-911955784	Plateau Pharmacie Sarl	# 20 Rue Des Bonnets, Tourcoing, Nord	France
S3-295253596	#squarehospital	0061 / 2730, Mumbai, Mumbai City, महाराष्ट्र	India
S3-829666383	EHPAD Louis International	31 Ch Du Merle, Mérignac, Gironde	France
S3-813604068	Corissa Walker First [Mercator]	Beth Ave, # 124B, Leominster, Massachusetts	US
S3-867106242	Goethe Elbad SAS		France
S3-920159539	Iricirahalo fka IR Solutions-Mumbai	Jogeshwari (W), Mumbai, Mumbai City, Maharashtra	India
S3-51985580	Dovaavibelo née Gym Sportive	7 Rue Champlain, Bordeaux, Nouvelle-Aquitaine	France
S3-951773290	Haag  Mehiil Center	16450 56th Place, Scottsdaale, Arizona	US
S3-222723274	Thrissur Logistics Group Pvt	14/86, Nellissery Arcade, Paravattani, Kochi Region, Thrissur, കേരളം	India
S3-827125729	Navi Mumbai  Amrit Private Ltd	Office No.13, Mumbai City, Navi Mumbai, महाराष्ट्र	India
S3-146560192	Ets New SAS	15 Rue Poyenne, Bordeaux	France
S3-636293417	Comité des  Tour Cie	Nº 98 R. Delord, Bordeaux, Nouvelle-Aquitaine	France
S3-149474015	Mots Fils Groupe SARL Et Fils	14 Ter Allee Des Reinettes, La Teste-de-buch	France
S3-992460425	Golden Industries Limited	633 Shiv City Silver, Indore, MP	India
S3-382581693	Karuna Institut (France) SARL	19 R. Jacques Daguerre, Saint-nazaire, Pays de la Loire	France
S3-164354715	ఆల్ టెక్నాలజీస్ ఎల్‌ఎల్‌పీ	Anchorage, Visakhapatnam, Vishakhapatnam, AP	India
S3-110002322	East Systems Private Limited		India
S3-160670082	Lotus Projects-Limited Partners		India
S3-456104340	TX Cards Private (ID: (13610))	H.no 49 Kolab Nagar Karenga, Koraput, OD	India
S3-175090877	Virat Charitable Trt	Door No 110 Sector C, Huzur, Bhopal, MP	India
S3-833101509	बिग फाउंडेशन प्राइवेट लिमिटेड	D-29, New Delhi, South Delhi, DL	India
S3-977802706	Cie Alpha Club EURL	Calais, Pas-de-Calais, 72 Rue Royale, Cafe De Paris	France
S3-878816741	Petits  Groupement Groupe SAS	Nord, 12 B Rue Du Lieutenant Copin, Lille	France
S3-833329782	Internal Medicine Medicine Creative Associates Llc		US
S3-477484724	Institut [Kick]	No. 12 Rue Philippine De Hainaut, Calais, Hauts-de-France	France
S3-241030351	The Hari  Impex	A-54, South Delhi, New Delhi, दिल्ली	India
S3-662179706	Jori Smith Unified Homes Downtown, LLC	275 Hopkins Avenue, Redding CITY, California	US
S3-775319076	Rizacirafayex	22 Rue Morion, Bordeaux, Nouvelle-Aquitaine	France
S3-483690119	Padmini Consulting	Parameswarath (H), South Vellarappilly P.O Sreemoolanagaram, Aluva, Ernakulam, Kerala	India
S3-398043355	Solvera	95 Old Walker Rd, Alabama, Clevelad	US
S3-339594436	Oncology-Physicians of		US
S3-372050551	Centre Hospitalier Sàinte Gazl	7 Villa Saint Georges, Lille, Hauts-de-France	France
S3-479476986	Harvin Pvt Ltd Center	Flat No-49, Plot No-30 Sect-10, Iv/f, Dwarka, New Delhi, DL	India
S3-882014868	Real Technology Pcove Limited	House No. 7A, Ground Floor Block Ia Ashok Vihar Ph-i, Delhi, North West, DL	India
S3-477583900	Anny's Select		US
S3-901867070	Patriot Family	W215n5555 Kenmore Dr, Village Of Menomonee Falls, Wisconsin	US
S3-254342215	Shiv Care Private Textiles Limited	No. 912 A-wing Flat No 207 A Blockshiv Shrist Apartments Kharegaon Kalwa, Thane, MH	India
S3-144139286	Banuelos + Kuze Holding Inc	4535 Bella Vista Drive, Moorpark, California	US
S3-957859886	Trusted Complete		US
S3-855523152	The Rickels Blue Red (LLC)	Granger, Washington, 318 Carpenter Road	US
S3-684334417	Ltd Glen Constructive Industries	Flat No.##715, Kharghar, महाराष्ट्र, Raigarh	India
S3-999435410	Shri Om Media  Limited Private		India
S3-50588382	Panchavati  Brothers Industries Limited	00161, Coimbatore, TN	India
S3-746952360	Krn Saree Private Limited	17 C/o Wework Berger Delhi One, Noida, Gautam Buddha Nagar, UP	India
S3-293045788	rencontresmaisoncom	(4) Rue De La Couleuvrine, Calais, Hauts-de-France	France
S3-26275781	Francais SARL Cie		France
S3-331284868	Southern Cables Ltd	Room No 12, Mumbai City, महाराष्ट्र	India
S3-320483498	Marche Culturel EURL	53 R Championnet, Lille, Nord	France
S3-985844639	École maternelle du Notre SASU	003 Place Ferdinand Scipman, Dunkerque	France
S3-74197343	Sasu Vivre & Cie	148 Rue Paul Bellamy, Nantes, Loire-Atlantique	France
S3-236992518	WV Garage SARL	58 Rue De La Barre, Lille, Hauts-de-France	France
S3-397197825	Departementale Club SASU	41 R. De La Boulotte, Pornic, Pays de la Loire	France
S3-305954421	Ets Aikido Développement	100 Avenue Du Bois D'amour, La Baule-escoublac	France
S3-912345599	Jay Lógistics Limited	Hn 4-09 4, Bangalore, KA, Bengaluru, 1St Main Road, Someswaranagara	India
S3-828403070	Roubaix Amicale E.U.R.L.	12 Bis R De La Conférence, Roubaix	France
S3-222163756	L.L.C. Faucett Systém	1172 Bedford Rd, Masury, Ohio	US
S3-95109524	Galaxy Media Private (Ltd)	#815 Sb-6 Krishna Complex, Vadodara, GJ	India
S3-253057545	Monk Food	#6/2, Rajagopalan St, West Mambalam, Madras-33, West Mambalam, Madras-33, Chennai, TN	India
S3-802450383	Halonexevo Sys	126 Rue d'Artois, Lille, Hauts-de-France	France
S3-583455874	Gaylene Fairclough, Esq., Dds-Pc LLC	86 Grand Blvd Extension, Shelby, Ohio	US
S3-200176542	Unique গুজরাট টেকনোলজি Private Limited	R.r. Plot Num - G-8, Post - Anondopur, Kasba, Rubby Gold Park, Kasba, Kolkata, Howrah, Kolkata, পশ্চিমবঙ্গ	India
S3-446681480	एस लॉजिस्टिक्स मेडिकल्स प्राइवेट लिमिटेड	0215/ 5795, Arun Uday Darshan, 90 Feet Road Ghatkopar East, Mumbai City, Mumbai, महाराष्ट्र	India
S3-358552851	Kankariya & Sons Group Private	MH, Thane, A/511, Jayshree Krishna Darshan, Near Vedant High School, Gcc Club Road, Mira Road East, Thane, Thane	India
S3-588653323	K/P Alpex East LLC	628-A 23rd St, # H202, Washington, District of Columbia	US
S3-775929501	Arcumbra	Nouvelle-Aquitaine, 159 R Georges Mandel, Bordeaux	France
S3-306344631	Ladiescircle  (France)	11 Boulevard De Lyon, Roubaix	France
S3-206515444	The The Dent Pub LLC	36 Thurston Rd, Newton, Massachusetts	US
S3-156815662	Eastern Infotech Pvt	469, Bhupalpura, Udaipur, RJ	India
S3-379427833	Cardiology Caaa LLC	North Carolina, Mooresville, 535 1/2 Shearers Road, # 106	US
S3-826122128	Baxter Broadband (Inc)	Texas, Georgetown, 1608 Legacy Xing	US
S3-631639683	Beat Maternelle  SASU	Nord, 35 R Edouard Doyennette, Lille	France
S3-211351135	MC	Avenue Des Fbuvettes, La Teste-de-Buch, Nouvelle-Aquitaine	France
S3-736856119	sas french pharmacie	10 Nouvelle Impasse Des Salorges, Pays de la Loire, Nantes	France
S3-319445499	Bureau of  Health		US
S3-776504945	FL	52 Boulevard De Belfort, Lille, Nord	France
S3-269443760	Dr Mumbai Private Polytechnic Limited	Shree Narayad Dham, Bhilwara, RJ	India
S3-977949392	Vishwas Broking	130 B, Savitri Nagar Malviya Nagar, Delhi, DL	India
S3-557015208	Zoai Lab Inc	2351 Baxter County 57 Rd, Mountain Home, Arkansas	US
S3-508833519	Pediatric Dentistry Choice-Associates North, L.L.C.	957- Beaverbrook Dr, Atlanta, Georgia	US
S3-998273671	Beacon Marketing Lras Inc	PMB 9401, 309-313 Balsam Ave, Birchwood, Wisconsin	US
S3-810898649	Arcevo	Dunkerque, Hauts-de-France, 2 Rue des Frères Lumière	France
S3-810775981	Quinze Service Distribution SAS	81 Rue Guynemer, Bordeaux, Gironde	France
S3-571557229	Potter Advanced Parts Co	3189 Sh 19, Hntsville, Texas	US
S3-165988757	Tara Centre Private Límited	125, Maharana Pratap Nagar Khatipura, Jaipur, RJ	India
S3-331110086	blue charter charter school llc	235. Davis Avenue, Clemmons, North Carolina	US
S3-413096306	Vigilante Club  SARL	15 Rue Des Augustins, Bordeaux	France
S3-457556970	Everfresh Bróthers & LLP	House No.d/325, Pune, MH	India
S3-806873682	Lumelle Inc Service		US
S3-292084347	Nantes Comite S.A.S		France
S3-654080994	Jaipur Innovations Private Limited	Plot No. 199, Sawai Madhopur, Jaipur, राजस्थान	India
S3-424869025	Sas Mérignac Club Distribution	16 Rue Louis Guillot, Mérignac, Gironde	France
S3-873578392	NX Service SAS	Pays de la Loire, 59 Rue Jeanne La Corsaire, Nantes	France
S3-235070650	Steel Nurisng Home	Chennai, தமிழ்நாடு, 1St Floor Dr Radhakrishnan Nagar 3Rd S Thiruvanmiyur, Plof-5, Chennai	India
S3-308663432	Pornic Sport SARL	# 5 R. Des Buissonnets, Pornic, Pays de la Loire	France
S3-869452358	Bright Energy Private Enterprises		India
S3-14561523	Beauquesne Chasse Compagnie SAS	Bordeaux, 67 Rue Bertrand De Goth, Gironde	France
S3-693682096	Gildcalo	72 MM I840, TN, Lebanon	US
S3-727417581	École maternelle de la Notre		France
S3-277080948	Dodie'S Prairie Service Services	6473 Il Hwy 148, Mt Vernon, Illinois	US
S3-414759495	Vin Hospital (ID: 18484)		India
S3-986883782	Calowex trading as Nantes Parents SAS	6 Promenade Europa, Nantes, Pays de la Loire	France
S3-172489610	Private Internet Mining Limited	পশ্চিমবঙ্গ, Kolkata, Calcutta, No D/56 Taltala Ln	India
S3-468545036	Sunrise Red Limited Private Logistics	58 A, Kanpur, उत्तर प्रदेश	India
S3-672138222	Madrassati & Cie	Rue Yvse Ponceau, Pornic, Loire-Atlantique	France
S3-249279024	Mr Bajwa Pvt. Ltd. Cénter (ID: 9018)	B3/4-117, Krishna, AP	India
S3-552501087	Complete Collective Inc Partners	4270 Ventana Loop, Tucson, Arizona	US
S3-57953671	WES Lycee	10 R Tom Souville, Calais	France
S3-321131842	economic development association inc Enterprises		US
S3-73746656	Kalinda Stumpf  Ridge [Dynamix]	1714- Robin Cir, Ashtabula, Ohio	US
S3-116905669	Quinze Maternelle SAS	70 Rue Guynemer, Bordeaux, Nouvelle-Aquitaine	France
S3-900610774	Lmx Sportive	7 Allée Du Clos De Kerquessaud, La Baule Escoublac	France
S3-363506433	Shae Martinez, D.O. Corp Services	6312 47st Avenue, PMB 5374, Riverdale, Maryland	US
S3-889199282	Roubaix-Medico SAS	2 A Rue De Courtrai, Roubaix, Nord	France
S3-788729263	Dpr Communale Clinique SAS	25 R Mery, Bordeaux, Gironde	France
S3-350083623	Comité de Deleves SCI		France
S3-150911857	Upper 5afe Sab (Corp)	#24 Michigan Street, Oswego, Kansas	US
S3-947807755	Communale Loisirs Développement SARL	Pessac, Nouvelle-Aquitaine, 46 Avenue Du Docteur Nancel Pénard	France
S3-398821465	Bia Inc	Hartselle, Alabama, 1100 Highland Ct	US
S3-22865027	Prabha Social Pvt. (Ltd.)	93/9, Bangalore, KA	India
S3-350622713	M/s Crayons Rental	Patna, Dinapur-cum-khagaul, Lalita Mansion, Flat No. 01, Road No.-03, Priyadarshi Nagar, Near Dps(junior Wing) Opposite To Prachi Car Washing, P.s- Rupaspur, Bailey Road, Danapur, Patna, BR	India
S3-528533490	Universal Management Limited Center		India
S3-858149536	Beloavi One	27 Rue des Douves, Bordeaux, Nouvelle-Aquitaine	France
S3-452483822	Office of Tránsportation		US
S3-148209816	CQ	88 Rue de Lille, Tourcoing, Hauts-de-France	France
S3-958145269	Continental School Montessori Co	3248 Austin Ave, Hempstead, New York	US
S3-557431447	Direct & Cie SARL	Nº 1941 Av. Roger Salengro, Calais	France
S3-284006647	NXY Diagnostic	B3/49-34-3c, Flat No.501, Sumukaiyla Apartment, N.g.g.o Colony, Akkayapalem, Visakhapatnam, ఆంధ్రప్రదేశ్	India
S3-772723661	Super  Technologies Enterprises		India
S3-670434548	Pediatric Dentistry Group LLC		US
S3-484850903	यूनिक कंसल्टेंट्स एलएलपी	No. 1-59 Utopia A 501 Casa Bella Gold Kalyan Shil Road, Kalyan, Thane, MH	India
S3-647539854	The Dent Pub Trading		US
S3-987112032	Ambrosia Pvt  Ltd Services	P03a 158, Princeton Estate, Dlf City, Phase 5, Gurgaon, HR	India
S3-353846482	SCI Saint-Herblain Çomite	13 R. Paul Dukas, Saint-Herblain	France
S3-629851447	Consumer & Co Holdings	Unit No A25, Regency Plaza, Kalyan-ambernath Road, Thane, Ulhasnagar, MH	India
S3-476620320	Smith Emera Lp		US
S3-212428233	Melpomene Clolseege Développement SARL	66 R Saint Roch, Tourcoing	France
S3-99927812	M 3 A Amc [LP]	467 7, Nacogdoches, Texas	US
S3-596158455	KH	A/12 A, Indraprasth, Behind C K Prajapati School, Laxmipura, Vadodara, Vadodara, Gujarat	India
S3-317554532	Christ Ministries & Co		US
S3-47867300	Village & Frères Distribution	11 Bis Rue D'erlon, Nantes	France
S3-725318304	Roch Comite EURL	37 Rue Des Potes, Lille, Hauts-de-France	France
S3-622853920	Institut Du Nicolas  SCI	22 Rue Léon Blum, Roubaix	France
S3-532692430	Siddhi Storage Limited Services	Flat No C16-2103, <NULL>, Ghaziabad, UP	India
S3-971886544	RC	15 Chemin Des Grillons, Nantes, Pays de la Loire	France
S3-672397283	Ace Logistics Private Límited		India
S3-955015526	Shree  Sangh	Door No 04 C-601 Gardenia Glamour Phase-2 Maharaja Agarsain Marg, Ghaziabad, उत्तर प्रदेश	India
S3-938991599	Pioneer Aerosacpe Group Group	11005 Cross Dr, Unit APT 4, Eagle River, Alaska	US
S3-88412743	Bordeaux Primaire SAS	20 Rue Maubec, Bordeaux, Gironde	France
S3-937505322	AMBUR GLOBAL PVT LTD	68.Oomer Road, Ambur, Vellore, TN	India
S3-962668562	Sapeurs Federation(France)		France
S3-281443968	Surgical Partners	Hunters Trail Dr, Indian Trail, North Carolina	US
S3-382457256	PDI SARL Amicale	1 All Des Tennis Grand Piquey, Lège-cap-ferret, Gironde	France
S3-986507486	Mots & Fils Sarl		France
S3-172279281	Abney And Crum  Meridian,-Inc	37A Baker Drive, Glen Dale, West Virginia	US
S3-159842960	Ear Nose & Throat Care of Everson Corp	6615 Goodwin Road, Everson, Washington	US
S3-632753008	Oreilles (France) Union SAS	Nantes, 38 Rue Des Gobelets	France
S3-257419711	Patriot Market	5575 Farm Road 171, Springfield, Missouri	US
S3-615744513	MJV Winvest Corp	#3640 Olcott Avenue, Chicago, Illinois	US
S3-566010756	Anny's  Select	11903 Snapping Turtle Ln, North Carolina, Huntersville	US
S3-381969453	Pune Home Overseas Pvt. Ltd.	D C Chambers 12Rd Flooropp K S B Pumps Ltd Pimpri, Chinchwad, Pune, MH	India
S3-51391309	Iridelta	80 R. De La Bourgeonnière, Nantes, Loire-Atlantique	France
S3-146622211	South Enterprises Private Enterprises		India
S3-577434666	Bordeaux Èlémentaire SAS		France
S3-863019210	A/K Telephone Inc		US
S3-467844185	Bernhardt Global Obic	5633 Brookshire Dr, N/A, Jonesboro, Arkansas	US
S3-194263719	Consultants Ujwadla Resorts Private (Limited)	Ofice Kubhr Siddhi, Valsad, GJ	India
S3-686284337	We SASU (France) Amicale		France
S3-900533639	The Dent Púb		US
S3-319174297	Melange Limited Center		India
S3-173833757	Vantagexylo Co F/K/A Kundu Growth Pvt Ltd	153, Budhwar Peth, Pune, Maharashtra	India
S3-525360788	Amicales Amicale	N° 3 Rue Alfred De Musset, Nantes, Pays de la Loire	France
S3-424311600	Sap Advisory Private	Thane, Kalyan, MH, H.no 602 Phadke Rd	India
S3-829094736	Collins Elite		US
S3-312864976	சிவம் இன்டர்நேஷனல் பிரைவேட் லிமிடெட்	1/1173, Virudhunagar, TN	India
S3-239760251	Gardiens Restauration SASU	1 Rue Max Linder, Nantes, Pays de la Loire	France
S3-574901325	Crawford Creative Flág PLLC		US
S3-867495660	स्काई मार्केटिंग एजेंसीज लिमिटेड	No. 304 Flat No. A 503, Kumar Pinakin, Mohan Nagar, Near Bitwise, Baner, Poona, Pune, MH	India
S3-599475799	La Teste-de-Buch Sportive SAS	Avenue Saint Exupéry, La Teste-de-buch, Gironde	France
S3-134945684	फ्यूचर प्रोड्यूसर प्रा. लि.	071, New Delhi, South West Delhi, DL	India
S3-480447841	Sun Foods Private Ltd	#1004, Delhi, North West, दिल्ली	India
S3-975993533	Sapeurs Federation SAS	0315 R. Colbert, Tourcoing, Nord	France
S3-762517051	Downtown 8arbershop! Co	3161 163rd Sreet, Skiatook, Oklahoma	US
S3-927766912	Établissements Nou Groupe SARL	28 Rue Du Transvaal, Pessac, Nouvelle-Aquitaine	France
S3-20710397	Gulati Steel Care Corp	Surat, 307, GJ, Surat	India
S3-659667353	Établissements Fadas Holding SAS	85 R Marsan, Bordeaux, Gironde	France
S3-554542177	Biswas Electronic Private	J 1003, Nodia, Gautam Buddha Nagar, UP	India
S3-765276946	Gulf	1258 Halter Place, Calabash, NC	US
S3-745740391	lameliorationecolefrance.com	76 R Descartes, Roubaix	France
S3-16962692	Pacific Charter School Group Corp Foundation	453 Fourth Street, Lewiston, New York	US
S3-201855274	Orbicalo	F-703, 7Th Floor, Emerald Towar, Parkwest, Binnypet, Bangalore, Karnataka	India
S3-167623879	Timber Service		US
S3-39780658	Communities Starks LLC	##S3528 Pine Knoll Ct, Town Of Fairfield, Wisconsin	US
S3-133659635	Comité Du Organisme Groupe	39 Rue Des Martyrs, Nantes, Loire-Atlantique	France
S3-323663745	Oh, Sakai And Bóughton Lakeside	417 Castleview Pl, Wenatchee, Washington	US
S3-681712017	First Inrvestmlnt LLP	I- 502 Arohi Elegance Village Bopal; Taluka : Daskroi, Ahmedabad, GJ, Ahmedabad	India
S3-110211409	Producer Aashi Services-Ltd	102/2, Hyderabad, Bangalore South, KA	India
S3-382084140	Cob Distribution Patrimoine SARL	N° 35 Rue De Balaclava, Bordeaux, Nouvelle-Aquitaine	France
S3-497324175	The Johnson, Thakkar & Guity LLC	140 Harvard Avenue, Boston, Massachusetts	US
S3-402893702	ROXANNE RÓDRIGUEZ, MD	Dayton, Ohio, 8875 Winston Farm Lane, null	US
S3-289078403	Royal Marine  Laboratories Inc	2015-2019 Morrison Street, Kokomo, Indiana	US
S3-628912892	Swastik Producer	Shop No. ##12, Ground Floor Nilesh Park Complex, Tagore Road, Kachchh, Gandhidham, ગુજરાત	India
S3-842123973	Rizalyrasyn	7 Cité Saint Louis 85bis Rue Cuvier, Tourcoing, Hauts-de-France	France
S3-655066428	Indo Power Sweets Limited	DL, East Delhi, A-00150-a New Ashok Nagar	India
S3-801440414	Grand Brands LLC Partners	4530 Rocky River Dr, Cleveland, Ohio	US
S3-999840952	Behavioral Health	232 Nursery Dr, N/A, Lexington, Texas	US
S3-111252251	Shri New Business Private Ltd	A-40 Sai Shristhi Residency Bs. Mathura Naagri, Palanpur Gam, Surat, GJ	India
S3-5398899	Pediatric of  Buffalo Co Services	1050-1052 Elmwood Ave, Buffalo, New York	US
S3-962944697	Precision Cloud Collective	7475 County Road L, Solon Springs, Wisconsin	US
S3-577418085	Ets-Zero	5 Rue Emile-antoine Bourdelle, Mérignac, Nouvelle-Aquitaine	France
S3-443906603	Caldyx Set	3 Knipp Rd, Houston, Texas	US
S3-804089063	Wind And Rordiuze Co	6229 Cannes Cir, Autin, Texas	US
S3-540225957	N-N Cooper Aspen  PLLC	15315 24rd Ave, Tacoma, Washington	US
S3-311742838	Mots (France)		France
S3-900603654	Superior Hóspitality Services LLC	1206 Grandview Avenue, City Of Ojai, California	US
S3-299191448	stark brothers limited	Block No.521, 237 Sadodayaplaza, Opp.mayo Hospital, Central Avenue Road, Nagpur, MH	India
S3-341850825	uniondesam.com	15 Impasse Des Truuqets, Lège-cap-ferret	France
S3-807424230	Pyrakelovio	T4, Tiruchirappalli, தமிழ்நாடு	India
S3-619203980	Jl Culturelle  International EURL	21 Rue Des Richolets, Nantes, Pays de la Loire	France
S3-256222309	Ipr Services Co	Gat No. 390, Talawade Dehugaon Road, Talawade, Pune, महाराष्ट्र	India
S3-77992727	વ્હાઇટ ફૂડ્સ Private Limited	Ahmedabad, Gandhinagar, H.no 326 B/9, GJ, Krishna Apartment B/h. Arihantnagar, Nikol, Naroda	India
S3-385445744	Inc Deque	Texas, Killeen, 1312 Metropolitan Drive	US
S3-891012573	Isis Institut EURL	48 Crs Saint-louis, Bordeaux, Gironde	France
S3-348745013	Maha Enterprises Ventures Private Ltd	Plno 16A Nirzar Soc Sno 19/1 Pl 20/A Nr Sangam Press Kothrud, Pune, MH	India
S3-51679635	SON Groupe	30 R. De Grillaud, Nantes	France
S3-299166510	डिजिटल प्रॉपर्टीज प्राइवेट लिमिटेड	S-557, East Delhi, Delhi, DL	India
S3-362119302	real pioneer producer engineering private limited	#81/6 C/o Chhotelal Prajapati, Shanti Nagar Colony, Chhatarpur, मध्य प्रदेश	India
S3-238067134	Inc Wagner, Rheagan and Heather Computing,	81 Roundtop Rnad, Yonkers CITY, New York	US
S3-225228424	Pioneer	300 Nutt Road, Dayton, OH	US
S3-162277171	Shiv Infra Public Limited	No 43 C/o Mankunwar Lalitpur, Hasrajijyawan Lalitpur, Lalitpur, Chiglauwa, UP	India
S3-993074718	Lille-Club SARL		France
S3-909949684	Atlantic Columbia Corp Center		US
S3-947359383	Comité Du Agence	101 R. Paul Machy, Dunkerque, Hauts-de-France	France
S3-96536681	BX Culturelle	No 56 Av Emie Counord, Bordeaux, Appt 232	France
S3-643101306	श्री डेवलपर्स लिमिटेड	House No-gs 020 0834 Nadraganj Neem Gali Pratap Lane Gaya, Lane Gaya, Gaya, BR	India
S3-647247565	Acosta, Albina, OD, PC	19 Dutch Ln, Mabscott, West Virginia	US
S3-978337616	Rodriguez and Sabia Generation	130-134 Stoughstown Rd, Shippensburg, Pennsylvania	US
S3-425987611	Glen Vargas Drugs	15479 Main St, Hesperia, California	US
S3-974686300	Panchavati Brothers Límited	D. B. Road R. S. Puram, 159, Tiruchiorappalli, TN, Coimbatore	India
S3-967568197	CORNERSTONE CHEMICAL COLLECTIVE	North Carolina, Wade Rd, Durham	US
S3-615297593	Great-Logistics Private Limited	No 37 Bedford Circle Mount Road, Coonoor, Nilgiris, TN	India
S3-110564038	The Kannan Buildwell Pvt Ltd	69, Church Avenue Road, Ollur P O, Thrissur, KL	India
S3-184996045	బిగ్ సాఫ్ట్‌వేర్ ప్రైవేట్ లిమిటెడ్	D #204 Lotus Homes, NULL, Hyderabad, TG	India
S3-512635569	Good Infrastructre Steel Limited	No 009, Ground Floor, Plot 58/68 Forjett House Vasantrao Naik X Lane August Kranti Marg, Mumbai, Mumbai City, MH	India
S3-224136365	Linsertion Detudes Amicale International SAS	45 B Rue De L’oustalet, La Teste-de-buch	France
S3-120317041	Club Du Môulin		France
S3-508441883	Dovairi	Avenue De Dunkerque, Lille, Hauts-de-France	France
S3-380379226	Northern  North Center	1425-1427 Jefferson Ave, Jonesboro, Arkansas	US
S3-209757432	Rubi F. Gibler Esq. M.D. P.C.	323 Jackson Park Rd, North Carolina, Kannapolis	US
S3-933091451	Centre Hospitalier Sainte  Gazl	7 Villa Saint Georges, Lille, Hauts-de-France	France
S3-346820790	7-Sons	102 Karin Court, Chapel ILL, NULL, North Carolina	US
S3-258523097	Rajendra And Sosn Holdings Private Limited	తెలంగాణ, Behind Taj Krishna, Adjacent Lane To Iipm, Hyderabad, H. No. D/6-3-596/106, Naveen Nagar	India
S3-290330726	One Construtions Limited	A-17, F.n.g Vihar, Block-g, C-1, Vill-garhi, Noida, Gautam Buddha Nagar, UP	India
S3-78842767	Deltavantage	113 Rue Fondaudege, Bordeaux, Nouvelle-Aquitaine	France
S3-620974006	Synbrixmira	128 bis Rue de l'Epinette, Tourcoing, Hauts-de-France	France
S3-742003337	Clean Fields  L.L.C.	11396 Shetler Rd, Bolivar, Ohio	US
S3-322993902	Benson Realty	Miners Drive, Peoria, Illinois	US
S3-598823546	Godbee and Sawyer Liberty South (Inc)	61-53 82 St, Middle Village, New York	US
S3-756245375	माय हेल्थकेयर प्राइवेट लिमिटेड	#91, Jalna, Thane, महाराष्ट्र	India
S3-983141512	american engineering, inc.	118 Lovell Rd, Knoxville CITY, Tennessee	US
S3-591487727	T0urcoing Lycee SARL	46 Rue Saint Louis, Tourcoing, Hauts-de-France	France
S3-296291548	Nantes Culture SARL	38 Avenue De Rome, Nantes, Loire-Atlantique	France
S3-87126967	Laxmi Services  Pvt	#46 Jawna Road, Behind Mpseb Khachroud, Ujjain, मध्य प्रदेश	India
S3-642337471	Vijay H0spitality		India
S3-373061800	Silver Inc Sports,	Prince William County, Virginia, 3251 Mountain Road	US
S3-573965277	etudiantsgroupementsarl.com	#5 Allée Du Zéphir, Nantes, Loire-Atlantique	France
S3-421783523	Sascha A. Miller, D.C., M.D., P.C. LLC	460 Cove Canal Rd, Sevier, Utah	US
S3-267350458	Clinique de Jennifer	110 Boulevard Jacquard, Calais, Hauts-de-France	France
S3-665413840	Mots Club SASU	15 Rue De La Rosière D'artois, Nantes	France
S3-298732266	Association de Publique Groupe	32 Ave Du Marechal Juin, Merignac	France
S3-662401281	SARL Trans Collectif	Nord, Dunkerque, 189 Passage De La Chataigneraie	France
S3-119835413	East Estate Pvt (Ltd)		India
S3-161337357	साउथ इन्वेस्टमेंट प्राइवेट लिमिटेड	House No B-03-b1/1, NULL, Delhi, North West Delhi, DL	India
S3-671545887	Quocalo d/b/a Urban Developers Pvt Ltd	Vill- Tarchha Post- Kanaila, Azamgarh, Uttar Pradesh	India
S3-317373411	Tennis (France) Centre	21 Rue De Wazemmes, Lille, Hauts-de-France	France
S3-372311296	Pediatric Clinic Of Buffalo Eastgate Eastgate LLC	Buffalo, 1050-1052 Elmwood Ave, New York	US
S3-335929869	LLC Family Care Associates	2301 Bradley Ave, # 309, Kentucky, Louisville	US
S3-490572488	Lions Anciens	46 R. Philéas Rént, Calais, Pas-de-Calais	France
S3-584500614	89 (France) Ecole	011 Rue Maubec, Bordeaux, Nouvelle-Aquitaine	France
S3-329797897	Piedmont Foudtoin	217 Shamrock Court, Eugene, Oregon	US
S3-14920177	BC	32 Rue Paul Coureault, Bordeaux, Nouvelle-Aquitaine	France
S3-617054651	Institut du Julien SARL	276 F Avenue De La Gironde, Dunkerque, Nord	France
S3-858615612	Pessac Centre Sarl	34 R De Romainville, Pessac, Gironde	France
S3-379209787	Usha (India) Swad-Private	H.no 00342 Pt No 10 Kadu Layout, Nagpur, MH	India
S3-141963976	YN Finance Ventures Ltd.	76/84, Ludhiana, PB	India
S3-782156949	Physical Therapy	2946 Blue Lake Dr, PO Box 3571, Pnietop, Arizona	US
S3-974096707	Bombay It Private	H-no-6-9, Rangareddy, K.v.rangareddy, TG	India
S3-595608170	Nantes Club Groupe SCI	4 Pl Victor Mangin, Nantes, Loire-Atlantique	France
S3-452118362	Amicale  du Lounge	Rue De Pessac, Bordeaux	France
S3-642862559	Brixvantage	4378/4B, Central Delhi, New Delhi, दिल्ली	India
S3-723771061	Drexbelo	G5, Bangalore North, Bangalore, KA	India
S3-2926876	École maternelle du [Notre]	003 Place Ferdinand Schipman, Dunkerque	France
S3-872360055	PXB Services Associates	No 6-2 Dheeraj Dreams Apl Mill, Mumbai City, महाराष्ट्र	India
S3-945170241	Shiv Limited Services	8/5/F Baranashi Ghosh 2Nd Lane, Howrah, পশ্চিমবঙ্গ	India
S3-231619087	D/P Prudential Inc	2107 108nd Street, Bloomington, Minnesota	US
S3-645994929	colemancelinkaw.com	229 Private Road 6136, Jasper, Texas	US
S3-795737424	Delacy Rapid Sunrise Corporation	1780 Webb Rd, Simpsonville, Kentucky	US
S3-592889036	Bernhardt Global	5633 Brookshire Drive, N/A, Jonesboro, Arkansas	US
S3-650669024	Ivenex Greenfire	212 Central Ave, Carmen, Oklahoma	US
S3-987649251	Jasper Chiron Partners Ltd	3218 Winch Rd, Springfield, Illinois	US
S3-578799498	WLN Amicale 5AS	21 All. Frida Kahol, Saint-nazaire, Pays de la Loire	France
S3-723193330	Birsa (India) Services	Hyderabad, #6-3-680/8/3, Hyderabad, TG	India
S3-649104071	Nuages Primaire Distribution EURL	# 102 Rue Voltaire, Calais, Hauts-de-France	France
S3-569069299	Lotus Consultants Public Limited	45 Shubh Sampda Nipaniya, Indore City North, Indore, MP	India
S3-690507132	bigexportsprivate.com	E-0102 Lajpat Nagar Inew Delhi-24 New Delhi-24, New Delhi, South Delhi, दिल्ली	India
S3-428479563	DC	65 R. Raspail, Lille, Hauts-de-France	France
S3-988628445	dunkerqueparentssasu.com	147 Rte De Fort-mardyck, 59640 Dunkerque, Dunkerque, Nord	France
S3-113573565	Shree Infrastructure Priovate Limited (ID: 48646)		India
S3-568945181	Bruner First Manulife Harbor Inc	8151 Kaual Drive, Fair Oaks, California	US
S3-522321870	Pronoor Interstate Purpose Inc	52 Honeysuckle Dr, Mechanicsburg, Pennsylvania	US
S3-361316162	AJ Maternelle SARL	Loire-Atlantique, Nantes, 27 Allée Anne Pageau	France
S3-954514014	River Trdars (Company)		India
S3-400489588	penicheateliersci.com	21 Bis Rue Du Fresche Blanc, Nantes, Loire-Atlantique	France
S3-776591981	Randle's Security Services L.L.C.	7387- Ayrshire Avenue, Canton, Ohio	US
S3-10276634	Yamuya India Infratech Private (Ltd)	J1-18, Howrah, WB	India
S3-957132469	Great Smart Illinois (LLC)	2155 Cr 305, Port Alto Community, Texas	US
S3-34869643	Pharmacie  Jeanne Participations	4006 Rue Des Carrieres, Calais	France
S3-834343361	Hitech Services Limited Center	C/o Rameswar Titrod, मध्य प्रदेश, Sitamau, Mandsaur, Mandsaur Madhya Pradesh	India
S3-997489017	Bordeaux  Ecole SARL	317 - Imp Faure, Bordeaux	France
S3-598066860	The Allied Sterling Johnson LLC	Peru, Indiana, 2233 Flora Drive	US
S3-753521942	Schultz Holdings	3221 Egale Ridge Drive, Harker Hights, Texas	US
S3-48836842	Ets Deleves Développement	15 Rue De La Patouillerie, Nantes, Loire-Atlantique	France
S3-170573038	Mr Apex Investment Industries Ltd	Room No. 4/1108, Niraj Park Wayle Nagar, Khadakpada, Thane, Pune, MH	India
S3-304709133	Etudiants 91	92 R. Bir Hakeim, Dunkerque	France
S3-270505892	Petits  Groupement	0118 Rue Etienne Dolet, Lille, Nord	France
S3-504122196	Rudraksh Bio Pvt Ltd	No 26 C/o Mohd. Mansoor Near Hdfc Bank Munshiganj Road, Amethi, Sultanpur, UP	India
S3-468811935	India Kt Tradelinks Private  (Limited)	C/o Patel Machinery Stores Sardar Road, Morbi, Rajkot, GJ	India
S3-847912687	Hopkins Qúasaredge North	0211 3th St, Bangs, Texas	US
S3-445223493	Renouveau Sportive  SARL	5 Rue D'inkermann, Roubaix, Nord	France
S3-290119643	Britta  C. Donhiovc,n O.D.	4 Chrisman Avenue, London, Ohio	US
S3-457391375	Foods Safex Investments Pvt Pvt (Ltd)	No 078, Chennai, TN	India
S3-36579634	Private Lucknow Metal Limited	450/674 Peepal Wli Gali, Mufti Ganj, Lucknow, UP	India
S3-181844735	Base Trading		India
S3-574263104	Pyraarc	3 Rue de Bapaume, Lille, Hauts-de-France	France
S3-399905982	>> BYH Plemsitr LLC	##266 Shadowbrooke, TROY, Illinois	US
S3-106460204	India Vaishnavi (India) Ltd	Shri Jadhav Ashok Raghunath Fl No B1-59 S No 32/4 Swapnashilp Society Nr Ingale, Pune, MH	India
S3-176932925	Glen Vargas Drugs	Hesperia, 15479 Marn St, California	US
S3-598253124	Ivie  Forsberg Choice Fargo LLC	3601 Mcdowell Rd, # 1083, Arcadia, Arizona	US
S3-290899299	Ram  Investments	#5407 Arya Samaj Road, Delhi, Central Delhi, DL	India
S3-617711071	Foot-& Ankle Group Enterprises		US
S3-185766939	Laxmi Buitesr Private Limited	Office No. 15/E., 5Th Flr Commerce Centre, Tardeo Road, Mumbai, Mumbai City, महाराष्ट्र	India
S3-881131427	International  Limited Center	H.no 15Th/6 Flor, New Delhi, Central Delhi, DL	India
S3-599540009	Commerce Ànciens	8 Alle Adrienne Bolland, Nantes, Loire-Atlantique	France
S3-617120167	Voix Sportive	16 Boulevard Georges Popidou, Nantes, Pays de la Loire	France
S3-996904927	Real Law Holdings Chambers Limited	341/14, New Colony Road, 15 Velampalayam, Tirupur Tn, Chennai, Coimbatore, தமிழ்நாடு	India
S3-59049750	Sterling  Beacon Acadia Co	6985 Bushy Tail Ln, SAN TAN Valley CITY, Arizona	US
S3-778821946	(Services) Nerd LLP	B-78, Delhi, South Delhi, DL	India
S3-738497961	Bureau  Fetes SARL		France
S3-667959134	Enterprises Rfghaensra  Sai Private Limited	D No : 7-54 Ibrahimpatnam, Krishna, Ibrahimpatnam, AP	India
S3-346250877	ZP Union	4 Bis R De Monterey, Pessac	France
S3-190227474	Chasse Fetes ((France))	481 Rue Du Brun Pain, Tourcoing	France
S3-984108808	Ltd Ujjwala Trading	Kh No-022/12, 22/13, Plot.25/2, B-2/671, North East Delhi, DL	India
S3-498307124	Red Developers		India
S3-857992914	Accros & Çie	48 R D'italie, Roubaix	France
S3-375018908	Mirayuma f/k/a GF Centre SAS	Pays de la Loire, La Baule-Escoublac, 11 Allée Jeanne	France
S3-920593877	École maternelle  Saint Montagnes	14 Rue Vulcain, Nantes, Pays de la Loire	France
S3-348332878	Vaayuavi Real Pvt. Limited	No.1, Kk Road, Opp Nenepu Building Behind St Mary's School, T Dasarahalli, Bangalore Urban, Bangalore, ಕರ್ನಾಟಕ	India
S3-827008904	Vaayuika Métalfab Private Private Limited	092-Shri Keshav Sadan, Shanti Nagar, Nai Sadak, Lashkar, Gwalior, मध्य प्रदेश	India
S3-425530651	The Helge's Valley Plumbing	166 Duffy Road, Milton, Vermont	US
S3-529131472	Properties Cigt Pvt Ltd		India
S3-494641511	Mi Comite Sàrl	21 Boulevard Des Alliés, Calais, Pas-de-Calais	France
S3-149437251	Red Bike Shop North	612 10th Ave, Fulton, Illinois	US
S3-850070860	ग्लोबल इन्वेस्टमेंट एलएलपी	614 A Wing, Emporio, Irla S. V. Road, Vile Parle (West), Bombay, Mumbai City, महाराष्ट्र	India
S3-797287207	Navi Mumbai Forex Private Ltd	Office No.##213, Navi Mumbai, Mumbai City, MH	India
S3-414710242	Made Enterprises Group	C-816, West Delhi, East Delhi, DL	India
S3-297701747	Corporation Deepshikha Denim Enterprises	At- Barauni-5 Po- Barauni Deorhi Ps- Phulwaria, Barauni, Begusarai, BR	India
S3-105418596	Smj Di Pvt. Ltd.	Mumbai City, 14, Sidhpura Co-op Industrial Estate, S.v. Road, Goregaon (West), Mumbai 4000, 62, MH, Mumbai	India
S3-400179969	Foot Group Ankle Center	111 107nd St, Minneapolis, Minnesota	US
S3-565110266	Dunkerque Comite	16 R. Des Freres Lmuiere, Dunkerque, Hauts-de-France	France
S3-991909543	Coolhut Track	Villa 184, Geown Oasis, V Kalahalli, Sarjapur Main Road, Bangalore, Bengaluru Urban, KA	India
S3-272972573	Carmody Hills Center	#4459 Wheatland Dr, Fort Worth, Texas	US
S3-284493317	Miraxylo	34 Avenue de l'Océan Cap Ferret, Lège-Cap-Ferret, Nouvelle-Aquitaine	France
S3-881803254	Mufinella P.C. Welch, CPA, M.D., J. LLC	238 Lisha Kill Road, N/A, Scchenectady, New York	US
S3-865819398	@bordeauximmobiliere	35 Pl Py-berland, Service Formation Continue Du College Dspeg Universite De Bordeaux, Bordeaux, Gironde	France
S3-497955135	Bordeaux Ecole Groupe SARL	46 Rue Malbec, Bordeaux	France
S3-179178389	Guru  Logistics		India
S3-394311797	Pvt Opus & Brothers Ltd.	A-305, KA, Bangalore	India
S3-603241093	స్వస్తిక్ Blue Foods Limited	Plot 502B, Ground Floor, Amar Jyothi Building, Road No. 31, Jubilee Hills, Hyderabad, Khairatabad, TG	India
S3-130882746	Nantes Conseil		France
S3-614310142	Sma & Co	Shed No. 3, Rajkot, GJ	India
S3-682068725	BX Uinni SAS	47 Av Emile Counord, Bordeaux, Nouvelle-Aquitaine	France
S3-561568746	Digital Préssing (India) [(Clinic)]	A-8-1-366/a, Masjid Road, Nexttomaliksuzuki Adjacent Tolichowki Flyover, Tolichowki, Hyderabad, TG	India
S3-743535705	Bharat Logistics Private		India
S3-345916085	Mérignac  Club Industries		France
S3-510135034	jasperchiron.com	Springfield, Illinois, 3205 Winch Rd	US
S3-76864937	Vivre élémentaire Sarl	Hauts-de-France, Lille, R. De La Mldeleine	France
S3-274970216	ইউনিক গুজরাট টেকনোলজি প্রাইভেট লিমিটেড	R.r. Plot Num - G-8, Kolkata, Howrah, WB	India
S3-10608420	Bordeaux Groupe	Bordeaux, 4 Rue Edmond Labasse, Nouvelle-Aquitaine	France
S3-918475988	Club de Zanshin	6 Rue D'evreux, St-herblain, Loire-Atlantique	France
S3-613941427	Standard,	3495-A North Winn Rd, Hesper Township, Iowa	US
S3-270489675	Belomira	19 Avenue du General de Gaulle, Lège-Cap-Ferret, Nouvelle-Aquitaine	France
S3-125271869	ANNEMARIE K. ALLEN, D.C. CO	917 Withrow Road, Charlotte, North Carolina	US
S3-505868931	alvarezhardin.c0m	333 Spring Street, Jonesborough, Tennessee	US
S3-918705265	Glyphiq  Joint LLC	178 Wilson St, Bridgeport, Connecticut	US
S3-694876916	Aniket Protech Private	Smt Jira Devi, W/o Prameshwar Yadav Unta Madarpur, Jehanabad, BR	India
S3-480874043	Linsertion Detudes Amicale SNC	45b R. De L’oustalet, La Teste-de-buch	France
S3-559979529	Coastal Inpoint Llc	345 Alexander Street, North Carolina, Mooresville	US
S3-245393635	École primaire de Laurent		France
S3-646174402	Mr Js Beverages Ventures Limited Partners	No #52 C/o Ayodhya Singh Kanchan, Nager, Skg Unnao, Gangaghat, Unnao, उत्तर प्रदेश	India
S3-619556239	Didwana Business Group Private Limited	House No 13 Jorawarpura, Post Palot, Didwana, Nagaur, RJ	India
S3-629688772	Clean Wellness Industries Highland	#728 County Down Dr, Floor 1, Chandler, Arizona	US
S3-580179497	Harvin Green Pvt Ltd.	Flat No-49, New Delhi, दिल्ली	India
S3-554913300	Comité De Deleves SARL	220 R. Ferdinand Mathias, Lille, Hauts-de-France	France
S3-537415771	Center East PLLC	Sailors Creek Drive, Chesterfield CDP, Virginia	US
S3-320290986	Fédération De Lamitie	52 Boulevard De Belfort, Lille, Nord	France
S3-746986556	L.L.C. Sprunger Patriot Arts	30 Brookstown Ave, PO Box 3832, Winston-Salem, North Carolina	US
S3-788896957	Nexsyn One D.B.A. Empathy & Co	Shop No. 15, Extention 1, New Grain Market Hissar Road, Ambala City, Ambala, Haryana	India
S3-139069267	Kpr & Co.	New Delhi, South Delhi, Upper Ground Floor Safdarjung Enclave, Hn 00423 B-6/48, DL	India
S3-633591386	Parents Sainte Deleves SA	19 R Jouffroy, Roubaix	France
S3-599515216	Summit Capital Wnlinoterreen Inc	90 Benoit St, Westport, Massachusetts	US
S3-751558531	New Delhi Overseas Enterprises	New Delhi, Hn 667. A-24 Second Floor Neeti Bagh, DL, South Delhi	India
S3-462099871	Tourcoing Comite S.A.S.	Tourcoing, Nord, #11 Impasse De La Soidarite	France
S3-985190403	Zephgildkor	9500 Coastal Highway, Ocean City, # 3C, Maryland	US
S3-402994059	Tavogildevo	60 Rue Jules Guesde, Roubaix	France
S3-625980079	QUF-Energy-Limited	Sarai Sahjadi, Banthara Bazaar, Lucknow, उत्तर प्रदेश	India
S3-668568695	Dovawexgild t/a Urgent Care Silver Specialists	11318 Northtrail Drive, Peoria, IL	US
S3-647550067	Mountain Shreya Inc.	##1034 G St, San Bernardino, California	US
S3-239872672	Pvt Universal Impex Ltd	Aurangabad, No. #389, Yoginath Nawle Nivas, Lakhegaon Road, Karkin, Paithan, MH, Aurangabad	India
S3-864502478	Comite Sêssad	163 Boulevard Jules Verne, Nantes	France
S3-279410369	Vioflux	Washington, Carpenter Rd, Granger	US
S3-580071311	Petits Groupement SAS		France
S3-40543280	rockhold, bracey and corona corona llc	2455 League City Pkwy, League City, Texas	US
S3-100403978	Atlantic Safe  Columbia LLC	132 County Road 5224, Cleveland, Texas	US
S3-64405830	Virinchi India Pvt Ltd	Door No 1St Floor Velliapallil Bldgst B Road Pala, Kottayam, കേരളം	India
S3-303407156	Comité des Bde Groupe	34 R. Roger Salengro, Dunkerque, Nord	France
S3-643308777	Irby, Ormiston And Orama [Rush]	Illinois, Stonefort, 40-C Bridle Ln	US
S3-676324568	Keloviogild	33 Rue Dupaty, Bordeaux, Nouvelle-Aquitaine	France
S3-491216346	Rudraksh Bio Corp	UP, Sultanpur, C/o Mohd. Mansoor Near Hdfc Bank Munshiganj Road, Amethi	India
S3-454796779	Royal  Logistics Private Limited	A 502 Mantra Luxuria, Chorasi, Surat, GJ	India
S3-951345007	Srg Engineering Pvt  [Ltd]	Door No 3-10 A-1405, Thane, MH	India
S3-547938302	Institut du Julien	276 F Avenue De La Gironde, Dunkerque, Nord	France
S3-644490219	Convergence & Fils	2 A Rue Armand Calmon, Pessac	France
S3-373048124	cmirealtyindia.com	Hn 530 8-A/11, W.e.a. Karol Bagh, New Delhi, Delhi, Central Delhi, दिल्ली	India
S3-84135146	Sapeurs & Cie Participations SAS	N° 77 Rue Maurice Berteaux, Lille, Hauts-de-France	France
S3-264154290	LSV Munih0ldings  Incorporated	6501 Airport Blvd, Alabama, Mobile, Unit 346	US
S3-107618181	Anjela'S Insurance	8410 Engler Park Court, Floor 0, Saint Louis, Missouri	US
S3-866383361	New International		India
S3-313474636	Potins Culture S.A.S.	10 Bis Allee De L'ile Goriette, Nantes, Loire-Atlantique	France
S3-568189295	Kordelta	84 Rue Camille Sauvageau, Bordeaux, Nouvelle-Aquitaine	France
S3-252059022	ಡ್ರೀಮ್ ಕೇರ್ ಪ್ರೈವೇಟ್ ಲಿಮಿಟೆಡ್	KA, Bangalore, Bengaluru, D6	India
S3-908598404	Ela  Autolink LLP	Flat No 303, Dombivli, Thane, MH	India
S3-122340846	Metropolitan Payroll-Concepts LLC	5612 Airline Road, Silsbee, Texas	US
S3-950786534	LLC Johnson, Tahkar & Guity Central	145 Harvard Ave, Allstton, Massachusetts	US
S3-297409540	Maruthi & Sons Private Ltd	Gat No.109, Khed, Pune, महाराष्ट्र	India
S3-409605247	comitduagence.com	101 Rue Paul Machy, Dunkerque, Hauts-de-France	France
S3-323075177	Nantes Services	30 Av. Du Clos Du Cens, Nantes, Loire-Atlantique	France
S3-237693398	Mukund Trading (Infratech)	No.73/b, 3Rd Floor, Baba, Saheb Colony, 15Th Main, Bangalore, Bangalore North, KA	India
S3-596945887	Surgical Center  Inc	674 47, Saranaclake, New York	US
S3-839884393	Mkiri Comite	22 Rue De Lallouee, Nantes, Loire-Atlantique	France
S3-141360977	arc bullion llp	H.no G-497 Sadashiv Peth Agarkarbhavan Shop No 1, Pune, MH	India
S3-115961828	Omega + Co Enterprises Company (ID: 33595)	Door No ##12 1St Floor Jay Bhavani Nagar Rd No.32, Thane, MH	India
S3-357229067	RX Limited Association	Door No 405- Shilp Towe Tagoreroad, Rajkot, ગુજરાત	India
S3-724462323	Ca1deron Preparatory Academy,	1730 Zayden Ln, Norman, Oklahoma	US
S3-846097721	Oncology Physicians Of Loudoun		US
S3-493925941	Vishwanath Land Holdings  Corp	A.a, -Iid, New Town, WB, Plot No. Iid/31/1- Street No.1115 (Major Arterial Road), Kolkata, Howrah	India
S3-372784857	Mr Modern Technologges Private Limited		India
S3-789481776	ROOFERS ESTATES ENTERPRISES	299, New Mahavir Colony, Sonipat, HR	India
S3-451265378	First Yorkville Lakeside Inc.	Wisconsin, Town Of Siren, 751 Shore Drive	US
S3-713332356	DUTILISATION COMITE (FRANCE)	8 Allée Sully Prudhomme, Gironde, Pessac	France
S3-711131103	फर्स्ट फाउंडेशन लिमिटेड	Varsha ##247/2B Navi Peth, <NULL>, Pune, MH	India
S3-218338931	यूनिवर्सल इंफोटेक प्राइवेट लिमिटेड	771, Gurgaon, HR	India
S3-958978253	Red Trading Prviate (Limited)		India
S3-880920351	... Pediatric Dentistry Physicians East Inc.	10 Queen Anne Rd, Unit 303, Harwich, Massachusetts	US
S3-10856790	Dr Megalithresorts.Com	महाराष्ट्र, H.no 5-150 A-109, Mumbai, Andheri (E)	India
S3-90483805	Vision Chadre Co	3303 135st St, Cleveland, Ohio	US
S3-478080232	Petits Parents	0118 Rue Etienne Dolet, Lille, Nord	France
S3-938886017	Haloxylo	146 Rue Amédée Saint-Germain, Bordeaux, Nouvelle-Aquitaine	France
S3-484407548	ink folles club sarl	32 R. Du Haillan, Bordeaux	France
S3-219244213	LEGACY INDUSTRIALS INC		US
S3-156361848	(EURL) Gv Élémentaire	15 Rue Du Duc De Guise, Calais	France
S3-373518599	Jouer & Cie SARL	1 Venelle Françoise D'eaubonne, Nantes, Loire-Atlantique	France
S3-207552427	Saint-Nazaire Pharmacie Distribution SARL	11 Rue Louis Lumière, Saint-nazaire, Pays de la Loire	France
S3-595338567	Royal	45, Kailash Vihar In Front Of Naidunia Office City Centre, Gwalior, Madhya Pradesh	India
S3-294715020	Keystone Networks Inc-Center		US
S3-967834608	इंटरनेशनल इंजीनियरिंग एलएलपी	T-42, New Delhi, West Delhi, DL	India
S3-595269618	venerate industries group	74/276, 2Nd Floor Vijaya Bank Building, Halsay Road, Kanpur, UP	India
S3-779936225	Mr open (india) services private limited	UP, 18-Tashkand Marg, Allahabad, A-402 Satpushp Grandeur	India
S3-506027047	अल मार्केटिंग स्टोर्स एलएलपी	Flat 6140., 13 Th Floor, Tower Maple, Parx Laureat, Noida, Gautam Buddha Nagar, UP	India
S3-649848641	Dr Sree LLP  Tech	Bellary, Ex-service, Men Colony, Ward No.28, KA, Plot No.1/22	India
S3-753799210	Ravinder Systems	Off 2048 B Bhima Complex, Panvel, Raigarh(mh), MH	India
S3-258540044	Square Media Corporation	महाराष्ट्र, Mumbai City, Bombay, No 82 / 2730	India
S3-22294875	Appropriate (India) Business	Near S.d.m Court Chatriya Nagar, Bijnor, UP	India
S3-465998806	Peak Property		US
S3-892603110	Novihalo f/k/a Withers Integrated Owl LLC	42604 75, Snead, AL	US
S3-869101829	SARL Ca Àmicale	33 R General Gouraud, Bordeaux	France
S3-102579871	Smith Corp Service	4424 Rnea Rd, # 201, Suitland, Maryland	US
S3-166654324	Gt [Service]		France
S3-860237392	Enormous Stone Pdlihdvnhte Limited	Survey No 13, Morena, MP	India
S3-150790130	Fayeorbiveo Sys F/K/A Maddi Ulmer Convertible Inc	OH, Unit 3, Wapakoneta, 1020 Auglaize Street	US
S3-409506768	Suffolk City Youth Dihehgrt Association LLC	117 Brewer Ave, Suffolk City, Virginia	US
S3-133346858	North Impex Private Private Limited		India
S3-406438130	Zetasolgild DBA Experience Parents SARL	47 Cours Victor Hugo, Bordeaux, Nouvelle-Aquitaine	France
S3-411660517	LIMITED HYDERABAD PARTNERSHIP EXPORTS	Hyderabad, 8-2-684/12/B, Hyderabad, తెలంగాణ, Durga Enclave, Road No - 12 Banjara Green Colony, Banjara Hills	India
S3-535487404	Club du Defense	No 36 Rte De Bordeaux, Lège-cap-ferret	France
S3-306258794	Pessac Societe SARL	34 Rue De Romainville, Pessac, Gironde	France
S3-461197725	Keysstdfn	##7 Beach Ln, Westhampton Beach, New York	US
S3-377063384	AR Prîmaire SASU	5 Rue Meste Verdie, Bordeaux, Gironde	France
S3-755879629	financement federation sas	42 R. Du Chemin Vetr, Nord, Roubaix	France
S3-337251950	Rhino Club S.A.R.L.	15 Ch. Des Grillons, Nantes, Pays de la Loire	France
S3-720776617	LLC Peak Mountain Distribetmin Metro	3852 Harvey Ave, Berwyn, Illinois	US
S3-63052135	Zu Capital Llp	Hn G-557 Sahyadri Nagar-b, Bombay, Mumbai City, MH	India
S3-721651354	Heritage Guild	325-D Weston Street, Rensselaer, Indiana	US
S3-280832191	litchfield coastal wells west llc	503 Maple St, Unit Apt 419, Fayetteville, Arkansas	US
S3-781302960	Smt Virinchi India  Pvt Ltd	Kottayam, H.no 1St Floor Velliapallil Bldgst B Road Pala, KL	India
S3-883500087	Miss  Fetes SAS	00102 Rue Franklin, Roubaix	France
S3-667650662	Danciens Jeunes E.U.R.L.	N°10 Avenue De Lorraine, La Baule-escoublac, Pays de la Loire	France
S3-114773303	Textiles (France) Maternelle France	15 R. Du Rossignol, Pessac, Nouvelle-Aquitaine	France
S3-493684809	Mumbai India Limited Services		India
S3-574444803	DART PARENTS	(111) Rue Henri Ghesquiere, Lille, Nord	France
S3-224056018	Lycée Paul SCI Enterprises		France
S3-139265133	The Vandyke, Finch and Soto Inc	14211 Julington Lane, Cypress, Texas	US
S3-441182750	Proprietaires SAS France		France
S3-503749151	Dr Genie Tiles Limited	8/6476 Street No-2dev Nagar Karol Bagh, New Delhi, Central Delhi, DL	India
S3-123476723	Promotion Sportive SARL		France
S3-498075183	Comité des Montoise Développement	N° 87 R. Baptiste Marcet, Nantes, Pays de la Loire	France
S3-540947515	Foods Safex Products Pvt Ltd	No 83, Old No 30 Giri Road T Nagar, Chennai, TN	India
S3-186595722	école Maternelle-Du Notre	003 Place Ferdinand Schipman, Dunkerque	France
S3-253786745	D/P Prmtaenital-PLLC	2100 108rd St, Bloomington, Minnesota	US
S3-154048864	Pediatric Dentistry-Specialists Dentistry-Specialists Group	107 Westwood Dr, Torup, Texas	US
S3-326102701	Pharmacie Intercommunale SAS	Saint-nazaire, 73 Rue Des Peupliers	France
S3-162097127	Krishna Mdsae Limited		India
S3-5775406	Heritage Realty Partners [LLC]	2617 Commerce, Unit Suite F, Ardmore, Oklahoma	US
S3-543321400	Trace Storage	485, Niti Khand-1 Indirapuram, Ghaziabad, Ghaziabad, UP	India
S3-174877690	SIDHI UMRAH EXPORTS PRIVATE LIMITED	12-2-800/257, Hyderabad, తెలంగాణ	India
S3-874770890	Sky Pvt Ltd Services Ventures		India
S3-520292139	Avivah Partners Bluerock Chandler		US
S3-878409374	Centre Hospitalier Pîerre Participations	241 Av Alfred Motte, Nord, Roubaix	France
S3-66790076	Grise, Kong + Chaparro  LLC	1918 Tyler Road, Petersburg City, Virginia	US
S3-66979428	Fédération du Etudiant.e.s Groupe SAS	Saint-nazaire, 18 R Des Ajoncs	France
S3-242358239	Commercants  Parents (France)	185 Rue J Francois Vincent Raspail, Calais, Hauts-de-France	France
S3-455495383	Hitech Services Private Límited	Godrej Genesis 12-Floor/1, North 24 Parganas, পশ্চিমবঙ্গ	India
S3-396990383	jeune ecole sarl	Bordeaux, 29 Rue Des Remparts	France
S3-641581250	Picon-Theatre	18 R. Dupaty, Bordeaux, Gironde	France
S3-950489622	Ram Industries Limited Center		India
S3-841240058	Direct & Cie	Nº 1941 Avenue Roger Salengro, Calais	France
S3-665644283	Complete LLC (Services)	5123 Curzon Ave, Fort Worth, Texas	US
S3-716369432	Prabha Sofaabr Private Limited		India
S3-314444740	Dpr Communale Clinique (SAS)	25 Rue Mery, Bordeaux, Gironde	France
S3-614121867	BEACON A LITHIUM GREATER	Houston, 1632 Oneol St, Texas	US
S3-490118671	Ashapura Jain (India) Limited Private	E-34, Plot No.-26, Qutub Vihar, Part-2, Goyla Dairy, Post Office-chhawla, New Delhi, DL	India
S3-91906155	Maison Bouge	12 Pl. Bir Hakeim, Nouvelle-Aquitaine, Bordeaux	France
S3-427938905	T+ Triumph	##6417 Gainsborough Rd, Floor 1, Scottsdale, Arizona	US
S3-181465467	Mid Chit Pvt Ltd	201, Mumbai, MH	India
S3-864687264	FUNNY MATERNELLE	55 R. Gantois, Lille, Nord	France
S3-407665595	artloisirsfrance.com	21 Allée Des Blsé D'or, Saint-nazaire	France
S3-893012344	Smith Moore Bright	342 Cave Run Lake Rd, # 84, Salt Lick, Kentucky	US
S3-484552656	Dovakelo	43 d Avenue Alfred Bruneau, La Baule-Escoublac, Pays de la Loire	France
S3-629416701	Premier  Broadcast	109A Quaker Ln, W Hartford, Connecticut	US
S3-521746274	South Builders (Private-Limited)	Tapas Kumar Das, Kharagpur, Medinipur, WB	India
S3-961820144	Piedmont Initiatnre	Montana, St Ignatius, 34405 Red Horn Rd	US
S3-745637903	Zephgild	Rue Felche, Bordeaux	France
S3-709935450	KI	5/185 Ii Cross St, Venkateshwara Nagar, Polichalur, Chennai, Tamil Nadu	India
S3-231121531	A Cure [4]	5343 Holmes Street, Kansas City, Missouri	US
S3-546380413	intercommunale sportive sarl	16 R. Maubec, Merignac, Gironde	France
S3-400958400	France OAI SARL	18 Rue De Cardurand, Saint-Nazaire, Pays de la Loire	France
S3-877002926	Vks Systéms Private Limited	C/o Manorama Devi Village & Post Office Susuwahi, Varanasi Region, Varanasi, UP	India
S3-954992353	Culver Canada LLC	Bel Air, Maryland, 203 Burkwood Court, # G	US
S3-277733154	BIG HAIR STUDIO		US
S3-67133321	Airsoft SARL (France) Centre	26 R. De La Maison Blanche, Nantes, Pays de la Loire	France
S3-272953122	Human (France) Soins Sarl	N°137 R Duguay Trouin, Calais, Pas-de-Calais	France
S3-884184057	Fédération De Bureau SA		France
S3-657006087	La Baule-Escoublac SARL Et Fils	43 M Avenue Alfred Bruneau, La Baule-escoublac, Loire-Atlantique	France
S3-5469516	AWA Federati0n SARL	#26 Rue Fidele Lehocq, Tourcoing	France
S3-852592405	Pharmacie  Anne	50 R. Paul Hazard, Dunkerque, Hauts-de-France	France
S3-898628351	Miles Inc Tribeca	Floor 1, 144 9st Pl, Hillsboro, Oregon	US
S3-973885437	VWF F0rtress Llc	Celina DP, 1522 Mary Ln, Ohio	US
S3-405192970	Pornic Eacnollee SAS	40 Rue De Bellevue, Pornic	France
S3-808705089	Beauquesne Chasse Medico S.A.S.	60 R. Beitrand De Goth, Bordeaux	France
S3-682952147	सनराइज इन्वेस्टमेंट्स प्रा. लि.	Mumbai City, #948 5, MH, Mumbai	India
S3-933472456	Whiteley School of Medicine LLC	Richmond, 10718 Red Lion Pl, Virginia	US
S3-345684169	CENTRE MÉDICAL LAURENT	6 Rue Du 8 Mai 1945, Lille, Nord	France
S3-751504399	MTO Jute Ltd	No 62 Charch Road, Bhushan Nagar Kedgaon, Ahmednagar, MH	India
S3-284498961	Gulati Steel Center	307, Surat, GJ, Oscar Apartment, 3Rd Floor, Near Maheshwari Bhavan, City Light Road, I, Chchhanath	India
S3-917383842	Picon Theatre	18 R. Dupaty, Bordeaux, Gironde	France
S3-717959776	Shree Agency Enterprises  Corp	No #98 C/o Zakhere P A, Thrissur, Keralam	India
S3-201517266	Tech Infra [Limited]	Door No 304/B Silicon Valley, GJ, Ahmedabad	India
S3-356123878	Lille Maison SARL	27 Rue Jean Bart, Lille	France
S3-53997067	Femmes Club Sas		France
S3-639871232	UAA Pharmacie SA	40 Rue De Guirauton, Mérignac	France
S3-370381841	Retraites SARL Et Fils		France
S3-42241399	Ear Nose & Throat [Medicine] Enterprises		US
S3-868835127	Detudes Linsertion	36 b Rue de l’Oustalet, La Teste-de-Buch, Nouvelle-Aquitaine	France
S3-945405797	better aut0mation partners inc	11A 205 Toernament Ln, Apple River, Illinois	US
S3-553659250	Speck lnstitutions	139 Kimbell Road, Yukon, Oklahoma	US
S3-344060549	Gghhmm And Gray	357 1/2 Locust Grove Road, Shelbyville, Kentucky	US
S3-38123034	Rubi F. Gibler, Esq., M.D.,	323 Jackson Park Rd, Kannapolis, North Carolina	US
S3-606773301	Jay Logistics Private Ltd		India
S3-740957590	Raymond (France) Primaire SCI	8 Rue Gustave Lefrançais, Dunkerque, Hauts-de-France	France
S3-564019863	Ariairi f/k/a Marudhar Hospitality Private Limited	Rl190, G Block, Sambhaji, Nagar, Chinchwad Midc, Pune City, Pune, Maharashtra	India
S3-75519745	Shiv Food Pvt [Ltd]		India
S3-628202064	Pvt Udyambag Va1ue Ltd	Plot No. B - C-25, Survey No. 329, Khanapur Road, Majgaon Cross, Udyambag, Belgaum, KA	India
S3-289833090	Cascade  Interstate Infrastructure PC	310 Hammond Pond Pkwy, # 301, Brookline, Massachusetts	US
S3-753369689	Vantiq Nevada (LLC)	4611-A Table Rock Road, Fl 1, Central Point, Oregon	US
S3-579171321	Bordeaux Union S.A.	73 R Eugene Tenot, Bordeaux, Nouvelle-Aquitaine	France
S3-180450999	Bright Exports Ptingtve Limited		India
S3-436371062	Maruthi & Sons Prívate Ltd		India
S3-335965983	Synergy Nursing Home	Door No 1/1/6 M M Ghosh Streetkrishnagar Nadia, W B, Hooghly, WB	India
S3-942872368	यूनिक कंसल्टेंट्स एलएलपी	#1-59 Utopia A 501 Casa Bella Gold Kalyan Shil Road, Kalyan, Thane, MH	India
S3-173463400	Jumelage Club SARL	141 Rue Du Virolois, Tourcoing, Hauts-de-France	France
S3-499852744	LLC Onyxquo Óriental	68 Madison Ave, Asheville, North Carolina	US
S3-141601588	Pacific  L.L.C. Fashion	Salt Lake City Township, Utah, Lincoln St, Unit 2	US
S3-524392173	Association  de Tm		France
S3-794703816	Xylotavoio DBA YI Harbor Athena	1046 Vassault Street, Unit #2, Tacoma, WA	US
S3-279334495	roubaix amicale eurl	12 Bis Rue De La Conference, Roubaix	France
S3-111593804	ऑल केयर प्राइवेट लिमिटेड	/A, Bldg. No. B, Shivsagar Society, Opp. Mulji Nagar, Off. S. V. Road, Boriv, Ali West, Mumbai, MH	India
S3-842288294	Trishu College Company	No. 669 Gr Flr, null, Thane, महाराष्ट्र	India
S3-591786616	Red Grill  Corp		US
S3-512312474	Ariamira f/k/a Hattie Curran Cbre	5883 Bent Brook Court, Clarence, NY	US
S3-434526002	Bagwe Limited Grc		India
S3-785483738	Happy Happy Pilates Inc.		US
S3-689068517	Ananda Foods Private  Limited		India
S3-743928666	Namdev Ventures	325/2, Mumbai, Mumbai Suburban, MH	India
S3-346292785	Dovamira Labs	1458South End Amain Jaya Nagar9Th Block, Bangalore, Karnataka	India
S3-154172645	Nagin Healthservices Limited Center	H.no #1-12-162/10/S2 Temple Alwal, Hyderabad, Andhra Pradesh	India
S3-231737687	BS Amicale [SASU]	28 Rue Des Augustins, Bordeaux, Gironde	France
S3-604638454	Jeune SARL & Associés	29 R. Des Remparts, Bordeaux	France
S3-859321733	Consultancy Bt Logistics Private Ltd		India
S3-775115224	Professional Agricultural	State Highway 181, Osceola, Arkansas	US
S3-772045497	Madhushree Eatrghmoevs  Pvt Ltd		India
S3-263263825	Balaji  Marketing Enterprises		India
S3-400002711	Saint-Nazaire Sptrsii SA	0015 All Des Primeveres, Saint-nazaire, Pays de la Loire	France
S3-39766477	Shri Lakshmi Pobduccts Private Limited		India
S3-810717585	THE DENT BIKE SHOP CO	104 Tallman St, Wildrose, North Dakota	US
S3-741793661	Mr Digital Pressing (India) Clinic Holdings	Hyderabad, Masjid Road, Nexttomaliksuzuki Adjacent Tolichowki Flyover, Tolichowki, Hyderabad, TG, 1-371/A	India
S3-778590665	Pepita Garza Value Lending Uptown Llc	Loudon, 214 Daleyuhski Ln, Tennessee	US
S3-385055948	Toomer  Creative Biotech LLC	Lombardy Dr, Middletown, Maryland	US
S3-56546803	Verazetavantage	12 Rue Thiers, Lille, Hauts-de-France	France
S3-874318776	Chiropractic Associates	1316 Deerlick Drive, PO Box 3680, Columbus, Ohio	US
S3-26129811	Pediatric Health,		US
S3-989095729	schmidt trust ivg inc	Crowell, Texas, 525. 3th St	US
S3-645775560	મા મેનેજમેન્ટ પ્રાઇવેટ લિમિટેડ	D-402, Ahmedabad, ગુજરાત	India
S3-307411731	Etude Medico	48 Av Pastelr, Pessac, Gironde	France
S3-420371331	Colematernellede.Com	11 Avenue De Locronan, Nantes, Pays de la Loire	France
S3-53112994	Mr Coronation &	Mustafapur Pargana-phulwari P.op.s-khagaul, Patna, BR	India
S3-570772378	RC Stone Prvlatie  Limited	#435/22 Muradgrampur Pursi Muradnagar, Ghaziabad, UP	India
S3-726930006	United Enterprises	House No 496, Sardar Chowk, Nandurbar, MH	India
S3-805772092	Sas Uzp Amis	2 Impasse D'eernon, Mérignac	France
S3-714611586	Sewell Wholesale	Oregon, 5055 Technology Loop, Corvallis, Unit Unit 80	US
S3-733071480	Limited Faridabad Mercantile Services	Plto No. 8/6 & 8/6A, Faridabad, HR	India
S3-266688517	Shyam Products Pvt Limited		India
S3-734170691	Zavala's Ace Fiay Practice	4629 Clraendon Ave, Arizona, Phoenxi	US
S3-907919516	Bouliste SARL [Services]		France
S3-632761567	Metro Institute IV Inc (Center)	23 Joelson Ct, Albany, New York	US
S3-374703876	Pharmacie de la Jean SCI		France
S3-697488216	Renaissance Pàrents	26 La Berthauderie, Pornic	France
S3-283040055	Vision Center of Ramsey Corporation	Oak Valley Rd, Illinois, Ramsey	US
S3-743540634	Pioneer Spa		US
S3-605066264	école Maternelle Sainte Notre Enterprises		France
S3-904500070	Heckman, Réynolds & Wallace Co	Garfield, Arkansas, 17164 Sith Ridge Rd	US
S3-503757811	Shiv Infr LLP		India
S3-790184452	blanc conseil eurl	No 7 Route De L'ile De Leaufouis, Saint-nazaire, Pays de la Loire	France
S3-179265254	Fasadyne (Ventures)	37. Provencher Rd, Town Of Aurora, Wisconsin	US
S3-770336732	Lille Maison	Nord, Lille, 24 Rue Princesse	France
S3-341096543	CQT  Comite	180 R Colbert, Lille	France
S3-558929564	Diane Section (France) SARL	La Teste De Buch, 3 Avenue Des Camelias Pyla	France
S3-540842141	Calais Sante	19 R. Du Général Gouraud, Calais, Pas-de-Calais	France
S3-979766214	ग्लोबल सर्विसेज गारमेंट्स प्रा. लि.	No. 7 F16 17Commerce House 91 Tardeo Road, Bombay, Mumbai, MH	India
S3-725217918	Big Exports	E-102 Lajpat Nagar Inew Delhi-24 New Delhi-24, New Delhi, South Delhi, Delhi	India
S3-406445622	3r Coiffeurs Collectif SASU	97 Bd. Auguste Caillaud, La Baule-escoublac	France
S3-579872313	MAISON ATTITUDE SARL	92 R. Émile Fourcand, Bordeaux, Nouvelle-Aquitaine	France
S3-334832700	eye cornerstone clinic		US
S3-620168286	DOWNTOWN BARBERSHOP COASTAL	Brecksvill ECDP, 008424 Timber Trail, Ohio	US
S3-496822457	ellesamicalesarl.com	0066 Rue De Valenciennes, Calais, Hauts-de-France	France
S3-701941377	sunrisefabricators.com	Hn 221 3163074, Hanamkonda Village, Hanamkonda, Warangal Urban, తెలంగాణ	India
S3-861527493	Everfresh & Brothers L.L.P.	MH, Pune, House No.d/325, Pune	India
S3-368095119	Fluxsol dba Music (France) Anciens SASU	5 Rue du Stand de Tir, Roubaix, Hauts-de-France	France
S3-681618574	Dr MICROVISION INFRA PRIVATE PRIVATE LIMITED	Flat No:2111 11Th Floor, Bangalore North, Bangalore, KA	India
S3-839811372	Thompson Advisors Midtown Llc	5272b 78, null, Cordova, Alabama	US
S3-989816269	ટેક ઇન્ફ્રા	GJ, 304/B Silicon Valley, Ahmedabad	India
S3-466823102	Mahakaal Institute of Technology Private Limited	198/B/1 C R Avenue, Kolkata, Calcutta, WB	India
S3-581691789	VILLAGE & FRÈRES	9B Rue D'erlon, Nantes, Pays de la Loire	France
S3-675892055	Pvm Culturelle	41 Bd. De La Moselle, Lille, Hauts-de-France	France
S3-974187580	Ram Food Private	Door No 11T4 And 11T1, Gandhinagar, Gandhi Nagar, GJ	India
S3-141558082	Violences Supporter Maison Participations SASU	2 Rue Alfred Delattre, Lille, Hauts-de-France	France
S3-588825885	Jarlon Inc. Brand	14258 Craggy Rock Ave, City Of El Paso, Texas	US
S3-743144730	Team SARL Club	No 90 Av. De Nes, Pessac, Nouvelle-Aquitaine	France
S3-657417365	Lyles Pinnade Family Practice	4 Sharon Ln, Camillus, New York	US
S3-408126074	Dispositif [Sportive]	Bordeaux, Nouvelle-Aquitaine, No 79 Rue Raymond Lavigne	France
S3-774962778	IR Ssution-sMubai		India
S3-661777761	Experience Parents-SARL	47 Cours Victor Hugo, Bordeaux, Gironde	France
S3-311429228	Lakshmi  Products Private Limited		India
S3-276502683	Builders Sweet Trading Pvt Limited	25-A, Roshan Lal Market, Vishwa Karma Chowk Miller Ganj, G T Road, Ludhiana, ਪੰਜਾਬ	India
S3-363257271	Him Sangh Corp	House No G-319 Sector 12, Shakti Nagar, Derabassi, Mohali, PB	India
S3-255145114	Zetadrex dba Nsd Foundation	580 Atal Bihari Bajpai, Ward 1 Sewai, Lucknow, Uttar Pradesh	India
S3-792928792	Calais Union International SARL	16 Rue De Casablanca, Calais	France
S3-62494034	The Hibbert and Sparkman Central LLC	460 Vanderbilt Road, Biltmore Forest, North Carolina	US
S3-150017531	Dpr Communale Clinique SAS	25 Rue Mey, Bordeaux, Gironde	France
S3-227955386	Rizazeta	179 Rue De L'alma, Roubaix, Nord	France
S3-269054126	Piedmont Rilabe Media of Folsom	3208 Auburn Leaf Loop, Folsom, California	US
S3-893744626	Elsbury Prime Lincoln Holdings Center - 1819932753	3907 Third St, Tillamook CDP, Oregon	US
S3-568156557	Privée Club Trading		France
S3-301370239	Vioonyxorbi	Delhi, O-9/A2 Dilshad Garden	India
S3-197478743	Karv Memorial Tigcrus Group	A 18 Gelda Jyot Chs Ltd, Panvel, Mumbai, MH	India
S3-141292498	Ferrello Net LLC	10405-A House Bend Road, # LOT 39, Northport, Alabama	US
S3-339312465	Total Concepts LLC Services		US
S3-797280974	jb global public limited	Fl. A-2 -1101 Brookefield, Willows S No 6/1/14 And, Pune City, Pune, MH	India
S3-601976389	Gilddova formerly: Pharmacie Bureau	9 Rue de Port Maria, Nantes, Pays de la Loire	France
S3-335740653	ഇന്നൊവേറ്റീവ് പ്രോജക്ട്സ് പ്രൈവറ്റ് ലിമിറ്റഡ്	Wavebouy Logistics, KL, Trivandrum	India
S3-115565488	Al Marketing Medicals LLP	Flat 6140., 13 Th Floor, Tower Maple, Parx Laureat, Noida, Gautam Buddha Nagar, उत्तर प्रदेश	India
S3-66719797	Dr Shivam Iblternnatioal Industries Private Limited	TN, 1/1180, Virudhunagar	India
S3-180049678	Crumpton Horizon Aegon Pártners	Apex, 1001 Fair Oaks Lane, North Carolina	US
S3-670222939	Drexriza dba Odell and Francisco LLC	Davenport, 5802 Stephen Cir, IA	US
S3-366764318	Guru Iumnssmries Medicals Pvt Ltd	No. 591 D-905, Tulip Ivory Rwa, Sector-70, Badshahpur, Gurgaon, HR	India
S3-355720071	One Amicale S.A.S	03 R. Des Vilals, 59200 Tourcoing, Tourcoing	France
S3-282976739	Arcadie Elementaire (E.U.R.L.)	No 40 Rue De Solférino, Bordeaux, Nouvelle-Aquitaine	France
S3-218720161	Calderon  Prnparaoory Academy, Inc	1730 Zayden Ln, Norman, Oklahoma	US
S3-586632719	Meyerson Meyerson Value	##211 North 38th St, Louisville, Kentucky	US
S3-984177774	Custom Broadcast Advisors-LLC	Covinggton, 625-D Pike Street, Kentucky	US
S3-788124951	The Happy Cóffee		US
S3-555120842	Locale ànciens SARL		France
S3-312905563	Photographie Fetes SARL	6 Allée Blaise Cendrars, Saint-nazaire, Pays de la Loire	France
S3-135871717	Kelonyla	62 Rue Delaroche, Calais, Hauts-de-France	France
S3-239134253	Ravinder-Vidyalaya (Exports)	Off 2048 B Bhima Complex, Panvel, MH, Steel Market Kalamboli, Raigarh(mh)	India
S3-826855495	bay pioneer developments	10 Pembrooke Road, Montgomery, Illinois	US
S3-83345952	Lumdrex	1 Avenue Marcel Rigaud, La Baule-Escoublac, Pays de la Loire	France
S3-203889535	Biify Clinic Inc.	Wittjen Ct, Wetumpa, Alabama	US
S3-298698485	Fluxbrixquo	14 Av Sainte Anne, Nantes, Loire-Atlantique	France
S3-312621936	Davis  Patriot Arts L.L.C.	301- Brookstown Ave, Unit 500, Winston-Salem, North Carolina	US
S3-626770712	Lantern Partners Inc.	Moorhea Township, 822 5th Street, Minnesota	US
S3-121417177	PXB Estate Associates	No 6-2 Dheeraj Dreams Apl Mill, Mumbai City, महाराष्ट्र	India
S3-374816370	The Piedmont Foundation		US
S3-866257839	जय बिल्डर्स एलएलपी	M-66 S/f, Sham Nagar, West Delhi, New Delhi, DL	India
S3-654679922	Global Constructions Private (Limited)		India
S3-892829860	Ariaectokor t/a Campbell Rapid Brookfield Co	800 Lassen Volcanic Drive, Pflugerville, TX	US
S3-687704048	Mr #firstfoundation	Varsha ##247/2B Navi Peth, <NULL>, Pune, महाराष्ट्र	India
S3-775007382	ईस्ट इंटरनेशनल मेडिकल्स प्राइवेट लिमिटेड	BR, No 65 Gandhi Murti Compound Patel Nagar, Patna, <NULL>	India
S3-431527004	Gt SARL Service	N° 56 R Malakoff, Lille, Nord	France
S3-394096755	Ormist0nirby.Com	Stonefort, Illinois, 40-C Bridle Ln	US
S3-400357075	ബ്ലൂ ശ്യാം കൺസൾട്ടൻസി ഇലക്ട്രോണിക്സ് പ്രൈവറ്റ് ലിമിറ്റഡ്	16Rd Floor, Trivandrum, Thiruvananthapuram, KL	India
S3-833796197	Pacific Holding Company	##228 Irving Ave, Bend, Oregon	US
S3-492799302	Mirakelobelo	30 RUE des Meuniers, Lille, Hauts-de-France	France
S3-116452066	South Tech (ID: 82190)	Hn 503/3 Room No 12, 2Nd Floor, Shankar Niwas, Road No 3 Dadasaheb Rege Marg, Shivaji Park, Dadar, Mumbai City, महाराष्ट्र	India
S3-29421994	DL Agro	Hyderabad Urban, Villa No 34 Lane 1 Mayfair Villas, TG, Hyderabad	India
S3-366680679	Empire Trusted Douglas-Corporation	16 Dallas 170, N/A, Fordycce CITY, Arkansas	US
S3-862771650	Woe Ecole Sasu	Ave Du Maréchal De Lattre De Tassigny, La Baule-escoublac, Loire-Atlantique	France
S3-41283089	Eye Cornerstone Care		US
S3-658289878	Crystal Transit Advisors Group	6309 Cth Vv, Sun Prairie, Wisconsin	US
S3-876348671	Ariaevo d/b/a Ets Dentraide	24 RTE de Paris, Nantes, Pays de la Loire	France
S3-871935543	डायनामिक आईटी लिमिटेड	A-31new Friends Colony, New Delhi, South Delhi, DL	India
S3-663647494	Comité des Montagne SARL	26 Rue Lousi Armand, Pessac	France
S3-306828266	Personnel SASU et Fils	#14 Ptace Louise De Béttignies, Lille	France
S3-799385047	Chretienne Groupement SARL	05 Rue Galilee, Lille, Nord	France
S3-96773279	Tone Mill Prirvte Limited	A-6-50/4, Dlf Pahse-1, Gurugram, Gurgaon, हरियाणा	India
S3-299436137	Ariabelo	30 R De Cahors, Dunkerque	France
S3-961275908	ywindia.com	MH, #5A, 2Nd Floor, Plot-1a, Ladhabhai Building, Mama Pramanand Marg, Opera House, Mumbai	India
S3-731012433	Aakriti Heaven (India) Infratech Private	H.no. 46, Satana, Nashik, MH	India
S3-631718163	Happy Cofboee	900 Fifth Street, Ponca City, Oklahoma	US
S3-447158161	amicalessiad.com	022 Avenue Ludovic Cormerais, Nantes, Loire-Atlantique	France
S3-113871033	Evovioveo	15 Chemin de la Guiblinière, Nantes, Pays de la Loire	France
S3-305721087	Voixsportivesarl.Com	144 Route De La Villes-bousseau, Saint-nazaire, Loire-Atlantique	France
S3-212702443	Mountain Vanguard Engineering Ltd	530 Shelton Beach Rd, Saraland, Alabama	US
S3-994239181	ન્યૂ બિઝનેસ પ્રાઇવેટ લિમિટેડ	A-40 Sai Shristhi Residency Bs. Mathura Nagari, Surat, ગુજરાત	India
S3-518681033	Ludotheque Amicale	No 48 Rue Kléber, Nouvelle-Aquitaine, Bordeaux	France
S3-87530521	Globe Globe Power Co	ಕರ್ನಾಟಕ, Tower-5, Bengaluru, Bangalore North	India
S3-11304001	Clinique De Jennifer	110 Boulevard Jacquard, Calais, Hauts-de-France	France
S3-686721024	Private Fortune Trading Ltd	H.no 8-3-1060, Plot No.17, Flat No.201 Satyadaya Apartments, Srinagar Colony, Hyderabad, తెలంగాణ	India
S3-236817663	alechiquier.com	Lille, 1 B Rue Du Maire Becquart, Hauts-de-France	France
S3-801191341	Legacy  Industrial	310- Blaine Avenue, Marion, Ohio	US
S3-888243584	Phillips LLC Service		US
S3-714747302	Pulido  Zhejiang	639 Blackthorne Circle, Calabash, North Carolina	US
S3-876204054	Aquino Venture Holdings	1409- Blazing Star Trail, Burleson, Texas	US
S3-568680759	MTO Famr Limited	Charch Road, Bhushan Nagar Kedgaon, Ahmednagar, NULL, MH	India
S3-225950800	Behavioral Health Valley Care Associates Ltd	278  Homestead Ln, Charlottesville, Virginia	US
S3-917230337	Khandelwal Vardhaman Private-Limited		India
S3-45905641	HOY Marine	Nagpur, 601, MH, Nagpur, Ashish, Farmland, Ramdaspeth	India
S3-39049770	Aviveo Labs formerly known as Musee Service SARL	7 Cour Leclercq, 17 rue de la potennerie, Roubaix, Hauts-de-France	France
S3-434330114	Premier Traders  Private-Limited	New Delhi, DL, 22 Antrikdh Bhawankasturba Gandhi Marg, Central Delhi	India
S3-974901534	Urgent Care Clinic LLC Enterprises		US
S3-608043195	Services Hyderabad Limited	4-8-2-684/1/B, Durga Enclave, Road No - 12 Banjara Green Colony, Banjara Hills, Hyderabad, TG	India
S3-36197136	(LLC) Grand Automation Brands	4530 Rocky River Dr, Cleveland, Ohio	US
S3-61746665	Private Anand Dream lnvestments Limited	6-Aradhana, Kastur Park, Shimpoli Road Near Suvarna Hospital, Borivali(w), Mumbai City, Mumbai, MH	India
S3-695092543	शिव कंस्ट्रक्शन प्राइवेट लिमिटेड	Plot 58 Wilson House 2St Floornagardas Road Andheri (E), Mumbai, Mumbai Ii, MH	India
S3-821965834	Établissements  Djs SAS Groupe		France
S3-206668739	Sri Hotels Thbrdig Public Limited	152P, Rohtak, HR	India
S3-866848948	Direct Security Concepts Co	660 Crist Road, Town Of Beloit, Wisconsin	US
S3-69039674	Ridge Dental Associates Corporation		US
S3-695602268	du Amicale Dopale	66 R Kléber, Bordeaux, Nouvelle-Aquitaine	France
S3-953495929	Doa Inc	1316. Trail Run Ln, Cordova, Tennessee	US
S3-244169518	SUNRISE ENGINEERING PRIVATE LIMITED	No 22, Chennai, Thiruvallur, தமிழ்நாடு	India
S3-760959874	Personne SARL Centre	1 Boulevard Bénoni Goullin, Nantes	France
S3-899843265	Amicale  des-Tennis	63 Rue Pasteur, Dunkerque, Hauts-de-France	France
S3-147152349	हरि मार्केटिंग प्रा. लि.	H No - 19A, K-375 Siyaram Vihar Takrohi Indira Nagar, Lucknow, उत्तर प्रदेश	India
S3-684488766	आदित्य एक्सपोर्ट्स प्राइवेट लिमिटेड	61 Bhagwanpur Kamla, Samstipur, Muzaffarpur Region, Samastipur, BR	India
S3-355603556	Regional PC Services	204 Lombardy Dr, Fayetteville, North Carolina	US
S3-614333849	S.C.I. Bulles Union (France) Distribution	8 All. Claude Cahun, Nantes, Loire-Atlantique	France
S3-779365048	Dr Darshan Foundation Foundation Limited	911, Wing A, Kanakia, Wall Street, Andheri, Mumbai, MH	India
S3-705067524	blue bakery	Hayes, Virginia, 2160 Heron Haven Ln	US
S3-316791858	Herrera Santos and	2161 Meyer Pl, Costa Mesa, California	US
S3-178294782	New Delhi Solutions	Hn 877 Block G- 41, New Delhi, Central Delhi, दिल्ली	India
S3-562273877	Clubfrance.Com	26 Rue De Sant Nazaire, Saint-Herblain, Pays de la Loire	France
S3-241108909	Blue Minrries LLC		US
S3-370624699	M R Modtgoehry Fortress		US
S3-100723103	Silver Heartland Freight Group	24 Cardinal Lane, Barnstable, Massachusetts	US
S3-456984586	HEY Colombier Ínc Ínc	##1809 Badger Ln, Town Of Monroe, Wisconsin	US
S3-293236338	Cercle çentre		France
S3-441450240	Hotel Enterprises Limited Partners | www.hotelente.com		India
S3-927454864	Park Broadband Of-Knoxville	5000 Inskip Rd, PO Box 7605, Knoxville, Tennessee	US
S3-16968037	Saint-Nazaire Phârmacie SARL	Pays de la Loire, 6 Rue Louis Lumiere, Saint-nazaire	France
S3-188932955	[Sas] établissements Bais Groupe	1294 Grande Rue Du Petit Courgain, Calais, Pas-de-Calais	France
S3-650870160	Lotusconsultants.Com	44 Shubh Sampda Nipaniya, Indore City North, MP	India
S3-951901906	सिल्वर इन्वेस्टमेंट्स लिमिटेड	F-c-16, South Delhi, New Delhi, DL	India
S3-767087385	softwareapexprivate.com	Hn C-644 E-33, Madhu Vihar, East Delhi, Shahdara, New Delhi, दिल्ली	India
S3-58864905	Heritage Realty Pártners Holdings	2628 Commerce, N/A, Ardmoore CDP, Oklahoma	US
S3-128361169	Amicale du So	8 Rue De Bel Air, St.-nazaire, Loire-Atlantique	France
S3-396175764	Centre du Ape Cie	7 R. Des Bigarreax, Pornic, Loire-Atlantique	France
S3-991500775	housing initiative		US
S3-897953801	Apollo Fresh Holdings Pvt Ltd	Block G-830 S. No 201 223 Sai Arpan Co B S Alpanaben Cinema Village, Vadodara, Baroda, GJ	India
S3-32549100	établissements Abracadabra	0015 Rue Cléent, Bordeaux, Gironde	France
S3-531275413	Surgical Care Inc Trading		US
S3-832519848	Nmc Memorial		India
S3-948555412	ఇండో ఫ్యూచర్ ఎనర్జీ ప్రైవేట్ లిమిటెడ్	Medak, Ramachandrapuram, Sy No: 579/Aa1/2/2/1., తెలంగాణ, Ameenpur	India
S3-922301584	Miles Tribecsa Group	2165 Ninth Pl, Floor 1, Hillsboro, Oregon	US
S3-785534690	Innovative Renrwfbel	2816 Shartle Street, Middletown, Ohio	US
S3-943965896	NWO SARL Et Fils	12 Rue Barbermusse, Appartement 4, Lille, Hauts-de-France	France
S3-15777538	Sporting Àmis (France) Holding SAS	88 All. De La Forct, Pessac, Nouvelle-Aquitaine	France
S3-613040244	Gulf Fuels Co	1258 Halter Place, Calabash, North Carolina	US
S3-23463133	Commodity (India) Publishing Pvt Ltd	##3/719, KL, Palakkad	India
S3-329325218	Deco Cie	0078 Rue Des Martyrs, Tourcoing	France
S3-580117212	Sanjay Bocerebrs LLP	C-b3/207 Rohan Lehar Society Baner, Pune, MH	India
S3-827028924	Alpha Properties Private (Limited)	3-401, Devkrupa, 28, Raichur Street, Masjid (E), Mumbai, MH	India
S3-427132930	Pornic Gestion		France
S3-969012753	Pole Collège SAS	31 Le Portmain, Pornic	France
S3-587296341	Shakti Care [Ltd]	Shree Mira Co-op Hsg Societyltd Akurli Road Kandivali East, Bombay, Mumbai, महाराष्ट्र	India
S3-658306468	Institut Sainte Marie Enterprises		France
S3-482627355	Producteurs College SAS		France
S3-321732845	Jhansi Limited-Center	House No.1527-c-3- Near Janki Puram Civil Lines, Jhansi, UP	India
S3-932528376	Fluxonyx	Boulevard Auguste Caillaud, La Baule-Escoublac, Pays de la Loire	France
S3-282663662	Premier Estate Pvt Ltd	D8-tf, Splendor Grande, Sector-19, Panipat, HR	India
S3-978731827	Patterson Ventures	1805 Lincoln Dr, Fl. 0, Annapolis, Maryland	US
S3-226709447	5ARL Experience Parents	47 Crs Victor Hugo, Bordeaux, Gironde	France
S3-278558754	SERVICE JEAN	18 Ter Av Du Port Aerien, Pessac	France
S3-101772018	ఆల్ టెక్నాలజీస్ ఎల్‌ఎల్‌పీ	Anchorage, Vishakhapatnam, AP	India
S3-484116381	Orbidova	Dunkerque, 17 Rue Raymond, Hauts-de-France	France
S3-661398493	Lalatech Communications Llc	2th Ave, Siler City, North Carolina	US
S3-875050581	Om Food Public Limited	1444, Central Delhi, दिल्ली	India
S3-909280174	ఎస్‌ఎస్ కన్‌స్ట్రక్షన్స్ ప్రైవేట్ లిమిటెడ్	#31-8-64/12, Flat No.403 Near Nelamma Vepachettu, Assam Gardens, Bangaramma Metta, Vishakhapatnam, AP	India
S3-150283100	Padma Hospital Pvt	C/o T. Mani S.f No. 1-306/9 Sholurmattam, Western Region Coimbatore, Nilgiris, TN	India
S3-292392447	Amicale de-Petite SAS	Roubaix, Hauts-de-France, 26 Rue Auguste Blanqui	France
S3-545726505	Yoga Amicale-(France) SAS	Nord, #112 Bd. D'armentières, Roubaix	France
S3-896011572	Ectobelo	Plot No Eg03 Gr Floor, Delhi, North West Delhi, DL	India
S3-906885469	Tanishq Públic School Exports Ltd	32, Ahmedabad, GJ	India
S3-472615528	Fédération Des Bureau [Sas]		France
S3-515498720	Faus LLC	Gate Post Lane, Virginia, Charlottesville	US
S3-103491717	Piedmont Re1iable Media Of Folsom	Folsom, California, 3208 Auburn Leaf Loop	US
S3-129628278	Noveus Value	Houston, 1601 Harold St, Texas	US
S3-361380357	Tulsa Youth-Services LLC	7871 Union Avenue, Unit Apartment 1101, Tulsa, Oklahoma	US
S3-300579861	flopfetessasu.com	45 Rue Du Merle, Pessac	France
S3-693502107	New Sportive SCI	Saint-herblain, # 1 Impasse Charles Trenet, Pays de la Loire	France
S3-108215246	হাইটেক ফাইন্যান্স ইন্ডাস্ট্রিজ প্রাইভেট লিমিটেড	86 C/o- Durjodhan Singha, Vill- Shreerampur, Po- Dhumadighi, Ps- Malda, Malda, Old Malda, পশ্চিমবঙ্গ	India
S3-298935861	MH	12 R. Des Frères Pereire, La Teste-de-Buch, Gironde	France
S3-270205081	*** Crumpton Horizon Aegon  Partners LP	1001 Fair Oams Ln, Apex, North Carolina	US
S3-599175688	7 Sons Sons	102 Karin Ct, NULL, Chapel ILL, North Carolina	US
S3-917274339	Tavocalo formerly known as Storm's Clean Media	428 Bluff Meadow Drive, Ballwin, MO	US
S3-842749866	Sun Private Products Limited		India
S3-986550838	Darden,, Brande DPM	47th Place, Marysville, Washington	US
S3-479443878	Dkv Power Private Limited	H.no.8-2-293/82/a/306, Road No 25 Jubilee Hills, Hyderabad, TG	India
S3-316098344	Deleves (France) (Centre)		France
S3-465130275	Nagin	H. No.1-12-162/10/S2 Temple Alwal, Hyderabad, Telangana	India
S3-927379206	COMMERCANTS MAISON EI	1 Rue De La Noe, Nantes, Pays de la Loire	France
S3-580666742	chretiennecomitesarl.com	05 Rue Galilee, Lille, Nord	France
S3-880201958	CESTIQ SIERRA PLLC	0510 Harvest Lane, City Of Sun Prairie, Wisconsin	US
S3-815882116	Adan Merger Coastal	3290-C Chinquapin Ln, Lousville, Kentucky	US
S3-470175963	Promotion Patrimoine  SAS Et Fils	1 R. Traversiere, Nantes, Loire-Atlantique	France
S3-999811792	Sterling Beacon Acadia Holdings	6985 Bushy Tail Ln, SAN TAN Valley CITY, Arizona	US
S3-695805042	क्रिएटिव सुप्रीम पावर प्राइवेट लिमिटेड	Flat No - 103 Kalpataru Harmony, Mumbai City, MH	India
S3-270346451	Go Kalpataru  Private		India
S3-442867601	Terrain Soutien Parents SARL	23 Rue James Cook, La Teste-de-buch, Gironde	France
S3-159027609	us sante eurl	31 R Trenaux, Roubaix	France
S3-846113507	Atlantic Columbia Safe Ltd	Texas, Cleveland, 145 County Road 5224	US
S3-252163639	Obsidian	97 Stonefly Trl, Banner Elk, North Carolina	US
S3-75370332	Voix Sportive SARL		France
S3-129288768	Value Odyssey	728 East Park Dr, North Carolina, Monroe	US
S3-397863208	Maison Montaigut Développement Sas	37 Rue De Cahors, Dunkerque	France
S3-706913749	Mumbai Polytechnic Private Limited	Shree Narayad Dham, Bhilwara, राजस्थान	India
S3-880517722	Behavioral  Health Medicine	Lake Helen Dr, Theodore, Alabama	US
S3-323154258	Master & Center	27/5 Kartick Chandra Ghosh Lane, Howrah, Bally, WB	India
S3-10889586	Dr Investment (India) Care Care	#7-62/362-363, Flat No. 2, 2Nd Floor, Ivory Woods Apartment, Prashanth Hills Colony, Raidu, Rgam, Hyderabad, TG	India
S3-896963838	Kamla Dwellers Public Limited	Door No 00827 Crd 8, Floor-3rd, Plot-24/26, Cama Building, Dalal Street, Bombay Stoc, K Exchange, Mumbai, Mumbai City, महाराष्ट्र	India
S3-108651091	Mondiale Sôciete SARL	42 Rue Maryse Batié, Pessac, Nouvelle-Aquitaine	France
S3-500367730	Harvin Gne Pvt Ltd	New Delhi, Flat No-49, Plot No-30 Sect-10, Iv/f, Dwarka, दिल्ली, New Delhi	India
S3-340694600	Royal  Groupement SCI	40 R. Camille Desmoulins, Nantes, Pays de la Loire	France
S3-816971413	Galaxy Consulting  Limited Private		India
S3-894810642	Dau Jaggery (India) Pvt. Ltd.	D.no. 1-3-68, Flat No.g-05, Bhargavi Residency Street No.6, Habsiguda, Hyderabad, తెలంగాణ	India
S3-721677436	Smt Maitreya 5ons Limited Services		India
S3-927203340	Taraita Equipments Overseas Pbievet Limited	##419-431, Kaliandas Udyog Bhavan, Near Century Bazar, Prabhadevi, Mumbai, महाराष्ट्र	India
S3-393208847	बॉम्बे सिटी पावर प्रा. लि.	E-105, Bangali Square, Indore, MP	India
S3-832910426	Kerala Ice Group Prlilae Limited	No 5/188 Ii Cross St, Venkateshwara Nagar, Chennai, Polichalur, தமிழ்நாடு	India
S3-653812943	RQ Club	Nº 41 R. Du Maine, Saint-nazaire, Pays de la Loire	France
S3-453340769	Evodelta formerly known as Safe Automotive PC	9451 Harvard Avenue, Chicago, IL	US
S3-177659463	Calais [Amis]	134 R. Dalain, Calais	France
S3-494700483	U1uberia  - Ii Solutions LLP	##17 C/o S K Arif, Raghudebpur Rajpur, Uluberia - Ii, Howrah, WB	India
S3-504753619	Établissements Nationale France SAS	117 - Boulevard De Metz, Lille, Hauts-de-France	France
S3-429523652	Commercants Parents (France) EURL	Hauts-de-France, Calais, 185 R J Francois Vincent Raspail	France
S3-222718294	Gray and Graham Inc.	357 1/2 Locust Grove Road, Shelbyville, Kentucky	US
S3-727398803	Établissements Reparer		France
S3-732689862	GJN  Ceoccil SARL	33 Bis Rue Jean Lavigne, La Teste-de-buch	France
S3-128713927	Ets Deleves Groupe	Nantes, 12 Rue De La Patouillerie, Pays de la Loire	France
S3-683618454	Delphine Çentre	N° 7 R. Condorcet, Roubaix, Nord	France
S3-606874962	Anmol Tyres (India) Industries Limited	S No. 73/5, 73/4, Dhamote, Tal Karjat, Karjat, Raigarh, महाराष्ट्र	India
S3-978399515	Super Foundation Ltd		India
S3-703360856	Grant  Veterinary-Clinic, LLC	178 Eighth St, # 1, Leominster, Massachusetts	US
S3-389034771	maddiulmerconvertible.com	1020- Auglaize Street, # 3, Wapakoneta, Ohio	US
S3-139742705	Sri Decision Limited Calibration	Dharmapuri, தமிழ்நாடு, Door No: 5/644, Anantha Nagar, Sipcot - Post, Hosur, Hosur, Krishnagiri	India
S3-919884787	Bombay Foods	Door No 835 Tc 49/2231, Shibu Nivas Vellayani Junction, Nemom, Thiruvananthapuram, Trivandrum, KL	India
S3-533478268	Fennel Services Limited	Shop No.412, Choryasi, Surat, GJ	India
S3-833007117	Clinique Visite Et [Fils]	#61 R De Lyon, Lille	France
S3-417314655	Apex Investment Private Enterprises		India
S3-480455576	Ets (Diakha)	St.-herblain, 7 Ave De La Libération, Pays de la Loire	France
S3-934152135	Herrera and Perkins Cell Corporation	9743d Crabapple Court, <NULL>, Bon Aqua, Tennessee	US
S3-459974609	Vr Mgmd Group	Sethi Industries Areahoshiarpur Road Jalandhar City, Jalandhar, Punjab, PB	India
S3-171652342	Rizafayedova f/k/a Singh & Hayes	11332 Flamingo Lane, Dallas, TX	US
S3-127607683	Allied Nétwork II	126 Nottingham Dr, Fredericksburg, Virginia	US
S3-353284648	Teamsters Union Local No 590 Center Inc.	19830- Forest Rd, Forest Lake, Minnesota	US
S3-800755969	Marudhar Hospitality Private	Rl190, G Block, Sambhaji, Nagar, Chinchwad Midc, Pune, महाराष्ट्र	India
S3-656410463	Amicale  de René	Roubaix, Hauts-de-France, Avenue Des Hêtes	France
S3-725572056	Celestial Educational	10, T 29, Nirala Estate, Plot No Gh04 Techzone Iv, Surajpur, Gautam Buddha Nagar, UP	India
S3-328341277	M/s Future Producer Límited		India
S3-306692492	Shiv Food	10, GJ, Vadodara, Baroda	India
S3-649271945	Reseau Amis Sàrl		France
S3-179219445	Vintage (India) Foundations Industries Corporation	F-407/8, Jaipur, राजस्थान	India
S3-159533630	Foot &-Ankle Partners LLC		US
S3-677219948	Comite Calais International	# 41 Boulevard Des Alliés, Calais	France
S3-405862863	Park Of Knoxville Services	5000 Inskip Road, Knoxville, Tennessee	US
S3-931353548	OSP (Finserv)	Shop 16, Fortune 80 Udr, (Mcl) University Road, Girwa, Bedla, RJ	India
S3-223755978	Ariela Slens Dynamic Roman LLC	Baton Rouge City, 5400 Florida Blnd, Louisiana	US
S3-897933923	Lucky Auto-Body		US
S3-330388535	Bard Himdnig Company LLC	916-A 1st St, Linton, Indiana	US
S3-510368145	Una-Croampnhgbne SA	No 5 R Georges Bidet, Calais	France
S3-441294148	privateproducerteltroy.com	P B Anil Roy Rd, Kolkata, Calcutta, WB	India
S3-537756866	Entre SASU France	Lille, 2 R. Saint-nicolas, Nord	France
S3-96868706	M/s Shyam Trading Private Ltd		India
S3-783734927	Carpenter House West Llc	58 Kate Hollow, Whitesburg, Kentucky	US
S3-509214405	Corporation Patterson Systems Southside	2410 Mierianne Street, Houston, Texas	US
S3-381516963	Ets Dentraide-SARL	Loire-Atlantique, 24 Rte De Pairs, Nantes	France
S3-715635937	CC	3 Rue D'enghien, Tourcoing	France
S3-20111855	Collège Airs	34 Avenue Des Deux Ponts, Pessac, Gironde	France
S3-811877287	Beac0n Strategic FIGX	84 Canton Avenue, Tulsa, Oklahoma	US
S3-196896580	Pune City Developers Co	Neha Ii, Pune City, Pune, MH	India
S3-551514109	Electricians Union Lsoolc No [661] [661]	112 Carnation St, Lake Jackson, Texas	US
S3-363694649	Joliot Grôupement SAS	4 Rue De L'allier, Nantes	France
S3-234461284	Scolaire Ogec Ecole SARL	Tourcoing, 14 Rue De Wattignies, Nord	France
S3-958754478	varanasi hatcheries private límited	B 22/240 D-1 Khojwa Bazaar, Varanasi, Newada, UP	India
S3-254963091	Semiconductor Lloyd LLC	585 Waterville Avenue, Le Centr, Minnesota	US
S3-179725142	Sainte Groupe François	80 R De La Bourgeonnière, Nantes, Loire-Atlantique	France
S3-127100625	Lycée Sainte Cmp International	27 Allée Charles Dickens, Saint-nazaire	France
S3-325239313	Clearclearroman.Com	2575 Rayne Church Rd, Rayne, Pennsylvania	US
S3-887698338	Dau Consultancy (India) Public Limited	#1-3-68, Flat No.g-05, Bhargavi Residency Street No.6, Habsiguda, Hyderabad, TG	India
S3-428863797	Bright Projects Private	No 402 4Th Floor Bldgno D-21 Sec-vii Of Shantinagr Mira Road Station (E), Thane, <NULL>, MH	India
S3-572844383	Back Alley Cleaning Service Lakeside LLC	Virginia, ##130 Likens Way, Winchester	US
S3-362468469	Cochin-Llp Brothers		India
S3-480079435	Ladiescircle (France) Residence S.A.	11 Boulevard De Lyon, Roubaix	France
S3-438823167	Lucas Atlantic Studios	2002 Bevington Oaks Cir, KATY, Texas	US
S3-978860997	Basoft	Pine Street, <NULL>, Nashville, Arkansas	US
S3-258119008	Rand Élémentaire		France
S3-708327366	Calolum Sys doing business as Montfortoise & Frères SAS	Lille, 855 Avenue de Dunkerque, Hauts-de-France	France
S3-940370203	Indo Industries  Private Enterprises		India
S3-619550590	TROTTOIRS CENTRE SARL	225 Rue De La Blenche Porte, Tourcoing, Nord	France
S3-336647875	École primaire de la  Troupe		France
S3-790854460	Andreapowersesq.Com	99 Two Rievrs Rd, St Regis, Montana	US
S3-759901669	Clinique du Passais SA	8 Cité Samain, Lille, Hauts-de-France	France
S3-408671086	Stprivate.Com	Plot No 14 15 16 Moraiyaindutrial Estate Moriya Rd, Sanand, Ahmedabad, GJ	India
S3-569324999	TT  Earth Pvt Limited	1-Aryaman Bunglow, 10, Hira Baug Society, Ahmedabad, Opp. Ambawadi Municipal School, GJ	India
S3-802102846	Ariakeloumbra	24 AV Gustave Delory, CS 50411, Roubaix, Hauts-de-France	France
S3-17473252	primairerobert.com	21 R Du Nouveau Monde, Roubaix, Hauts-de-France	France
S3-41427838	Femmes Çlub		France
S3-171868472	Prakash & Brothers		India
S3-250799491	Upper Safe Sab	#24 Michigan Street, Oswego, Kansas	US
S3-568600121	Bombay  Foods Private		India
S3-975557680	Dr INTERNATIONAL IMPEX PRIVATE LIMITED	431-A, A.b. Road, Indore, MP	India
S3-46445551	#cadresharmonie	14 R. D' Aezin, Tourcoing, Hauts-de-France	France
S3-761553912	Airsoft-Centre (France)	Nantes, 26 R De La Maison Blanche, Pays de la Loire	France
S3-526563066	Locataires Club	Rue Du Général Laperrine, Tourcoing	France
S3-286972162	Kentgch Égh Holdings	306 14th St, Saint Charles, Illinois	US
S3-238297563	Pollard's Pioneer  Salon	3827 Milwaukee Ave, # E, Chicago, Illinois	US
S3-431540186	Club Du Sad SCI	# 86 Avenue De La Mer, Dunkerque, Hauts-de-France	France
S3-957449683	Avinyla	11 Allée Claude Cahun, Nantes, Pays de la Loire	France
S3-303321944	Etoile Fetes SASU	No. 18 Ave De Corfou, Nantes, Loire-Atlantique	France
S3-735383783	Dotcom & Sons LLP	B-1409, Navimumbai, Thane, MH	India
S3-704240661	BS Amicale	24 R. Des Augustins, Bordeaux, Gironde	France
S3-427662193	Solmirajax	N° 2 All. Des Primeveres, Saint-Nazaire, Pays de la Loire	France
S3-154691007	AMIS SAINTE CHAUDOUDOUX	15 Bis Rue Nungesser, Pessac	France
S3-332601103	MDO Trânsports SASU	1070 Av. Toumaniantz Apt 27, Calais	France
S3-832488265	CPL	10 Rue Auguste Comte, Lille, Hauts-de-France	France
S3-275076890	Kelovera	Calais, Hauts-de-France, 43 Rue Aristote	France
S3-746818196	Amenagement Instïtut SAS	Bordeaux, 15 Rue La Mothe, Gironde	France
S3-992570526	Hari Hari Impex Corp	A-54, South Delhi, DL	India
S3-107435535	Bright Ice Ice [Cream]		US
S3-200592302	Chretiens Comite SCI		France
S3-117530460	Club du B2b	20 Allée Edith Piaf, Saint-nazaire, Loire-Atlantique	France
S3-489884202	Iris +  Frères SARL	R. De Chevreul, Tourcoing, Hauts-de-France	France
S3-828138277	Entraide Maison	011 Allée Citronnelle, Mérignac	France
S3-519686303	bordeaux service	13 R Du Chai Des Farines, Bordeaux, Gironde	France
S3-221409448	Coles Ace Family Practice	#4633 Clarendon Ave, Phoenix, Arizona	US
S3-853001498	Rajendra & Sdon Private Limited	H. No. 6-3-596/103, Hyderbad, Naveen Nagar, తెలంగాణ	India
S3-942062993	LLC Grand Automation Bránds Highland	2512 Rocky River Drive, Cleveland, Ohio	US
S3-976632560	Bagwe Grc Exports  Limited	H.no 78 Hanuman Nagar New Punaichak, NULL, Rajbanshi Nagar, Patna, बिहार	India
S3-707450991	Lyrawex	B/601, Bombay, Mumbai City, MH	India
S3-225956709	Modern Liberty	7034 Oregon Avenue, Washington, District of Columbia	US
S3-965568803	Gray and Grenaham	357 1/2 Locust Grove Rd, Shelbyville, Kentucky	US
S3-840069224	Luna Inc Center		US
S3-999782951	Nmc Co Trust Memorial	H.no 53, South West Delhi, West Delhi, दिल्ली	India
S3-975519763	Congregation Synagogue & Co		US
S3-169599073	Établissements Dûtilisation SARL	(15) R. Du Comptoir Linier, Dunkerque	France
S3-56667713	Te & Frères	26 Rue Royer, Dunkerque, Hauts-de-France	France
S3-943437723	SAS Trans Collectif	182 Passage De La Chataigneraie, Dunkerque, Hauts-de-France	France
S3-413843745	Institut Saint Robert	N° 24 Rue Jules Simon, Nantes, Pays de la Loire	France
S3-69486827	శివా ఇంజనీరింగ్ ప్రైవేట్ లిమిటెడ్	5-101/1, Vivekananda Nagar Colony, Tirumalagiri, Hyderabad, Andhra Pradesh	India
S3-446873499	mishkatransport.com	Door No 360 Vill-genaur, Tola-genaur Panch-nahas, Rupauli North, Block-bisfi, Dist-madhubani, Benipatti, Madhubani, BR	India
S3-486296622	Calais [Ehpad]	92 Boulevard Leon Gambetta, Calais, Hauts-de-France	France
S3-129322670	Nantes EURL Services	No 9 Av. Emile Bardoult, Nantes, Pays de la Loire	France
S3-462297154	First Agro Private Ltd		India
S3-1025154	Deleon's Crystal Barbershop Corp	Tennessee, 4162 Southwyck Ln, Memphis	US
S3-248912198	Flamengo Section Distribution SAS	No 13 R. Homère, Pessac	France
S3-723390210	Institut dé la Education	7 Allée Jean Mace, Mérignac, Gironde	France
S3-610181981	Grandes (Frânce) Amicale SASU	131 R. Magnesia, Calais, Pas-de-Calais	France
S3-767248811	LLC F & U Sprie	1446 Sheyenne Park Court, West Fargo, North Dakota	US
S3-730176922	Big Ice Créam	91 Sumner Ave, Springfield, Massachusetts	US
S3-970380700	La Teste-de-Buch Ecole EURL	1332 Avenue Du Parc Des Expositions, La Teste-de-buch	France
S3-611811530	EHPAD du Laurent SARL	9 Bis Rue Du Virolois, Tourcoing	France
S3-662757812	KPR & CO	New Delhi, दिल्ली, South Delhi, Hn 00423 B-6/48, Upper Ground Floor Safdarjung Enclave	India
S3-20850965	Sas éducatif & Fils	Bordeaux, # 121 Rue Berruer	France
S3-711206791	Rocha Piedmont Safe  Partners East Corporation	1760 Larkin Williams Road, Fenton, Missouri	US
S3-749637229	Rizavantage Sys aka Association du Boule	140 Avenue du Général Leclerc, Pessac, Nouvelle-Aquitaine	France
S3-549339064	Eye Partners [Inc.]		US
S3-573275824	RFZ  Estate Private Limited	No 51/2 Gokhalae Hall Street, Sivaganga, தமிழ்நாடு	India
S3-129144911	Lenseignement Bds Amis S.A.	007 Rue Chirles Bataille, Nantes, Loire-Atlantique	France
S3-514729946	Attitudemusique.Com	N° 91 Bd De La Moelle, Lille, Nord	France
S3-436506574	Enormous-Stone	#13, Morena, MP	India
S3-740604930	Financement Federation SARL	45 R. Du Chemin Vert, Roubaix	France
S3-524551161	Premier Estate Priave Limited		India
S3-663338006	ES	35 Boulevard Saint Aignan, Nantes, Loire-Atlantique	France
S3-273970144	Ltd Silver Pvt Services	No.4 & 5, 5Th Cross, Old Bank Colony, Konanakunte, Bangalore, KA	India
S3-266471159	Wise  Vidyalaya Infratech Corporation	Thrissur, KL, Mukundapuram, Door No 16/289F	India
S3-847942554	memoria1 charities llc	Illinois, South Elgin, 30 Sandstone Court	US
S3-570160883	Strickland's Cleaning Valley Service	PO Box 7250, Marble City, Oklahoma, 98502 4611 Rd	US
S3-318526304	Holy Builders Private		India
S3-829793046	SCI Merkaz Cultcurdflle	30 Avenue Des Pétrels, Nantes, Loire-Atlantique	France
S3-49818110	Roex Highland [LLC]	Rotan, 863 611, Texas	US
S3-807306252	GF	10 Allée Des Grèbes, La Baule-Escoublac, Loire-Atlantique	France
S3-64085175	Keloarc t/a Womens Health Medicine L.L.C.	2192 High Lakes Loop, Bend, OR	US
S3-275677961	Morton Hóspitality LLC	6 Jefferson Rd, Wakefield, Massachusetts	US
S3-555898342	Sri Ace It Pvmangte Limited	H.no 122-128 Nawab Yusuf Roadcivil Lines Allahabad, Utter Pradesh, Allahabad, उत्तर प्रदेश	India
S3-41561021	Mohan Computer	Door No 81 131-156, Trivandrum, KL	India
S3-75120234	Freudenburg Lógistics	184 1/2 Reserve Court, Elizaethtown, Kentucky	US
S3-847225802	SAINT-HERBLAIN COMPAGNIE	6 Avenue Charles Nicolle, Saint-herblain, Pays de la Loire	France
S3-858643837	... Bryna G. Hówell, P.A.	6109 University Ave, Cedar Falls, Iowa	US
S3-651679456	Sri silverfoodcom	O/o M/s Paul Abrao & Sonssubramanian Road Willingdon Island, Cochin, KL	India
S3-708382735	IFC	Bordeaux, 32 R Du Haillan	France
S3-533049227	Ventures Vmr Properties Limited	44 Ahilya Nagar Extension, Scheme Number 97 Part 4, Main Service Road, Indore Region, Indore, MP	India
S3-770104787	Nantes Residence-E.I.	# 264 Rte De Vertou, Nantes, Loire-Atlantique	France
S3-805936143	Riia Group	Texas, Muenster, 09 1st St	US
S3-740986839	Comité des Onane	1 R. Fredrric Combemale, Lille, Hauts-de-France	France
S3-40082463	Best  Consultants Limited	No 17/29, Gurugram, Gurgaon, HR	India
S3-446661514	Maison çatch SAS		France
S3-433376363	Jams Díamond Pvt Ltd	Plot 761 Sr. No. 141/2, Morvi, ગુજરાત, Halvad Road, B/h Phc Ghuntu, Rajkot	India
S3-331260106	Larche &  Cie SARL	R Sainte Catherine, Bordeaux, Gironde	France
S3-93550784	Troupe & Cie S.A.	#11 Rue Thiers, Lille, Nord	France
S3-362667485	CLERY JEUNES INTERNATIONAL	64 Rue Jean Saint-mrc, La Teste De Buch, Gironde	France
S3-69630257	Life Tech Pvt Ltd	Plot 40 Plot No -58 Industrial Area Phase 7, Panchkula, HR	India
S3-730281068	Apollo Infosystems Private (Ltd)	H-0749, Republic Of Whitefield, Divyasree Techpark, Epip Zone, Bangalore, ಕರ್ನಾಟಕ	India
S3-691302461	Bengaluru  Center	Door No 120-A3 Epip Layout Shantiniketan/f6, Bengaluru, Bangalore, KA	India
S3-401764732	Co Evo &	Block F-7-201 Sh - 007 Ashley Garden Chs.ltd., Beverley Park, Nr. Gaurav Residency Mira Road East, Thane, MH, Thane	India
S3-770741440	Schumacher Royal Frseenius Inc	Arizona, Surprise, 17692 Wildwood Saint, PO Box 1402	US
S3-662999248	Phoceen Mâison SA	68 Ave Atlantique Cap Ferret, Lege Cap Ferret, Nouvelle-Aquitaine	France
S3-986960682	Catholique Creatifs Ecole SA	1 R. Jules Guese, Lille	France
S3-958502340	Korlyra	1727 Piam Circle, Coolidge, Arizona	US
S3-452208026	Club des Communale	47 Bis R. Du Plessis Tison, Nantes	France
S3-291503191	royalmarinelaboratories.com	2015-2019 Morrison Street, Kokomo, Indiana	US
S3-5511047	Vijaya Care Pvt	245, Bangalore, 27Th Main, Sector 2 Somsundrapalya, Hsr Layout, Bangalore, Bangalore, KA	India
S3-364463776	AB	63 Rue Saint-louis, Roubaix, Nord	France
S3-404924888	Amoureux Comite SA	19 Avenue Perre Ceresole, Pessac, Nouvelle-Aquitaine	France
S3-316619020	Bangalore Securities Pitiiite Limited		India
S3-896498600	(India) Srl (Products)	Block C-723 256, Ii Floor, Plot No 4, Dda Community Centre Sector 14, North Delhi, Rohini, दिल्ली	India
S3-36070527	West Group Center	110 Goldcrest Ln, Bozeman, Montana	US
S3-263780780	One C0nstructions Pharmacy Private	A-17, F.n.g Vihar, Block-g, C-1, Vill-garhi, Gautam Buddha Nagar, UP	India
S3-168166433	GIONO SECTION EURL	14 R. Sante Garibaldi, Nouvelle-Aquitaine, Bordeaux	France
S3-106169709	Nantes Amis SARL	16 Bd. Emile Romanet, Nantes	France
S3-6449060	Paper India (LLP)	114, 'M' Square, B/h. City Centre, Nr. Swastik Cross Roads, Ahmedabad, Navrangpura, GJ	India
S3-408557189	Arcmiraumbra	15 Route De Vertou, Nantes, Pays de la Loire	France
S3-766555456	-- Bangalore Sreimse Overseas Company	7, Bangalore, KA	India
S3-431859618	Galaxy Consulting  Private Limited	Gc 37, Rcms Complex, Rourkela, Lathikata, Sundergarh, OD	India
S3-464866234	Nylaecto	# 1 Impasse Charles Trenet, Saint-Herblain, Pays de la Loire	France
S3-856781791	Downtown Távern		US
S3-154133575	Nmc Memorial [Trust]		India
S3-541299392	Stuart Farms Partners	Indiana, Newburgh, 5223 Shenandoah Avenue	US
S3-866653627	JARDINS UNION SARL	18 Bis Rue De Valmy, Palais Des Beaux-arts De Lille, Lille, Hauts-de-France	France
S3-529674186	LLC Rockhold, Bracey And Cabbon	2455 League City Parkway, League City, Texas	US
S3-180638214	QVW Syndicate Prla Limited	Unit No.1107, 10Th Floor, Vasavi Mpm Grand, 11Th Level, Beside Metro Station, Yellareddyguda, Ameerpet, Khairatabad, Hyderabad, తెలంగాణ	India
S3-318031597	Club Des Communale Holding (SARL)	68 Bis R. Du Plessis Tison, Nantes, Loire-Atlantique	France
S3-230007597	nxydiagnostic.com	D.no.b3/49-34-3c, Flat No.501, Sumukaiyla Apartment, N.g.g.o Colony, Akkayapalem, Visakhapatnam, Vishakhapatnam, AP	India
S3-384267852	Anupama Academy Enterprises Private (Limited)	0189-B, Maker Tower E, 18Th Floor, Cuffe Parade, Mumbai, MH	India
S3-813779098	Établissements Happy (SNC)	No. 4 Impasse Des Galips, Lège Cap Ferret, Gironde	France
S3-819204798	శ్రీ టెక్నాలజీస్ ఎల్‌ఎల్‌పీ	Flat No.608, Hyderabad, TG	India
S3-976725173	EA Tandon Public Limited	H.no ##789 122, Gurgaon, HR	India
S3-399128544	3958 [Third]	1200 Carlos Dr, # 232, Raleigh, North Carolina	US
S3-653139416	Caloevo	13 Rue du Chêne Lasse, Saint-Herblain, Pays de la Loire	France
S3-819382214	Pharmacie de la Source	22 - Rue De L'hermitage, Bordeaux, Gironde	France
S3-715102759	Clinique Jean Groupe	4 Impasse Du Clos De Maugis, La Teste-de-buch, Gironde	France
S3-370972658	@Enormousstone	Survey No 13, Opposite Gwalior Dugdh Sangh, Village Vijaypura, Industrial Area Banmore, Morena, MP	India
S3-537009937	Pediatric Buffalo of Clinic LLC	1029 Elmwood Avenue, Buffalo, New York	US
S3-848826352	Coin Ventures Enterprises	No 38 Msb Mansion, Building No. Tmc-22/406(tmc-15/119-1) 7Th Mile, Kuttikkol, Taliparamba, Kannur, KL	India
S3-257430897	Jaxrizamira	5123 Curzon Avenue, Fort Worth, Texas	US
S3-216824057	BX Club SAS	No 56 Av Emile Counord, Appt 232, Bordeaux	France
S3-729183525	Perfect  Trading		India
S3-144164840	Pyravantagesol	44 Rue Léon Crépy, Hauts-de-France, Lille	France
S3-610611680	INSTITUT IP	70 R Jean Baptiste Notte, Roubaix, Hauts-de-France	France
S3-404235331	Swastik Exports Provision Limited  Partners	WB, Guma-chowmatha(distt-24pgs(n)), R5-12 & 22, 1St Floor Akra Road, S A Froquie Road Metiabruz, Kolkata, Howrah	India
S3-136718716	ÉPA	1 Boulevard Gambetta, Roubaix, Hauts-de-France	France
S3-898186825	Classic Developers Private Ltd Enterprises		India
S3-829074738	The Pub Dent Westgate LLC	47 Thurston Road, Newton UPPE Falls, Massachusetts	US
S3-878957766	Club YY SA	2 Rue Edouard Vaillant, Lille, Nord	France
S3-567539703	Association du  Boule Développement	142 Avenue Du Général Leclerc, Pessac, Nouvelle-Aquitaine	France
S3-72832244	Main Street Barbershop Co	Middletown, 21 Washington Street, Maryland	US
S3-535417573	Xyloarc	1011, Gurgaon, HR	India
S3-319330826	Mora Champ, DMD, M.D., Inc	Brgihton CDP, Massachusetts, 7 Duncklee Street	US
S3-873900981	Housing Brothers Private	#132, Om Shubham Plaza, Sector-16, Faridabad, Huda Market, HR	India
S3-274296132	coastal software l.l.c.	Bismarck, 4002 Kites Ln, North Dakota	US
S3-463752463	École maternelle-la Joseph	Pessac, 182 184 Av Du Docteur Nancel Penard, Appart B15 Residence Coeur Des Vignes, Nouvelle-Aquitaine	France
S3-222195186	Jai Impex Automobiles Private Limited	S.no.67/17, Bhiwandi, Thane, MH	India
S3-802048928	Bureau of Public (Works)	448834. 965 Terrace, Vian, Oklahoma	US
S3-140631077	Établissements Reagir Développement SARL	N°37 R. Constant Guillou, Pornic, Loire-Atlantique	France
S3-112829978	Orbizephdelta	968 Rue Henri Dunant, Dunkerque, Hauts-de-France	France
S3-114729101	mclaughlin & jeffries llc	Ohio, 20 Fanshell Dr, Plain City	US
S3-792614989	Ryan  Safe	Twelfth St, London, Kentucky	US
S3-209814533	Vijay Healthcare Prvalcte Limited	#3437, Nagpur, MH	India
S3-580129914	Bureau Bureau of Health		US
S3-17751556	Crystal  Empire		US
S3-27901521	Digital Cónsultants Private Limited	C/o M Bapu Rao 1-2 Sunkidi Talamadugu, Adilabad, తెలంగాణ	India
S3-771831075	Bhumika & Co	C-#55/c-1 G/f Kh No-396/2 Gali No-1 Bhajanpura Delhi, Faridabad, North East, DL	India
S3-557573643	સ્ટાર ગ્લોબલ પ્રાઇવેટ લિમિટેડ	S-7-3 K.p.vill, Gokuldham Vill. Santhal, Sanand, Ahmedabad, GJ	India
S3-34021331	Quartier Mozaique Musique SARL	(25) R. De Courchelettes, Nord, Dunkerque	France
S3-78893097	Marketing	A2302 Privlon, Behind Iscon Temple, Bopal-Ambli Road, S.G. Highway, Bodakdev, Ahmedabad, Gujarat, Ahmadabad City, Ahmedabad, Gujarat	India
S3-951525094	hammond federal taiwan inc		US
S3-591173210	Jacques Institut International	69 R. Du Grand Maurian, Bordeaux	France
S3-79473379	Galleria  Technology Public Ltd	P-8 Itc Colony Po Kankarbagh, Patna, BR	India
S3-334967413	Dental Siibgr Group Group		US
S3-885117834	bordeauxgroupesarl.com	N°16 Rue Edmond Labasse, Bordeaux, Gironde	France
S3-147321881	Merkaz Culturelle S.A.R.L.	# 23 Ave Des Pétrels, Nantes, Pays de la Loire	France
S3-205239334	MC Green		US
S3-511225946	Daugherty, Hashemi & Beltran Center	21047 County Road 3350, Wynnewood CDP, Oklahoma	US
S3-155119446	Nylakor	Pays de la Loire, 26 La Berthauderie, Pornic	France
S3-431357349	Veraarciri dba Comité du Pole	4 Impasse des Lavandieres, Pornic, Pays de la Loire	France
S3-730695292	ROYAL ECOLE SCI		France
S3-831172855	Shri Deepshikha Denim Private Limited	At- Barauni-5 Po- Barauni Deorhi Ps- Phulwaria, Begusarai, Barauni, बिहार	India
S3-85146790	जय इम्पेक्स प्रोविजन प्राइवेट लिमिटेड	S.no.67/17, Bhiwandi, Thane, MH	India
S3-527095783	Montari Energetics (L.L.C.)	609 Mclane Street, Osceola, Iowa	US
S3-848710188	Texel Multiverse Private Ltd	Plot 615 C-7/8 Model Town-iii, Delhi, DL	India
S3-640161252	1482broadwaystreet.com	##406 3rd Avenue, Hettinger, North Dakota	US
S3-644975478	Center Silver Inc	3251 Mountain Road, Virginia, Haymarket	US
S3-826994135	BYH  LLC Center	##266 Shadowbrooke, TROY, Illinois	US
S3-181772760	Loco Loisirs EURL	74 H Rue De La Pomme D'or, Calais, Hauts-de-France	France
S3-341084367	Eason-Cion LLC	Indiana, 29451 New Fawn Trail, Elkhart	US
S3-296195128	Big Honpesis!	607 Arlington Avenue, PO Box 5251, Springfield CITY, Ohio	US
S3-649290552	Lumieres Club	328 E Avenue Antoine De Saint Exupéry, Hauts-de-France, Calais	France
S3-692827650	Bordeaux Parents SAS	35 Rue Rabot, Bordeaux, Nouvelle-Aquitaine	France
S3-638816202	établissements Dutilisation Développement S.A.R.L.	20 R Du Comptoir Linier, Dunkerque, Hauts-de-France	France
S3-465706145	Tavoavi	024 Av Gustave Delory, Roubaix, Hauts-de-France	France
S3-793693162	FL	52 Boulevard De Belfort, Lille, Nord	France
S3-497011739	Dental Silver Health Inc.	13 Mary St, Watertown, Wisconsin	US
S3-972467897	Baldridge-Holding Company	1235 Harmons Fery Rd, Calhoun, Kentucky	US
S3-426612929	Kv Healthcare L.L.P.	A/19 A, Indraprasth, Behind C K Prajapati School, Laxmipura, Vadodara, Vadodara, GJ	India
S3-533077627	Titan L.L.C.	#36 Briscoe Ave, Buffalo, New York	US
S3-117029643	Saint-Nazaire Ecole E.U.R.L.	4 Rue Des Mouettes, St-nazaire, Loire-Atlantique	France
S3-55805070	Bel Sportive Développement SARL	560 Av Des Nations Unces, Esaat, Roubaix, Hauts-de-France	France
S3-737070320	Lille Club Sàrl	0 L3 Rue Pierre De Geyter, Lille	France
S3-850942132	city technologies private limited limited		India
S3-471265835	YN FINANCE LTD	76/77, Ludhiana, PB	India
S3-294595813	MOUNTAIN VANGUARD ENGINEERING GROUP	530 Shelton Beach Rd, Saraland, Alabama	US
S3-153667534	Evokoraria	Belgaum, Udyambag, Plot No. B - 25, Karnataka, Survey No. 329, Khanapur Road, Majgaon Cross	India
S3-595040734	Dovanex dba First Network Dynamics	11766 77th Avenue E, Bixby, OK	US
S3-367185933	EYE PARTNERS INC Enterprises		US
S3-591501717	Ekstrom Financial	Fairbbanks CITY, Alaska, 1603 Chena Ridge Road	US
S3-300892129	asset building council	5436 Lockwood Road, New York, Aubrn	US
S3-65080780	CMES TRÁDERS PRIVATE LIMITED	Plot No. R-677, Rabale, MH, Navi Mumbai	India
S3-47980304	Monster Çlub SARL	# 8 Avenue De La Forat, La Teste-de-buch, Nouvelle-Aquitaine	France
S3-2173524	Bartram Osprey Llc	Wisconsin, Town Of Spring Grove, W551 Hoosier Rd	US
S3-967667104	Centre Hospitalier Pierre  SA	230 Av Alfred Motte, Roubaix, Hauts-de-France	France
S3-941359053	Arconyxorbi	8 Rue Alfred de Musset, Saint-Nazaire, Pays de la Loire	France
S3-640193174	Global Care Private Ltd	Ahmedabad, GJ, Ahmedabad, #803 Sears Towrs Gulbai Tekraellisbridge	India
S3-826352864	chang invesco llc	702 Bobwhite Place, Oregon, Philomath	US
S3-6712979	Urology Signature Center, LLC	Fairplay, 08140 Sharpsburg Pike, Maryland	US
S3-482220730	Aditya Hospitality		India
S3-280055602	Linh (Compagnies)	No. 3 All Penelope, Pessac	France
S3-232678057	American Fellowship  L.L.C.	Saco, Maine, 009 Whitten Drive	US
S3-620614230	Ets Dïakha SAS	7 Avenue De La Liberation, Saint-herblain, Pays de la Loire	France
S3-860867766	Titan (Inc)		US
S3-148433165	Miranexarc	9 Rue Achille Testelin, Tourcoing, Hauts-de-France	France
S3-133546019	Parents Sainte Potager	56 Rue Jouffroy, Roubaix	France
S3-444181684	Patterson Systems South Corporation	2410 Mierianne St, Houston, Texas	US
S3-926122031	mcgeefortress.com	Fargo, 30th Ave, North Dakota	US
S3-175385730	Bhugiia & Co Limited	C-#55/c-1 G/f Kh No-396/2 Gali No-1 Bhajanpura Delhi, Faridabad, North East, दिल्ली	India
S3-374067096	Supreme Construction Public Limited	H.no ##118 G.a Pammal Main Road, N/A, Pammal, Chennai, தமிழ்நாடு	India
S3-33802421	Ets Osmoz France  EURL	30 Imp Des Vignes Du Bourg, Nantes	France
S3-124788520	Mr Arihant Care  Limited Service		India
S3-779092597	Eclipse Solutions Industries Private Limited	TG, Door No 27, Hyderabad	India
S3-376010785	White Foods Private  Limited		India
S3-327324087	Lège-Cap-Ferret Comite SASU	9 Rue Des Dattiers, Lège-cap-ferret, Nouvelle-Aquitaine	France
S3-221006826	Femmes SARL Groupe	50 Rue Jean Castandet, La Teste-de-buch, Gironde	France
S3-553975974	SARL Karine Amicale Développement	20 Rue Des Debris St Etienne, Lille	France
S3-178305308	Heed Fóundation (India) Private Ltd	Plot 18 A 703 Karam Hi Dharam Apartments Sector 55 Plot Number 84, Gurgaon, हरियाणा	India
S3-49370719	Sri Venerate Industries Gróup	74/276, 2Nd Floor Vijaya Bank Building, Halsay Road, Kanpur, UP	India
S3-365096199	Clout Tracon Private Ltd	BR, Dinapur-cum-khagaul, 1St Floor, Dinapur	India
S3-822664005	EHPAD Pierre Participations SCI	11 Crs D'albret, Bordeaux	France
S3-950215679	Bigway Educational  Society	Plot D/992 207, East Delhi, DL	India
S3-204130482	Developers Godrej Rise Infratech Ltd	KA, Bangalore, 2Nd Floor, 27Th Main Road, Hsr Layout, Sector 2, Opposite T, Bangalore, 121	India
S3-650056313	Ninetta R0, CPA	10944 61st St, # Apartment 717, Tulsa, Oklahoma	US
S3-728214486	Rosales LLC Mozayyx		US
S3-829522244	Gold Global Private Ltd		India
S3-5019403	Patterson Ventures Llc		US
S3-70293889	France Mots Fils SARL	12 Ter Allee Des Reinettes, La Teste-de-Buch, Nouvelle-Aquitaine	France
S3-988348657	private red shivam estate general limited	B/27 Sea Pearl Versova Beach Chs. Seven Bunglows Versova, Andheri (West), Mumbai Ii, Mumbai City, MH	India
S3-991223257	Shri Dsj Star Private	Faridabad, HR, Ground Floor, Block-p, Sector-75, Parklands, Plot No. P1-03, Faridabad	India
S3-963222662	Mishka Holdings Private Limited Center	Door No ##67 Vill-genaur, Tola-genaur Panch-nahas, Rupauli North, Block-bisfi, Dist-madhubani, Madhubani, Darbhnga, BR	India
S3-409634549	albertine n. johnson, d.d.s.		US
S3-901613013	Établissements Generations E.I.	Calais, Hauts-de-France, #83 R Van Grutten	France
S3-442334513	pearsonlake.com	2494 Matchlock Court, Battle Ground, Indiana	US
S3-194373655	Dynamic Power Pvt Ltd	13Nd Floor Thorat Estate1275 Decon Gymkhane, Pune, MH	India
S3-33483534	Smt South  Projects Private Limited	Flat ##110A, Est, Mumbai, MH	India
S3-722492836	sainte lycée groupe	No 28 Avenue Édouard Trabaud, La Baule-Escoublac, Pays de la Loire	France
S3-684702686	Internal Meicidne Creative Associates Corp	120 Castle Pines Dr, Aledo, Texas	US
S3-647930973	UH  Bread	80 Munjoy, Protland, Maine	US
S3-780505894	Distribution Club Bordeaux	Bordeaux, 110 R Mouneyra, Nouvelle-Aquitaine	France
S3-158587906	Retraite Fils SARL France	71 R Lucien Rambotu, Dunkerque, Hauts-de-France	France
S3-485485382	D/C Enterprise	3251 Washington Street, # Unit 1, Wisconsin Rapids, Wisconsin	US
S3-289901714	Creative Industries Pvt Limited		India
S3-87158364	ವೈಟ್ ಪ್ರಾಜೆಕ್ಟ್ಸ್ ಪ್ರೈವೇಟ್ ಲಿಮಿಟೆಡ್	No #1, 18Th Cross, Kanaka Nagar, Rt Nagar Post, Bangalore, ಕರ್ನಾಟಕ	India
S3-65771116	All Rain Partners LP	255 Ptas Rd, Vass, North Carolina	US
S3-136999588	Super1ative Ananya	A-62/a, Plot No.62 S/f, Joshi Colony, Mandawali, East Delhi, दिल्ली	India
S3-265750057	Grace Chapel Lakeside	1659 Ashmont Court, Xenia, Ohio	US
S3-839720538	Hu  Élémentaire SNC	011 Rue De La Barbinais, Nantes	France
S3-124975442	Publique SARL Frères &		France
S3-707114437	Beat-Maternelle	35 Rue Edouard Doyennette, Lille, Nord	France
S3-78588497	Bordeaux Immobiliere	Bordeaux, Gironde, 35 Pl Pey-berland	France
S3-996199908	Black Developers Pritmet Limited		India
S3-294399709	Main Street Massage Highland	32131 Jacket Factory Rd, Moniteau, Missouri	US
S3-973623618	Pediatric Dentistry Piedmont Physicians Coastal Inc	1250 Belmont Ave, Kansas City, Missouri	US
S3-56996782	BAY PIONEER [DEVELOPMENTS]	10 Pembrooke Road, Montgomery, Illinois	US
S3-812721336	Naggin  Healthservices Private Ltd	Hyderabad, 1-12-162/10/S6 Temple Alwal, Hyderabad, Andhra Pradesh	India
S3-961952120	Nylahalo Formerly Brevin Section	15 Allée des Peupliers, Pessac, Nouvelle-Aquitaine	France
S3-588741073	Sri BENCHMARK AGENTS PRIVATE LIMITED	Malapuram, KL, Meppurath Building, Puthiyiruthy Swamipadi, Post Palapetty, Ponnani, Door No 128	India
S3-632468064	Una Compagnie France EURL	Calais, No 5 R. Georges Bizet	France
S3-848650686	Event & Bothers	37/A Shaktikunj Soc Nr Manpasand Centre Bapunagar, Ahmedabad, GJ	India
S3-8275558	White, Johnston And Smith	219 Sun Valley Circle, Sterrett, Alabama	US
S3-371110511	permis union	Dunkerque, 159 R Belle Rade, Hauts-de-France	France
S3-66179851	Saint-Nazaire Comite Enterprises		France
S3-244341257	CAX Çlub	311 Avenue De Dunkerque, Lille	France
S3-209151320	Properties Chit Ventures Pvt  Ltd	H.no #34 Vill - Manasadanga, National Highway - 6 P.o. Bankra, Nibra, Howrah, Kolkata, Howrah, WB	India
S3-211079944	SAS WBE CENTRE	37 R. De La Vigne, Tourcoing, Hauts-de-France	France
S3-278851863	PRIVATE VAAYUIKA METALFAB LIMITED	MP, Gwalior, 092-Shri Keshav Sadan	India
S3-703663048	Clémentcreative.Com	118, Rr Mall (Complex) Bhuktapur, Hyderabad Region, Adilabad, TG	India
S3-202739353	Quolyrabeloio	21 Avenue des Druides, Pays de la Loire, Nantes	France
S3-79348298	Chavez Oliver And Ray Bread	Godfrey, 4922. Seminary Rd, Illinois	US
S3-811678442	Onyxnexmira Labs f/k/a Riia	302 1st Street, Muenster, TX	US
S3-373515387	Autism Assistance [Initiative]		US
S3-231339726	Gym Srotrive	Rue Champlain, Bordeaux	France
S3-147008143	Sapeurs & Cie SAS	68 Rue Maurcie Berteaux, Lille, Hauts-de-France	France
S3-704723086	Urgent Care Atlantic Clinic Co	502 Main St, Wilson, New York	US
S3-141080905	Gti Comite		France
S3-143148785	Demployeurs-EURL Services	Lille, 91 R. Darras, Nord	France
S3-285690446	प्राइम इंडस्ट्रीज स्वीट्स प्राइवेट लिमिटेड	107 Astha Apptt Soc268812 The Crew Bos Cghs Society Sector 1D Gh 50 Imt Manesar, Gurugram, Gurgaon, हरियाणा	India
S3-937637729	Besoft Corporation	30 W Beach Blvd, GULF Shres, Alabama	US
S3-347667481	ராம் இண்டஸ்ட்ரீஸ் லிமிடெட்	Door No.5/3, Plot No.6, 3Rd Cross Street Dr. Seethapathy Nagar Extn, Velachery, Chennai, TN	India
S3-431778990	Fédération  de Departementale	161 Boulevard La Fayetet, Calais	France
S3-556004808	AXP Ltd-Pvt Cares	Door No 113 Tower-tulip, Shankara Residency Omaxe, Jaipur, RJ	India
S3-581576294	Photographie Club  SARL	Allée Blaise Cendrars, St.-nazaire, Pays de la Loire	France
S3-678804603	NEW lNTERNATIONAL PRIVATE LIMITED	207, A Block, Beta Wing, Raheja Towers, 177/10, Anna Salai, Chennai, TN	India
S3-258572861	Partners Piedmont Initiative	0034412 Red Horn Rd, St Ignatius, Montana	US
S3-44810367	Voie-Groupement	Unite Centralisee Dendoscopie, Calais	France
S3-362521210	Morales Valley Cable Ltd	5497 Nc904, Fairmont, North Carolina	US
S3-827106606	Star Global Private Limited Enterprises		India
S3-37252983	Shree Agency	C/o Zakeher P A, Puzhankaraillath House Elinjipra, Canalpalam, KL, Chalakudy, Kochi Region	India
S3-6063278	Dr Ahmedabad  Solutions Private		India
S3-690405326	The Esparza Runway	7917 33rd Street, Rosedale, Maryland	US
S3-642536290	Speck Inc Institutions	139 Kimbell Road, # APT 84, Yukon, Oklahoma	US
S3-175469939	Ss Private Limited Services	Fp150 1708/B, Shreeji Villa Chsl, T H Kataria Marg, Opp Ganga Vihar Hotel Mahim, Mumbai, Mumbai City, MH	India
S3-899955648	ब्राइट एक्सपोर्ट्स प्रा. लि.	South West, DL, Hn 136 E-81 2Nd Floorsaket, South Delhi	India
S3-230566531	Griffith, Jyoti, Center	105 School Street, Springfield, Massachusetts	US
S3-332332461	Soleils Sérvices SAS	44 R Camena D'almeida, Bordeaux, Nouvelle-Aquitaine	France
S3-319851528	Public Hyderabad Foundation Limited	Flat. No. 403, Hyderabad, తెలంగాణ	India
S3-317453896	Bordeaux Culture Enterprises		France
S3-510206781	Ets Decibel France SAS	La Teste-de-buch, Nouvelle-Aquitaine, 41 R. Des Hippocampes	France
S3-805985002	Clinique Jean	4 Imp. Du Clos De Maugis, La Teste De Buch, Gironde	France
S3-563912429	Ye Union Sa	19 R Du Fonteny, Nantes, Loire-Atlantique	France
S3-168169765	yrgsociete.com	Saint-herblain, 3 Impasse Marie Laurencin	France
S3-891259182	Ets Sonorite Sarl	Rue Du Jardin De L Ars, Ecole Simone Veil, Bordeaux, Gironde	France
S3-591461424	Welch + Miller Iron Wórks (Ltd)	659 Wash Woods Way, Bald Head Island, North Carolina	US
S3-622665623	International Engineering (LLP)	T-42, 2Nd Floor, T Block Shukar Bazar, West Delhi, New Delhi, DL	India
S3-110911644	ഹരി കൺസൾട്ടിംഗ് പ്രൈവറ്റ് ലിമിറ്റഡ്	Door No Pmc Xv/786j C Park A M Road Perumbavoor, Ernakulam, Idukki, കേരളം	India
S3-952248387	Mots & Associés		France
S3-155377484	Public Textile India Limited	H.no 16 C 103 Toay Royal Elisium, Plot No 47 Sec2 Karanjade, MH, Panvel, Raigarh(mh)	India
S3-687066625	Glaneuses Sport	20 Rue Frère Louis, Nantes, Pays de la Loire	France
S3-358870845	Van Hospital LLP	G-16, Mumbai, <NULL>, महाराष्ट्र	India
S3-330126165	Nantes Maison EURL	No 11 Avenue Emile Bardoult, Nantes, Loire-Atlantique	France
S3-710033766	Bombay Exports Private	Mig 18., A P Housing Board Medchal, Ranga Reddy (Dist), Secunderabad, Hyderabad, తెలంగాణ	India
S3-717361401	parents de la nm	343 Avenue Antoine De Saint Exupéry, Calais, Hauts-de-France	France
S3-843641495	Bordeaux Amicale SAS	35 R. Feaugas, Bordeaux	France
S3-835736000	jumelage (france) soins sarl	#26 Rue De Tourcoing, Dunkerque, Hauts-de-France	France
S3-128640266	Green India Industries Public Limited	C-50, New Delhi, DL	India
S3-738925897	Pvt XMP Cares Ltd.	Shankara Residency Omaxe, Door No 113 Tower-tulip, Jaipur, RJ	India
S3-480611363	Intercommunale  Federation SARL		France
S3-445234653	Cornerstone Chemical-Collective	3011c Wade Rd, Durham, North Carolina	US
S3-153424262	सन फूड्स प्राइवेट लिमिटेड	DL, Door No 1004, North West, Delhi	India
S3-184321996	Dora Cannon Arch L.L.C.	7727 Maple Rd, Baldwinsville, New York	US
S3-111192467	Bike Dftt The [Shop]	103 Tallman Saint, Wildrose, North Dakota	US
S3-510509144	Storm's Clean Media	428 Bluff Meadow Dr, Ballwin CIYT, Missouri	US
S3-117009124	Proify LLC Center	Alabama, 518 Stoneybrook Lane, Leeds	US
S3-535462331	Smt Clout Tracon	#1St Floor, Patna, BR	India
S3-149754797	Urgent Care Complete	8341 Amberly Cort, Tinley Park, Illinois	US
S3-737183660	Silver Silver Enterprises Pvt		India
S3-676451438	Athletique Conseil Sarl	002 R. Hector Malot, Saint-herblain	France
S3-209821724	Premier Estate प्राइवेट लिमिटेड		India
S3-588868336	Sauvetage Élémentaire SNC	No 290 Chemin Du Banc Vert, Dunkerque, Nord	France
S3-805539538	Maison Stephane	329 Rue Pierre Legrand, Lille, Nord	France
S3-835105798	Faith (France) Club	1839 Rue Du Banc Vert, Dunkerque	France
S3-603446356	santez & frères sarl	# 49 Rte. De Saint Pere En Retz, Pornic	France
S3-975928531	Shyam Industries Limited	5B Madhab Chatterjee Street, Howrah, Barasat, WB	India
S3-276378357	motosocietesarl.com	Pornic, N° 22 R. De La Dette	France
S3-10992279	Établissements Arts		France
S3-7823328	Dynamic &	(249) Rue Sainte-cathecine, Gironde, Bordeaux	France
S3-664990183	Nbn Medical	16A Everest House46c J L Nehru Road, Kolkata, N/A, WB	India
S3-1775392	Llc Moye & Bolan Developments	778 Arbury Ave, North Canton, Ohio	US
S3-666273033	EHPAD Saint Media SCI		France
S3-606868932	Black Developers Pvt Ltd	New Delhi, DL, M-89-a & B Fourth Floor Malviya Nagar, New Delhi	India
S3-874180316	4351 Madison St Partners Midtown Corporation	53 Oak Point Road, Hammond, New York	US
S3-879455186	Abney and Crum Meridian, Inc (ID: 53433)	37A Baker Drive, Glen Dale, West Virginia	US
S3-584029892	Behavioral	AL, Theodore, 6638 Lake Helen Drive	US
S3-13560884	Chavez, Oliver and Ray Bread LLC Uptown	4933 Seminary Rd, Alton, Illinois	US
S3-548501419	Zetaflux F/K/A Shree International School	C/O Soumik Laha, Shripur, Hugli, Goghat-Ii, Hooghly, West Bengal	India
S3-129870868	Fluxevo doing business as Ujjwala Trading Limited	Kh No-22/12, 22/13, Plot.25/2, B-2/671, North East Delhi, Delhi	India
S3-14284805	Pole Ecole SARL	Pornic, 01 Rue Du Prot	France
S3-475558378	Ecolefrancais.Com	230 Boulevrad Gambetta, Roubaix	France
S3-702666218	d.d.s. n. johnson, albertine	515 Ninth Saint, Clarksville, Tennessee	US
S3-487589351	HSB Cleaning Industries Private Limited	230/A, A.j.c.bose Road, 9Th Floor, Kolkata, Howrah, WB	India
S3-935298617	SHREE SANGH LLP		India
S3-187610876	Mard Residence SCI	113 Rue Note Dame, Bordeaux, Nouvelle-Aquitaine	France
S3-26243171	maison deleves sarl	Rue Maurice Marinot, Calais	France
S3-628063099	Pediatric Dental Physicians  Corporation Trading		US
S3-179303932	Brixgild Labs	184-B, 18Th Flr, Maker Tower, E Cuffe Parade, Mumbai, Maharashtra	India
S3-440747969	Pharmacie Inteicommunale		France
S3-358997317	Ear Nose & Throat Physicians of Nectar Eastgate L.L.C.	0099 Old Walker Rd, Nectar, Alabama	US
S3-126488669	HI Bhatt (Pvt.) (Pvt.)	C-00147, Midc Butibori, Nagpur, MH	India
S3-189544559	41 Ecole SARL	137 R Ma Campange, Roubaix	France
S3-250462638	Teitelbaum, Park and Santana Cal LLC	14638 42rd Pl, Yuma Foothills, Arizona	US
S3-660545740	Sri Base  Trading LLP	H.no 798 11/36, Dindigul, TN	India
S3-907003800	Clinique Saint Visite EURL	#61 Rue De Lyon, Lille	France
S3-559720223	Inc HH Gás	3862 Wake Circle, Norfolk City, Virginia	US
S3-539500733	Best Global Private Ltd		India
S3-284268349	Prabha Traders  Pvt. Ltd.	8-3, Howrah, Kolkata, WB	India
S3-78672684	Innovative Rencewnbdle	2816 Shartle Saint, PO Box 6385, Middletown, Ohio	US
S3-922235897	EHPAD Laurent SCI		France
S3-746267484	Belonexhalo DBA Superior Hospitality Services LLC	1206 Grandview Avenue, Ojai, CA	US
S3-857025569	Maia'S [Cléan-Transport]	5417 Vern Holmes Dr, Stevens Point, Wisconsin	US
S3-594264595	Caldan  Center	425 Sweetheart Dr Dr, Rogersville, Missouri	US
S3-809126103	Francais Elementaire SAS	(234) Bulevard Gambetta, Roubaix, Nord	France
S3-165422836	Maison Cercle	15 Rue Sainte Catherine, Lege Cap Ferret	France
S3-783990837	Viozeta+ aka Freudenburg Logistics	184 Reserve Court, Elizabethtown, KY	US
S3-596960331	Martinez Materials Greater	Chicago, 1016 Belden Avenue, Illinois, null	US
S3-710437132	Belobrixkelo	D-11/42 Sector-8, Rohini, North West, Delhi	India
S3-715401063	Straight Edge	0255 Stream Road, PO Box 463, Bennington, Vermont	US
S3-300102275	École primaire Saint Lassociation Distribution	65 Allée Des Peupliers, Bordeaux	France
S3-302200581	big studio hair	15 Commercial St, Baath, Maine	US
S3-383877125	White Projects	No. 1, Bangalore, Karnataka, Bangalore, 18Th Cross, Kanaka Nagar, Rt Nagar Post	India
S3-627266243	(Inc) Pearson Htldig,	519 Cynwyd Cir, Lower Merion Township, Pennsylvania	US
S3-734149243	Teamsters Union Local No 590 Center Inc	19839 Forest Road, Unit Unit 202, Fores LAKE, Minnesota	US
S3-444139062	Royans Fetes Holding	# 8 R De La Passerelle, Calais, Pas-de-Calais	France
S3-464469947	Promotion Sotr EURL	77bis Rue Edison, Nantes, Loire-Atlantique	France
S3-123215356	Pediatric Group [Service]	1011 Minnette Cir, null, New Bern, North Carolina	US
S3-725075817	Ear Nose & Throat Empire Medicine Partners Corp	Burlington, Massachusetts, 62 Skilton Ln	US
S3-419719012	Sportive dù Nicolas	N° 29 R. Leon Blum, Roubaix	France
S3-287278539	Supreme Technologies Private [Limited]		India
S3-963325038	Lille-Maison SARL	#27 Rue Jean Bart, Maison Des Associations, Lille, Hauts-de-France	France
S3-577236427	क्लासिक मैनेजमेंट मेडिकल्स	166 A Thikakeravadi Thikekaravadi Junnar, Pune, MH	India
S3-905081303	VV Lycee	78 Ter Rue Du Jsrd, Mérignac	France
S3-243047112	Calais  Ehpad SARL		France
S3-193812169	Music (France) Anciens	Rue Du Stadn De Tir, Roubaix, Nord	France
S3-107633354	Amicale des Eleves	101 Avenue Pasteur, Pessac, Nouvelle-Aquitaine	France
S3-122215127	Zetavio	#997 D-29, Rear Lgf Jungpura Extn., New Delhi, South Delhi, दिल्ली	India
S3-474246306	Northern-Cardiology	Rogers Avenue, Fort Smith, Arkansas	US
S3-651688183	Cto-Park Private	C-501, Supreme Signature Chs, Union Park, Wadhavali, Mumbai, MH	India
S3-178000561	maison global participations sas	28 Rue De Bréa, Bp 42117, Nantes, Pays de la Loire	France
S3-759352708	Cmes Traders Private [[Limited]]	महाराष्ट्र, Navi Mumbai, Rabale, Plot No. R-677	India
S3-772660161	ISP Ctdghe Distribution EI	5 Av De L'alcyon, Nantes, Pays de la Loire	France
S3-612341796	EURL New (Foran)e Amicale	0015 Avenue Des Ormes, La Baule-Escoublac	France
S3-815630532	Synzeta	50 Rue Championnet, Lille, Hauts-de-France	France
S3-311465689	Maa Agro Private	F-81, Noida, Gautam Buddha Nagar, UP	India
S3-208971273	98 Comite (France) International SAS	13 Allée De Montréal, Pessac, Nouvelle-Aquitaine	France
S3-847248783	Pvt. Pune H0me Ltd.	D C Chambers 3Rd Flooropp K S B Pumps Ltd Pimpri, Pune, Poona, महाराष्ट्र	India
S3-25712806	Private RAM FOOD Limited	11T4 And 11T1, Road 13, Block 11, Zone 1, Sez-pa, Gandhi Nagar, Gandhinagar, GJ	India
S3-176523379	XK Media Private Limited	S.no 028/10 Vishal Nagar, Pune, MH	India
S3-238059093	REB-Conruslatncy LLP	House No C-542 1St Floor, Shahbad Daulatpur, Khatu, Delhi, North West Delhi, DL	India
S3-864657920	Precise Advisors Industries	No 54 Natunpally, Morepukur Near Bharti Sangh Club, Fair Price Shop, Hooghly, WB	India
S3-926565803	Union Am des	9 Impasse Des Truquets, Lege-cap-ferret	France
S3-652475313	Nmc Memorial-Trust Limited	H.no 54, New Delhi, South West Delhi, DL	India
S3-475788687	Limited Goenka Foyud Enterprises	##951, Pandikasala Malayil House, Kozhikode, കേരളം	India
S3-579859939	New Delhi Enterprises Co		India
S3-855761908	YY Restauration SA		France
S3-26882053	Agence Ecole Distribution	29 Bis Rue Paul Wante, Roubaix, Hauts-de-France	France
S3-237187323	Family Ashocihatidon	1018 Woodland Park Drive, Iowa, West Des Moines	US
S3-966320052	Nan Moose Bright Circle Partners	342 Cave Run Lake Rd, # 84, Salt Lick, Kentucky	US
S3-257265568	Accueil Amis France SAS	219 Rue Du Four À Chaux, Calais	France
S3-72865203	école Primaire Paul Enterprises		France
S3-398219058	Ets Zero E.I.	5 Rue Emile-antoine Bourdelle, Mérignac, Nouvelle-Aquitaine	France
S3-711784099	Tech  Glla Limited	Ground Floor B3/7 Raheja Centre214 Nariman Point, Mumbai, महाराष्ट्र	India
S3-940909761	Dr Mukund  Trading Limited	No G-70/b, 3Rd Floor, Baba, Saheb Colony, 15Th Main, Bangalore, ಕರ್ನಾಟಕ	India
S3-69635300	Valley Northern		US
S3-217321673	Établissements Djs SAS & Associés	22 Rue Maisdon Pajot, Nantes	France
S3-61340296	Sanjay Brothers Ltd	C-204 Rohan Lehar Society Baner, Pune, Baner-pune, MH	India
S3-779570905	Galleria Technology Públic Limited	P-8 Itc Colony Po Kankarbagh, Patna, BR	India
S3-698921043	Savante  & Fils	10 Av Jany, Nantes, Pays de la Loire	France
S3-631677423	Deco Cinoie Distribution	Tourcoing, Hauts-de-France, 99 Rue Des Martyrs	France
S3-155817255	Greater Brothers Pvt Ltd Services		India
S3-42297035	Godbee and Sawyer Liberty Holdings	61-53 82 Street, Middle Village, New York	US
S3-721813938	Calais Sportive	Calais	France
S3-16783637	Titan Corp	#36 Briscoe Ave, # Apartment 1, Buffalo, New York	US
S3-767148741	Limited Mentors Private Partners	Drno 193H, Western Region Coimbatore, Erode, தமிழ்நாடு	India
S3-661242408	By Bella Service	28 Rue Des Pavillons, Nantes, Loire-Atlantique	France
S3-895175513	Nantes Amis	16 Boulevard Emile Romanet, Nantes	France
S3-616653023	Schmidt Inc Third		US
S3-660516207	Tavosyn	61st Street, Unit Apartment 717, Tulsa, Oklahoma	US
S3-13265703	Mg Club Sarl	N° 34 Route De Bordeaux, Lège-cap-ferret	France
S3-45903187	Dr envir0nmentindiatopflowcom	#D/53/A Daihitta Road, P.o-khagra, Berhampore, Berhampore, Murshidabad, পশ্চিমবঙ্গ	India
S3-703540237	LA BAULE-ESCOUBLAC FETES	19 Avenue Raymond Lalande, La Baule-escoublac, Pays de la Loire	France
S3-131014982	U+ Íii LLC	1334 Main Street, Evanston, Illinois	US
S3-954150432	Lucky Auto Body Inc. Center	0218 Selby Ranch Rd, # APT 3, Sacramento, California	US
S3-844865548	Street Maternelle SARL	67 Ch Des Mules, La Baule-escoublac	France
S3-739258186	JFY Comite SCI	62 Avenue De La Manre, Mérignac, Gironde	France
S3-692056242	All Téchnologies LLP	Anchorage, Vishakhapatnam, AP	India
S3-123046350	Veradova née PDI Amicale SARL	10 Allée des Tennis Grand Piquey, Lège-Cap-Ferret, Nouvelle-Aquitaine	France
S3-884429637	Wagner Learning Center Holdings	9173 101, Sunman, Indiana	US
S3-298480518	Golden Investment LLP	51 Block-a, 11Th Floor, F-1112, Titanium Business Park, Nr Makarba Railway Crossing, Bh Divya Bhaskar Press, Ahmedabad, Ahmedabad, Ahmadabad City, GJ	India
S3-542384349	Mérignac Maternelle SARL		France
S3-72160283	SE	54 R Albert Calmette, Tourcoing, Hauts-de-France	France
S3-787109	Creative Dbigimtal Group	Naperville, 949 Erb Farm Lane, Illinois	US
S3-268339783	Twisted Bistro Services	280 Church Street, Heppner, Oregon	US
S3-184688619	Montari Etergbocs L.L.C.	602 Mclane St, Osceola, Iowa	US
S3-550800798	FJJ Mh0toas  Pvt Ltd		India
S3-820053119	Bordeaux Instîtut SASU	Gironde, 14 R André Caverne, Bordeaux	France
S3-716581724	Demployeurs Federation EURL	91 R Darras, Lille, Nord	France
S3-839808693	Goodman Endcerirolggy		US
S3-592690415	Universal Management Pivae Limited		India
S3-930501789	Bordeaux Conseil SAS	0019 Rue Etienne Duperat, Bordeaux, Nouvelle-Aquitaine	France
S3-174550174	One Media Public Limited	No. 168, 3Rd Floor, Amarjyothi Layout Intermediate Ring Road, Domlur, Bangalore, KA	India
S3-711185446	École primaire du Martin Participations	14 R Kellermann, Roubaix, Nord	France
S3-42609799	Arunachalam & & Co [Industries]	No. 820 Office210 Mj Complex Buil, Divreportingcircle, DL, New Delhi, D No3 Veer Savarkar Block	India
S3-873981514	Brande Darden-DPM Partners	6139 47rd Pl, Marysville, Washington	US
S3-355113224	Art Service SAS	No 40 Avenue De La Forge, Lège-cap-ferret	France
S3-906015905	Private Galaxy Consulting Limited	Lathikata, ଓଡ଼ିଶା, Rcms Complex, Rourkela, Sundergarh, Gc 37	India
S3-951856884	Consultants  Ujjwala Resorts Private Ltd	Ofice Kuber Siddhi, Valsad, GJ	India
S3-296485970	South Enterprises Private	6369, Desai Faliyu, Kadod Near Gandhi Ground, Bardoli, Surat, GJ	India
S3-666493356	Smith, Constancia Grayscale LLC	194-37 115 Ave, ST. Albans, New York	US
S3-990091416	Heartland  Medical Enterprises		US
S3-929259880	Cobalt LP		US
S3-282112056	Commission	6624 179th Street Court, Puyallup, WA	US
S3-979089965	Club du  Sad Développement	95 Avenue De La Mer, Dunkerque	France
S3-379198343	Scs Technologies	Shop No. 106, S. No. 123/1/1 W-biz Pune City, Pune, Mulashi, महाराष्ट्र	India
S3-905869965	Urban Ice  Cim		US
S3-78982783	catarina h. mason, cpa, m.d., p.c.	Illinois, LAG Range CDP, Deercrest Lane	US
S3-611083392	aquino venture	Burleson, Texas, 1405 Blazing Star Trail	US
S3-158686100	Royal Marine  Laboratories Inc	2015-2019 Morrison Street, Kokomo, Indiana	US
S3-465452128	CM	11 Boulevard De Metz, Lille, Hauts-de-France	France
S3-11319998	SARL Ets Communale	1 Av. De La Presqu'ile, Lège-Cap-Ferret, Gironde	France
S3-307439101	Giono Section [EURL]	14 R. Sinte Garibaldi, Bordeaux, Nouvelle-Aquitaine	France
S3-463605249	Afce Velo Club International	(42) Ave De Saint-nazaire, Saint-nazaire	France
S3-894217862	LLP NXY Diagnostic	D.no.49-34-8c, Vizag, Vishakhapatnam, AP	India
S3-594262470	Jyestha Foundations  Ventures Private Limited	H.no 89 Ground Floor, 116/Sp, Chandradeepa, Sadar, Mirzapur, उत्तर प्रदेश	India
S3-937407793	Saint-Nazaire Comite Trading		France
S3-116702918	Fayeumbra DBA Roubaix Maison	1 Rue du Sentier, Roubaix, Hauts-de-France	France
S3-810166365	Jay Logistics Private  Limited		India
S3-853577961	TS	66 Avenue Saint Exupéry, La Teste-de-Buch, Nouvelle-Aquitaine	France
S3-894417665	appropriateindiabusiness.com	Bijnor, UP, Near S.d.m Court Chatriya Nagar	India
S3-583873648	M/s Aakriti Heaven (India) Public Limited	#46, Mahalpatane, Tal Deola, Satana, Nashik, महाराष्ट्र	India
S3-458251520	Great Brothers Corp	No.3/259, Southern Region Madurai, Kamuthi, TN	India
S3-899810852	École primaire Trou	11 Rue Des Ecureuils Cazaux, La Teste-de-buch	France
S3-661652908	Mr Oneiro  Brothers Private Limited - 2423787418	No. 13/13, Bengaluru Urban, Bangalore, ಕರ್ನಾಟಕ	India
S3-290327523	Dr Shree International  School Company		India
S3-439527303	(SAS) Association de Publique	32 Avenue Du Maréchal Juin, Mérignac	France
S3-595153036	Comité Des Sapeurs SARL		France
S3-181906624	White Servicesprivate Private Ltd	C/o Bhanwar Lal Gopal Lal Jain, Hindoli, Bundi, RJ	India
S3-773227468	Golden Leaming Ventures Group	944 Lakeview Ave, # 5, Lowell, Massachusetts	US
S3-209906626	#daughertyhashemi	21047 County Road 3350, PMB 2783, Wynnewood CDP, Oklahoma	US
S3-686642977	sirius.com Enterprises		US
S3-659154685	TZ Smart Roman Corp	235 Ottawa Street, Laevenworth, Kansas	US
S3-395107384	Red Shivam Estate Private Limited	B/22 Sea Pearl Versova Beach Chs. Seven Bunglows Versova, Mumbai City, Mumbai, MH	India
S3-582871925	Calais Spôrtive	65 R. Des Fleurs, Calais, Hauts-de-France	France
S3-467055098	lndia Ltd (Índia)-Vaishnavi	Shri Jadhav Ashok Raghunath Fl No B1-59 S No 32/4 Swapnashilp Society Nr Ingale, Pune, महाराष्ट्र	India
S3-261720799	Terri Dsv  Blueport LP	98 Tappan Street, Brookline, Massachusetts	US
S3-764389339	Établissements Fïl SNC	10 Cité Saint Louis 85bis Rue Cuvier, Tourcoing, Hauts-de-France	France
S3-65636867	Center Hunger Corp	533 Echo Springs Rd, Knxoville CITY, Tennessee	US
S3-950381730	Silver Book Store! Group	052916 131st Ave, Washington, Eatonville	US
S3-424475105	East Private Limited Services	H.no 328 Flat No G2, N/A, K.v.rangareddy, Shankarpally, TG	India
S3-903012043	Metro  & Partners Ltd	Door No 2, 5Th Floor, Isiri, Chokkanahalli Layout, Bangalore North, Bangalore, KA	India
S3-417483582	Art  Ateliers	Hauts-de-France, 36 R. Fontaine Del Saulx, Lille	France
S3-592848360	Fous & Frères International	Nº 26 Avenue De La Terre Rouge, Nantes, Loire-Atlantique	France
S3-48986445	Judo Amiale		France
S3-160786393	Esprit Sport EURL	15 Rue Du Général Anne De La Bourdonnaye, Lille	France
S3-376206795	M/s Veracious Infratech Ltd	AP, <NULL>, Prakasam, Door No 2 Naidupalem	India
S3-33493041	Mr go kalpataru ventures private limited	B-29, New Delhi, DL	India
S3-786850999	Sri Eastern Media Limited Services		India
S3-313943879	Jai Impex Prvamte Límited		India
S3-812943936	Gold Global Prívate Limited		India
S3-160321429	Orion Kgaa Inc.	Texas, 00345 Adams St, Gergetown	US
S3-860604102	Mare Sport	399 Rue Sainte-catherine, Bordeaux, Gironde	France
S3-901822653	La Baule-Escoublac Centre  SASU	5 Ave Des Ibis, La Baule Escoublac, Loire-Atlantique	France
S3-302878320	Genie Limited  Tiles	#8/6476 Street No-2dev Nagar Karol Bagh, New Delhi, Central Delhi, DL	India
S3-833475685	Innovative Jain Software Private	DL, New Delhi, Raj Mohan Kapoor /26, Shanti Niketan	India
S3-844912839	Xyloonyxumbra	27 Rue Saint Vincent de Paul, Tourcoing, Hauts-de-France	France
S3-95941283	École maternelle Sainte Creusot	1 Avenue Des Chevreuils, Lège-cap-ferret	France
S3-882655294	Premlata Forklift Private Ltd	1-2-33/Me/30, Hyderabad, తెలంగాణ	India
S3-724997828	Cheap Nanas Culture	21 R De Saintonge, Bordeaux, Nouvelle-Aquitaine	France
S3-159343266	laxmifinserv.com	Old No 126A, Coimbatore, தமிழ்நாடு	India
S3-358147739	Vanguard Inc. Inc.		US
S3-279498437	लाइफ टेक्नोलॉजी प्रा. लि.	Plot No -58 Industrial Area Phase 2, Panchkula, HR	India
S3-642578542	S.A.S. Ville Arts Amicale	No 14 Rue Des Hannetons, Lille, Hauts-de-France	France
S3-873964421	LLC Ruiz Cáyson	1727 Pima Cir, Coolidge, Arizona	US
S3-574278601	Eleves & Fils SARL	95 R Fieffe, Bordeaux	France
S3-353438684	Sascha A. Miller, D.C., M.D., P.C.	44 Cove Canal Rd, Sevier, Utah	US
S3-803161461	Synveravantage d/b/a Great Smart Illinois LLC	2155 Cr 305, Port Alto Community, TX	US
S3-210381875	NWO SCI Groupe	3 R. Barberousse, Appartement 4, Lille, Nord	France
S3-603678867	vnzresearch.com	No 57/5, 2Nd Floor Ejipura Bus Stop, Vivekanagar Post, Bengaluru, Bangalore, ಕರ್ನಾಟಕ	India
S3-164134741	newdelhienterprises.com	A-3 Second Floor Neeti Bagh, New Delhi, South Delhi, DL	India
S3-232569227	Maison De Santé Sainte Art	N°14 Avenue Désiré Six, Tourcoing, Hauts-de-France	France
S3-121937901	Heaven Partners	Building No. 17 (E Type), Flat No 1901, Haware City, Boriwada, Gb Road, Thane, MH	India
S3-363412871	Établissements Sauce SAS	34 Rue De La Halle, Lille, Hauts-de-France	France
S3-136640323	Z/H Aegon LP LP	6604 Kerby Ave, Portland, Oregon	US
S3-939326441	Box India Holdings Private (Limited)	5S Floor, Hyderabad.., Hyderabad, Andhra Pradesh	India
S3-702166473	Korviovantage	84 La Baconnière, Pornic, Pays de la Loire	France
S3-346542035	rubi f. gibler, esq., m.d., p.c. holdings	Kannapolis, North Carolina, 00332 Jackson Park Road	US
S3-115069223	Pharmaceuticals Technologies	Plot No. Fp 46/51, Food Park, Midc, Nagpur, Nagpur (Rural), MH	India
S3-425705102	Kota Chits	महाराष्ट्र, Ixora, Hiranandani Meadows Gladys Alwares Road, Off. Pokharn Road N, O.2, 9701, Thane	India
S3-423411731	स्काई हरि प्रोडक्ट्स प्राइवेट लिमिटेड	3Rd Floor, Gali No.80 Block-e-ii, Molarband Extn., Badarpur, DL, New Delhi, H.no. 3481, Badarpur	India
S3-971111939	Orion Trade Límited	Bwing Evergreenbdlg, महाराष्ट्र, Thane, Hiranandaniestate Gbroad	India
S3-372701912	Ryan Safe LLC Center	00208 12nd Street, London, Kentucky	US
S3-759424246	Amicale  Saint Marie	Hauts-de-France, Tourcoing, 25 R Henri Bergson	France
S3-267736050	AC	347 Rue Roger Salengro, Lille, Hauts-de-France	France
S3-520808095	Innovative Renewable  LLC	Ohio, Middletown, 2816 Shartle St	US
S3-86621752	Roubaix Centre Enterprises		France
S3-202013614	Financement Féderation SAS	42 Rue Du Chemin Vert, Roubaix, Nord	France
S3-781404739	Fous & Frèrés SAS	5 Av. De La Terre Rouge, Nantes, Pays de la Loire	France
S3-958377783	Dynamic & Cie SA	258 Rue Sainte-catherine, Nouvelle-Aquitaine, Bordeaux	France
S3-950419403	लक्ष्मी सर्विसेज प्रा. लि.	#46 Jawra Road, MP, Ujjain	India
S3-554138449	Private Enterprises Magpie Constructionprivate Exports Limited	Rz-31, Roshan Garden, New Delhi, दिल्ली	India
S3-381916391	Maa મેનેજમેન્ટ લિમિટેડ	D-413, Titanium Square, Nr. Thaltej Cross Road, Nr. B.m.w. Show Room, S. G. Highway, Tha, Ltej, Ahmedabad, <NULL>, GJ	India
S3-245595286	MDO Transports SASU	1070 Av. Toumaniantz Apt 27, Calais	France
S3-388731533	Reseau (France) Ams Distribution  SAS	Pessac, 55 All. Des Seychelles	France
S3-446637828	Eastern इंफोटेक प्रा. लि.		India
S3-545908461	Joli Mccardell Highland Architecture Holdings	Virginia, 11558 1/2 Bertram St, Woodbridge	US
S3-241472395	Tourcoing Fetes Ventures		France
S3-956725263	Maison International SARL		France
S3-533574264	Bésoft	30 West Beach Boulevard, GULF Shres, Alabama	US
S3-308605852	Meme Amicale SA	30 Rue Des Meuniers, Lille, Hauts-de-France	France
S3-403378778	Pharmacie Joseph SASU	35 Rue De Riga, Tourcoing	France
S3-173682148	Blue Blue Távern		US
S3-19088789	Cure  Nails Corporation Enterprises		US
S3-549151651	LZE Societe SCI	No 27 Rue Auebr, Lille, Nord	France
S3-292374771	Sci Voix Sportive	157 Roete De La Villes-bousseau, Saint-Nazaire, Loire-Atlantique	France
S3-70980785	Andrea Powers, Ésq. L.L.C.	0011 Two Rivers Rd, Saint Regis, Montana	US
S3-463727752	Saint-Herblain Coe SCI	13 R. Paul Dukas, Saint-herblain	France
S3-150275991	Bombay Cilyr Constructions Trading Pvt Ltd	E-105, Elite Anmol, Bicholi Hapsi Road, Indore, MP	India
S3-588724908	Strickland's Cleanting Service	4611 Road, Marblee City, Oklahoma	US
S3-202274438	acosta, albina, o.d., p.c. partners	121 Dutch Lane, PMB 1730, Mabscott, West Virginia	US
S3-414757405	Admr Plus Gâz	Nouvelle-Aquitaine, 42 Rue Sauteyron, Bordeaux	France
S3-326998625	Nmc Memorial (Trust)		India
S3-465961698	Maison de Santé Groupe Notre	82 R. Parmentier, Dunkerque	France
S3-447519858	Mot Club France SARL	33 Rue Paul Bourget, Appartement 4, Lille	France
S3-943481053	Amicale du So Développement	0010 Rue De Bel Air, Saint-nazaire, Loire-Atlantique	France
S3-700535388	Eashwa Consulting  Private	No 156/3 A Shivajinagar Khalwadi Near Of Badambai Highschool Newasa Tal Newasa, Ahamadnagar, Pune, महाराष्ट्र	India
S3-443767790	Pediatric Dental Center [Co]	1406 Richmond Street, Arlington Heights, Illinois	US
S3-915559362	Ets Co SARL	12 Rue De Floride, Nantes, Loire-Atlantique	France
S3-369151351	Heritage Gnuial Clinic	325-D Weston Street, Rensselaer, Indiana	US
S3-743837866	Nantes Primaire  SA Enterprises		France
S3-674559179	Ear Nose & Throat Physicians of Nectar	95 Old Walker Rd, Clevelad, Alabama	US
S3-619214436	OAY SARL & Associés	06 Impasse Du Grand Cion, Lège-cap-ferret	France
S3-654330708	Buonocore, Méjia and Patteson	4050 33rd Ave, Phoenix, Arizona	US
S3-682946415	Dr Bs Logistics Pvt.	Plot No.70, Ahmedabad, ગુજરાત, Ahmedabad	India
S3-245066359	Pearson Lake-Inc	Battle Ground, Indiana, 2494 Matchlock Ct	US
S3-203620708	Biseva Inc	5526-D Chester Ln, Indiana, Indianapolis	US
S3-72992822	Tavogild	39 Rue Morand, Nantes, Pays de la Loire	France
S3-731261823	Erickson, Cervantez & Mitchell Corp	1330 Northern Parkway, Maryland, Blatimore	US
S3-329754945	City [Téchnology]		India
S3-131614465	Tous Ecole Distribution SA	13 R Jean Paul Sartre, Saint-herblain	France
S3-943447056	bishop heritage group recruiting	9947 State Highway V, Walnut Grove, Missouri	US
S3-107562892	Zephari Malt Northside	42307 Morning Glory Way, Maircopa, Arizona	US
S3-801108261	Office of Transportation LLC		US
S3-473764574	Cirazeph	86 Allée de la Forêt, Pessac, Nouvelle-Aquitaine	France
S3-795707900	Veraonyxio	14, Sidhpura Co-Op Industrial Estate, S.V. Road, Goregaon (West), Mumbai 4000, 62, Mumbai, Mumbai City, Maharashtra	India
S3-119492255	Laxmi International LLP	Plot No. 14 Taj Nagar, Nagpur, MH	India
S3-538052175	सिल्वर मीडिया प्राइवेट लिमिटेड	B3/2nd Floor, New Delhi, South West Delhi, DL	India
S3-859567200	Brown,  Lopez & Hallett Inc	50 Powellville Lane, # F, Newpport News, Virginia	US
S3-100379029	Apollo Pvt Ltd Services	S. No 201 202 Sai Arpan Co B S Alpanaben Cinema Village, Vadodara, GJ	India
S3-686096608	Downing Saecvlis	637-A Road 660, Dayton, Texas	US
S3-405220549	EAST EAST Municipals PLLC		US
S3-496238218	Empire Crystal Nippon Ltd	160 Gulph Rd, Unit Unit 1645, Upper Merion Township, Pennsylvania	US
S3-948758218	nantesparents.com	19 R. Colonel Desgrees Du Lou, Nantes, Loire-Atlantique	France
S3-744323120	Corp. A Supreme Spire	889 Hawks Rest Drive, Mapleton CITY, Utah	US
S3-385319613	Centre Médical Dame SA		France
S3-446066292	c0mpleteapparelcollective.com	Tucson, 4270 Ventana Loop, Arizona	US
S3-543274052	Amicale de (Ssiad)	022 Av Ludovic Cormerais, Nantes, Loire-Atlantique	France
S3-245776062	établissements Happy EI	(1) Impasse Des Galips, Lège-cap-ferret, Nouvelle-Aquitaine	France
S3-714662796	Marzec Steers	1403 Cherry Street, Red Oak, Iowa	US
S3-668009763	Tirupati Investment	Gond Plot 001, Wardha, महाराष्ट्र	India
S3-37657966	Nantes Services	30 Avenue Du Clos Du Cens, Nantes, Loire-Atlantique	France
S3-536138902	Tourcoing Parents Sarl	78 Rue Delespaul, Roubaix, Nord	France
S3-797093960	Great Smárt Illinois LLC	2155 Cr 305, Texas, Port Alto Community	US
S3-805146481	La Baule-Escoublac Residence S.C.I.		France
S3-519407562	Ets Xs EURL	56 Rue Des Collines, Nantes, Pays de la Loire	France
S3-458484153	Lbm Lycee France SAS	Maison Des Associations De Lille, Hauts-de-France, 32 R. Jean Bart, Lille	France
S3-650514428	Modern Cóastal LLC		US
S3-609784290	Krishna Guru-Enterprises Private Limited	H.no 2, Bangalore, ಕರ್ನಾಟಕ	India
S3-483225938	Shirdi Brothers Private Limited	726, New Delhi, South Delhi, DL	India
S3-672762669	ZU SARL (Services)	25 Rue Teulere, Bordeaux	France
S3-626472655	Blancs Tennis Elementaire	22 Rue De Dijon, Tourcoing	France
S3-536538119	SAS Detente Patrimoine	45 Rue Albert Mahieu, Dunkerque, Hauts-de-France	France
S3-251438734	Savoirs Culturel SASU	7 Pl De La Revolution Francaise, St-herblain, Pays de la Loire	France
S3-45101753	Southern Finance ପ୍ରାଇଭେଟ୍ ଲିମିଟେଡ୍		India
S3-579255197	Hitech Infra Private		India
S3-184183939	EP Section SA	8 Bis Avenue De La Marne, Tourcoing, Nord	France
S3-709061137	Pharmacie Joseph International	56 Rue De Riga, Tourcoing	France
S3-209717180	Eastern Entrepreneurs Pvt. (Ltd.)	A/0302 Aaradhya Tower, Pipe Line Rd, Ghatkopar W, Mumbai, MH	India
S3-817100652	Precise Avdisors	পশ্চিমবঙ্গ, Morepukur Near Bharti Sangh Club, Fair Price Shop, Natunpally, Hooghly, Rishra	India
S3-693317375	Mel (France) Sportive	22 Cité Sereine, Tourcoing	France
S3-283493326	Rollins Real LLC Services	7342 Eden Circle, Lino Lakes, Minnesota	US
S3-633038042	Marnais Fil Cuilturlle  SASU	12 Avenue Océane, Nantes, Loire-Atlantique	France
S3-61164664	Union International Tara du	Nº 21 R Des Canaris, Dunkerque, Nord	France
S3-126511579	jashaktiprivate.c0m	701/702, Mumbai City, महाराष्ट्र	India
S3-755293853	Nantes Club [E.U.R.L.]		France
S3-655082803	3958 Third Lane Holdings Group	1213 Carlos Dr, North Carolina, # 232, Raleigh	US
S3-388176733	Glyphiq  Joint LLC		US
S3-455058274	Bureau óf Aging (Metro)	258 Hearthstone Drive, Bartlett, Illinois	US
S3-61862859	Nantes Pharmacie SAS	13 Boulevard Maréchal Alphonse Juin, Nantes	France
S3-393171234	Christ Ministries Enterprises		US
S3-932858799	Mi Centre SARL	Calais, 30 Blvd Des Allies	France
S3-201670429	Jumelage (France) Soins-SARL	#26 R De Tourcoing, Dunkerque, Hauts-de-France	France
S3-158398526	Roquette (France) Societe SA	60 R Jules Guesde, Roubaix	France
S3-257223351	Communal Anciens Participations SA	Lège-cap-ferret, Nouvelle-Aquitaine, 32 R. Des Roitelets	France
S3-414873734	Limited Best (Índia) Services	No.109, Sannathi Street Thirubuvanam, Thiruvidaimarudhur, Thanjavur, TN	India
S3-913763154	Ferrelle Net (LLC)	10384 House Bend Road, # LOT 39, Northport, Alabama	US
S3-605329326	Paradise Athletique Sportive Distribution (S.A.S)	La Teste-de-buch, 10 Avenue Haitza	France
S3-12075570	Clos  Comite		France
S3-23855272	Tech  Foods-Pvt Ltd	Bangalore North, H.no #1719, Bangalore, 6Th Cross, 6Th Main, Judicial Layout, KA	India
S3-832182195	Nantes-Fetes		France
S3-538282575	Thompson Advisors Greater LLC	5272b 78, null, Cordova, Alabama	US
S3-179962444	Upper épr	North Carolina, Asheville, 272 Pinners Cove Road	US
S3-291605097	D/P Prudential	2100 108rd St, Bloomington, Minnesota	US
S3-815762847	Sauvetage Élémentaire Groupe SARL	No 290 Chemin Du Banc Vert, Dunkerque, Nord	France
S3-783048454	Straight Edge Cleaning Servir! Corp		US
S3-340048004	Bangalore  Securities Overseas Pvt Limited	House No. 555Ka/Kv-216, Khushi Vihar Kanausi Kp, Lucknow, UP	India
S3-479033905	Master + Partners LLP	Bally, WB, 27/5 Kartick Chandra Ghosh Lane, Howrah	India
S3-823220376	Bright-Medical Brands  LLC	W417 Haddick Road, Springbrook, Wisconsin	US
S3-225403846	Bright Digital Associates Northside Inc	1074- Walton Road, BLUE BELL, Pennsylvania	US
S3-435285091	Eshaan Eshaan Aplpiances Pvt Ltd	251, Acharya Prafulla Chanrad Road, Kolkata, Howrah, পশ্চিমবঙ্গ	India
S3-624951440	Regal Goat Group	451 S No. 77/6, Flat No 1008, Elena Homes, Haveli, Pune, MH	India
S3-812184920	DOOARS (INDIA) SYSTEMS VENTURES PVT LTD	S No. 97/1, Pune, MH	India
S3-454965871	blin centre sarl	53 R. Ferdinand Alexandre Boutillier, St.-herblain, Loire-Atlantique	France
S3-546068442	Total Márketing,	1228 Kennedy Dr, City Of Hartford, Wisconsin	US
S3-382665717	Worth, Engel and Park	#1375 Mammoth Road, Hickory, North Carolina	US
S3-490491077	Esparza Runway Partners	7926 33rd Street, Rosedalle, Maryland	US
S3-444148212	empire montessori school llc	#1502 Blossom Street, Dos Palos, California	US
S3-318511322	பாரத் இன்டர்நேஷனல் பிரைவேட் லிமிடெட்	1-5/409, Sholinganallur, TN	India
S3-392929806	Luchon Grôupe SCI	Av. Chambrelent Pyla, La Teste-de-buch	France
S3-646885986	Annemarie K. Alen, (D.C.)	4915 Withrow Road, Charlotte, North Carolina	US
S3-47279425	Viobrix	53 Rue Jouffroy, Hauts-de-France, Roubaix	France
S3-881918815	Rajalakshmi Technologies (India)	Room No B3/10/598st Louis Commercial Complex Church Circle Erinjery Angadi, Thrissur, KL	India
S3-167826063	Built Electronics Private Limited	Pune, Pune City, महाराष्ट्र, Shop No D/13 New Sr No 136/2	India
S3-313638889	Smt Gold Global Private Ltd | www.goldgloba.com		India
S3-886122341	mdretailprivate.com	Vadodara, Saffron Complex, Opp. Camps Corner, Fatehgunj, #998- S. F. 220, GJ, Vadodara	India
S3-706982921	Huckabee Capital Capital Service	308 Orange St, Manito, Illinois	US
S3-195923696	Up  Bureau Club SCI	Saint-nazaire, 14 Rue Edgar Quinet	France
S3-453656945	P.C. SAV Diamond American	27807 Pinpoint Crossing Drive, Katy, Texas	US
S3-910124765	Hali Bnasets, Ph.D.	1909 R Street, Fort Smith, Arkansas	US
S3-321920104	LS	15 R. Louis Gaume Grand Piquey, Lège-Cap-Ferret, Gironde	France
S3-816649222	சிவா ஃபைனான்ஸ் பிரைவேட் லிமிடெட்	No.3/647, Tiruvallore -602 105, Thiruvallur, TN	India
S3-960763048	India Vigwasahh Investment Ltd	MH, Pune, No 576 S No 4510 Bldg N/6	India
S3-370376246	Tucker Áudio Installation LLC	929 Broad Street, Wadsworth City, Ohio	US
S3-41123921	The Corissa Wálker First Mercator Inc	9 Beth Ave, # 124B, Leominster, Massachusetts	US
S3-586037742	SUPERLATIVE ANANYA	A-62/a, East Delhi, DL	India
S3-103975591	Navi Mumbai Dyes  Private Limited	Office No. 0312, Plot No. 78/79, Bawa Tower, Sector 17 Washi, Navi Mumbai, Thane, MH	India
S3-993312477	Amicale de Corbeau Groupe	N° 7 Impasse Barbot, Bordeaux	France
S3-827703084	India Kt  Fine Private	#72 C/o Patel Machinery Stores Sardar Road, Morbi, Rajkot, GJ	India
S3-896443676	Umbrakor Co née Bard Holding Company LLC	IN, Linton, 916 1st Street	US
S3-126937235	Cobalt Partners	5228 Parkview Ave, Cincinnati, Ohio	US
S3-670263030	Maon Metropolitan	13010 31st Ave, Washington, Lynnwood	US
S3-92668515	A Supreme Spire-LLC		US
S3-932365322	Centre Hospitalier Issue Développement	43 Rue Du Manège, Bordeaux	France
S3-133865830	Fédération DE Lamitie International	53 Bd De Belfotr, Lille, Nord	France
S3-652067332	Surgical Inc Center,		US
S3-70268768	Lecole Prô Amicale SA	(98) R. Aristide Briand, St.-nazaire	France
S3-601327980	Noida  Catalysts Limited Service	उत्तर प्रदेश, Hn 422 Kd-2, Noida, 405 Sector 134, Jaypee Greens Wish Town, Noida	India
S3-653058292	Club des Communale Participations	68bis Rue Du Plessis Tison, Nantes, Loire-Atlantique	France
S3-990015530	Sri Black Technology Private Limited		India
S3-697004640	Nexmira Co	8 bis Avenue de la Marne, Tourcoing, Hauts-de-France	France
S3-509877070	M/s Namdev Ventures Limited	Mumbai City, Mumbai, MH, H.no 109 325/4	India
S3-700764902	ETS TESTE	1 Rue Du Maréchal Lyautey, Tourcoing, Nord	France
S3-926449216	Amicale Du Bureau Enterprises		France
S3-385847732	dlfrance.com	Dunkerque, 40 Rue Louis Auguste Blanqui, Hauts-de-France	France
S3-304536979	ISP Cgeoie EI	(1) Avente De L'alcyon, Nantes	France
S3-910847434	Pharmacie Personnel		France
S3-809573604	Centre Médical  Pilotari	40 Allée Rive Gauche Canal Cazaux, La Teste-de-buch, Gironde	France
S3-487253530	MG Club		France
S3-630232814	Up Bureau Club Sàrl	7 Rue Edgar Quinet, Saint-nazaire	France
S3-631879651	>> Clyus Cuhrrencyshares LLC	2430 Wildowod Dr, City Of Green Bay, Wisconsin	US
S3-424240248	1983 Avenue Company Center	4401 Sandstone Drive, Janesville, Wisconsin	US
S3-12699017	Lyraecto dba Brenna Brockman, L.C.S.W., DDS PC	1227 Rose Vista Court, Unit Apartment 1, Roseville, MN	US
S3-446441960	TGH Groupement Sàrl	416 R. De Tunis, Calais, Hauts-de-France	France
S3-371491288	Berty Neal Best Nexus,  LLC	916A Longford Drive, Ohio, Steubenville	US
S3-211388612	Renaissance Parents	26 La Berthauderie, Pornic	France
S3-706206124	Mother-& Partners	MH, Mumbai, Savannah Avalon, Makwana Road, Marol, Andheri East, #998 1002	India
S3-855421761	4-Corners LLC	Unit 6203, North Carolina, Charlotte, 321 28th St	US
S3-663227041	Wilson Choice Corp  Services	3613 Eagle Pass Rd, Manchaca, Texas	US
S3-763868476	Mumbai Management (Llp)	546, Mumbai, Mumbai City, महाराष्ट्र	India
S3-905901078	Perez Old LLC	2909 Vale Ave, Kannapolis, North Carolina	US
S3-647621539	ARC Ecole	27 R. Des Trois Mollettes, Lille	France
S3-623584954	Pvt. Bs Logistics Ltd	Plot No.70, Ahmedabad, GJ	India
S3-594088166	Ventures  Ultimate Studios Holdings Pvt Ltd	H.no 1505/4 Synergy Business Park Sahakar Wadi Off Aarey Road Behind Virwani Industrial Estate Go, Regaon E, Mumbai, Mumbai Suburban, महाराष्ट्र	India
S3-62600065	Tous & France SAS Cie	139 R. Berruer, Bordeaux, Nouvelle-Aquitaine	France
S3-101722062	Lyran Inc Partners		US
S3-341809102	ವೈಟ್ ಪ್ರೊಡಕ್ಟ್ಸ್ ಪ್ರೈವೇಟ್ ಲಿಮಿಟೆಡ್	1, Bangalore, KA	India
S3-78508631	Dr Nellai Technologies  (India) Pvt. [Ltd.]	Shop Number 1-2, Gautam Buddha Nagar, Bishrakh, UP	India
S3-882820781	Fous & Frères SAS	5 Avenue De La Terre Rogue, Nantes, Pays de la Loire	France
S3-887847195	Jones Rocky Charter LLC	14213 Pony Hill Ct, Centreville, Virginia	US
S3-137339377	एस आईटी फूड्स प्राइवेट लिमिटेड	#122-133 Nawab Yusuf Roadcivil Lines Allahabad, Allahabad, Utter Pradesh, UP	India
S3-590482502	Nantes Musique EURL		France
S3-368142265	Kuber Institute of Technology Private	C/o-sri Bindeshwari Prasad Azad, Vill-kemdarchak Post-manikpur, P.s-kurtha, Arwal, Jehanabad, BR	India
S3-258403945	Golden Shore Incorporated	East Haven, Connecticut, 385 Coe Ave	US
S3-510646283	Massive Rhel Ltd	C/o Adv. Kamlesh Pisal, Satara, Pisal Arcade 74/5. Kesarkar Peth, MH	India
S3-949361457	Bureau Fetes Enterprises		France
S3-542001759	Anilesh Services-Private	MH, Shantinagar Miraroad(e), Bldg. No. B-6, Sector-6, Flat No. ##001, Thane	India
S3-272619460	Sri Lakshmi Exports Pravcaae Limited		India
S3-573880968	Linsertion Detudes Amicale	La Teste-de-buch, 36 B Rue De L’oustalet	France
S3-484370482	Balaji International (Overseas)	47-B, Hyderabad, Andhra Pradesh	India
S3-603077510	Mard Distribution Residence	# 117 R. Noter Dame, Bordeaux, Nouvelle-Aquitaine	France
S3-918553415	Comité  des Organisme SA		France
S3-85469920	Fasadyne Venture	37. Provencher Road, Niagara, Wisconsin	US
S3-556769091	Solola Series [LLC]	331 Berlin Ct, Abingdon, Maryland	US
S3-381800055	Jumelages  Sport EURL	25 Rue Guadet, Bordeaux, Nouvelle-Aquitaine	France
S3-10965386	Pronoor Interstate Interstate Purpose	Mechanicsburg, 52 Honeysuckle Drive, Pennsylvania	US
S3-31813463	ACOSTA, ALBINA, O.D., P.C. DOWNTOWN	121 Dutch Lane, PMB 1730, Mabscott, West Virginia	US
S3-156522818	Collective Appliances (Ibnac) Private Limited		India
S3-155252607	Nantes Societe Sàrl		France
S3-816055501	hitech services private limited	C/o Rameswar Titrod, Mandsaur Madhya Pradesh, Sitamau, Mandsaur, MP	India
S3-998688250	Chen Jaws [LLC]	331 Davidson Saint, Charlotte, North Carolina	US
S3-764201431	Eswara Forms  Limited	No 296 Tm.ap.viii/573c, Plot No.62 Aidp, Dharmasala, Kannur, കേരളം	India
S3-53894848	Calais Ècole SARL	142 Rue De Panama, Calais, Pas-de-Calais	France
S3-460154739	Barksdale  Array LLC	1014 Kite Road, Mineral Wells, Texas	US
S3-189165245	Global Media Company		India
S3-459461273	dental silver health	13 Mary St, Watertown, Wisconsin	US
S3-554423863	Sri Dct Institute of Tleeology Center Industries	Plot 00229 T 16, Indra Residency, Virat Nagar, Bommanahalli, Bangalore, KA	India
S3-958841314	Saint-Nazaire Gestion	(2) Rue Michel De Montaigne, St.-nazaire, Pays de la Loire	France
S3-296875695	WTE Media Private	Attinkara Veedu, Mulakuzha Po Building No.342/a, Ward 17, Alappuzha, Chengannur, KL	India
S3-771407210	Pn Dmrrnk  Private Limited	Kolkata, 47B/8, Nalini Sett Road, Ground Floor, Kolkata, Howrah, WB	India
S3-539282016	Cure Cae		US
S3-382718754	Institut de la  Marie Enterprises		France
S3-818692141	GGS ATELIER SASU	Nº 48 Rue Gerrges Mandel, Bordeaux	France
S3-238156825	Brixgild	130 Rue Notre Dame, Bordeaux, Nouvelle-Aquitaine	France
S3-11229459	FC	No. 132 R. Mazarin, Bordeaux, Nouvelle-Aquitaine	France
S3-730351491	solano's fisheries llc	Locust Avenue, Eagle Mountain, Utah	US
S3-698127794	B1och Modern Modern Legato Inc.	721 Strawfield Ln, Fairfax County, Virginia	US
S3-126830815	Brixectogild Co a/k/a Adan Merger	3277 Chinquapin Ln, Louisville, KY	US
S3-131428044	établissements Sauce Sas	Lille, Hauts-de-France, 34 Rue De La Halle	France
S3-248881277	Familles College SA		France
S3-966893533	HU Media  Private Limited	0011, Gf, Kailash Hills, East Of Kailash, Sriniwaspuri, South Delhi, Delhi, South Delhi, दिल्ली	India
S3-192582104	SARL GPM Parents	33 Chemin De Gravelais, Pays de la Loire, La Baule-Escoublac	France
S3-112870315	Rizapyrasyn	Rue Maryse Bastié, Pessac	France
S3-19990196	amicalepromotion.com	4 Rte Du Cormier, Saint-nazaire, Pays de la Loire	France
S3-763815333	Bordeaux Comite	20 Rue Maubec, Bordeaux, Gironde	France
S3-339634603	Uptown Coffee! Inc-Center		US
S3-444632353	The Dent 6rill!		US
S3-137604654	Foyer André SAS	# 8 Pl Magellan, St-herblain	France
S3-64675276	Platinum Factory Corp	79946 Indian Spring Trail, N/A, Amarillo Townshp, Texas	US
S3-121147535	Supreme Construction (Llp)	Door No 116 G.a Pammal Main Road, Pammal, Chennai, TN	India
S3-17343403	Onyxnyla	024 Av Gustave Delory, Roubaix, Hauts-de-France	France
S3-493780840	TRICHEM ENERGY EXPORTS LLP	Nandanam Mra A 0031/2Maruthankuzhi Kanjirampara P O, Trivandrum, കേരളം	India
S3-877014729	Marudhar Hospitality Industries Private	Pune City, Pune, Block A-0317 Rl203, MH	India
S3-869361237	Gain Pvt Ínterior Ltd	323. No - 36/1 Opp.ahang Mang, Karyalay Haveli Pune Dehu, Haveli, Pune, MH	India
S3-975122960	EURL Usep Savs Parents	N° 12 R Fancisco Ferrer, Lille, Nord	France
S3-922732785	Ets SAS Decibel	40 Rue Des Hippocampes, La Teste-de-buch, Nouvelle-Aquitaine	France
S3-293009719	Sourire Club SAS	26 Avenue Du Huat Lévèque, Pessac, Nouvelle-Aquitaine	France
S3-811810682	eshaanappliances.com	251, Kolkata, Howrah, WB	India
S3-790865650	Bright Ice Cream Partners	501 Eighth Ave, Haubstadt, Indiana	US
S3-904986164	kendall newtekone	154 Wilson Drive, Santa Maria, California	US
S3-693038098	Table Ecole	N°87 Av Leon Blum, Pessac, Nouvelle-Aquitaine	France
S3-684286138	Genie Tiles Ventures Limited	008/6480 Street No-2dev Nagar Karol Bagh, Central Delhi, DL	India
S3-607070378	Elite Trusted Stúdios, Inc.		US
S3-246285546	M/s Disha Disha Educational	G No 105 Phalane Maval, Phalane, Pune, Vadgaon, MH	India
S3-375241	Calais Sportive Distribution SARL	65, Calais, Hauts-de-France	France
S3-831751348	Nationale Gaz Participations SARL	# 20 R Du Maréchal Joffre, Dunkerque, Hauts-de-France	France
S3-597848458	Thane Onisc Limited	Thane, Office - 724, MH, Thane	India
S3-924633109	RYM FINE LTD	No 83, Pocket-3, Sector-19, Dwarka, New Delhi, DL	India
S3-552562909	Lotus Projects		India
S3-710734924	lakshmiproducer.com	Hn 54 Shop No-02, Sai Srushti Appt, Pl No. 41 S No. 315/2A, Nandanwan Colony, Pathardi, Nasik, Nashik, MH	India
S3-108795443	First Yorkville Yorkville Inc.	7509 Shore Drive, Town Of Siren, Wisconsin	US
S3-140543682	Outreau EURL Et Fils	32 Rue Samnt-joseph, Roubaix, Nord	France
S3-371255000	Faucett Inc. Service		US
S3-858316224	Hotel Care  Pvt Ltd		India
S3-222573160	Ihnim Medical Eurl	N°128 Rue De Lannoy, Lille	France
S3-773097584	Universal Consulting Private  Limited Enterprises		India
S3-383434693	Noviecto dba Anvil Blue	27 Thacher Street, Unit 2, Malden, MA	US
S3-389335948	ets communale international sarl	4 Av De La Presqu'île, Lège-cap-ferret	France
S3-359730157	International Entrprmses Sweets (Limited)	Shop2-2 Murlidhar Heights, Opp Satva Green Partyplot, Ahmedabad, Daskroi, GJ	India
S3-238308534	Wealth Private Healthcare Limited	Plot No 5-209, Ramachandrapuram, TG	India
S3-987663551	Maison de Santé Sainte Enterprises		France
S3-893085853	Fasadyne (Ventures)	Provencher Rd, Town Of Aurora, Wisconsin	US
S3-177695763	Royal SCI Services	37 Rue Camille Desmoulins, Nantes, Loire-Atlantique	France
S3-304322396	ಗ್ಲೋಬಲ್ ಅಗ್ರೋ ಹೋಟೆಲ್ ಪ್ರೈವೇಟ್ ಲಿಮಿಟೆಡ್	Door No 36- & 16, B.s.r.memoirs, 2Nd Floor New Bel Main Road, Chikkamaranahalli, Bangalore, Bengaluru, ಕರ್ನಾಟಕ	India
S3-706686994	XFX Télecom Partners Partners	Tennessee, 212 Wildgroe Ct, Nashville	US
S3-369863415	jdc trust holdings	No 1-60 C/o Shree Kisan Kondiram Takali, Tq. Paithan, Dist. Aurangabad, Chhatrapati Sambhaji Nagar, Aurangabad, MH	India
S3-879041956	American American 5iddhi,	Windsor Drive, Harison, Arkansas	US
S3-607809539	delacyrapidsunrise.com	1780 Webb Road, Simpsonville, Kentucky	US
S3-463499110	Wilson Chs LLC Center	3604 Eagle Pass Road, Manchaca, Texas	US
S3-388023613	Smt Om Food Private		India
S3-592504137	Service Little Eye Rocky Physicians Partners Group	14009 Adams Drive, Little Rock, Arkansas	US
S3-433640469	Enterprises Raghavendra Services Industries  Private Limited	D No : 7-54 Ibrahimpatnam, Ibrahimpatnam, AP, Krishna	India
S3-771245142	Roubaix Àmicale International EURL	17 Bis R De La Conférence, Roubaix, Hauts-de-France	France
S3-606419223	Amoureux Çomite EURL	10 Av. Pierre Cérésole, Pessac, Gironde	France
S3-726335197	Maison Riverains Participations SAS	55 Rue Jean Haas, Saint-nazaire, Pays de la Loire	France
S3-637230492	Ceva Valley Holdco Uptown Inc.	35 Meadow Way, Unit D, Scotts Valley, California	US
S3-687179824	Creative लॉजिस्टिक्स लिमिटेड		India
S3-30207515	Tourcoing Restauration SARL	19 Rue Du Chêne Houpline, Tourcoing, Hauts-de-France	France
S3-354138227	Allied-Network II Foundation	Nottingham Drive, Fredericksburg, Virginia	US
S3-571297651	Melodee Blackburn,	30 Straton Ct, Baasye CITY, Virginia	US
S3-884738547	Établissements Nationale SAS		France
S3-183072761	Tech Foods Pvt Ltd	##1719, 6Th Cross, 6Th Main, Judicial Layout, Bangalore North, Bangalore, ಕರ್ನಾಟಕ	India
S3-80864407	White Bricks (India) Co	Flat No 104 1St Floor Ankesh Complex Appt Mahilla Collage Road, Patna, बिहार	India
S3-904613495	Silver Sports, Incorporated | www.silverspo.com	Mountain Road, Haymarket, Virginia	US
S3-833908757	Scs Commodity	No 101, Mulashi, Pune, MH	India
S3-136100263	-- curecafe.com	387- Swing Road, Greensboro, North Carolina	US
S3-645258529	American Fellowship Enterprises		US
S3-78732917	Clinique Saint Vacances SAS	21 Rue Tastet, Bordeaux	France
S3-767596875	Total Wholesale	13 Woodside Dr, Conowingo, Maryland	US
S3-932591666	Continental Montessori - 9437692095	3247 Austin Ave, <NULL>, Hempstead, New York	US
S3-946669682	Diamond Crówn Inc	2026- Downey Street, ROCK HILL, South Carolina	US
S3-161197461	Photographie Club S.A.R.L.	All. Blaise Cendrars, Pays de la Loire, St-nazaire	France
S3-495987335	Potins Culture Groupe SAS	13 Bis Allée De L'ile Gloriette, Loire-Atlantique, Nantes	France
S3-217551772	Établissements Enfants S.A.S	St.-nazaire, 17 All Henri Lavenant	France
S3-488490231	Des Impex Private Límited	House No 821, Gurgaon, हरियाणा	India
S3-59803456	Foot & Ankle Clear Spécialists Partners LLC	4263 Morse Road, # SB1, Collumbus, Ohio	US
S3-563083183	Anvil Blue	#27 Thacher St, Malden, Massachusetts	US
S3-705723012	Amicale DE Kangourous France	15 Avenue De La Grande Semaine, Merignac, Gironde	France
S3-235910392	Shri Vision Consultants Private  Limited		India
S3-108820251	Lower Food	20121 Highway 22, PMB 3181, Mckenzie, Tennessee	US
S3-188017854	ÉS	2 bis Cité Souriaux, Bordeaux, Nouvelle-Aquitaine	France
S3-994162930	Locale Anciens Développement SARL	23 R Lafitte, Calais, Hauts-de-France	France
S3-867217183	Womens  Health-Clinic Downtown	3022 Ivy St, Waynebsoro CITY, Virginia	US
S3-480983587	Oneiro Brothers Industries	No. 13/16, Bangalore, Srirampura, ಕರ್ನಾಟಕ	India
S3-738347897	TGO Petroleum  Corp	420 8 S Hill Road, Sunnyside, Washington	US
S3-399986308	Athletique Conseil	2 Rue Hector Malot, Saint-Herblain, Pays de la Loire	France
S3-681907496	PK Sêction SAS	Nº 12 Rue Du Bois De La Musse, Nantes, Pays de la Loire	France
S3-215010006	Ardyth  Gdrsoai Vanguard Canadian Ltd	14014 5nd Pl, Eerett, Washington	US
S3-531264792	जैन बिल्डर्स प्राइवेट लिमिटेड	5/10 Ashoka Road, Indrapuram Gzb. Ghaziabad, Ghaziabad, उत्तर प्रदेश	India
S3-536054337	Vanguard-Foundation	Fl A1403 Pl 14/15 Sec 29C Yashodeep Heights Ghansoli, Bombay, Mumbai City, महाराष्ट्र	India
S3-386111792	Lumveo Sys trading as Shiv Services Private Limited	Akr Vo 267, Bhive, No.112, Akr Tech Park, B Block, Bangalore South, Bangalore, Karnataka	India
S3-344381743	डायनामिक आईटी लिमिटेड	A-31new Friends Colony, South Delhi, New Delhi, DL	India
S3-871184066	GREEN JÉWELLERS PRIVATE LIMITED	Gandhi Chowk, Pathankot, Gurdaspur, ਪੰਜਾਬ	India
S3-254430301	Delta ínvestments Holdings	5722 Dimes Road, Derwood, Maryland	US
S3-209793966	ELLES AMICALE SAS	Calais, 79 Rue De Valenciennes, Pas-de-Calais	France
S3-861829627	Colonial Coalition Inc III	12420 Eighth Avenue, # 8, Spokane Valley, Washington	US
S3-180946455	Kolkata Mandal Private Ltd	Fc 105/2 Salt Lake P S Bidhannagar, Kolkata, North 24 Parganas, WB	India
S3-323766139	Silver  Supply	22-C Highwood Rd, Montgomery, Texas	US
S3-288968377	Great Smart Illinois Llc	2155 Cr 305, Port Alto Community, Texas	US
S3-177004236	Nantes Ecole ([Sarl])	36 Rue Des Chambelles, Nantes, Pays de la Loire	France
S3-69251169	Centre Hospitalier Du Racing	11 C Avenue De L'océan, Lège-cap-ferret, Gironde	France
S3-940439128	Varanasi Shows Group Private [Limited]	B1/3, Fatman Road Gulab Bagh, Cantt., Varanasi, No 87 Rahuvansh Kuti, UP	India
S3-956718000	India Greentower (Marbles)	No 204 Flor Upper Ground Tagrore Park, दिल्ली, North West, Newdelhi	India
S3-935033085	13 Daffaires Atelier  France EURL	Nº 131 Grande Rue, Roubaix	France
S3-401361724	Blue  Hair Studio Services		US
S3-353638745	Blue Learning Center North	Elkins, 21845 Mt Olive, Arkansas	US
S3-446804380	F & U Spire [Corp.]	1455 Sheyenne Park Ct, West Fargo, North Dakota	US
S3-800206949	Office of  Consumer Affairs Trading		US
S3-421413598	sunrisered.com	H.no 58 A, Pokharpur Jajmau, Kanpur, उत्तर प्रदेश	India
S3-522559145	Dr White Foods Private Límited		India
S3-366695031	AS	7 Rue Georges Thuaud, Saint-Nazaire	France
S3-193148312	Pepita Garza Value Lending [LLC]	207 Daleyuhski Ln, Loudon, Tennessee	US
S3-414448156	Commission on Ldtr Ldtr Inc	615 Coopers Hawk Drive, Norman, Oklahoma	US
S3-989097116	Ruraux Local Primaire France SARL	11 Impasse Veuve Bertrand Crocq, Merignac	France
S3-452274227	PUBLIQUE & FRÈRES SARL	Hauts-de-France, # 35 Rue Alfred Caulier, Dunkerque	France
S3-448468422	All	Shop No. 3, 2Nd Floor, Mitra Sankul Shraogi Plot, Near Chiraniya Hospital, A, Kola, Akola, Maharashtra	India
S3-816830357	Lium Smart Solution LLC	361 Sundial Dr, Lexington, North Carolina	US
S3-399082691	Centre Hôspitalier du Louis	10 Rue Abe De L'epee, Nantes, Loire-Atlantique	France
S3-496827750	KZK  Amis SARL	15 Bis Avenue De Verdun Caazux, La Teste-de-buch, Nouvelle-Aquitaine	France
S3-75888327	Institut Source		France
S3-852911727	Shree International Schóol Private Limited		India
S3-518119868	Lille Club Participations	84 Rue Du Maire Becquart, Lille	France
S3-897708944	Femmes EI  Club	No. 132 Rue Mazarin, Nouvelle-Aquitaine, Bordeaux	France
S3-286024366	इंडो पावर लिमिटेड	A-237-a New Ashok Nagar, Delhi, East Delhi, DL	India
S3-662969187	LS	2 Rue Thiers, Lille, Hauts-de-France	France
S3-943590368	Evm Const Company	201-B, Raheja Solitaire, Udyog Nagar, Off S.v. Road, Goregaon (West), Bombay, Mumbai City, महाराष्ट्र	India
S3-852628813	SARL Melpomene College	53 R. Saint Roch, Tourcoing, Nord	France
S3-21073545	Lium Smart Solution	361 Sundial Dr, Lexington, North Carolina	US
S3-874580588	hedda schreffler clear polska ltd	5 Stanton Ct, <NULL>, Broonx, New York	US
S3-395224972	Saint-Nazaire Club SARL	6 All Des Primevères, Saint-nazaire, Pays de la Loire	France
S3-669422737	fédération du rover international	62 Rue Mazarin, Bordeaux	France
S3-435433446	BETH Emanuel		US
S3-829935006	Express Exchange	111. Pine Haven Park, Rockingham, North Carolina	US
S3-429827503	Private ... Swastik-Exports Limited	Rd/12 & 15, 1St Floor Akra Road, S A Froquie Road Metiabruz, Kolkata, Howrah, Kolkata, WB	India
S3-328582742	Una Compagnie Eurl	4 Rue Georges Bizet, Calais, Pas-de-Calais	France
S3-231162709	@Osicompagnie	No. 21 Rue Jean Soula, Bordeaux	France
S3-120337417	Shree Shakti Properties Limited Center	87/32, Raja S.c, Mullick Road, Kolkata, Calcutta, Howrah, WB	India
S3-589890200	Lopez-Sizzle-Inc	Bill Black Rd, Alabama, Athens	US
S3-402940585	TGH Amicale	427 Rue De Tunis, Calais, Hauts-de-France	France
S3-16343060	Musee Service Sàrl	7 Cour Leclercq, 17 Rue De La Potennerie, Roubaix, Nord	France
S3-58677826	DELTA INVESTMENTS LLC	5711-5715 Dimes Road, Derwood CITY, Maryland	US
S3-607367162	Orbent Roya1ty Clinic Inc	112 Market Street, Frederica, Delaware	US
S3-187822826	Mr Vn Power (India) LLP	A-ii-79, G/f Madangir, New Delhi, South Delhi, DL	India
S3-268459332	Nexdrexdova	30 23rd St, PO Box 4077, Washington, District of Columbia	US
S3-235332659	Club De Departemental Participations	(146) R. De La Benauge, Bordeaux, Nouvelle-Aquitaine	France
S3-8708316	Pune City Chemicals Prívate Limited	S No. 63 Fl No. 7, Padmavati Shankarananda Society, Pune, Pune City, महाराष्ट्र	India
S3-114972592	European Club EURL		France
S3-922351547	YRG SOCIETE		France
S3-315723980	Institut de la Education International	011 Allee Jean Mce, Merignac, Nouvelle-Aquitaine	France
S3-903612472	Sri Global Agro Privaie Limited	H.no 0015 & 16, B.s.r.memoirs, 2Nd Floor New Bel Main Road, Chikkamaranahalli, Bangalore, KA	India
S3-177755591	Lycée-Sainte	R Sainte-thérèse, Bordeaux, Nouvelle-Aquitaine	France
S3-609618691	Apex Healthcare Limited Center		India
S3-152308225	Limited Rajalakshmi Technologies (India)	Room No B3/10/598st Louis Commercial Complex Church Circle Erinjery Angadi, Thrissur, KL	India
S3-870835358	Kundan Industries	Block A-417 F-14b, Saket New Delhi, New Delhi, DL	India
S3-962728073	French Ecole (France) Sarl		France
S3-322216548	Premier Tthcadesr Private Limited	H.no 22 Antrikdh Bhawankasturba Gandhi Marg, New Delhi, Central Delhi, DL	India
S3-810060390	Priyank Engineering Ventures Private Limited	##101/A, Kolkata, পশ্চিমবঙ্গ, Howrah	India
S3-567406922	SHYAM INFRASTRUCTURE PRIVATE LIMITED	A-1/167., West Delhi, New Delhi, दिल्ली	India
S3-848934834	*** family.com	##17674 103, Audubon, Minnesota	US
S3-84914759	Bishop Heritage Recruiting Gróup	9947 State Highway V, Missouri, Walnut Grove	US
S3-919164845	Lille Anciens SARL	5 Rue Victor Tilmant, Lille, Nord	France
S3-796665376	Tourcoing  Comite EI	19 R Jacques Cartier, Tourcoing, Nord	France
S3-175534888	Vantagenovi Sys	12 Avenue des Fauvettes, Lège-Cap-Ferret, Nouvelle-Aquitaine	France
S3-354918671	Studio College Exports	East Delhi, DL, C-14 T Delhi Police Employers Cooperation Group Housing Soc Iety Mayur Vihar Phase-i, New Delhi	India
S3-694457474	Pyracira	20 bis Rue Jean Lavigne, La Teste-de-Buch, Nouvelle-Aquitaine	France
S3-505559772	Bordeaux Culturelle SARL	11 Alree Ronsard, Bordeaux, Gironde	France
S3-694684762	Bright Services Prianste Limited		India
S3-759852009	Julina Fzi Hospitality Highland Inc.	00113 Friendly Dr, Unit 855, Raleigh, North Carolina	US
S3-882941171	Made Enterprises	Prop No. L-1-8-a, Chandini Chowk, DL	India
S3-426259375	Pinnacle Corp Solutions Hospitality	Indianapolis, 6293 Clydes Rd, Indiana	US
S3-91333974	Paradise Athletique SAS Groupe	3 Av Haitza, La Teste De Buch	France
S3-637679901	Bordeaux Comite Distribution	No 22 Rue Maubec, Bordeaux	France
S3-694196420	Vaayuavi Real Pvt.  Ltd.	No.1, Kk Road, Opp Nenepu Building Behind St Mary's School, T Dasarahalli, Bangalore Urban, Bangalore, ಕರ್ನಾಟಕ	India
S3-805147175	calaisamis.com	134 Rue Dolain, Calais	France
S3-672586720	Verakelo	Lille, Hauts-de-France, 27 RUE Jean Bart, Maison des Associations	France
S3-76159046	SAS Dent (France) Danse Distribution	N°73 Blvd Joliot-curie, Bordeaux	France
S3-194175205	Sgs Green Private  Limited	0017, GJ, Ahmadabad, Naroda	India
S3-851363648	Limited Cmes Private Service	Plot No. R-677, Rabale, Navi Mumbai, MH	India
S3-716625133	Shyam Infrastructure Private Límited	A-1/167., 3Rd Floor, Janakpuri, New Delhi, West Delhi, DL	India
S3-611663268	Evince Wine	B-5, Patna, बिहार	India
S3-409661197	Ape Union	52 Rue Clémenceau, Dunkerque, Hauts-de-France	France
S3-582915048	Securities  Holdings	Door No 27, Bangalore, Bangalore South, KA	India
S3-16391108	Bnb and Collier Walsh Downtown	#39 Wyndmoor Pl, # Apartment D, Gwynn Oak, Maryland	US
S3-412618119	Pornic Comite S.A.S.		France
S3-393322600	francaise & cie		France
S3-195935452	Al Properties General Limited	#357 House No 112A, Gorakhpur Region, Gorakhpur, UP	India
S3-394821552	Tous Ecole	No 11 Rue Jean Paul Sartre, Saint-herblain, Loire-Atlantique	France
S3-947113134	Upt0wn Coffee!	917 1/2 Western Avenue, Village Of Holmen, Wisconsin	US
S3-420719844	Beth (Emanuel)	10 Wellspring Dr, Stafford County, Virginia	US
S3-187667391	Sporting Amis (Frànce) Distribution SAS	88 All. De La Foret, Pessac, Nouvelle-Aquitaine	France
S3-170376622	Y 7 T Precision Midtown LLC	Poulsbo, Bldg 171, 22278 Stottlemeyer Rd, Washington	US
S3-669934683	Smt Sai Management Private		India
S3-336132915	palaciosalbers.com	Rich Fork Rd, Charleston CITY, West Virginia	US
S3-53655498	Pyrasyn	Alabama, Steele, 601 Rock Crusher Rd	US
S3-777251026	Heritage Gúild Clinic	Indiana, Rensselaer, 325-D Weston Street	US
S3-254154428	Kota Chits Enterprises Pvt Limited	Thane, 2702., MH, Mumbai	India
S3-180111410	Private Priyank éngineering Limited	No 0892 98/A, B T Road, Kolkata, Kolkata, Howrah, WB	India
S3-911838530	Kent's Coastal Cleaning Service	Mexico, 26 1/2 Phineas Davis Ln, New York	US
S3-237294430	Bharat Estate Limited Services	4754-57/23, 3Rd Floor T-8, Akarshan Bhawan, Ansari Road, Darya Ganj, Greater Noida, दिल्ली	India
S3-373734180	Dpr Communale Clinique EURL	36 Rue Mery, Bordeaux, Gironde	France
S3-175747879	Teamsters Union Local No 590 Center LP	19830- Forest Road, Unit Unit 202, Forest Lake, Minnesota	US
S3-604130936	यूनाइटेड एंटरप्राइजेज लिमिटेड	House No 496, Nandurbar, Navapur, MH	India
S3-332474668	Sri Tone Mill Private Ltd	A-6-50/4, Dlf Pahse-1, Gurugram, Gurgaon, HR	India
S3-932191272	Shri greenstar public school private limited	No. 295 214, Jaganath Salai, Srp Colony Madras - 82, Chennai, Tamilnadu, TN	India
S3-326919817	Office Affairs Consumer of Inc.		US
S3-853392618	Sapeurs & Cie		France
S3-313044698	Proify LLC	518 Stoneybrook Lane, Leeds, Alabama	US
S3-19737528	Collège Saint Marie SASU		France
S3-260953599	Sonakshi Private Limited Center	4, Old No 5, Kanniah Street, Off North Usman Road, T.nagar, Chennai, TN	India
S3-619472094	Locale Centre SARL	(37) Rue Negrier, Lille, Nord	France
S3-513708225	Dct Institute of Technology Center Corp	T B3/9, Indra Residency, Virat Nagar, Bommanahalli, Bangalore, KA	India
S3-755602579	Zay Union	46 Rue Malesherbes, Hauts-de-France, Lille	France
S3-564221942	Baldridge Holding Co	1235 Harmons Ferry Road, Calhoun, Kentucky	US
S3-465056088	SA Convergence & Fclsl	2 A Rue Armand Calmon, Pessac	France
S3-259803468	BA Overseas Pvt. Ltd	H.no 7, Bangalore South, Bangalore, KA	India
S3-422585290	Wexlyra Formerly Virinchi India Pvt Ltd	1St Floor Velliapallil Bldgst B Road Pala, Kottayam, Kerala	India
S3-924641939	ets mouvement sarl		France
S3-405960197	institutroller.com	11 R. Du Docteur Gerain Vaneecloo, Dunkerque	France
S3-51645236	Krishna 6uru Enterprises Private Ltd	KA, Bangalore, Site No.26, 27, Vinayakanagar, 1St Cross Devasandra Main Road, K.r. Puram, Shop No. 2, Bangalore	India
S3-482722603	West & [Cie]	No 61 Rue Ernest Renan, Bordeaux, Nouvelle-Aquitaine	France
S3-241304840	vandykepratthaddad.com	7497 Conner Whitefield Rd, Ripley, Tennessee	US
S3-422025050	Kmr Private Limited Center		India
S3-606798860	SAKV  Diamond	27818 Pinpoint Crossing Drive, N/A, KTY, Texas	US
S3-4929345	M/s Bhagyoday Technology Public Limited	No B3/948, Gurugram, Gurgaon, हरियाणा	India
S3-209213442	Pvt Laxmi Finserv Ltd	Old No 126A, New No 72 Periyar Nagar, Puliyakulam, Coimbatore, தமிழ்நாடு	India
S3-542584722	Grand Automation Brands Llc Llc	4530 Rocky River Drive, Cleveland, Ohio	US
S3-406236941	Quinze Service SAS	70 R Guynemer, Bordeaux, Nouvelle-Aquitaine	France
S3-285828219	Arcarialyra	N° 19 Allee Des Dunes, Lège-Cap-Ferret	France
S3-248579694	SHIVHARE CHARITABLE TRUST	Prot 85 19/521, Malappuram, Malapuram, KL, Mozhikal House, Ernad	India
S3-394996882	Barr, Palacios And Albers	4180 Rich Fork Road, Charleston, West Virginia	US
S3-282749451	Grettaramirezspecial.Com	93rd Saint, Sioux Falls, South Dakota	US
S3-444921350	First India Group Limited	C-#146 Sector-55, Noida, Gautam Buddha Nagar, UP	India
S3-540785070	gsection.com	Bordeaux, Nouvelle-Aquitaine, 14 Rue Sante Garibaldi	France
S3-817098273	AD Centre SCI	351 R Roger Salengro, Lille, Nord	France
S3-491196044	Brixtavox d/b/a EHPAD Pierre	6 Cours d'Albret, Bordeaux, Nouvelle-Aquitaine	France
S3-744896556	Cercle + Frères  Développement [SAS]	Nantes, Loire-Atlantique, 7 - Impasse Saint Clement	France
S3-817965755	Back Alley Cleaning Service Llc	Virginia, <NULL>, Frederick County, 128 Likens Way	US
S3-257484525	#centremdical	190 Rue Du Faubourg De Roubaix, Lille, Hauts-de-France	France
S3-148524747	Anchor Consumer Holdings	1936 1/2 Willetts Bottom Rd, Battletown, Kentucky	US
S3-472559943	Jams Diamond  Holdings Pvt - 6696644772	Sr. No. 141/15, Rajkot, Morvi, GJ	India
S3-924001745	Aadhav Trading Private Limited	Scf-96 New Grain Market, Gill Road, Ludhiana, PB	India
S3-21362346	The Total Marketing Company Clinic		US
S3-597345225	Soeur Service S.A.S.U.	82 Bolevard De Metz, Roubaix, Hauts-de-France	France
S3-688091394	RA Sarl-France	027 R Beaufleury, Bordeaux, Nouvelle-Aquitaine	France
S3-907509998	Jennifer Mccormick Highland Kensington West	1324 San Hsi Drive, Chattanooga, Tennessee	US
S3-772745666	Lège-Cap-Ferret [Gsteon]		France
S3-590315257	S.A.S.U. KLM Sante	72 R Daubenton, Roubaix	France
S3-692793479	Tourcoing Club SARL	Rue De La Tosée, Tourcoing, Hauts-de-France	France
S3-530236739	ADELLE BRICE PREMIER, GROUP	111 35th St, # Apartment 206, Fargo, North Dakota	US
S3-494825721	Eastfoundationprivate.Com	T-373/1 Panchpara Road, Kolkata, Howrah, পশ্চিমবঙ্গ	India
S3-401447965	Art Club		France
S3-585077663	Green Holiday (India) Industries (Co)	C-#52, Jaipur, राजस्थान	India
S3-191410209	Ville Arts  Amicale Participations	35 R Des Hannetons, Lille	France
S3-665903629	Big Ice Cream [Service]		US
S3-906520967	బ్లాక్ ఇన్‌ఫ్రా ప్రైవేట్ లిమిటెడ్	Plot No. 645, Hal Colony, Shapur Nagar, Hyderabad, Secunderabad, TG	India
S3-533682316	Proify LLC Partners		US
S3-38756315	Apex Fnsiance LLP	H.no 530 248, Kamalpur Pikar, Post Mubarkpur Pikar, Ambedkar Nagar, UP	India
S3-111659729	Lg Pfradtbesh LLP	Old #101/207, Chennai, TN	India
S3-605737256	Centre-Hospitalier Sainte Sainte		France
S3-227085764	Vigilante Club	15 Rue Des Augusitns, Bordeaux	France
S3-516831529	First Galaxy Industries		India
S3-76404034	Kashvi Hospitality Public Limited	North West, Delhi, Block C-0703 B 712, DL	India
S3-410337270	Noviorbipyra	Nantes, Loire-Atlantique, 36 Av Rene Bazin	France
S3-720178207	XFX Strategic Services - 8242604684		US
S3-514787011	Privatebrothers.Com	#324 D-4, Ground Floor Kiran Garden, Uttam Nagar, Gurgaon, New Delhi, DL	India
S3-638709776	Maison Intérnational SARL	No 19 Rue De Conde, Lille, Hauts-de-France	France
S3-286520963	Fédération de Bureau International	92 R Princesse, Lille	France
S3-75140792	Marinoise Sportive (France) International SARL	Tourcoing, #123 Rue Carnot, Hauts-de-France	France
S3-262165936	Bright Cascade Pimco L.L.C.	305. 2nd Ave SW, Cedar Rapids, Iowa	US
S3-738266498	GREENSTAR PUBLIC SCHOOL PRIVATE LIMITED	No. 295 214, Tamilnadu, Chennai, TN	India
S3-72371706	Nbn Medical (Center)	Door No 16A Everest House46c J L Nehru Road, Kolkata, N/A, WB	India
S3-973623342	Kortavo	No. 711, 7Th Main Road, J.P. Nagar, 3Rd Phase, Bangalore South, Bangalore, Karnataka	India
S3-363593291	Bard Holding Cómpany	916-A First St, Linton, Indiana	US
S3-621117610	एपेक्स टेक्नोलॉजीज प्राइवेट लिमिटेड	H.no 454/15 Bhawna Bhawanist Floor Near Aksah Cinema Azadpur, Delhi, North Delhi, DL	India
S3-901044893	Starwing Developer Private	C-42nariana. Vihar, New Delhi, South West, DL	India
S3-228980429	Formation Club EURL	46 R. Bonte Pollet, Terrasse Du Parc - Appartement 242, Lille, Hauts-de-France	France
S3-335807558	Miss  Fetes	00102 R. Franklin, Roubaix	France
S3-123426109	Rural Amicale SAS		France
S3-94470331	Fil Lyçee SAS		France
S3-824480934	HA Uptown LLC Center	04711 Pacific Ave, Dunes City, Oregon	US
S3-672300266	Complete  Apparel Collective		US
S3-236719915	Green Jewellers Private Ltd	Gandhi Chowk, Pathankot, Gurdaspur, PB	India
S3-260807839	centre médical sainte françois	N° 2 Rue Du Danemark, Pessac, Gironde	France
S3-944429039	Blue Charter School	235. Davis Avenue, Clemmons, North Carolina	US
S3-90907310	Bay Center Ventures		US
S3-343462195	Nature SAS Union	2 Quai De La Colonne, Calais, Pas-de-Calais	France
S3-874322138	Si SARL Club	23 R Oscar Et Jean Auriac, Bordeaux, Nouvelle-Aquitaine	France
S3-729069647	Établissements Mien SARL	024 Av Gustave Delory, Roubaix, Hauts-de-France	France
S3-505253347	Bharat Education Private (Limited)		India
S3-972228873	Unique Services Private  Ltd	Survey 1 85 Door No 1 -55 1 1 Kj 3F, Serillingampally K V Rangareddy Telangana, Serilingampally, K.v.rangareddy, TG	India
S3-746006093	Overseas Marketing Pixel	25M G Marg Allahabad, Uttar Pradesh, Allahabad, उत्तर प्रदेश	India
S3-656015853	Lakshmi  Products Private [Limited]		India
S3-19504766	EURL Soleils Services	Gironde, 51 R Camena D'almeida, Bordeaux	France
S3-203874107	Dutilisation Comite (France) SASU	8 Allée Sully Prudhomme, Pessac, Gironde	France
S3-753110589	D0die'S Prairie Tax Service	6473 Il Hwy 148, Mount Vernon, Illinois	US
S3-917983807	Institut Julien Enterprises		France
S3-389711814	École maternelle Madeleine	250 R. Peul Langevin, Calais, Pas-de-Calais	France
S3-959041916	Prudencereeddiversified.Com	1230 Oak Ridge Road, Botetourt County, Virginia	US
S3-748402030	Cpts & Frèdes	198 Bd. De L' Egalité, Tourcoing, Nord	France
S3-821331754	Gates Grid Johnson And		US
S3-715606369	La Teste-de-Buch Sportive Participations SASU	La Teste-de-buch, Nouvelle-Aquitaine, 71 Avenue Saint Exupéry	France
S3-331220131	Lille Àmicale SARL		France
S3-49579370	Ram Investments Pvt	No 5407 Arya Samaj Road, Central Delhi, Delhi, DL	India
S3-361312689	Aviaria	All Des Confiseurs, Tourcoing, Nord	France
S3-625950302	Epperson, Walker and King Holdings	5475 1175, Wheatfield, Indiana	US
S3-142340025	moye & bolan developments llc	Arbury Ave, North Canton, Ohio	US
S3-119694253	Phoceen (Maison)	Nouvelle-Aquitaine, Lege-cap-ferret, N° 64 Av. Atlantique Cap Ferret	France
S3-947802963	बालाजी मार्केटिंग प्राइवेट लिमिटेड	No 5653, Kh No 104-6, G No-116-123, B-block, Sant Nagar, Burari, Delhi, North Delhi, DL	India
S3-543065697	Dorganisation  Service S.A.	51 Rue De Kerbrun, Saint-nazaire, Loire-Atlantique	France
S3-312572402	Lège-Cap-Ferret  Foyer SARL	8 A Allee Des Grives, Lège-cap-ferret, Nouvelle-Aquitaine	France
S3-9126587	Ets  Communale		France
S3-895452988	National Iddmiftitiave	906 B Lincoln Avenue, # Unit 4, City Of Beaver Dam, Wisconsin	US
S3-988832555	Centre Hospitalier Jëan		France
S3-169172111	Piedm0nt  Institute	002644 Eighth Avenue, null, Merced, California	US
S3-312882370	Mumbai India Límited Límited		India
S3-602387733	Technology Karunadu LLP Services	No. 52 101, Tiruchengode, TN, Namakkal	India
S3-931946972	sspromoters.com	202, Nakshatra 7, Bapa Sitaram Chowk, Rajkot, ગુજરાત	India
S3-97974553	North ímpex		India
S3-616297530	Fédération de Departementale EURL	162 Bd La Fayette, Calais, Hauts-de-France	France
S3-160138271	Établissements Genelations EI	#83 R. Van Grutten, Calais, Hauts-de-France	France
S3-750992461	Quartier Mozaique Musique SARL	(25) R. De Courchelettes, Dunkerque, Nord	France
S3-671490817	cherplasserry solar private limited	3/1669, Pvn Towers Cherplasserry - Pattambi Road, Nr Govt H, Ospital, Cherplasserry, Ernakulam, കേരളം	India
S3-893032224	Piedmont Reliable Media of Folsom [Ltd]	Folsom, #3212 Auburn Leaf Loop, California	US
S3-131006235	Communaute Souverain  Amis SARL	18 Rue Nuyens, 33100 Bordeaux, Bordeaux	France
S3-832398248	MI COMITE SARL		France
S3-970886644	Dental Group Partners	108 9th St, Sarcoxie, Missouri	US
S3-374584897	luxmiindiarecruitment.com	#454 5-144/25, Patancheru Road, Rangareddy, K.v.rangareddy, TG	India
S3-366975933	Downtown Barbershop! Eastgate Corp	3161 163rd Street, Skiatook, Oklahoma	US
S3-104967365	Clean Industries Center		US
S3-644214059	Lbm-Lycee SAS	Nº 27 R Jean Bart, Maison Des Associations De Lille, Lille, Nord	France
S3-432193536	Pelfrey Prairie  Tax	648 Il Hwy 148, Illinois, Mount Vernon	US
S3-479242697	Tavoriza a/k/a Roubaix Medico SAS	2 a Rue de Courtrai, Roubaix, Hauts-de-France	France
S3-994359229	SAINT-HERBLAIN COMITE SCI	13 R. Paul Dukas, Saint-herblain	France
S3-436100226	Sollyra f/k/a Cessenon Alaji Ecole SAS	19 Allée des Dunes Cap Ferret, Lège-Cap-Ferret, Nouvelle-Aquitaine	France
S3-859384170	ONI Fashions Private Limited	Banaskantha, GJ, 3, Palanpur	India
S3-206367024	Convergence & Fils		France
S3-994366213	Shyam Products Poiagte Límited		India
S3-405447011	Personnel Industries	Nº 2 R. Abarham Duquesne, Pessac	France
S3-948751103	Johnson, Thakkar & Partners [Guity]	145 Harvard Ave, Allstton, Massachusetts	US
S3-164944275	Cure Nails	3940 81, Danville CDP, Alabama	US
S3-372861032	Comit.Com	5 Av Gustave Dron, Appartement 30, Tourcoing, Nord	France
S3-653039217	College Sainte Team (EURL)	Lège-cap-ferret, 3 Allee Des Dunes	France
S3-542209012	Lotus &-Private Bróthers Limited #4086	H No 4935, Latur, MH	India
S3-373261717	Peus LP	Ohio, 8158- Ballantyne Court, Jerome Twp, Building 27371	US
S3-627811098	AT	2 Boulevard d’Arcachon, Nouvelle-Aquitaine, La Teste-de-Buch	France
S3-213427643	Verakelo	467 7, Nacogdoches, Texas	US
S3-956029274	Olly Steinke Innovative Emera West Inc	19 French Drive, Virginia, Illinois	US
S3-567640209	Back Grill Alley		US
S3-304278041	Amicale des Banquet SAS	63 R. Saint-louis, Roubaix, Nord	France
S3-62721833	Lumflux	50 Avenue de l'Océan Cap Ferret, Lège-Cap-Ferret, Nouvelle-Aquitaine	France
S3-124996220	Wagner Learnfag  Center LLC	101, Suunman, Indiana	US
S3-405068434	Si Ecole	N° 30 Rue Oscar Et Jean Auriac, Bordeaux, Nouvelle-Aquitaine	France
S3-658696017	FZ Estate Limited Service	Sivaganga, No. 51/2 Gokhalae Hall Street, தமிழ்நாடு, Sivaganga	India
S3-568221965	Swastik-Traders Private [Limited]	Shop No. #47, Bikaner, Jaimalsar, RJ	India
S3-796050951	Digital Consultants Prívate Limited	C/o M Bapu Rao 1-2 Sunkidi Talamadugu, Adilabad, TG	India
S3-692439820	The Dent Bike Shop Llc	104 Tallman St, Wildrose, North Dakota	US
S3-260013101	Codynis Center	2795 221A, North Carolina, Mooresboro CITY	US
S3-803179316	Quovantagemiraio t/a Cmp Consultancy	Hyderabad, Flat No D-302, Aliens Elite Prasanth Nagar, Miyapur, Hyderabad, Telangana	India
S3-840720105	Coastal Inpoint Corp	356 Alexander Street, Mooresville, North Carolina	US
S3-251674450	Amoureux Comite	10 Av Pierre Ceresole, Gironde, Pessac	France
S3-420158266	3r Coiffeurs Collectif		France
S3-703272421	downingservices.com	637-A Road 660, Dayton, Texas	US
S3-53399190	Bordeaux Groupe	N°16 Rue Edmond Labasse, Bordeaux, Gironde	France
S3-336440324	Precision Morgan  Company	50-07 65 St, Woodside, New York	US
S3-882967463	RICHARDSON & WALSH OPPORTUNITIES INC	16926 Us 412 Highway, Bono, Arkansas	US
S3-15201445	Lake Preferred	Rainbow Circle, Butler CITY, Alabama	US
S3-485560078	G & T Urban	N2708 G, Town Of Lindina, Wisconsin	US
S3-510782748	Mumbai Prójects Pvt Ltd	M18, Mumbai City, Bombay, महाराष्ट्र	India
S3-284451132	S.A.S.U. Grandes (France) Amicale	131 Rue Magnesia, Calais, Pas-de-Calais	France
S3-242716865	Clinique de la-Jmgn	Calais	France
S3-768918638	Amie Rencontres Sportive Distribution  SARL	223 Rue De Trignac, Saint-nazaire, Pays de la Loire	France
S3-473523232	LLC Ospcy	80 Brannon Rd, # 235, Nicholasville, Kentucky	US
S3-92651475	Village & Frères  SNC	11 Bis Rue D'erlon, Nantes	France
S3-388784561	Prorpiteaires & Cie SARL		France
S3-684347799	HERNANDEZ, ANABELLE SAFE LLC	6000 62nd Ave, # Apt 314, Johnston, Iowa	US
S3-981487008	ఇంటర్నేషనల్ ఇన్ఫోటెక్ ప్రైవేట్ లిమిటెడ్	#03, Medak, Siddipet, TG	India
S3-655313350	École maternelle Çreusot Sainte	1 Avenue Des Chevreuils, Lège-cap-ferret	France
S3-547969943	M/s Bharathi Snacks Pvt Ltd	Sion Fish M, Sion Chunabhatti Signal, No 59 Joglekarwadi, Mumbai, MH	India
S3-699044849	#grísekong	1918 Tylr Rd, Petersburg, Virginia	US
S3-203538137	Synbrixpyra	13 Rue Famatina, Bordeaux, Nouvelle-Aquitaine	France
S3-848880557	amicale des tennis		France
S3-267111912	ड्रीम Enterprises लिमिटेड	MH, <NULL>, S No. #59, Pune	India
S3-674275116	des Comité Hôrizon	Loire-Atlantique, Nantes, 3 Avenue De L'arche	France
S3-345911998	Smt Black Technologies Private (Limited)		India
S3-617677472	Tirupati Royal Private Limited Services		India
S3-875731000	Madrassati &	Rue Yves Ponceau, Pornic, Loire-Atlantique	France
S3-734285134	Family Trust Co	560 Cline Road, Corydon, Indiana	US
S3-305547495	Private Black Technology Ltd	696, Narayan Peth, 3Rd Floor Bafna Chambers, Laxmi Road, Pune, MH	India
S3-550367342	Quoquo LLC lmmunopharma	115 Jack Browning Dr, Jarrell, Texas	US
S3-915490271	লোটাস প্রজেক্টস প্রাইভেট লিমিটেড	Mahatma Gandhi Road 3Rd Floor, Kolkata, Howrah, পশ্চিমবঙ্গ	India
S3-764069369	Communale Anciens  5AS		France
S3-186413800	Montary Energetics Energetics	609 Mclane Street, Osceola, Iowa	US
S3-240619741	Brown, Lopez & Hdent Inc	50 Powellville Ln, # F, Virginia, Newport News	US
S3-793988976	Bordeaux Union S.A.	73 Rue Eugène Ténot, Bordeaux, Nouvelle-Aquitaine	France
S3-553400093	Établissements Dutilisation S.A.R.L.	Dunkerque, (15) R Du Comptoir Linier	France
S3-303041329	Smt Alpha Alpha Services Private Ltd		India
S3-891694034	Bright-Energy Pvt Ltd	1, Mumbai City, Mumbai, MH	India
S3-666898666	Lège-Cap-Ferret Societe	6 Allee Des Poetes, Lège-cap-ferret, Gironde	France
S3-227176632	PVT COMMON TRADERS LTD	Sector 6, Haryana, Bahadurgarh, HR	India
S3-104235032	Parker, Bryan +  Blazer Security Inc	2209 Cedar Crest Blvd, Dallas, Texas	US
S3-222899967	Emc Sport SAS	34 Rue Jean Haemau, Bordeaux, Nouvelle-Aquitaine	France
S3-384377798	Children'S Network & Co		US
S3-906524569	Sai Management		India
S3-763242827	Division of of Co Services	Kansas City, Missouri, N/A, 34- 85th Ter	US
S3-146933064	Producer Aashi Services LLP	102/6, Bangalore South, Bangalore, KA	India
S3-750638369	Liberty Ínitiative	49A Maxwell Drive, Southington, Connecticut	US
S3-317058381	R  4 A Canadian Westgate LLC	3026 Cypress Ave, Missouri, Kansas City	US
S3-618515732	फर्स्ट गैलेक्सी इंडस्ट्रीज प्राइवेट लिमिटेड	A-10, Ground And First Floor, New Delhi, South Delhi, DL	India
S3-115752284	Kelomira	47 Rue Breau, Bordeaux, Nouvelle-Aquitaine	France
S3-916281458	Pegasus Trading Private-Limited	J-99 Ashok Vihar, Divreportingcircle, New Delhi, दिल्ली	India
S3-494525175	Wadsworth City Horizon	1300-B Coalridge Parkway, Wadsworth City, Ohio	US
S3-494027761	Cornerstone Biomedical Services LLC	Iowa City, ##749 Michael St, Iowa	US
S3-823517740	Madhava Educati0nal  Society		India
S3-513205456	Établissements Nai	5 Rue Brunet, Pessac, Nouvelle-Aquitaine	France
S3-969799016	Inc. Hammond Federal Taiwan	300 Michigan Ave, Dallas, Texas	US
S3-906153154	Chasse Spôrtive	474 Rue Du Brun Pin, Tourcoing	France
S3-431467774	Dentraide Groupement Holding	0022 R. Binaud, Bordeaux, Gironde	France
S3-541369262	Asset Building Council Group	5440 Lockwood Rd, Auburnn CITY, New York	US
S3-48883335	Sree Exports Garments Private	E-45, Krishna Park, Devli Road Deoli Khanpur, New Delhi, Delhi, South Delhi, DL	India
S3-560054703	South Projects Private Límited		India
S3-243222665	La Teste-De-Buch Club SARL Enterprises		France
S3-583391115	Liquorsindiahimlandcom	Shivam, Bangalore North, ಕರ್ನಾಟಕ	India
S3-995581412	cmaison.com	74 Avenue De La Presqu'ile, Lège-Cap-Ferret, Nouvelle-Aquitaine	France
S3-641609198	अल्फा होटल कंस्ट्रक्शन प्रा. लि.	S 2-6/294 Ka 5 Meera Purbasahi, Varanasi, Lalpur, UP	India
S3-925821894	J. Mccormick Highland	TN, 1319 San Hsi Drive, East Ridge	US
S3-76085525	Peridic Gesher	235 C St SW, Iowa, Cedar Rapids	US
S3-18221843	Blúebakery.Com	2160 Heron Haven Ln, Hayes, Virginia	US
S3-610140666	NXY-Diagnostic Enterprises	H.no 49-34-8C, Flat No.501, Sumukaiyla Apartment, N.g.g.o Colony, Akkayapalem, Vizag, AP	India
S3-138367976	M/s Nama Consultants Group	13054, Prestige Wellington Park, Near Gangamma Circle, Jala Halli, Bangalore, KA	India
S3-620504603	Pivoine France Patrimoine SASU	8 Avenue Ellen Macartur, La Baule-escoublac, Loire-Atlantique	France
S3-340980388	Select Atlantic	187 Brooksbank Rd, Oxford, New York	US
S3-674306169	LCC	102 R. D'artois, Lille	France
S3-460367869	Savante Et Fils		France
S3-252802463	Lyssa Poff, MD Ltd	8033 6th St, Phoenix, Arizona	US
S3-892885874	Anchor Corp	#25 Fuller St, Lee, Massachusetts	US
S3-130504271	Yumadrex f/k/a Bia Inc	1100 Highland Court, Hartselle, AL	US
S3-260901792	Internal Medicine Specialists Inc		US
S3-4276647	Nexkelo	3 Avenue des Catamarans, Lège-Cap-Ferret, Nouvelle-Aquitaine	France
S3-898868555	L.L.P. International Engineering	T-42, New Delhi, West Delhi, DL	India
S3-595704953	Singh & Hoayes	11332 Flamingo Ln, Texas, Dallas	US
S3-71876136	AT Suppliers Limited	#6St Floor, Bombay, Mumbai, MH	India
S3-971566974	ÉA	15 Passage Hermitte, Bordeaux, Nouvelle-Aquitaine	France
S3-483340327	બિગ પ્રોજેક્ટ્સ પ્રાઇવેટ લિમિટેડ	Usja 11, Plot No. 4, Shanti Dham Veraval, Rajkot , Gujrat, NULL, GJ	India
S3-96035818	Reimers Stores Co Care	Kansas, 782 Hwy 14, Lincoln	US
S3-944517383	Mumbai Polytechnic Private Limited	Shree Narayad Dhem, Kothari Nadi, Sanganer Rd, Bhilwara, RJ	India
S3-557756778	Brown Stores Llc	10 1/2 Lovell St, Somers, New York	US
S3-910394473	Deleves Çlub	338 Av. Linné, Roubaix	France
S3-720865525	Faus Group	1368 Gate Post Lane, Albemarle County, Virginia	US
S3-284303113	BANGALORE SECURITIES PVT LTD	Khushi Vihar Kanausi Kp, UP, Lucknow, House No. 555Ka/Kv-203	India
S3-231110267	1983 First Avenue	4401 Sandstone Drive, Janesville, Wisconsin	US
S3-162055120	Boye LLC Services	Montgomery, # UNIT 3005, Eastchase Lane, Alabama	US
S3-678917989	Swastik Agro Electronics Private Ltd	Gc- A-1/6, Rabindra Pally, Jyangra, Baguiati, North 24 Parganas, D B Nagar, পশ্চিমবঙ্গ	India
S3-36986884	Diamond Holdings Xsolla	3555 Chatfield Center Rd, Chatfield, Ohio	US
S3-102000533	Fresh Tavern	385 Front Street, Braidwoood CITY, Illinois	US
S3-518787525	SA	Lille, Hauts-de-France, 39 Rue Francisco Ferrer	France
S3-914967320	TH Conisturtion Private-Limited	K.v.rangareddy, B310, TG, Hyderabad Urban	India
S3-222138863	Woodard & Heiser		US
S3-949929507	Horstman Safe Transalta LLC	4591 Smoerset Blvd, Bellevue, Washington	US
S3-59150451	Studio Pvt. Ltd. Center		India
S3-157763415	Lucknow Metal Limited	450/670/3 Peepal Wali Gali, Mufti Ganj, Lucknow, Chowk, UP	India
S3-984608270	Ville Arts Amis SAS	No 14 Rue Des Hannetons, Lille, Hauts-de-France	France
S3-949643004	Viobelo	Saint-Herblain, Pays de la Loire, 4 Avenue Charles Nicolle	France
S3-544603130	POTINS CULTURE SAS	10 B All De L'ile Gloriette, Nantes, Loire-Atlantique	France
S3-403149008	Express Printing Innovations	22 Summit Pass, Galena, Illinois	US
S3-204902125	Corner Seafood Services		US
S3-604761548	Croix Federation (France) Sarl	R. Delaroche, Calais	France
S3-77011073	Deleves Centre France [SARL]	64 Rue Du Clinquet, Tourcoing, Nord	France
S3-353656290	Korvio	Avenue Du Maruchal De Lattre De Tassigny, La Baule-Escoublac	France
S3-868894078	Anabelle Hernandez Safe Group	6013 62nd Ave, Unit Apt 314, Johnston, Iowa	US
S3-107067514	Somani Ram (India)	E-1-93, Jaipur, Mansarovar, RJ	India
S3-937515311	Ghaziabad Wor1d Holdings Corp	Ug -112, Plot No -169 Gyan Khand -4, Indra Puram, Ghaziabad, UP	India
S3-975292684	Hedy's Ciloruutre North	24 1/23 Miller Street, null, Cortland, New York	US
S3-108165387	Financement SAS Federation	42 Rue Du Chemin Vert, Roubaix, Nord	France
S3-689532548	Alpha (France)-Club EURL	Cafe De Paris, Pas-de-Calais, Calais, 72 Rue Roale	France
S3-139304263	Smt Dhiti Care Prívate Ltd	Plot In Kh No. 1-421/8 G/f, New Delhi, South Delhi, DL	India
S3-209864759	Developers Lighting Mart Limited	Mg 530A, The Magnolias, Dlf Golf Links Dlf City Phase-5, Gurgaon, HR	India
S3-315833357	Solutions Gujarat Shipping Private Limited	C-3-a-140-a Janakpuri, West Delhi, New Delhi, दिल्ली	India
S3-338975444	Afceveloclub.Com	No. 38 Avenue De Saint-nazaire, Saint-nazaire	France
S3-72959585	Rajeswari Engineers	Pitaura Kaimaganj Disttfarukhabad Farukhabad, Farrukhabad, उत्तर प्रदेश	India
S3-295691211	India Magic  Buildcon Industries Ltd	தமிழ்நாடு, Ambattur, Tiruvallur, Plot No. 26B/29. Sidco Industrial Estate, Pattaravakkam	India
S3-888772059	PHARMACIE FRANÇOISE	11 R Michel Favreau, Bordeaux, Gironde	France
S3-773372640	pediatric dentistry ch0ice associates, partners	957- Beaverbrook Drive, Atlanta, Georgia	US
S3-515772367	Fluxorbisol	No. 633 3/1506, Mundath Multispeciality Clinic, Koppam, Pulassery, Palakkad, KL	India
S3-408733934	Vijay Hospitality Pvt Limited	30, Seat No.2, Cantt Road, Near Dayanand Chowk, Garha, Jalandhar -Ii, ਪੰਜਾਬ	India
S3-727875429	Sociocultuelle & Cie SARL	Boulevard Paseur, Nantes	France
S3-329806248	Institut du Rôller	11 Rue Du Docteur Germain Vaneecloo, Dunkerque	France
S3-496224261	EHPAD Pierre EURL	11 Crs D'albret, Bordeaux	France
S3-332506784	Gulf Renaissancere Partners (Ltd)	420 Clover Lane, Raleigh, North Carolina	US
S3-512268965	La Ecole SCI  Groupe	No 153 Avenue Du Maréchal De Lattre De Tassigny, La Baule-escoublac, Pays de la Loire	France
S3-268254386	Nantesconseilei.Com	Nantes, 053 Boulevard Siant Aignan, Loire-Atlantique	France
S3-198950873	Ss Solutions Prvitea Limited		India
S3-2118615	Faith (France) Club 5CI	1839 R. Du Banc Vert, Dunkerque	France
S3-486420180	Oasis-International School	Fl 10 Bld G, Poona, MH	India
S3-204440258	PREMIER BROADCAST GROUP	109A Quaker Lane, W Hartford, Connecticut	US
S3-140545850	Amicale Dù Dopale France	N°87 Rue Kleber, Gironde, Bordeaux	France
S3-872092421	The Dunning Máintenance, Inc.	323 Sandy Avenue, Charlotte, North Carolina	US
S3-187058335	Institut Jacques SCI	66 Rue Du Grand Maurian, Bordeaux, Gironde	France
S3-182769803	International LLP Center	Palakkad, No. 633 3/1506, Mundath Multispeciality Clinic, Koppam, Pulassery, KL	India
S3-431986771	Liberty [Initivae]	49A Maxwell Drive, Southington, Connecticut	US
S3-659360795	supremelabs.com	Nixa, Missouri, 676 Spring Valley Cir, # APT 101	US
S3-769089953	Avinovi formerly Indian Care Pvt Ltd	House No. 1494E, Flat No. 102, Sector-15, Part-2, Sadar Bazar, Gurgaon, Haryana	India
S3-773108580	Communale Loisirs	039 Avenue Du Docteur Nancel Pénard, Pessac, Gironde	France
S3-456721024	@rqsclub	Nº 6 Passage Du Bassin, Lège-cap-ferret	France
S3-618659276	Back Alley Grill!	13999 Crown Court, Prince William County, Virginia	US
S3-158589848	Bay  Pioneer Developments	10 Pembrooke Road, Montgomery, Illinois	US
S3-820150645	Maison Albigny Développement SARL	N° 6 Place Bir Hakeim, Bordeaux, Nouvelle-Aquitaine	France
S3-184509600	Brixyuma	Av Dres, Bordeaux, Gironde	France
S3-331656665	llc cayetano anchor briacell	15 Stratford Road, West Hartford, Connecticut	US
S3-352994886	8arksdale Array LLC	Mineral Wells, Texas, 1014 Kite Rd	US
S3-728429132	Union De Evangelique (SASU)	N° 40 Quai De Brazza, Bordeaux, Nouvelle-Aquitaine	France
S3-679244841	Assetbuildingcouncil.Com	Aubrn, 5436 Lockwood Rd, New York	US
S3-23612130	Golden Group Pvt Ltd Center		India
S3-142729850	kanaiya advisors ventures	Plot No 72A Surve Layout, Nagpur, MH	India
S3-231908837	SARL Generale Club	N° 11 Av. Marcel Drret, Mérignac, Nouvelle-Aquitaine	France
S3-622470132	Healey Apartment	1229 Grant Ave, Altoona, Pennsylvania	US
S3-487549679	BHAVANI & BROTHERS	Villa No.52 Hanging Gardens Survey No:265/2, Hyderabad, Rangareddy, TG	India
S3-383912862	Private Star Limited Consulting South	Kp.4/74.j, Kozhikode, Manassery, Calicut Dist, Kerala, KL	India
S3-267041824	Suchana (India) Spices Pniate [Limited]	C/o. Prashant B. Deshmukh, H No.24, At Sagar Colony, Pathri, Parbhani, MH	India
S3-703523086	Sun Conuhltrnts Límited		India
S3-331794966	Locataires SAS Club	Rue Du Général Laperrine, Tourcoing	France
S3-731803310	பாரத் இன்டர்நேஷனல் பிரைவேட் லிமிடெட்	1-5/409, Sholinganallur, TN	India
S3-680617544	Maison de de Antoine & Fils	8 R. Des Prés, Saint-herblain	France
S3-932904307	Zephmira	Hauts-de-France, Calais, 21 Boulevard des Alliés	France
S3-823802771	Om Food Private Ltd Enterprises		India
S3-997495576	Olympique Federation	26 R. Veyssiere, Bordeaux	France
S3-77573380	Main Street Massage Center Enterprises		US
S3-805358397	Developpement Solart Club Développement	15 Square Du Beau-bouquet, Lille	France
S3-414679392	Eleves & Fils Participations SARL	N° 108 Rue Fieffe, Bordeaux	France
S3-806866801	Box India Private Ltd	Hyderabad, #1St Floor, TG, Hyderabad.., NULL	India
S3-681985503	Perfect It Limited Center	Flat No-101, Pune, MH	India
S3-738056424	EHPAD	9 bis Rue du Virolois, Tourcoing, Hauts-de-France	France
S3-171555160	Ventures Vmr Asia Company	H.no G-48 Ahilya Nagar Extension, Scheme Number 97 Part 4, Main Service Road, Indore, मध्य प्रदेश	India
S3-804101408	Pediatric Dentismry Group Holdings	##1022 Minnette Circle, New Bern, North Carolina	US
S3-260409573	Colonial Vafneu Alliancebernstein Ltd	22065-B Ethan Ave, Forest Lake, Minnesota	US
S3-637532406	Comité des  Bde	32 Rue Roger Salengro, Dunkerque, Nord	France
S3-723164683	Technologies Gaurav Centre (Corporation)	Plot 218 3-225/Sh/501, 2Fr, Sterling, Hgts, Mahendra Mind Space, Hyderabad, Rangareddi, తెలంగాణ	India
S3-729498721	Demoiselle Foyer	0164 Boulevard Robert Schuman, Nantes	France
S3-770326192	Ekaa Investments Private Limited	Smt. Anita Devi W/o Niraj Kumar Brahmsthan Kurthaul, Khemni Chak, Masauri, Patna, BR	India
S3-323802843	5outh  Trading Private Limited	0605, Shree Ganesh Galaxy, Near Nakshatra Lawns, Nashik, MH	India
S3-747470097	Ets Drcpslooy International SAS	27 Cour2 Louis Fargue, Residence Les Attiques - Appt. 103 - Bat. B, Bordeaux, Gironde	France
S3-701648873	Limited Constro Traders Infratech Service	Sco 107 A Delta Chambers, Jalandhar, ਪੰਜਾਬ	India
S3-953971033	Nisha Purhimicaion Private Limited	5A-79, Hyderabad, Hyd, తెలంగాణ	India
S3-822148884	Al Marketing Pvt Ltd		India
S3-112425105	HTO Groupe SAS	Bordeaux, 37 Rue Durieu De Maisonneuve, Gironde	France
S3-375094407	Relevant-Engineering Private Limited	Mhe, Vallam Vadakal, Sriperumbuthur, Kancheepuram, TN	India
S3-855204453	Family Group Center		US
S3-152494936	Zania Lab  Inc	2351 Baxter County 57 Rd, Mountain Home, Arkansas	US
S3-620012702	Maison Cercle	Lege-cap-ferret, 15 Rue Sainte Catherine	France
S3-314177091	Private Kaverva Limited Holdings Solutions	Hn 560 E-175 A, Ramesh Marg, C-scheme, Jaipur, राजस्थान	India
S3-229032412	City  Foundation Limited		India
S3-763207105	M/s 5bs Sifnatdga-Private Limited	A A-529, Mumbai, Bandra Suburban, महाराष्ट्र	India
S3-478362818	QVW Syndicate Private Ltd	Unit No.1107, 10Th Floor, Vasavi Mpm Grand, 11Th Level, Beside Metro Station, Yellareddyguda, Ameerpet, Khairatabad, Hyderabad, తెలంగాణ	India
S3-763989530	LA BAULE-ESCOUBLAC RESIDENCE EURL	La Baule-escoublac, #9 Avenue De La Lavande	France
S3-892710493	The Dent Grill Services	1141 Vincent Avenue, Brnox, New York	US
S3-118902174	Orbijax	20 Rue du Ferry Nord-Pas-de-Calais, Dunkerque, Hauts-de-France	France
S3-778966517	Dill & Hanlon	3101 Grandview Street, PO Box 7253, Mesa Mountain View, Arizona	US
S3-599050326	Marudhar Hospitality	Rl190, G Block, Sambhaji, Nagar, Chinchwad Midc, Pune City, Pune, महाराष्ट्र	India
S3-899338118	एपेक्स इन्वेस्टमेंट लिमिटेड	Room No. 5/1101, Niraj Park Wayle Nagar, Khadakpada, Thane, Kalyan, MH	India
S3-519451081	Red Investments Company		India
S3-418681392	Caldelle LLC [Liberty]		US
S3-995167264	West Supreme Global Center Group	344 Valek Road, Ennis, Texas	US
S3-61227477	ब्राइट Logistics Private Limited	Third Floor, Scheme No.2, Lajpat Nagar, Alwar, Plot No.##9, RJ	India
S3-911445328	Harvin  Green Pvt Ltd	Flt No-49, Plot No-30 Sect-10, Iv/f, Dwarka, New Delhi, DL	India
S3-192234535	Tourcoing Comite E.I.	19 R Jacques Cartier, Tourcoing, Nord	France
S3-761833026	Ziraesh Limited Partners	No. 894 31, Mangal Vihar, Swej Farm, Sodala, Jaipur, RJ	India
S3-414533951	Cie Relais SARL	Tourcoing, 4 Cour Lebrun 230bis Rue De Fleurus	France
S3-73575092	OAI Amicale SAS	20 Rue De Cardurand, Saint-nazaire, Pays de la Loire	France
S3-305465474	Value Realty Digital, Holdings	North Carolina, 332 Bay Drive, Kill Devil Hills	US
S3-570649762	Marche Comite SAS	Nantes, Pays de la Loire, 16 R Des Freres Amieux	France
S3-618937033	New Eastern Impex Private Limited	Calcutta, WB, 2-22 Hara Ch Mallick Lane, Kolkata	India
S3-359695958	Linsertion Dètudes Amicale SAS	La Teste-de-buch, 36 B Rue De L’oustalet	France
S3-638717887	csoif.com	N°112 Rue Anciens Combattants D’afrique Du Nord, Dunkerque, Hauts-de-France	France
S3-195655272	YRG Societe	3 Impasse Marie Laurencin, Saint-herblain	France
S3-135988987	কৃষ্ণ প্রোডাক্টস প্রাইভেট লিমিটেড	Room No-205, Saltlake, North 24 Parganas, WB	India
S3-548907712	Ishwar Entertainment Limited	Door No 20 6-B, महाराष्ट्र, Mumbai City, Mumbai	India
S3-10409237	Avibrix	9 Avenue Bttine, La Baule-Escoublac	France
S3-792622161	Mora P.C. DMD, M.D., Champ,	7 Duncklee Street, Brgihton CDP, Massachusetts	US
S3-808544325	Comité De Team Services	Rue Dangleterre, Nantes, Pays de la Loire	France
S3-488367491	Nantes Societe Sarl Enterprises		France
S3-126158650	Ardyth Gárcia Vanguard Canadian LLC	14013 5th Pl, PO Box 4660, Everett, Washington	US
S3-473736223	Global  Clear Canada	3115 4650, PMB 5144, Ogden Valley, Utah	US
S3-28572997	Consumer & Co Infratech	Unit No A25, Ulhasnagar, MH	India
S3-541691342	Vast Service Private Limited	No 227 Ward 01, Panna, MP	India
S3-917805235	10 Redonner Ehpad E.I.	56 R Achille Testelin, Tourcoing, Hauts-de-France	France
S3-488217603	अल्फा होटल कंस्ट्रक्शन सॉल्यूशंस प्रा. लि.	No 762 S 26/294 Ka 8 Meera Purbasahi, Varanasi, UP	India
S3-321989171	Maruthi and Sobh Private Limited	Gat No.109, Nr Dwarka Sub, Station, Dawane Mala, Khed, Pune, महाराष्ट्र	India
S3-718202822	LLC Lumi0 In Works	4328 Latona Ave, Seattle, Washington	US
S3-436974849	Ram Industries Stores Pvt	Chennai, Door No.5/3, Chennai, TN	India
S3-895131047	Beaurepaire  Amicale EURL	# 15 Rue Pierre Leostic, Dunkerque, Hauts-de-France	France
S3-255368311	VB Centre Holding	Dunkerque, (37) Pl. De La Liebrté, Hauts-de-France	France
S3-326372457	ಗ್ಲೋಬಲ್ ಅಗ್ರೋ ಪ್ರೈವೇಟ್ ಲಿಮಿಟೆಡ್	H.no 0015 & 16, B.s.r.memoirs, 2Nd Floor New Bel Main Road, Chikkamaranahalli, Bangalore, KA	India
S3-668977460	clinique saint visite	#61 R. De Lyon, Lille	France
S3-25613132	Riverains Maison SARL		France
S3-200197901	The Dental Platinum Care Inc	060 Park Drive West, Vernon, Connecticut	US
S3-647122475	Straight Tattoo Edge Associates		US
S3-870988079	Limior Co Stár	##145 Hanover Ct, Wilson'S Mills, North Carolina	US
S3-896729562	Colonial  Value Alliancebernstein	22044 Ethan Avenue, Forest Lake, Minnesota	US
S3-307547013	Williams Vance Partners	3960-3964 Cactus Wren Drive, Phoenix, Arizona	US
S3-9041343	Institut Ip	70 Rue Jean Baptiste Notte, Roubaix, Hauts-de-France	France
S3-617032343	Supreme Solutions Pvt Ltd.		India
S3-706798956	4lprimairefrance.com	2 Pl Du Commandant Dewulf, Dunkerque, Nord	France
S3-278718198	Limited Wasan (India) Sales	60 Golam Jilani Khan Road, Kolkata, South 24 Parganas, Howrah, WB	India
S3-859918155	Real Private Limited Services Trading		India
S3-170213036	Sri Bright Exports Pvt	Hn 136 E-81 2Nd Floorsaket, South West, South Delhi, DL	India
S3-793609292	Rizapyra	2, Ivanhoe, Ground Floor, 139, G J Bhosale Marg, Nariman Point, Mumbai, Maharashtra	India
S3-899066063	स्काई हरि प्रोडक्ट्स लिमिटेड	H.no 3490, New Delhi, दिल्ली	India
S3-966767228	amicale all	90 Rue Du Virolois, Tourcoing, Hauts-de-France	France
S3-451732210	Ear Nose & Tnghroat Star Partners Partners Inc	Tucson, Arizona, 2632 Enchanted Hills Dr	US
S3-622944654	QUIS L.L.C.	1266 Eufaula Heights Road, Longview, Washington	US
S3-994827838	QX Auto	60 Bay Rd, PMB 2425, Whitehall, Montana	US
S3-226678435	Dr Padmini Projects (Indi) Co	H.no 42 Parameswraath (H), South Vellarappilly P.o Sreemoolanagaram, Aluva, Ernakulam, കേരളം	India
S3-615824297	Cmes Traders Privte Limited	Rabale, Navi Mumbai, Plot No. R-677, महाराष्ट्र	India
S3-290491977	Piedmont Foundation	Oregon, 217 Shamorck Ct, Eugene	US
S3-837949387	Tennis (France) Anciens SA	0026 R. De Wazemmes, Lille	France
S3-521856409	Noveus  Vhlm	1601 Harold St, Houston, Texas	US
S3-328970842	फर्स्ट इंटरनेशनल प्राइवेट लिमिटेड	H.no. E-7/641, Bhopal, MP	India
S3-19787846	Raja 5téel LLP		India
S3-557031265	@centremdical	# 80 R Jules Guesde, Roubaix, Nord	France
S3-495107876	fdc group enterprises	Door No 5 S/o Sk Islam Uddin, Villandp.o Kalindi, P.s Mandarmoni, Coastal, Midnapore (E), Midnapore, WB	India
S3-493385000	Roubaix Médico Participations SARL	Roubaix, Hauts-de-France, 206 Rue De L'alma	France
S3-215521101	Ehpad Sainte Frindçosi	82 Rue De La Bourgeonnière, Nantes, Loire-Atlantique	France
S3-369285362	RC Índia Private Límited	H.no 435/1 Muradgrampur Pursi Muradnagar, Ghaziabad, UP	India
S3-407772524	ఫార్చూన్ ట్రేడింగ్ ప్రైవేట్ లిమిటెడ్	4-3-61, Secunderabad, Hyderabad, తెలంగాణ	India
S3-936363634	Frontier Project	001340 Keeney Way, PO Box 6018, Sacramento Township, California	US
S3-492846920	EURL Verne Entre Societe	Bordeaux, 7 Rue Charles Marionneau, Nouvelle-Aquitaine	France
S3-963092719	Keystone	1100 13th Street, Herrin, IL	US
S3-720449304	Precision Financial Advisors Lp		US
S3-545961951	Mountain-Noble Holdings	Arizona, 1411-1413 Encanto Dr, Pineotp	US
S3-77886460	Physical Therapy Group Center [Corporation]	Greeneville CITY, Tennessee, 1324-A Shakerag Rd	US
S3-374569512	Nantes Musique	30 Rue Russcil, Nantes	France
S3-616812602	Quillous Conseil France SCI	39 R Du Plessis Allais, Pornic, Pays de la Loire	France
S3-912421163	East	T-373/1 Panchpara Road, Kolkata, Howrah, West Bengal	India
S3-110378255	Family Metropolitan	335 Paradise Acres Rd, Oakland, Maryland	US
S3-489873432	Union de Gâp	11 R. Roland Outot, Merignac, Nouvelle-Aquitaine	France
S3-529737417	Alvarez and Hardin Dental  LLC	299 Spring St, Jonesborough, Tennessee	US
S3-913485359	CORNER SEAFOOD & Co		US
S3-987399629	Lège-Cap-Ferret Loisirs S.A.S	112 Av De Bordeaux Cap Ferret, Lège-cap-ferret, Gironde	France
S3-913465250	Shri Clout Tracon Private Limited	1St Floor, Patna, BR	India
S3-864479206	Centre Hospitalier de la Pierre Enterprises		France
S3-863251963	Ltd Eye Cornerstone Clinic	1003 Nevin Street, Akron, Ohio	US
S3-83088055	Maddox, Estrada and Burger Partners	1769 Monrovia Avenue, Unit A1, Costa Mesa, California	US
S3-391040119	Smith Smith Inc Center	4415a Rena Rd, # 201, Suitland, Maryland	US
S3-427703890	Horstman Staffing Safe Corp	Washington, 4591 Somerset Blvd, Bellevue	US
S3-279982425	Stark Brothers Corporation	महाराष्ट्र, Block No.510, Nagpur, Central Avenue Road	India
S3-963553174	Atlantic Citizens  Inc	2303 15th Street, Emmetsburg ITY, Iowa	US
S3-608615858	Maison Etitabe SA	190 R. Barthleemy Delespaul, Lille	France
S3-755396709	Veodovapyra doing business as REB Consultancy LLP	House No 542 1St Floor, Shahbad Daulatpur, Khatu, Delhi, North West Delhi, Delhi	India
S3-190109275	Ellora LLP Consultancy	H.no B3/2nd Floor Meher Chambersr Kamani Marg, Mumbai, महाराष्ट्र	India
S3-796305469	રોયલ લોજિસ્ટિક્સ પ્રાઇવેટ લિમિટેડ	A 502 Mantra Luxuria, Beside Tapti Greens, Chorasi, Surat, ગુજરાત	India
S3-814844087	sterling beacon acadia p.c.		US
S3-699596515	Royal Aerospace-Labs LLC		US
S3-916952056	Roubaix Collège SARL	No. 24 Rue Paul Wante, Roubaix, Nord	France
S3-551489564	Chang  Invesco	702 Bobwhite Place, Oregon, Philomath	US
S3-451582469	South Business Private Ltd		India
S3-345294009	Heritage Industries Inc Services		US
S3-225057677	Rickels Blue Red  L.L.C.	318 Carpenter Road, Granger, Washington	US
S3-333023619	Barnes Gulf Auto Sales L.L.C.	Chicago, ##6960 Harper Avenue, Illinois	US
S3-627821024	Ghaziabad World CORP	Ug -#101, Plot No -169 Gyan Khand -4, Indra Puram, Ghaziabad, UP	India
S3-907000570	Blue Hospitality Private	Door No 45 Smr Vinay Acropolis Flat No. 201 Iib, Whitefields, Hyderabad, Kondapur, TG	India
S3-45016455	Clyus Currencyshares East	2434-2438 Wildwood Dr, City Of Green Bay, Wisconsin	US
S3-253641605	Wexdrexonyx	432 E Court St, Rocky Mount, Virginia	US
S3-890182874	Zania  Lab	2351 Baxter County 57 Rd, Mountain Home, Arkansas	US
S3-517748963	Megalith Resorts L.L.P.	A-118, Ansa Indl. Estate, Saki Vihar Road, Andheri (E), Mumbai, MH	India
S3-340381930	Diamond  Service	3550 1/2 Chatfield Center Rd, Chatfield, Ohio	US
S3-367539347	Saint-Nazaire Pharmacie Sàrl	7 Allée Yvonne Baratte, Saint-nazaire, Pays de la Loire	France
S3-337006112	Ridge Neetework [Corp]	Virginia, Fairfax County, 11826 Wayland Street	US
S3-63117676	Novidova	TX, Georgetown, 1608 Legacy Crossing	US
S3-227857697	SAS One Àmicale	03 R. Des Villas, 59200 Tourcoing, Tourcoing	France
S3-50099922	SARL Plateau Pharmacie	# 20 Rue Des Bonneas, Tourcoing, Nord	France
S3-965103253	Attitude Musique SCI	96 Bd. De La Moselle, Lille	France
S3-529095363	wilsonpatriotberto.com	204 164st Place, Glenpoo Lcity, Oklahoma	US
S3-242738179	Renaissance Parents	26 La Berthauderie, Pornic	France
S3-736382927	Uptown Coffee Trading		US
S3-34690687	Calais Amis	134 Rue Dolain, Calais	France
S3-562145494	Tourcoing Amicale	45 Rue Du Virolois, Tourcoing	France
S3-990282437	Future ஹெல்த்கேர் Private Limited	No.117, Chennai, Aminijikarai, TN	India
S3-281394888	Kheops Services Sarl	11 Rue Des Prnuus, La Teste-de-buch	France
S3-872865097	Ortega, 8ombard & Williams East LLC	##11 Revere Dr, Rochester, New York	US
S3-145817630	Hutchison and Hartt Altisource, Group	14 Tramquill Ave, Valley Cottage, New York	US
S3-787921365	@Dsjstár	Plot No. P1-03, Ground Floor, Block-p, Sector-75, Parklands, Faridabad, हरियाणा	India
S3-553924486	Vioaria	Dunkerque, Hauts-de-France, 115 Rue Pierre Léostic	France
S3-826224320	Dr Parcel  Trdiog Private Limited	A21 B, Ricco Ia, Behror, Alwar, RJ	India
S3-487478889	Professionnel Spôrtive (France)	13 Square Pierre De Ronsard, La Teste-de-buch, Nouvelle-Aquitaine	France
S3-484023204	Zetakor Flagstar	216 Red Pine Drive, Bloomington, Indiana	US
S3-904746314	Golden Nutrition Avdisors Co	Illinois, ##108 Main St, Fl 1, Rio	US
S3-905170692	Rocha Piedmont Safe	Missouri, 1755 Larkin Williams Road, Feenton CITY	US
S3-615385789	Art Club (France) Sarl		France
S3-535421351	Prairie Reliable	004207 El Sereno Cir, Mesa Desert, Arizona	US
S3-621385336	Equipments Projects Group Pvt.	H.no 40 Parsi Panchayat Road1st Floor, Harish Textiles Compound, Andheri E, Mumbai, MH	India
S3-923355367	Collège Airs Cie	Pessac, 34 Avenue Des Deux Ponts, Gironde	France
S3-352066012	Comité de Anatolie Participations	Nº 36 Rue De La Boetie, Bordeaux	France
S3-231148218	agnesnelsoncayman.com	12 Birch Crescent, # Unit 3, Rochester, New York	US
S3-823654939	साउथ बिजनेस एलएलपी	House No. 211/5, Gali No. 5 Shakti Park, Gurugram, Gurgaon, हरियाणा	India
S3-90717814	Kolkata  Developers Private Limited	Flat No. 13B, Calcutta, Howrah, পশ্চিমবঙ্গ	India
S3-656627717	Able Institute of Technology Private Limited	H-562, Nand Nagri Extn Sunder Nagar, Delhi, DL	India
S3-534161638	LLC Villalobos Putriste Uptown	381 1/2 Daffodil Lane, Matteson, Illinois	US
S3-127236288	École primaire Notre		France
S3-31836754	Nantes Amis SA	14 R Antoine Watteau, Nantes, Pays de la Loire	France
S3-964314866	Vaayuika Mettsmfba Private Limited	092-Shri Keshav Sadan, Gwalior, MP, Gwalior	India
S3-385697562	Collective Appliances Appliances (India)-Private	Dior No 15-14-16/F Gf 110, Pravallika Residency, Krishna Nagar, Visakhapatnam (Urban), Visakhapatnam, Vishakhapatnam, AP	India
S3-733346582	Tierney Wroblewski, P.C. M.D., P.A., PC #18218	7022 1/2 Petty Lane, Dallas, Texas	US
S3-516510109	M/s ... Sky Marketing Constructions Limited	No. 304 Flat No. A 503, Pune, Poona, MH	India
S3-178776037	Sri Apex Pvt Ltd Partners	D-41, Gird, Gwalior, मध्य प्रदेश	India
S3-990283271	UQU Initiatives Private Ltd		India
S3-853574345	RY çentre EURL	# 51 R Louguet, Calais, Pas-de-Calais	France
S3-75669005	HEY Coombire Inc Inc	Wisconsin, ##1809 Badger Ln, Town Of Monroe	US
S3-118948698	அரிஹந்த் எனர்ஜி மெடிக்கல்ஸ் பிரைவேட் லிமிடெட்	No. 215/136, St. Mary's Road Alwarpet, Chennai, TN	India
S3-739259332	Action Industrial Overseas  Private Limited	Nf 918, Gandhinagar, Gandhi Nagar, GJ	India
S3-178334920	Pedagogique Des Club	33 Bis R. Marguerite Yourcenar, Calais, Pas-de-Calais	France
S3-240210695	Bordeaux Çlub SARL	Bordeaux, 14 Passage Kiéser	France
S3-572350393	Glen Vargas Drugs-Inc	15479 Main Saint, Hesperia, California	US
S3-295447501	QUF Limited Cénter	Sarai Sahjadi, Banthara Bazaar, Lucknow, UP	India
S3-183162035	Cust0m Bay Nova South, LLC	206. 4th St, Unit 9, Danville, Kentucky	US
S3-286071205	Lenseignement Foyer	Hauts-de-France, Ensait De Roubaix, N° 11 Pl Des Martyrs De La Resistance, Roubaix	France
S3-649619834	Pioneer Msedrn Ventures Private Limited	Hn 438 Shop Ff 57, Shri, Siddheshwar Harbour, Nh 8, Vadodara, ગુજરાત	India
S3-669019248	Roubaix Àmis	26 Rue De Bouvines, Nord, Roubaix	France
S3-970849771	Anand Properties प्राइवेट लिमिटेड	1St Floor, North West Delhi, DL	India
S3-94856738	Shakti Limited Exports		India
S3-562095329	Club Des Gymnastique SCI	289 R Des Cinq Voies, Tourcoing, Nord	France
S3-747205377	Ravinder Iron	Off 2048 B Bhima Complex, Raigarh(mh), Panvel, महाराष्ट्र	India
S3-759365800	Benson Rahalty Inc Inc	#2412 Miners Drive, Dunlap, Illinois	US
S3-894504089	Trusted Broadcast Worldwide  LLC	2815-2819 Hart St, Dyer, Indiana	US
S3-957741973	डिजिटल प्रॉपर्टीज प्राइवेट लिमिटेड	S-557, Delhi, East Delhi, DL	India
S3-471121131	PRIVATE JYESTHA FOUNDATIONS LIMITED	Hn 2-17 Ground Floor, Sadar, Mirzapur, UP	India
S3-586452161	3307 Lincoln Drive Associates	127 Riverview Parkway, Newpor NEWS, Virginia	US
S3-389571225	Cardiology-Specialists of Clayton Co	220 Grazing Buck Drive, Clayton, North Carolina	US
S3-667718610	kritesh technologies private limited	C/o Remajuddin, Samastipur, बिहार	India
S3-590164134	VSWF  Fortress	1522 Mary Lane, Celina DP, Ohio	US
S3-485888801	Association des Gàp	Pas-de-Calais, 45 R. Duguay Trouin, Calais	France
S3-119536472	priyankengineering.com	#0892 98/A, B T Road, Kolkata, Howrah, Kolkata, পশ্চিমবঙ্গ	India
S3-525082672	Pharmacie Jlhhce	4004 R Des Carrières, Calais, Pas-de-Calais	France
S3-927173259	Societe	12 Boulevard d'Armentières, Roubaix, Hauts-de-France	France
S3-506482168	Calais Union		France
S3-526385109	Jumelage Amicale SCI		France
S3-864038120	Wilcox Optics Ínc.	2210 Croonation Blvd, N/A, Charlotte, North Carolina	US
S3-54628209	Classic Marine Digital LLC	3234 Yale Ave, Memphis, Tennessee	US
S3-837625422	ÉCOLE MATERNELLE JOSEPH Enterprises		France
S3-795704304	Lyramira	127 B, Delhi, Adhchini, DL	India
S3-513076034	White Forms (India) Holdings Holdings Company	Patna, Flat No 104 1St Floor Ankesh Complex Appt Mahilla Collage Road, Patna, BR	India
S3-553444718	Limited Big Projects	Plot No. 4, Shanti Dham Veraval, Kotda Sanghani, Urja 14, Rajkot, GJ	India
S3-37279610	Ganga Limited Partners	#26 Midc Pl No A57, Tal Kagal, Kolhapur, Kagal, MH	India
S3-373476844	Avijax	Bd. Leon Gambetta, Calais, Hauts-de-France	France
S3-618168138	Pornic Sport S.A.S		France
S3-757235386	Relais Culturelle	4 Cour Lebrun 230bis Rue de Fleurus, Tourcoing, Hauts-de-France	France
S3-471634267	Internal Medicine Specialists	1618 Constitution Avenue, District of Columbia, Unit 1, Washington	US
S3-200409804	Pike & Stephens (LLC)	186 Avon Ave, Northfield, Illinois	US
S3-756898918	Crayons Rental	Lalita Mansion, Flat No. 01, Road No.-03, Priyadarshi Nagar, Near Dps(junior Wing) Opposite To Prachi Car Washing, P.s- Rupaspur, Bailey Road, Danapur, Patna, Dinapur-cum-khagaul, Patna, BR	India
S3-980241470	Nsd Foundation Holdings	H.no 593. Atal Bihari Bajpai, Lucknow, UP	India
S3-261183786	MOTO Societe Développement SARL	Pornic, 31 R De La Dette	France
S3-975091950	Dream  Impex Pvt Ltd	Door No 181/3, Oppamirthaschool, Saravananthery, Nagercoil, Agastheeswaram, Kanyakumari, TN	India
S3-159267164	Family Trúst	3549 Cline Road, Corydon, Indiana	US
S3-247927087	EM	N°48 R. Du Merle, Pessac, Gironde	France
S3-610007105	North Infrastructure Private Ltd		India
S3-612568891	PC Safe Auocotbve	9451a Harvard Avenue, Chicago, Illinois	US
S3-682293773	Institut Kick  SA	383 Rue Philippine De Hainaut, Calais	France
S3-318694234	Life Investments Private		India
S3-23320724	Club Du-Satourne SCI	1 R Jean-renaud Dadicolle, Bordeaux, Gironde	France
S3-416108169	OM SYSTEMS PRIVATE LIMITED		India
S3-551851331	SASU GY Club Participations	La Teste-de-Buch, 11 All Marcel Legouey Cazaux	France
S3-951557564	Vision Center Of Raamey	15283 Oak Valley Road, Ramsey, Illinois	US
S3-512958777	Arcorbisyn dba Nerd Consultants Public Limited	Vishwakarma Colony, Pul Prahaladpur, Mehrauli Badarpur Road, Delhi, B-57, South Delhi	India
S3-872166073	Drexlyra	Unit No. 206, 2Nd Floor, Jmd Galleria Sector 48, Gurgaon, Haryana	India
S3-472140392	Noviiri	R. Jacques Pitilion, Dunkerque	France
S3-672199627	Cadence &	Nº 221 Rue Achard, Bordeaux	France
S3-910765878	Vantagequo One DBA Lentente Club SA	Bordeaux, 6 Rue Boutin, Nouvelle-Aquitaine	France
S3-779565261	Ados SARL Cie		France
S3-930553068	Maison Catch Participations SAS	101 R Des Chalâtres, Nantes, Pays de la Loire	France
S3-342852917	Warden Liquor	5535 Koenen Rd, Oakland, Wisconsin	US
S3-431185368	Lyrakelo trading as Cornerstone Chemical Collective	3011 Wade Road, Durham, NC	US
S3-153138428	Ets Systeme	9 R. De Romainville, Pessac, Nouvelle-Aquitaine	France
S3-20743851	SHAKTI EXPORTS PVT LTD - 7714755521	Sohp No.g-##16, Ground Floor, Ripplez Mall Plot No. 6A, Sector-6, Airoli, Navi Mumbai, Thane, MH	India
S3-5630304	Etoile Fetes  SASU	No. 18 Ave De Corfou, Nantes, Loire-Atlantique	France
S3-634677978	Prabha Traders Pvt. Ltd	8-3, Kolkata, Howrah, WB	India
S3-502487495	Communale Anciens S.A.R.L.		France
S3-78883614	Universal Infotech Private Ltd		India
S3-354335688	Mcgee Inc Service	04477 30th Avenue, Fargo, North Dakota	US
S3-294466322	Wexvio	191 Rue du Faubourg de Roubaix, Lille, Hauts-de-France	France
S3-905220411	Sai	Hno 1015-B Kh.No 1536, Blk Wz Vil Basai Darapur, New Delhi, West Delhi, Delhi	India
S3-641939892	Nantes Compagnie EURL		France
S3-860410975	Cancer-F0undation Inc		US
S3-820217015	Hotel Software Private Limited		India
S3-108465767	Mumbai Ágro Pvt.-Ltd.		India
S3-231514883	Departementale Sportive SASU	22 Av Du Bausin Cap Ferret, Lège-cap-ferret, Nouvelle-Aquitaine	France
S3-855361105	Maison de  Santé Deportes International	28 Boulevard Louis Xiv, Lille, Hauts-de-France	France
S3-552034603	Children's Network Trading		US
S3-981483746	Arcadia Danse Sarl	40 Avenue De L'harmonie, Nantes	France
S3-422656609	Vioonyx	Bordeaux, Nouvelle-Aquitaine, 21 Rue de Grassi	France
S3-795948036	Onyxorbivio	34 Rue d'Espagne, Roubaix, Hauts-de-France	France
S3-140840895	Storm's Clean Media		US
S3-645131428	Bay Cháoities	5009 John Hagar Rd, Hermiage CITY, Tennessee	US
S3-535323915	Evonexmira Formerly Crawford Creative Flag LLC	1337 Five Mile Road, Birmingham, AL	US
S3-384397481	KC	2701, Ixora, Hiranandani Meadows Gladys Alwares Road, Off. Pokharn Road N, O.2, Thane, Maharashtra	India
S3-625276693	Baptist Church Congregation	Idaho, Riggins, 1343 Chukar Ln	US
S3-446020260	Alpine Beothears Company	#89 Bg-6 Ground Floor, New Delhi, West Delhi, दिल्ली	India
S3-694793538	Bélobrix	Pitaura Kaimaganj Disttfarukhabad Farukhabad, Uttar Pradesh, Farrukhabad, UP	India
S3-54266384	Nuages Primaire Participations	Calais, # 102 Rue Voltaire, Hauts-de-France	France
S3-166238254	Batavia Vioquo All-Committee	Illinois, 1112 Wilson Street, Baavia	US
S3-244233502	Operating Engineers Union Loca1 No 514	29 Main Saint, # Apartment 4S, Yonkers, New York	US
S3-287653721	Khatu Energy Pvt.-Ltd.	Door No 301 Caprigreenfieldsestate A B Nair Road Juhu, Mumbai, MH	India
S3-39525535	Ruraux Local Primaire SARL	8 Imp. Veuve Bertrand Crocq, Mérignac, Nouvelle-Aquitaine	France
S3-933250149	SUPREME TECHNOLOGIES LIMITED		India
S3-963531683	Roubaix Àmis	26 R. De Bouvines, Roubaix, Nord	France
S3-556544375	Continental Staffing Studios L.L.C.	08420 32nd Ave, Seattle, Washington	US
S3-207240494	-- Surya Prime Impex Pvt Ltd	Hn ##592 Upendrahouse, Ac-90/a, Prafullakananeasbesideprafullakanandeshpriyabidyama, Ndir H.s., Kestopur, Kolkata, Howrah, WB	India
S3-433646147	Children's ÍI-Federation [Inc]	2121 Seagle Street, Unit 1209, Huntersville, North Carolina	US
S3-651946454	Saint-Herblain Loisirs SCI	13 R Paul Dukas, Saint-herblain	France
S3-65259637	Esprit (France)		France
S3-74995928	Maison Uni	Nº 25 Rue De La Plaine, Dunkerque, Nord	France
S3-750116379	Griffith, Jyóti, DMD	105 School St, Springfield, Massachusetts	US
S3-601131620	Communale Hopital	32 Boulevard De La Moselle, Lille	France
S3-338230044	Amicale De René SAS	Av. Des Hêtres, Roubaix, Hauts-de-France	France
S3-194561489	Trusted Laboratories Mortgage	6428 Cordelia Road, Virginia, Williamsurg	US
S3-582417180	Dooars (India) Systems Pvt	S No. 17/8, A-2, Fl.no. 3, Dhanalaxmi Park, Paud Road, Pune, MH	India
S3-63568030	Rural Amicale		France
S3-836781483	Arihant ઇન્ફોટેક Pvt Ltd	Plot No. 8 To 4 Blgd. A&b, <NULL>, ગુજરાત	India
S3-689173195	Ramseur Cornerstone Royalty [P.C.]		US
S3-621644932	Lège-Cap-Ferret Societe Enterprises		France
S3-233274459	Sri Sanjay Management (India) Company	1/53/1, Nagerbazar, WB	India
S3-862886159	École maternelle de Notre		France
S3-511066467	Lyramirahalo Sys	Lille, 8 Rue du 8 Mai 1945, Hauts-de-France	France
S3-630248452	Gildflux+ née Evince Wine LLP	B-5, C.D.A.Colony Shastri Nagar, Patna, Bihar	India
S3-750474604	Al Marketing		India
S3-330156541	Amicale dês Promotion		France
S3-734389429	Swastik Global Pvt		India
S3-550301642	Gretta Ramirez Special	4424 93rd Saint, Sioux Falls, South Dakota	US
S3-247348292	Di1l & Hanlon Corp	Grandview Street, Mesa Mountain View, Arizona	US
S3-561784580	Personnel  Pharmacie	11 Rue Claude Bernard, St-nazaire, Pays de la Loire	France
S3-927596802	ly apex indonesia llc	00392 Third St, Barberton, Ohio	US
S3-2859185	VIE Centre SARL	Gironde, Bordeaux, 23 Rte. De Toulouse	France
S3-449888973	Montfortoise Frères SAS Services	855 Avenue De Dunkerque, Lille, Hauts-de-France	France
S3-578054592	Ariabelo	37 Rue d'Epinal, Roubaix, Hauts-de-France	France
S3-206346774	M/s Gold Trading Private		India
S3-458901043	Bright Ice Cream Inc. Enterprises		US
S3-679861453	Hj Amicale Distribution SCI	Nantes, Pays de la Loire, 46 Bd Jles Verne	France
S3-175766849	Co Office of Transportation	Dodson, 2443b Lazy Jd Rd, Montana	US
S3-632544924	Grange Service		France
S3-307565017	Anand Finance Private Limited	421, Mumbai, Mumbai City, MH	India
S3-728098399	Yoga Amicale (France) International S.A.S	123 Bd D'aremntieres, Roubaix, Nord	France
S3-850148922	GRANDES (FRANCE) AMICALE SASU	131 Rue Magnesia, Calais, Pas-de-Calais	France
S3-660227473	Smt Swastik Traders Pdvtse Pdvtse Limited	Shop No. #47, Jain Market, Bikaner, Jaimalsar, RJ	India
S3-28959052	Shirdi Bróthers Limited	7-17, New Delhi, South Delhi, दिल्ली	India
S3-361351006	Fédération De Sublce Holding	No. 80 Rue Du Maréchal Joffre, Dunkerque, Nord	France
S3-715971939	Arts (France) Amicale	10 Avenue De Bordeaux, La Baule-escoublac, Loire-Atlantique	France
S3-653806268	Smt Ss Constructions Co		India
S3-75509604	Horizon Service		US
S3-709721778	-- Banuelos &  Inc Holding Kunze	004535 Bella Vista Dr, City Of Moorpark, California	US
S3-237668783	Crissy Breegnbach Couriers		US
S3-847772843	CC	2 Rue Victor Hugo, Lille, Hauts-de-France	France
S3-675654764	Davis, Terri Blueport LP	98 Tappan Street, Brookline, Massachusetts	US
S3-261853418	West Valley  City Interfaith Fellowship	4475 1/2 3240, Utah, West Valley City	US
S3-527314496	M/s Prime Idnstmets Idnstmets Private Limited		India
S3-604294560	Tous & Fils France	Pessac, 31 Avenue Du Docteur Naucel Penard	France
S3-490642580	Saint-Nazaire Ecole Eurl		France
S3-684845969	Juris + Frs Holding  SAS	26 Rue Roger Salengro, Dunkerque	France
S3-6738603	West Supreme-Global Center Corp	344 Valek Road, Ennis, Texas	US
S3-708972894	Dream SARL Cie		France
S3-462699365	Club du Moun Groupe SA	Calais, Hauts-de-France, 23 R Albert Camus	France
S3-80233635	Kelolyraquo Formerly Mcneil Precision Medicines	2738 Mc Clure Street, Indianapolis, IN	US
S3-850951607	Mitzi T. Pisani, CPA Corporation	Crabapple Drive, Bear, Delaware	US
S3-496534254	RAJ DEVELOPERS PVT LTD		India
S3-566604954	Frontier Project	001340 Keeney Way, Sacramento Township, California	US
S3-678657567	Center Harbor Learning	277 Cranes Hollow Rd, Amsterdam, New York	US
S3-390815988	Bsl Future		India
S3-162032591	Yamuaya India Prívate Limited		India
S3-393556289	financementrestaurantsasu.com	8 Rue Des Girondins, Nantes	France
S3-298397162	Cherplasserry Solar Private Ltd	3/1669, Pvn Towers Cherplasserry - Pattambi Road, Nr Govt H, Ospital, Cherplasserry, Ernakulam, KL	India
S3-841361092	Cozy Massage	Lisbon, Maine, 15 Higgins St	US
S3-491726068	Alpha Services Private Ltd Enterprises		India
S3-671592277	Cirabelo	Mérignac, No 42 R Jules Ferry, Nouvelle-Aquitaine	France
S3-950694899	Big Solutions Private Trading		India
S3-448738172	Krishna Tramdo Private (Limited)	Khasra No 96/1 Holambi Kalan, North West Delhi, Delhi, North West, DL	India
S3-347085335	Krishna Products Private-Limited	Room No-205, 2Nd Floor, Matrix Towr, Plot No 24, Block-dn, Sector V, Saltlake, WB, North 24 Parganas	India
S3-709701077	Teitelbaum, Park and Santana Cal Incorporated	14617 42nd Pl, Yuma Foothills, Arizona	US
S3-38990314	Clinique Jean	La Teste-de-buch, 4 Imp Du Clos De Maugis, Gironde	France
S3-192046122	Morton Hospitality  LLC	6 Jefferson Rod, Wakefield, Massachusetts	US
S3-824659525	Haloonyx t/a Deepshikha Denim Corporation	At- Barauni-1 Po- Barauni Deorhi Ps- Phulwaria, Barauni, Begusarai, Bihar	India
S3-671988888	Dispositif Culture (France)  SA	No 79 R Raymond Lavigne, Bordeaux, Nouvelle-Aquitaine	France
S3-620298532	judo amis sa		France
S3-256866687	Shyam Technologies Limited Service	Old No-14, Bangalore, KA	India
S3-367855884	Venu Alizes Ehpad SARL	18 Rue Raspail, Nantes, Pays de la Loire	France
S3-273230208	Shiv International Private [Limited] | www.shivinter.com	Plot 58 Wilson House 2St Floornagardas Road Andheri (E), Mumbai, Mumbai Ii, MH	India
S3-505562630	Demployeurs Federation Holding EURL	96 R Darras, Lille, Hauts-de-France	France
S3-976284	Shri Supreme  Construction		India
S3-278780981	Relevant Engineering  LLP	90 Mhe, Sriperumbuthur, Kancheepuram, TN	India
S3-816189249	Calais SARL  Sportive		France
S3-202293698	ಒನ್ ಮೀಡಿಯಾ ಪ್ರೈವೇಟ್ ಲಿಮಿಟೆಡ್	Bengaluru Urban, Door No 163, ಕರ್ನಾಟಕ, Bangalore	India
S3-677995775	SARL Art Loisirs (France)	21 Allée Des Blés D'or, Saint-Nazaire	France
S3-702758270	Eastern Entrpereneusr Pvt. Ltd.	A/0302 Aaradhya Tower, Mumbai, MH	India
S3-65722218	Interior  Services	14, Panipat, HR	India
S3-187501842	[Sas] Nantes Cie	36 R Des Chambelles, Nantes, Pays de la Loire	France
S3-309895667	solutions dasaprakash construction pvt. ltd.		India
S3-827812637	Bureau Of Aging [Co]	258 Hearthstone Drive, Bartlett, Illinois	US
S3-864936093	Heartland Ttognn East LLC	05 Cleopatra Ct, Hampton City, Virginia	US
S3-703956482	Magana Advanced Metal Works Inc	Watsonville, California, 250 Lake Ave	US
S3-210890485	Tourcoing Lycee S.A.S.U.	48 Rue Saint Louis, Tourcoing, Nord	France
S3-744111691	Jaxaria doing business as Maison Horizons SASU	48 BD de la Prairie au Duc, Nantes, Pays de la Loire	France
S3-607923855	ZAY Union SARL	46 R Malesherbes, Lille, Hauts-de-France	France
S3-415337235	MAYFIELD, NADINE, ESQ.	1520-1524 South 30th St, Louisville, Kentucky	US
S3-921950619	northern cardiology	8323 Rogers Ave, Fort Smith, Arkansas	US
S3-256590076	स्काई मार्केटिंग लिमिटेड	Flat No. A 502, Kumar Pinakin, Mohan Nagar, Near Bitwise, Baner, Pune, महाराष्ट्र	India
S3-567856054	Sri Dooars (India) Pvt Ltd Center	S No. 17/8, Pune City, Pune, MH	India
S3-17001856	Bharat Sky Care Private	402, Malad (W), Mumbai, MH	India
S3-85030477	Bhanu (India) (india) Industries Pvt Ltd	87/D/3. Ibrahimpur Road Top Floor, Kolkkata, Jadavpur, পশ্চিমবঙ্গ	India
S3-657809312	Plateau Pharmacie Sàrl	# 20 Rue Des Bonnets, Tourcoing, Nord	France
S3-513840239	Teste Ets	1 Rue du Maréchal Lyautey, Tourcoing, Hauts-de-France	France
S3-615100616	Massingill-LLC Center	004491 Cole Way, Dakota Ridge, Colorado	US
S3-576316463	Krishna Impex	Arjun Nagar, Tulip Purple Sec 69, HR, 1125 11Th Floor Tower B1, Gurgaon	India
S3-298509612	XFX Telecom Strategic	212 Wildgrove Court, Nashville, Tennessee	US
S3-646027374	Perfect	A- 86, Basement Defence Colony, New Delhi, Delhi	India
S3-25513690	East System Private Limited		India
S3-344843293	Flamengo Pharmacie  SAS	No 13 Rue Homere, Pessac	France
S3-425367098	Exponential Pulidci School Holdings	Hn 822 Gat No. 1572, Behind Conquest College, Shelar Wasti, Pune, MH	India
S3-371081664	Ehpad Saint Media	22 Rte De L'océan, Saint-nazaire, Loire-Atlantique	France
S3-927150829	Inc 926 Center Street Holdings	##6614 Stirrup Court, Sykesville, Maryland	US
S3-156526353	Commission on Labour		US
S3-924991597	XK  Seva Limited	S.no 028/10 Vishal Nagar, Pune, महाराष्ट्र	India
S3-765793156	Regional Frsolsswhp PC	Lombardy Drive, Fayetteville, North Carolina	US
S3-521319821	LLC Crawford Creative Fidhag	Five Mile Rd, Birmingham, Alabama	US
S3-292871661	Personnel Comite SASU	#14 Pl Louise De Béttignies, Lille	France
S3-422527839	Bordeaux Club SNC	# 50 Rue Breau, Bordeaux, Nouvelle-Aquitaine	France
S3-254559710	Services Brown L.L.C.	10 1/2 Lovell Street, Somers, New York	US
S3-543471812	रेड ट्रेडिंग प्राइवेट लिमिटेड	Fl No. B-a-503 Cineraria Venkatesh Flora, Ph-ii Pl. No. 24 Deccan Mill/ Mundhwa, Pune, महाराष्ट्र	India
S3-618090523	Blue Learning-Center Holdings	21845 Mt Olive, Elkins, Arkansas	US
S3-691692299	Family Group Co	17687 103, Audubon, Minnesota	US
S3-324495481	@totaldanse	10 Avenue Eugene Delacroix, Merignac	France
S3-171825671	Noveus Value	Houston, 1601 Harold Saint, Texas	US
S3-497259948	Roubaix Medico	2 A Rue De Courtrai, Roubaix, Nord	France
S3-891543462	Corp Hopkins Quasaredge	Texas, 0211 Third St, Bangs	US
S3-766627316	Amicale de Ssiad	022 Avenue Ludovic Cormerais, Nantes, Loire-Atlantique	France
S3-242674595	Club Des Rsjam Participations SASU	67 Rue De Bétuhne, Roubaix, Nord	France
S3-979468574	பிளாக் பிசினஸ் லிமிடெட்	Door No 167A, Padmalaya, Room No 104, First Floor, Coimbatore South, Coimbatore, தமிழ்நாடு	India
S3-256123708	Alta Restauration SARL	16 Rue Georges Thuaud, Saint-nazaire, Pays de la Loire	France
S3-773666133	Mi Comlie  SARL	21 Boulevard Des Alliés, Calais, Pas-de-Calais	France
S3-83964474	Eye Partners Metro	210 Lilly Trl, NULL, Lxington Township, North Carolina	US
S3-629177826	Catarina H. Mason, CPÁ, M.D., P.C.	10 Deercrest Ln, LAG Range CDP, Illinois	US
S3-511753174	Tashjian Plumbing Center	N Bear Creek Ct, Merced, California	US
S3-951711969	Jain Enterprises Private Limited Limited		India
S3-223359429	Pvt. Equipments Prójects Ltd.	H.no 19 Parsi Panchayat Road1st Floor, Harish Textiles Compound, Andheri E, Mumbai, MH	India
S3-226202843	Electricians Union-Local No 661	112 Carnation Street, Lake Jackson, Texas	US
S3-856811033	Heckman, Reynolds & Wallace L.L.C.	Smith Ridge Road, Garfield, Arkansas	US
S3-15897039	Swastik Producer-Private		India
S3-433740846	American Global (Inc)	190 Fahi Pond Road, Anson, Maine	US
S3-923695972	Red Developers (Private)		India
S3-322423401	Dorganisation Spôrtive SA	44 Rue De Kerurun, Saint-nazaire	France
S3-917694624	Cg  Research Limited	#1002, 1003 & 1003/A, 2Nd Main, 4Th Cross, Vidyaranyapuram, Mysuru, Mysore, KA	India
S3-234705607	Bombay Hospitality  Prnvsamte Limited		India
S3-227675486	SARL ENI Amicale	11 Rue Des Arbousiers Cap Ferret, Lège-Cap-Ferret	France
S3-211663187	Voix Sportive		France
S3-135096406	Ciranylabelo	7 Rue des Vosges, Mérignac, Nouvelle-Aquitaine	France
S3-177287830	Comite de Sainte SA	190 Rue Du Faubourg De Roubaix, Lille, Hauts-de-France	France
S3-534898990	Perfect ट्रेडिंग कंस्ट्रक्शंस	D-58, Midc Area, Jalgaon, महाराष्ट्र	India
S3-248939464	Operating Engineers Local No 514 Center	Main St, # Apartment 4S, Yonkers, New York	US
S3-451823554	Centre Hospitalier de Jean SARL		France
S3-510430544	Mountain Inc Inc Center		US
S3-146847638	Tech Smairth Tillage Private Limited	Kasargod, H.no 264 Dr No: 9/214, Kannur, Puthige Grama Panchayath, Kasaragod, KL	India
S3-363870435	Lycée  Sainte Cmp SASU	22 Allée Charles Dickens, St.-nazaire, Pays de la Loire	France
S3-800583670	Gym College	21 Rue Du Beau Laurier, Tourcoing, Nord	France
S3-937703211	एपेक्स फाउंडेशन प्रा. लि.	D-41, Aditya Puram, Bhind Road, Gird, Gwalior, MP	India
S3-528084566	Gwalior Estates  Co	No A-437 Udaygiri Apartment, Ground Floor, Dainik Bhaskar Lane, P.s. Jayendraganj, Gwalior, MP	India
S3-164982252	Dynamic Private Limited Center	Sy No/P & 1060, Flat No 801 & 802 Manjeera Majestic Commercial Complex, Kp, Hb Colony, Hyderabad, TG	India
S3-772422249	Shree Infrastructure Public Limited	Bl-ga 12, Fl-c, 106 Kiran Chandra Sinha Road, Lp-7/1, Domjur, Howrah, WB	India
S3-801372467	CERCLE (FRANCE) COLLEGE SAS	67 Avenue Aristide Briand, Merignac	France
S3-207805010	Keystone Textile Corporation | www.keystonet.com		US
S3-957020897	ওয়ান প্রাইম কনস্ট্রাকশনস প্রাইভেট লিমিটেড	Fl-003, Deshbandhunagar, North 24 Parganas, WB	India
S3-782909155	Inc. Literacy Project	11000 College Ln, Missouri, Kansas City	US
S3-640242253	Abhilasha-College	Block C-##200 C/o Hitendra Gardhariya, Nr Bhojavav Timbavadi, Junagadh, ગુજરાત	India
S3-764576736	Trichem Eiemy  LLP	Nandanam Mra A 31/1Maruthankuzhi Kanjirampara P O, Thiruvananthapuram, Trivandrum, KL	India
S3-708768963	Children's Fedratoin II Inc - 3675355218	2121 Seagle St, # 1209, Huntersville, North Carolina	US
S3-916499531	Shiv Inftoa LLP		India
S3-839937222	CALDUS HEALTH, INC	2501 Oakes Plantation Dr, Raleigh, North Carolina	US
S3-172264998	Yumaevo	13 RUE du Chai des Farines, Nouvelle-Aquitaine, Bordeaux	France
S3-305131243	Llc Baa	3520 Lincoln Avenue, Ogden City, Utah	US
S3-137809748	Shree Professionals Private Ltd		India
S3-129796332	PEDIATRIC DENTISTRY SPECIALISTS GROUP CORP	128 Westwood Dr, Troup, Texas	US
S3-407518229	Patriot Market Group	5578 Farm Road 171, Springfield, Missouri	US
S3-135503818	Premier Valley Innovations Co	10953-10957 262nd Avenue, Zimmerman, Minnesota	US
S3-999060948	આનંદ એક્સપોર્ટ્સ પ્રાઇવેટ લિમિટેડ	1-. Ved Kutri Bunglows Nr. Sandipani School, Nava Naroda, Ahmedabad, GJ	India
S3-302752830	Team Culturelle		France
S3-424225322	Brixdrex F/K/A Brown Stores L.L.C.	10 Lovell Street, Somers, NY	US
S3-762448131	Sparkle Sparkle &	Budhanpurwa, Vill- Nagar Parisad Buxar, Anchal-buxar, Buxar, Sasaram, BR	India
S3-94829888	Divij Bdrosthrsr (Llp)	Rampur, Lathiya Bachchhaon, Varanasi, UP	India
S3-319552320	Harris, Mckinney Lewis Opportunities LLC Services	2035 Evans Avenue, Troutdale, Oregon	US
S3-325218672	Bordeaux Club	Nouvelle-Aquitaine, No 91 Rue De La Louisiane, Bordeaux	France
S3-142256376	रेड ट्रेडिंग प्राइवेट लिमिटेड	Ph-ii Pl. No. 24 Deccan Mill/ Mundhwa, MH, Pune, Fl No. B-a-503 Cineraria Venkatesh Flora, Pune	India
S3-556613540	KC SARL Centre	122 R De Lille, Hauts-de-France, Tourcoing	France
S3-186382452	Communal Anciens SA	11 Rue Des Roitelets, Lège-cap-ferret, Nouvelle-Aquitaine	France
S3-184983939	Centre Médical Cds Sasu	145 Rte De Gachet, Nantes	France
S3-120418938	École du Michel France		France
S3-863412867	Total Marketigrn,-Llc #29189	1228 Kennedy Dr, City Of Hartford, Wisconsin	US
S3-883624127	Mr White  Services Private Limited		India
S3-605638439	Bordeaux Elémentaire		France
S3-625647030	Jay Logistics Private Ltd Enterprises		India
S3-150112584	somaniramindia.com	E-1-93, Riico Industrial Area, Mansarovar, Jaipur, RJ	India
S3-269758027	सिल्वर कंसल्टिंग प्राइवेट लिमिटेड	15Nd Floor, To Rzg-5, Kh.no.-82/23 Mahavir Enclave, New Delhi, South West Delhi, DL	India
S3-283137046	Abney and Crum Meridian,	37A Baker Dr, Glen Dale, West Virginia	US
S3-132504456	Gurukul Science (India) Pvt Ltd	Block B-537 Mig-2, H-1, Chak Nauniya, Ada Colony Naini, Allahabad, UP	India
S3-618587468	(LLC) Fultz Rithm	2319 Northwestern Ave, Ames, Iowa	US
S3-676548078	Torres-Hamilton-Inc.	Spruce Saint, Sequim, Washington	US
S3-148418038	Cozy Ice Cream Llc Enterprises		US
S3-801642684	Dental Group Ventures		US
S3-592501745	Helenka Almanza Tax, Inc.	825 Woodrow Ave, PO Box 7708, Essex, Maryland	US
S3-582387618	Qnsnyder.Com	18 Jacksonville Rd, Bellefonte, Pennsylvania	US
S3-701770640	Cochin LLP [Center]	Du- 17 Pitampra, Delhi, North West, DL	India
S3-42114066	Cadres Club		France
S3-282144496	AIA POULBOTS CLUB SAS	609 Rue Henri Dunant, Dunkerque	France
S3-911387393	Didwana Business Limited	House No 13 Jorawarpura, Nagaur, Didwana, राजस्थान	India
S3-223457285	Sas Sce Ecole	2565C Avenue De Petite-synthe, Dunkerque, Hauts-de-France	France
S3-84403189	Cayetano  Anchor	15 Stratford Road, West Hartford, Connecticut	US
S3-314106403	YW India	Mumbai, MH, Mumbai, 2Nd Floor, Plot-1a, Ladhabhai Building, Mama Pramanand Marg, Opera House, #5A	India
S3-34013919	Roubaix Maison	1 Rue Du Sentier, Nord, Roubaix	France
S3-709451927	EURL Elsa Gassendi Etablissement	22 Rue Msasena, Lille	France
S3-440286015	Torres Venture	Henrico County, # J, 2248 Dabney Rd, Virginia	US
S3-321924629	Deco (Ctlodte)	0078 R. Des Martyrs, Tourcoing	France
S3-243050592	@Bybella	28 R. Des Pavillons, Nantes, Loire-Atlantique	France
S3-726179633	Linh Compagnies	No. 3 Allee Penelope, Pessac	France
S3-377001697	Lotus & Brothers Private  Limited	H No 4935, Murud, Latur, MH	India
S3-227898605	Rizaquodeltaio d/b/a Lille Maison SAS	24 Rue Princesse, Hauts-de-France, Lille	France
S3-879953275	Karuna Institut (Frànce) SARL	19 Rue Jacques Daguerre, St.-nazaire, Pays de la Loire	France
S3-553553120	Sabots EURL + Fils	009 All. Des Albatros, Saint-nazaire, Pays de la Loire	France
S3-602305373	Eshaan Áppliances L.L.P.	261, Calcutta, Howrah, WB	India
S3-436506714	Patna Escalators Private Ltd Ltd	C/o Parwez Hussain 49, Grand Square, Companybagh, Danapur, Patna, BR	India
S3-392539118	Anand Venturbes Pvt Ltd		India
S3-562021447	Ltd Bright Pvt Services	No. 76 1459, New Delhi, South Delhi, दिल्ली	India
S3-863923428	Chiropractic Midwest Medciine  LLC	6225 Pershing Ave, Downers Grove, Illinois	US
S3-477035217	Dunning Maintenance Inc.	323 Sandy Avenue, Charlotte, North Carolina	US
S3-693866176	Gold Trdacng Pvt Ltd		India
S3-59093063	Retraites Maison	12 Rue des Lilas, Dunkerque, Hauts-de-France	France
S3-532689982	la teste-de-buch club sas		France
S3-374746401	LLP Shibani Accounts (India)	#38 Dhule Rd, Amalner, Jalgaon, महाराष्ट्र	India
S3-377541317	Cmi Realty Realty [(India)]	Hn 530 8-A/11, Delhi, Central Delhi, DL	India
S3-473198831	Oncology Care [Inc]	1 Fawn Hill Drive, Airmont, New York	US
S3-309684220	sportingamisfrance.com	# 86 All De La Foret, Pessac, Gironde	France
S3-696807041	Bsl Future Public Limited	No 61 C/o. Aero Agro Chemical Industries Ltd, Kolkata, Howrah, WB	India
S3-539633761	Peak Próperty	8608. Newman Dr, null, North Richland Hills, Texas	US
S3-554328404	Sun Products  Pvt		India
S3-431783948	ईस्ट ग्लोबल सॉल्यूशंस प्रा. लि.	20 And 10 Sukh Shanti, Mumbai, Mumbai City, महाराष्ट्र	India
S3-332233713	POWER GLOBE GROUP	Tower-g-14, Bangalore North, Bangalore, KA	India
S3-832723969	Rockhold, Bracey  And Corona	2455 League City Pkwy, League City, Texas	US
S3-892178515	Smt Cactus Ernmterprises Industries  Limited	847/14, Howrah, WB	India
S3-903633173	Mumbai Índia		India
S3-152596782	Association des Espoir (SA)	No 8 Rue Colbert, Calais, Hauts-de-France	France
S3-267346476	Nashik Technical  Industries Private Limited	Plot No.52, Nashik, MH	India
S3-73947749	Nantes Centre Sarl Enterprises		France
S3-38806546	Mathieu Lionheart Group	1132 Van Buren Street, Clarksburg, West Virginia	US
S3-411003997	Verabrix	89 Rue Guynemer, Bordeaux, Gironde	France
S3-98743692	Golden Learning Ventures Harbor Inc	##946 Lakeview Ave, Unit 5, Lowell, Massachusetts	US
S3-775606680	perinatalite maternelle snc	48 Rue Jean Monnet, Tourcoing, Hauts-de-France	France
S3-731257006	Maison Rëalites SA		France
S3-367169614	Art Élémentaire SA	43 R Fontaine Del Saulx, Lille, Hauts-de-France	France
S3-195720601	La Baule-Escoublac Centre SARL	23 Avenue Des Mimosas, La Baule-escoublac, Pays de la Loire	France
S3-819212559	frres.com	855 Avenue De Dutkerque, Lille, Hauts-de-France	France
S3-37265404	IE	2Nd Floor, T Block Shukar Bazar, New Delhi, T-42, West Delhi, Delhi	India
S3-978275420	Al Investment	0078, South Delhi, DL	India
S3-337768373	Chiropractic Ássociates LLC	1316 Deerlick Dr, Columbus, Ohio	US
S3-535198619	RMA Valley Plus	##2472 Melrose Court, Gilbert, Arizona	US
S3-843939694	Du Hospitalier Centre Louis	10 Rue Abbe De L'epee, Nantes, Loire-Atlantique	France
S3-560406663	Piedmont Vernal South	1381 W Meadows Drive, Salem, Oregon	US
S3-498648181	brown stores northside l.l.c.	31B Lovell St, Somers, New York	US
S3-151545194	Jaxveraio	Flat No. 83, Pocket-3, Sector-19, Dwarka, New Delhi, Delhi	India
S3-735716308	Karam Pvt. Ltd. Center	Keralam, Palakkad, Trivandrum, Door No 432-435 Nilatechnopark	India
S3-693445975	TROTTOIRS CENTRE SARL	225 Rue De La Blanche Porte, Tourcoing, Nord	France
S3-319685848	Family Group-Care	26872- Allentown Rd, Tremont, Illinois	US
S3-944904967	SASU Association du Vie	48 Rue Aristote, Calais, Hauts-de-France	France
S3-845594447	Wexonyx	63 Rue Pierre Legrand, Lille, Hauts-de-France	France
S3-320203942	alpha (france) club eurl	72 Rue Royale, Calais, Pas-de-Calais	France
S3-481719437	Land (India) Pvt Ltd [Center]		India
S3-201981644	E Q Agricu1ture [Partners]	108-110 Broadway, Unit Apartment 5B, Amityville, New York	US
S3-630534329	raja steel limited	57 #Opp Post Office, Ambalpady Post Udupi, Udupi, KA	India
S3-795827205	Maison Accueil-S.A.S.U.	65 Rue Quintin, Bordeaux	France
S3-468777196	Cornerstone Biomedical 5ervices	1087 Michael St, IOWA ICTY, Iowa	US
S3-9536980	SAVOIRS CULTUREL	Saint-herblain, 7 Pl De La Révrlution Française, Pays de la Loire	France
S3-767958424	Jaxrizadrex Co	37 Rue Sauteyron, Bordeaux, Nouvelle-Aquitaine	France
S3-133884952	comité des bde	32 Rue Roger Saleogro, Dunkerque, Nord	France
S3-461517942	Precision Precision Clfsdo Collective Inc	7475 County Road L, Solon Springs, Wisconsin	US
S3-653066163	BUTLER FEDERAL PROEM (INC)	Avenel Lane, Chaham, Illinois	US
S3-58601929	Silver Media  Private Limited	No B3/2nd Foor, To Rzg-5, Kh.no.-82/23 Mahavir Enclave, New Delhi, South West Delhi, DL	India
S3-995929042	Beacon Strategic  Figx		US
S3-651992912	Urgent Care Physicians of Kingston Springs Inc	161 Petro Road, null, Kingston Springs, Tennessee	US
S3-574946317	Internal Medicine Trusted Care Associates Holdings	Stoneham, Massachusetts, Unit 302, 28 Executive Drive	US
S3-320179619	scentre.com	17 Avenue Du Haut Lévèque, Pessac	France
S3-259966260	Eye Clean Medicine Group	517 Rough Hollow Dr, Troy Township, Texas	US
S3-398765936	Bureau  of Health	511 Palmetto Ave, # UNIT 228, Ontario, California	US
S3-566549343	DY Comite	Lège-cap-ferret, 3 Aveneu Des Halles	France
S3-862009388	Nantes Maison EURL	33 Rue Georges Chrrier, Nantes	France
S3-322768378	EP Ehpad SA	8 Bis Avenue De La Marne, Tourcoing, Nord	France
S3-714692272	Maille Cafe S.A.R.L.	N° 81 R. Dupuy De Lome, Roubaix, Nord	France
S3-169639142	Idf Spôutnik Club SA	Pas-de-Calais, Calais, 82 Chemin Castre	France
S3-497904896	Ariaaria+ née Vantiq Nevada LLC	4611 Table Rock Road, Fl 1, Central Point, OR	US
S3-105020098	Mots & Fïls SARL	La Teste-de-buch, Nouvelle-Aquitaine, 12 Ter Allee Des Reinettes	France
S3-5357119	Agnes-Nelson Cayman (LLC)		US
S3-840781187	लक्ष्मी बिल्डर्स एलएलपी	10 Taj Nagar, Near Rakshak Super Bazar, Nagpur, MH	India
S3-959893703	Gonzalez Mánaged Co	2002 Farnham Court, Schaumburg, Illinois	US
S3-821362578	Sree & Brtrhtres Pvt Ltd		India
S3-29622713	LLC Williams Veh	3956 Cactus Wren Dr, Phoenix CDP, Arizona	US
S3-331471089	Ecole Saint Jean [Sarl]	Hauts-de-France, 135 R Du Chêne Houpline, Tourcoing	France
S3-769929731	Shri Khodiyar Distributors (India) Infratech	30, Hyderabad, TG	India
S3-815598988	Dream Limited Center	Hn 738 502, Mumbai, Kandivali East, MH	India
S3-935257380	Ariazeta	12 Allée Jean Beauvilain, Saint-Nazaire, Loire-Atlantique	France
S3-348874849	Trustedbroadcastworldwide.Com	2815-2819 Hart St, Dyer, Indiana	US
S3-11625132	Pediatric Dentistry Choice Associates, (LLC)	944 Beaverbrook Drive, Atl, Georgia	US
S3-409724957	Unique 5ervices  Private	Survey 1 85 Door No 1 -55 1 1 Kj 3F, K.v.rangareddy, Serilingampally, TG	India
S3-903733447	Inc Minda's American Cleaning Service	17778 Larchmont Terrace, Gaithersburg, Maryland	US
S3-793578576	Confederation Parents Holding S.A.S.U.	247 Av Antoine De Saint Exupéry, Calais	France
S3-692991415	lsvmuniholdings.com	6501 Airport Boulevard, # 346, Mobile, Alabama	US
S3-322515299	The  Grace Chapel Holdings	1659 Ashmont Court, Xenia, Ohio	US
S3-382195910	CR	1 RUE de la Noe, Nantes, Pays de la Loire	France
S3-251591235	ltd quality security holdings	Oklahoma, Oklahoa City, 412 19th Street	US
S3-29800187	Pediatric Dental	1505 Martin St, Peoria, Illinois	US
S3-290507313	Simth, Constancia Grayscale LLC	194-37 115 Ave, New York, ST. Albans	US
S3-300287079	Afprivate.Com	GJ, Ahmedabad-mehsana Highway Po Jamiyatpura, Gandhinagar, Gandhinagar, Block No.188/a, Gandhi Nagar	India
S3-233495533	Arcsol formerly: Paf Medical SAS	74 AV de verdun, Bordeaux, Nouvelle-Aquitaine	France
S3-831052653	Shanti Pvt Ltd Services	महाराष्ट्र, Mumbai City, Mumbai, Block No 6D, Kurla Kamgar Chs Ltd Kamgar Nagar, S G Barve Marg, Kurla East	India
S3-35599733	Liberer Section SARL	73 Rue De Chantilly, Calais	France
S3-201253602	SAV American P.C. Center	27807 Pinpoint Crossing Dr, Katy, Texas	US
S3-627318979	Ariela Stevens Dynamic Group (LLC) #9823	5401 Florida Blvd, Baton Rouge City, Louisiana	US
S3-308964761	Troupe & Cie Sasu	2 Rue Thiers, Lille, Hauts-de-France	France
S3-465296131	Kelolum	52 Rue Edouard Doyennette, Lille, Hauts-de-France	France
S3-206744052	Lille Cuturelnle SARL	50 Rue Edouard Vaillant, Lille, Nord	France
S3-810599193	Bright Cornerstone Made	Rochester, 600, Indiana	US
S3-553248395	Institut Saint Robert	N° 24 R. Jules Simon, Nantes, Pays de la Loire	France
S3-630981879	Lower Food	20121 Highway 22, PMB 3181, Mckenzie, Tennessee	US
S3-241962958	Sparkle & Exports Ltd Center	No #25 Budhanpurwa, Buxar, BR	India
S3-31235664	Judo Amicale	17 All. Edward Jenner, Saint-nazaire, Pays de la Loire	France
S3-594149446	Kundan Limited Infotech	Door No 0439 F-5b, New Delhi, DL	India
S3-172654980	Amicale De Sliad	022 Av. Ludovic Cormerais, Nantes, Loire-Atlantique	France
S3-870951743	Griffith, Jyóti, DMD	105 School Street, Springfield, Massachusetts	US
S3-560592647	nationale gaz sarl	N°16 Rue Du Maréchal Joffre, Dunkerque	France
S3-773243675	Green Biroders Pvt Ltd	H. No. 1196, Gali Chowkidar Wali, Pajabi Phatak, Balli Maran, Chadni Chowk, New Delhi, दिल्ली	India
S3-219500134	Rev It Up Hypnosis, Corp Center	149 Hill Road, Spencer, New York	US
S3-808617225	private future healthcare limited	No.117, Chennai, Aminijikarai, TN	India
S3-34579699	Global Sérvices Pvt Limited	F16 17Commerce House 78 Tardeo Road, Mumbai, MH	India
S3-769927989	Mer Lycée SAS	34 Pl. D’armes, Calais, Hauts-de-France	France
S3-668379051	Gymnastique École SARL		France
S3-930911451	TM SA Club	1 H Quai Du Jonc, Lège-cap-ferret, Nouvelle-Aquitaine	France
S3-151993602	GF Centre France SAS	15 - All Jeanne, La Baule-escoublac	France
S3-12456566	Noida Limited Private Catalysts	Noida, Hn 422 Kd-2, Gautam Buddha Nagar, UP	India
S3-566395634	Maison De Santé Du Notre Enterprises		France
S3-925873895	Mumbai India Limited Pártners		India
S3-938861625	Saint-Nazaire Club Sàrl		France
S3-890587642	SARL Ephemeres Groupe	Dunkerque, 9 Imp Pierre Loit, Hauts-de-France	France
S3-409802967	Iris & Frères Sàrl	Rue De Chevreul, Tourcoing, Hauts-de-France	France
S3-112180285	Ltd Kota Pvt Center	9701, Thane, O.2, MH	India
S3-785739104	Supreme Construction Prvisae Limited		India
S3-538480822	Pacific Charter  School	450 4th St, Lewiston, New York, Bldg. Building 16	US
S3-918654584	IDM Culture	7 Rue De La Cloche, Nord, Tourcoing	France
S3-756851070	Ahmadabad City Marketing Pericaret Limited	A230 Privlon, Behind Iscon Temple, Bopal-ambli Road, S.g. Highway, Bodakdev, Ahmedabad, Gujarat, Ahmadabad City, Ahmedabad, GJ	India
S3-218860677	funnymaternelle.com	Nord, 55 Rue Gantois, Lille	France
S3-452710381	Foot & Ankle Partners Inc. Enterprises		US
S3-601522318	Custom Electronics Advisors	14900 Broadway St, Unit Apartment 312, Glenpool, Oklahoma	US
S3-4591912	Trust Patriot Coastal	1022-1026 Sunset Road, Wheaton, Illinois	US
S3-952973009	Royal Logistics Private	A 502 Matra Luxuria, Beside Tapti Greens, Chorasi, Surat, GJ	India
S3-901111722	Better Summit Factory L.L.C.		US
S3-279694347	LLC CITY OF WAUKESHA INTERFAITH FEDERATION RIVERSIDE	408 Sheffield Road, null, Waukesha, Wisconsin	US
S3-538415805	Calais SAS France		France
S3-707072864	Vantagebrix+	40 Allée des Albatros, Saint-Nazaire, Pays de la Loire	France
S3-45648323	Amicale des Promotion Distribution EURL	6 Route Du Cormier, Saint-nazaire	France
S3-723241918	Commercial Investment Inc. Industries	Parnell Drive, Eugene, Oregon	US
S3-704313842	Ruiz Caynn LLC	1727 Pima Circle, Coolidge, Arizona	US
S3-243385977	4206churchavenue.com	1827 E Ridge Dr, Virginia, Blacksburg	US
S3-146654544	Sunrise-Estate Pribvate Limited		India
S3-321940576	Red Investment Public Limited	Unit No. 217, N/A, Pune, MH	India
S3-603009968	Pharmacie Pidece Holding	23 R. Bernard, Nantes, Pays de la Loire	France
S3-963861607	Southern Business Private		India
S3-259244048	Beth Eaul	Fredericksburg, Virginia, 10 Wellspring Dr	US
S3-169616748	Limiorstar.Com	138 Hanover Ct, Wilson'S Mills, North Carolina	US
S3-30520786	Mr Shivhare Charitable Trust	Malappuram, Plot 85 19/521, Mozhikal House, Ernad, Malapuram, KL	India
S3-95894161	N 7 A		US
S3-596754610	wasan (india) sales private limited	WB, 0051 Golam Jilani Khan Road, Howrah, Kolkata	India
S3-456141124	Aditya Hospita1ity Private		India
S3-33872785	ODM Foyer	1 Pl. Mgaellan, Saint-herblain	France
S3-343412672	Nationale Çomite SARL		France
S3-69782084	परफेक्ट इम्पेक्स प्राइवेट लिमिटेड	A- 86, Basement Defence Colony, New Delhi, DL	India
S3-289358413	Electricians Union Lola No 661	112 Carnation Street, Lake Jackson, Texas	US
S3-414421273	ಫ್ಯೂಚರ್ ಟೆಕ್ನಾಲಜಿ ಹೋಟೆಲ್ ಲಿಮಿಟೆಡ್	No D/9, Bangalore, ಕರ್ನಾಟಕ	India
S3-976229194	Noveus Value	1601 Harold St, Houston, Texas	US
S3-523848258	Union De Monument Groupe	19 Rue Fenelon, Roubaix, Nord	France
S3-900981483	Lège-Cap-Ferret Comite SAS Enterprises		France
S3-877820162	M0nk  Food	#6/2, Rajagopalan St, West Mambalam, Madras-33, West Mambalam, Chennai, Madras-33, TN	India
S3-830402495	REB (Express)	House No 542 10St Floor, Shahbad Daulatpur, Khatu, Delhi, North West Delhi, दिल्ली	India
S3-261803498	... Delores Quilici Crystal Taiwan Corp	1715 Bismark Ave, Spokane, Washington	US
S3-701914188	अल्फा बालाजी बिजनेस	167, N-3 Cidco, Aurangabad, महाराष्ट्र	India
S3-743170435	Fédération des Deleves SASU	1 R. Leon Buerne, Nantes, Loire-Atlantique	France
S3-774058305	PESSAC COMITE	7 Av De Lile De France, Pessac, Gironde	France
S3-780403473	Frontier Project Northside	1342 Keeney Way, Sacramento Township, California	US
S3-649724253	Sri Shree  Infrastructure Private		India
S3-189135697	Henrietta's T0tal  Textiles Midtown	3023 Morgans Mill Road, Bedford County, Virginia	US
S3-752463425	Edge Straight Ttaioo	Vermont, Bennington, 0255 Stream Road	US
S3-136409269	Howard Medical Center Corp	North Carolina, #1221 Ogreeta Rd, Murphy	US
S3-587324749	Sauvegarde & Fils SARL		France
S3-32892270	Hari Ímpex Private Limited		India
S3-565373012	RICHARDSON & WALSH OPPORTUNITIES INC	Bono, 16926 Us 412 Highway, Arkansas	US
S3-682393490	Hibbert & Sparkman	447 Vanderbilt Rd, PMB 5241, Asheville, North Carolina	US
S3-580125297	>> First Agro L.L.P.	D 185, Gali No 7 D- Block, Bhajan Pura, Delhi, दिल्ली	India
S3-628026154	Martinezmaterials.Com	1011 Belden Ave, Chicago, Illinois	US
S3-117108685	Promotions African Amis S.C.I.	33 R Pierre Joseph Colin, Nantes, Loire-Atlantique	France
S3-786974774	Low du Comité	38 Bd. De La Solidarité, Nantes, Pays de la Loire	France
S3-284761309	Ram Industries Constructions Pvt Ltd	Door No.5/3, Plot No.6, 3Rd Cross Street Dr. Seethapathy Nagar Extn, Velachery, Chennai, TN	India
S3-26448019	Ltd Lium Smart Slouitno	372 Sundial Drive, Lexington, North Carolina	US
S3-479610587	Lucknow Metal Ltd	450/670/3 Peepal Wali Gali, UP, Chowk, Lucknow	India
S3-851807001	Collège Sainte Paul	Rue Auguste Comte, Lille	France
S3-71198823	Shri Supreme Technologies Private	H.no 498 Tc-52/1134 Kodivila House Studio Road, Nemom, Trivandrum, KL	India
S3-943642689	Tech Infra Trading LLP	#317/B. Silicon Valley, 22.9664Shivaranjani Cross Road, Ahmadabad City, Ahmedabad, GJ	India
S3-600948679	Pharmacie Frânçoise	11 R Michel Favreau, Bordeaux, Gironde	France
S3-979841824	Jackson Fannie  Corp	Kimball Rd, Watertown, Massachusetts	US
S3-142039674	Urgent Care  Clinic Atlantic Holdings	502 Main St, Ransomville, New York	US
S3-113061828	VW  Commerce Limited	#0506 Flat No- 823, Tower-6, Royal Lagoon Apartment, Raghunathpur, Patia, Bhubaneswar, Khordha, OD	India
S3-227764951	Belopyranex	5 B Rue Des Ajoncs, Saint-Nazaire, Loire-Atlantique	France
S3-974023896	Comité du Attraction France	200 R. Pierre Mauroy, Lille	France
S3-589754476	monster club sarl	Nouvelle-Aquitaine, La Teste-de-buch, # 8 Avenue De La Foret	France
S3-144775238	OAY Musique SARL	Lège-cap-ferret, 06 Imp. Du Grand Coin	France
S3-638728183	Good Infrastructure Private (Limited)		India
S3-936421042	Quality Díagnostic Ventures Corp	Texanna Way, Holly Springs, North Carolina	US
S3-739593938	Femmes Club SARL	1 R Des Bouvreuils, Pessac, Gironde	France
S3-584065458	Nafa-& Fils SARL	5 R Des Myosotrs, Loire-Atlantique, Pornic	France
S3-675591655	હાઇટેક ઇન્ફ્રા હોટેલ પ્રાઇવેટ લિમિટેડ	O-217, Gandhi Nagar, GJ	India
S3-315383228	Dental Group Westgate	108 Ninth St, Sarcoxie, Missouri	US
S3-967492048	Honey Brothers Pvt Ltd Services	WB, Monoranjan Mondal #00201 Nonakuri Kaktia Bazar, Tamluk, Midnapore, Dis-purba Medinipur, Tamluk, Wb	India
S3-704491700	Amar Society Co Service	150 E-88/10, Delhi, North East, DL	India
S3-710840411	Hotel Care Prgivaie Limited		India
S3-93712163	SARL HZT Parents	# 370 Ave Du Pac Des Expositions, La Teste-de-Buch	France
S3-119258388	Adelle Brice Pizza, Inc	111 35th Street, # Apartment 206, Fargo, North Dakota	US
S3-391588176	bordeaux service	13 Rue Du Chai Des Farines, Bordeaux, Gironde	France
S3-722772071	Double Venture  Private Limited	F-703, 7Th Floor, Emerald Towar, Parkwest, Binnypet, Bangalore, KA	India
S3-69538095	Private Rishita Law Chambers Limited	Padra, Vadodara, Padra, GJ, Jambusar Road	India
S3-513020696	Coin Ventures Group Pvt Limited	No 38 Msb Mansion, Building No. Tmc-22/406(tmc-15/119-1) 7Th Mile, Kuttikkol, Taliparamba, Kannur, KL	India
S3-893378296	N/S Foods Partners	1724 4th Ave, Nashville, Tennessee	US
S3-532727651	autonome section	Pessac, 50 R. Des Pelicans	France
S3-648309419	@rubif	323 Jackson Park Rd, Kannapolis, North Carolina	US
S3-969009718	Centre Médical Dame	195 Rue Georges Mandel, Bordeaux, Nouvelle-Aquitaine	France
S3-275733650	Celestial Educational-Society	10, T 29, Nirala Estate, Plot No Gh04 Techzone Iv, Surajpur, Gautam Buddha Nagar, UP	India
S3-162442421	బెస్ట్ హాస్పిటాలిటీ ఎల్‌ఎల్‌పీ	283 4-35-225/1, Ground Floor, Bala Krishna Nagar, Kukatpally, Hyderabad, TG	India
S3-231339471	Life Healthcare Enterprises		India
S3-856292468	Dr Krishna Tradecom Private [Limited]	Khasra No 96/1 Holambi Kalan, North West Delhi, Delhi, North West, DL	India
S3-493392941	Frontier Institute LLC	27906 191, Roy, Montana	US
S3-373212182	Tinley Park Literacy Ministries Metro	18433a Lakeview Circle, <NULL>, Tinley Park, Illinois	US
S3-54197819	Midwest Dental	10907 Mohave Street, Avonndale, Arizona	US
S3-96479792	Square [Services]		India
S3-201098514	श्री बिल्डर्स	Ashok Plaza Sno C-32/2/1/1, Hissa No 2/1/1 Viman Naga, Pune, MH	India
S3-450746742	Urgent Care Ridge-Ass0ciates Co Authority	##8200 South Riverway Avenue, Spokane Valley, Washington	US
S3-920432437	Udyambag Value Pvt Ltd.	Udyambag, Survey No. 329, Khanapur Road, Majgaon Cross, Polt No. B - C-25, Belgaum, KA	India
S3-331533494	Mahesh Márb1e Pvt Ltd	Door No 678-J Kh No. 1493, G-blk F/f Ph-6, Aya Nagar, South Delhi, Faridabad, DL	India
S3-157417930	Detente Pharmacie Distribution	45 Rue Albert Mahieu, Dunkerque, Hauts-de-France	France
S3-989331073	Gwalior Estates Ltd	H.no A-437 Udaygiri Apartment, Ground Floor, Dainik Bhaskar Lane, P.s. Jayendraganj, Gwalior, MP	India
S3-866318606	Pharmacie La De Deleves	# 58 Rue Des Bourleux, Roubaix	France
S3-493541370	Ellora LLP  Services	#B3/2Nd Floor Meher Chambersr Kamani Marg, Mumbai, MH	India
S3-785675553	Brevin & Associés	# 15 Allee Des Peupliers, Pessac, Nouvelle-Aquitaine	France
S3-826074567	Conway Corbett-& Worrall Inc	30 First St, Unit 1, Melrose, Massachusetts	US
S3-66039661	Jackson  Signs	23 Kimball Rd, Unit 1, Watertown, Massachusetts	US
S3-440732928	Femmes Club EI	No. 132 Rue Mazarin, Bordeaux, Nouvelle-Aquitaine	France
S3-570236381	zbvparentssas.com	Nantes, Loire-Atlantique, 3ter Bd Michelet	France
S3-354018017	Twisted Bistro [Inc]	280 Church St, Heppner, Oregon	US
S3-373282621	Straight Edge Cleaning Service Inc.		US
S3-779136110	Digital Properties Private Ltd		India
S3-273917454	Q 3 E Agriculture	108-110 Broadway, Unit Apartment 5B, Amityville, New York	US
S3-863584464	Innovative  Projects Limited	No ##14 Wavebouy Logistics, Logistics, Thiruvananthapuram, Thiruvananthapuram, KL	India
S3-399362093	Bureau of Public Works LLC	448834. 965 Terrace, Vian, Oklahoma	US
S3-679726677	CF	8 Avenue De L'etoile, Nantes	France
S3-241848419	Pessac Ecole SARL	Av De Neès, Pessac	France
S3-738635588	ONI Fashions Limited Partners	3, City Light Residency, Akesan Road, Banaskantha, GJ	India
S3-701960716	MAISON DE SANTÉ FESTIVE	Bordeaux, 37 R. Des Ayres, Gironde	France
S3-940772529	Raj Technologies  Private Ltd	No. 370 C-204, Aditya Parivesh, Nr. Uma Darshan Bungalows Bh Krishnafarm Partyplot, Vandematram Ci, Rcle, Gota, Ahmedabad, ગુજરાત	India
S3-931496945	>> Chen Jasa LLC	331 Davidson Street, Charlotte, North Carolina	US
S3-954165980	ambition club sci	N° 350 Rue Ingres, Roubaix	France
S3-199502544	The  Red Grill	5584 Heritage Court Dr, # APT 1C, Wilmington, Delaware	US
S3-705889664	Nantes EURL Club	Nantes, 0013 Avenue De Locronan, Loire-Atlantique	France
S3-644071367	Shri Mission (India) Technologies Ventures Ltd	Ss - 1/579 Sector 9, Thane, MH	India
S3-43448356	vaayuikametalfab.com	Gwalior, MP, Gwalior, H.no 092-Shri Keshav Sadan	India
S3-735261756	Entraide Comite		France
S3-611660440	SM	16 Rue Louis Lumière, Saint-Nazaire, Pays de la Loire	France
S3-604092401	curenails.com	3940 81, Danville CDP, Alabama	US
S3-116227930	ವೈಟ್ ಪ್ರಾಜೆಕ್ಟ್ಸ್ ಪ್ರೈವೇಟ್ ಲಿಮಿಟೆಡ್	No. #1, 18Th Cross, Kanaka Nagar, Rt Nagar Post, Bangalore, ಕರ್ನಾಟಕ	India
S3-263230513	Pvt Virinchi India Limited	1St Floor Velliapallil Bldgst B Road Pala, Kottayam, KL	India
S3-735958634	tudlmentaire.com	72 Rue Ratisbonne, Lille, Nord	France
S3-625740964	Yumacalo	23 Rue des Sarrazins, Lille, Hauts-de-France	France
S3-409297532	Peridic Gesher Partners	Cedar Rapids, 2244 C St SW, Iowa	US
S3-753010362	Real  Law Chambers Limited	No 341/1, Chennai, TN	India
S3-111181217	Elly Hughey Cascade Cloud Harbor	511 89 Street, New York	US
S3-72822702	Kamla Dwellers Prívate Limited	Mumbai City, Crd 5, Mumbai, महाराष्ट्र	India
S3-201629612	Sas Gf Centre	11 All. Jeanne, La Baule-Escoublac, Pays de la Loire	France
S3-86437331	Prairie Reliable Rdy Partners	4218 El Sereno Cir, N/A, Mesa, Arizona	US
S3-137310671	Professional Agricultural Solutions Inc	1989 State Highway 181, N/A, Osceeola CDP, Arkansas	US
S3-581204983	Clinique Jean SASU		France
S3-313462012	Gildsyn	Thane, महाराष्ट्र, Thane, Office No. 07	India
S3-327058250	Pornic SARL France	13 Rue Du Calvaire, Pornic, Pays de la Loire	France
S3-60818067	Bureau of Health Enterprises		US
S3-363312794	LLP Sky Véntures	Door No 5/21B Sundaram Nagar, Sivaganga, தமிழ்நாடு	India
S3-398327566	Nanas Cheap (Culture)	21 Rue De Saintonge, Bordeaux, Nouvelle-Aquitaine	France
S3-109932042	Gaylene Fairclough, Esq., DDS	PO Box 154, Ohio, Shelby, 77. Grand Blvd Extension	US
S3-338734581	हरि मार्केटिंग एलएलपी	H No - 4A, K-375 Siyaram Vihar Takrohi Indira Nagar, Lucknow, UP	India
S3-240727033	Nunez Keystone Láw Group LLC	12, Unit Unit 1619, Foley, Alabama	US
S3-636933380	Reseau	3 Rue Pierre Gicquiau, Saint-Herblain, Pays de la Loire	France
S3-698214996	Khandelwal Pvt Ltd Center		India
S3-5380317	ZAA LLC	2788 Knott Rd, Oshkosh, Wisconsin	US
S3-115396900	Keystone	##7 Beach Ln, Westhampton Beach, New York	US
S3-516518595	Sri Future Healthcare  Private Ltd	No.117, Nelson Manickam Road, Chennai, Aminijikarai, TN	India
S3-272779986	Puru Pvt. Ltd. Cénter		India
S3-157657554	Navi Mumbai Dyes-Private	Office No. 0312, Plot No. 78/79, Bawa Tower, Sector 17 Washi, Navi Mumbai, Thane, MH	India
S3-779387780	The  Gretta Ramirez Special LLC	4424 93rd Street, Sioux Falls, South Dakota	US
S3-745325701	Tourcoing Pàtrimoine Groupe SARL	19 Rue Du Chêne Houpline, Tourcoing, Hauts-de-France	France
S3-835709089	Safe Pioneer Legato LLC	#9020 Ellery Channing Dr, Hunterville Township, North Carolina	US
S3-435259469	Best Global Limited Services	I-301, Karampura, West Delhi, Delhi, DL	India
S3-281422597	Lumieres  Club	328 E Avenue Antoine De Saint Exupéry, Calais, Hauts-de-France	France
S3-73415568	Club du Penchak Et Fils	54 R Malesherbes, Lille	France
S3-465810556	Prime-Industries Private Ltd	No 102 Astha Apptt Soc268812 The Crew Bos Cghs Society Sector 1D Gh 50 Imt Manesar, Gurgaon, HR	India
S3-527461259	Jfycomite.Com	62 Av De La Marne, Mérignac, Gironde	France
S3-775020527	LF Órigin, LLC	#40 Horsepond Road, Madison Ownship, Connecticut	US
S3-965983278	Comites Ecole [S.A.]		France
S3-906783547	Foot & Ankle Pártners of Carterville	Carterville, 300 Olive St, Illinois	US
S3-421832160	Private Nashik Technical Ltd	Plot No.##45, MH, Nashik, Shakuntal, Vrindawan Nagar, Opp Dgp Nagar-2, Kamatwade	India
S3-477492766	suraiya power ventures pvt. ltd.	Block C-168 212, Mumbai, Malad West, महाराष्ट्र	India
S3-64565006	everest village	1908 Furnace Road, Jarrettsville, Maryland	US
S3-32849289	Wagner Learning  Center Inc	Sunman, Indiana, 9173 101	US
S3-59891659	HU Média Limited Partners	0011, Gf, Kailash Hills, East Of Kailash, Sriniwaspuri, South Delhi, Delhi, South Delhi, दिल्ली	India
S3-403229147	Barr, Palacios & Albers [Service] (ID: 61808)	4180 Rich Fork Road, Charleston, West Virginia	US
S3-899424179	#firsttechnology	M/s Sri Om Sai Auto, Sidhnath Vishwakarm College Road Near Honda Car Agency, Gaya, BR	India
S3-156033698	Modex Private Limited Center	17/Q/479-Sharda Nagar, Naveen Nagar, Kanpur Nagar, UP	India
S3-780842044	Apex Investment Private		India
S3-477155027	Pongiste Franco SASU & Fils	68 Av De Bretagne, Lille, Nord	France
S3-320535623	Nationale (France)	45 Rue Breau, Bordeaux, Nouvelle-Aquitaine	France
S3-54493252	Synkorx d/b/a Moore Health Center	3585 Aurora Drive, Clarksville, TN	US
S3-732941674	Oh,  5akai	Castleview Place, Wenatchee, Washington	US
S3-198956367	Fenaor Resources	Albany, New York, Unit Suite 11N, 680-C Central Avenue	US
S3-140640791	Alpha Properties ਪ੍ਰਾਈਵੇਟ ਲਿਮਟਿਡ		India
S3-922035480	[LLC] Delta Investments	5711-5715 Dimes Rd, Derwood CITY, Maryland	US
S3-571268201	श्री बिल्डर्स प्राइवेट लिमिटेड	Plot 126 Unit No. 206, Gurugram, हरियाणा	India
S3-220528065	BS Amicale		France
S3-825305135	Ajay Products Prívate Limited	0202, Mahavir Kunj Chsl, Navghar, Near Engg. College, Vasai West, Palghar, Vasai, Vasai Virar City, महाराष्ट्र	India
S3-588100784	Siddhi Solutions  Private	TN, T11 K G Plaza 3Rd Floor 41-44 G P Raod, Chennai, <NULL>, Chennai	India
S3-281276767	Solkelo née Goodman Grand Andretti	4544 Woodgrove Drive, West Valley City, UT	US
S3-61055315	Établissements Fadas SCI	85 Rue Marsan, Bordeaux, Gironde	France
S3-104963904	Commercial Rétail Alliance LLC	8124 Larman Ct, # APT, Indianapolis, Indiana	US
S3-563937237	Navyug Memorial  Center	Office No. 20, Nimbus Centre, Sab Tv Lane, Link Road, Mumbai, MH	India
S3-839760353	Pre Amis	Mérignac, Gironde, 16 Av. Albert 1er	France
S3-552554452	Rudolph & Yingling	4325 Wilson Chapel Road, Sharon, South Carolina	US
S3-965387824	Meriden Amevacnade Health P.C.	##31 Rice Road, Meriden, Connecticut	US
S3-58345299	Meris'S (Healthcare)		US
S3-142996858	Bright Projects Garments Private Limited	Thane, MH, 409 4Th Floor Bldgno D-21 Sec-vii Of Shantiangr Mira Road Station (E), Thane	India
S3-42672481	Private Gvk Designing Limited	Door No 302, Omkar Chs, Plot No. 78B, Sector-5, Koparkhairane, Navi Mumbai, Thane, Navi Mumbai, MH	India
S3-812912546	(LLP) Jain Enterprises	Sno.s05., No.769, 2Nd Flr, Suiteno.383, Spencer Plaza, Chennai, TN	India
S3-798810442	Pioneer Pioneer Lease Incorporated	#18418 Route 286 Highway, Montgomery, Pennsylvania	US
S3-227267854	Lart Sante SARL	151 Rue Saint-druon, Lille	France
S3-744869125	Pacific Workshop, INC.	2480 Roosevelt Avenue, Cincinnati, Ohio	US
S3-903014820	Centre Hospitalier Sainte Sainte		France
S3-692703777	FB	#85 Rue Princesse, Lille, Nord	France
S3-509374628	Textile Insia Public Limited	#16 C 103 Today Royal Elisium, Plot No 47 Sec2 Karanjade, Panvel, Raigarh(mh), MH	India
S3-173439702	Cruz's Center	23 120th Ave E, Tulsa, Oklahoma	US
S3-289204257	Avibelo trading as Blue Bakery	2160 Heron Haven Lane, Gloucester County, VA	US
S3-174974255	Peridex Focus	022086 Homer Smith Rd, Andalusia, Alabama	US
S3-650499979	Soutien Atelier Sci	35 Rue Albert Dory, Nantes	France
S3-2617870	Wind and Rodriguez-Inc.	6208. Cannes Cir, Austin, Texas	US
S3-358395363	Ltd India Viswanath Infravision	MH, Door No 576 S No 4510 Bldg N/6, Pune	India
S3-695697667	AE Fairs  Private Limited	C/o Shashank Chaudhary, Ghaziabad, UP	India
S3-992376736	Blue  Pub	0600 Eagle Road, # 1E, Greensboro, North Carolina	US
S3-604325353	Irijax+	8 Rue de Chantilly, Calais, Hauts-de-France	France
S3-514151035	Etoile Fetes International	31 Avenue De Corfou, Nantes	France
S3-271106223	Sunrise Services Private	C/o Lt. Naren Dutta, S/o Mahendra Dutta Vill & Po Ps - Bkt, Coochbehar, Koch Bihar, Coochbehar, WB	India
S3-547176734	Deleves &  Cie SARL	130 Route De Paris, Nantes	France
S3-393371706	Arialyra trading as Mare Sport	119 Rue Sainte-Catherine, Bordeaux, Nouvelle-Aquitaine	France
S3-227009715	National Intiative	906 B Lincoln Ave, Unit Unit 4, Beaver Dam, Wisconsin	US
S3-448186553	Saisons SARL & Associés	35 Pl Jean Bart, Dunkerque, Hauts-de-France	France
S3-753215492	Bordeaux SA Medical	30 R. Feaugas, Bordeaux, Nouvelle-Aquitaine	France
S3-322495955	Communale Primaire  S.A.S.	N° 21 Boulevard De La Moselle, Lille, Nord	France
S3-197131671	तिरुपति इन्वेस्टमेंट इलेक्ट्रॉनिक्स प्राइवेट लिमिटेड	Gond Plot 12, Wardha, महाराष्ट्र	India
S3-162394877	Nellai (India) Pvt.  Ltd. Service	Gautam Buddha Nagar, Shop Number 1-2, Bishrakh, UP, Vijay Plaza, Greater Noida West	India
S3-119586790	फॉर्च्यून सर्विसेज प्राइवेट लिमिटेड	Flat No 17, Ground Floor Pocket 7, Sector 2, Delhi, North Delhi, DL	India
S3-902708035	Arihant Energy Automobiles (Private)	Door No 215/136, St. Mary's Road Alwarpet, Chennai, TN	India
S3-599259827	Lbusolutions.Com	Row House No.3 Fremount, Haveli, Pune, MH	India
S3-473160787	Ambatturexpo.Com	B3/9, Tamarai Kulam, 3Rd Cross, Str, P. Thoppu Manali, Ambattur, தமிழ்நாடு	India
S3-758135229	Laxmi Buillrs LLP	#10 Taj Nagar, Near Rakshak Super Bazar, Nagpur, MH, Nagpur	India
S3-165567431	SARL Bordeaux Immobiliere	35 Pl Pey-berland, Bordeaux, Gironde	France
S3-111829695	Vijay Prfopertigse Limited		India
S3-684786901	Irilumaria	12 Rue Etienne Duperat, Bordeaux, Nouvelle-Aquitaine	France
S3-700542430	mdwclubeurl.com	37 R. Reine Atrid, Pays de la Loire, Nantes	France
S3-889446020	Brixyuma	Lille, Nord, Avenue Roger Salengro	France
S3-762295711	होटल सॉफ्टवेयर प्रोविजन प्राइवेट लिमिटेड	4St Floor, Mumbai, Kalyan, MH	India
S3-27326788	Jaxvera	La Teste-de-Buch, 25 Bis Rue Des Boyens	France
S3-299195738	Royale Quality-(India) Overseas Private Limited	721, 7Th Floor Tower A 1 Supertech Eco Village I, Greater Noida, Ghaziabad, Noida, UP	India
S3-16980457	Hitech Properties Private	C-d/5, Atlantis Vilas, Near Preet Bunglow, Chhani Canal Road, Vadodara, ગુજરાત	India
S3-611834652	Smt Sky Marketing Private Ltd		India
S3-712869417	Club du-Satourne	1 R. Jean-renaud Dandicolle, Bordeaux, Gironde	France
S3-443689032	Downing-Services	637-A Road 660, Dayton, Texas	US
S3-478354345	Comité Du Pole SCI	No 4 Impasse Des Lavandieres, Pornic, Loire-Atlantique	France
S3-583598286	Hines, Witzel and Mn LLC		US
S3-484528857	Fayeariaquo+ formerly Établissements Enfants SAS	17 Allée Henri Lavenant, Saint-Nazaire, Pays de la Loire	France
S3-55295106	pediatricdentistrygroup.com	Georgetown, 115 Spanish Oak Circle, Texas	US
S3-528343797	Comité Des Organisme Snc	3 R Frédéric Combemale, Lille	France
S3-777727209	Select Atlantic	Oxford, 187 Brooksbank Road, New York	US
S3-979612817	Esprit Sprdt	8 R. Du Général Anne De La Bourdonnaye, Hauts-de-France, Lille	France
S3-462753810	Grange (France) Amicale S.A.R.L.	No 112 Rue De La Garonne, Lille, Hauts-de-France	France
S3-474551033	Womens Health (Specialists) - 1925901768	Grand Island, New York, 1112 River Rd	US
S3-132569831	Herrera and Perkins	Bon Aqua, Tennessee, 9743d Crabapple Court, <NULL>	US
S3-674560108	Maid Tavern Valley LLC	590 State Fair Blvd, Geddes, New York	US
S3-495663377	साउथ इन्वेस्टमेंट स्टील प्राइवेट लिमिटेड	House No B-3-b1/22, Delhi, North West Delhi, DL	India
S3-787231751	Vantagebelo	43 Boulevard Jules Verne, Nantes, Pays de la Loire	France
S3-779645856	अर्बन इंडस्ट्रीज प्राइवेट लिमिटेड	A1, Pune, MH	India
S3-687908631	Association	4 Rue de Rocroi, Roubaix, Hauts-de-France	France
S3-941326651	SCHELLENBERG BEIJING CORP	Covey Trail, Scottssdale, Arizona	US
S3-431899833	NX  Club SAS	Nantes, Nº 56 Rue Jeanne La Corsaide, Pays de la Loire	France
S3-297670131	Eastern Infotech LLP		India
S3-917121179	Tierney Wroblewski, P.A.,M.D., P.C. Holdings	7031 Petty Ln, Dallas, Texas	US
S3-118787593	Wilson Prairie Cloud Partners Corp	002123 Evergreen Circle, Onttario, New York	US
S3-771485889	Doa	1316. Trail Run Lane, Cordova, Tennessee	US
S3-317559064	Benjamin Chicago Highland Inc	24 Cotton Drive, Mansfield, Texas	US
S3-55656494	Picon  Theatre SCI	023 R. Dupaty, Bordeaux	France
S3-999541190	Everfresh & Brothers L.L.P.	House No.d/325, Pune, MH	India
S3-761427704	ODM FOYER SCI	1 Place Magellan, Saint-herblain	France
S3-934201014	New-Delhi-Enterprises	A-3 Second Floor Neeti Bagh, New Delhi, South Delhi, DL	India
S3-583122306	@nslsportive	No 114 R. Gustave Carde, Bordeaux	France
S3-150528564	Comité du Livet Holding	57 Av Aristide Briand, Mérignac	France
S3-614328224	Regional Pediatrics West	3030 Mountain View Drive, Bremerton, Washington	US
S3-270619346	Co Hemisphere Foyer SARL	La Baule-escoublac, 18 B Avenue François Rude	France
S3-804870370	Sri Om Maintecnnace Private Limited	#133 B Wing, Shop 09, Hiranandani Estate, Atlanta, Thane, MH	India
S3-929527257	Ivvenent Mckínley Inc	Missouri, 512 Oak Dr, Carterville	US
S3-593026462	Comité des Aide Développement SCI	55 R Sainte-germaie, Bordeaux	France
S3-439134386	Centre Médical de la Ams SARL	# 80 Rue Jules Guesde, Roubaix, Nord	France
S3-100872731	Comité de Espace & [Associés]		France
S3-234924062	Ehpad Dé Passerelle	37 Rue Des Vsoges, Merignac, Gironde	France
S3-540936323	Hitech Services Provision Private	Godrej Genesis 7-21-Floor, Room No 1201 Ep & Gpblock, Sech Bhawan, Saltlake, North 24 Parganas, West Bengal, India., North 24 Parganas, WB	India
S3-900590968	Happy Cóffee Enterprises		US
S3-128361714	Siddhi Storage Infratech Private	Flat No C16-2114, 20Th Floor, Tower C 16, Prateek Grand City, Siddharth Vihar, Ghaziabad, उत्तर प्रदेश	India
S3-367007434	Institut Style de	100 R De Lille, Tourcoing	France
S3-515352994	Arjan Services		India
S3-146848294	Jumelage (Fracce) Soins SARL	#26 Rue De Tourcoing, Dunkerque, Hauts-de-France	France
S3-129840975	Saint-Herblain Comite SCI	13 R Paul Dukas, Saint-herblain	France
S3-637557216	Genesis Maen Private Limited		India
S3-253695335	Villalobos Purpose		US
S3-735581423	silver media engineering private limited	15Nd Floor, South West Delhi, New Delhi, DL	India
S3-920879050	JSC International	R/o.6-180/sa102, Flat No.102, Srujana Avenue, Road No.5, Ktr Colony, Nizampet, Quthbul, Lapur (M), Hyderabad, TG	India
S3-637815295	Will Ehpad SARL	8 Rue Saint Vincent, Nantes, Pays de la Loire	France
S3-79368195	educationinstitute.com	427 Wets 7th St, Boone, Iowa	US
S3-135735306	Manidhari Clinic	H.no 16, Survey No. 86, K D Smark Trust I.t.c., Dist.: Junagadh, Kadvasan, Junagadh, GJ	India
S3-358902646	M0rton Hospitality LLC	6 Jefferson Rd, Wakefield, Massachusetts	US
S3-980910215	Aditya Htospitality Private  Limited		India
S3-212144695	Mr Sai Software  Private	Kh.no 1536, New Delhi, DL	India
S3-630804139	సౌత్ గ్లోబల్ ప్రైవేట్ లిమిటెడ్	5-9-191, First Floor, Brindavan Commercial Complex Chirag Ali Lane, Abids, Hyderabad, తెలంగాణ	India
S3-424636055	Sunrise Bharat  Care	M-g-73b, Opp.- Sant Nirankari School, Malviya Nagar, New Delhi, South Delhi, DL	India
S3-791723761	Shivhare Charitable Trust LLP	Plot 85 19/521, Mozhikal House, Ernad, Malappuram, Malapuram, KL	India
S3-309515395	G & T Úrban-Inc	N2708 G, Town Of Lindina, Wisconsin	US
S3-188194704	Ardyth Garcia Vanguard Canadian	14013 Fifth Place, Everett, Washington	US
S3-771046620	LBU  Solutions LLP	Row House No.3 Fremount, Hills S.no.29/12/1/2, Haveli, महाराष्ट्र	India
S3-413649506	Maruthi & Sons Exports Private	Gat No.114, Nr Dwarka Sub, Station, Dawane Mala, Pune, Khed, महाराष्ट्र	India
S3-115764145	Heartland Medical  Center		US
S3-770234843	Association de  Garches Et Fils	88 R. Saint-luc, Lille, Nord	France
S3-623781844	Adrienne Beckstrand  Rivernorth Central	6106. Jamaica Circle, Cherry Creek, Colorado	US
S3-128089671	The Solova Payment		US
S3-874646893	Avidelta F/K/A Aniket Protech Private Limited	Smt Jira Devi, W/O Prameshwar Yadav Unta Madarpur, Jehanabad, Bihar	India
S3-683142210	Elite Cloud Concepts Greater  Corp	3243 Massaponax Church Rd, Spotsylvania County, Virginia	US
S3-834711692	Patton Pacific  Bahbvemre LLC	172- Pitard Loop, Mountian VIEW CDP, Arkansas	US
S3-980448907	Anny's Select  Design Inc.	11903 Snapping Turtle Ln, Huntersville, North Carolina	US
S3-722499384	Anjana Private Park Limited	Chandigarh, Plot No.0011, HR, N/A	India
S3-323089446	Roohx LLC	850 611, Rotan, Texas	US
S3-995929799	Ectonylaarc	210 Rue Jules Guesde, Roubaix, Hauts-de-France	France
S3-215326217	Pcr  (India) People Private Limited	305, Anand, GJ	India
S3-845259773	Magnum Comite International Sarl	18 Rue D'espagne, Roubaix	France
S3-765825922	Caldon Innhfvaion	414 Sweetheart Dr Dr, Missouri, Rogersville	US
S3-534112666	Admr Plus Gaz Distribution	44 Rue Sauteyron, Bordeaux, Gironde	France
S3-288983358	Soeur Service	Hauts-de-France, 82 Boulevard De Metz, Roubaix	France
S3-208407961	>> Ashapura Roofing  (India)	E-37, Plot No.-26, Qutub Vihar, Part-2, Goyla Dairy, Post Office-chhawla, New Delhi, Central Delhi, दिल्ली	India
S3-976906710	Regional Fellowship LLC	2044 Lombardy Drive, Fayetteville Ccity, North Carolina	US
S3-195482307	Dent (France) SAS Développement	Bordeaux, 70 Boulevard Joliot-curie, Gironde	France
S3-99076489	du École Notre France	28 Rue De La Fon De Madran, Pessac	France
S3-198495176	AO Starling LLC	8 B Elmwood Terrace, NULL, Millbury, Massachusetts	US
S3-70601997	Collins Elite Freight	Husband St, Stillwater, Oklahoma	US
S3-275810727	Comité	193 Rue Pierre Mauroy, Lille, Hauts-de-France	France
S3-704203435	SAS Kimono Amicale (France)	30 Rue Eugène Dumez, Dunkerque	France
S3-993474253	Smith Briacell	486 Prospect Avenue, Brownsville, Wisconsin	US
S3-232425	Suchana (India) Krushi Private Limited	29 C/o. Prashant B. Deshmukh, H No.24, At Sagar Colony, Pathri, Parbhani, MH	India
S3-363065044	Producteurs College France SAS	19 Avenue François Rude, Pays de la Loire, La Baule-escoublac	France
S3-536036109	BEST HOSPITALITY PRIVATE LIMITED		India
S3-60673444	East Pvt Ltd  Services	9 And 10 Sukh Shanti, Nutan Chs, North South Rd-8 Plot-65, Jvpd Scheme, Vile Parle(w), Mumbai City, Mumbai, MH	India
S3-573098181	Shri Common Traders Ventures Pvt	H.no 1390 Sector 6, Bahadurgarh, Haryana, HR	India
S3-476652592	Enterprises Mgie Constructionprivate  Private Limited	Rz-22, Roshan Garden, New Delhi, Chhawla, दिल्ली	India
S3-45306928	Crawford Créative Flag	Five Mile Rd, Birmingham, Alabama	US
S3-81361875	Baba Software लिमिटेड		India
S3-581554426	SURGICAL CARE INC	2612 Pleasant View Avenue, Rockford, Illinois	US
S3-598218036	Mérignac SAS & Associés	No. 1 Rue Du Liveau, Merignac	France
S3-43668466	Deleves Centre (Frànce) SARL	00170 R Des Cinq Voies, Tourcoing, Hauts-de-France	France
S3-680290428	Maison Montaigut	30 Rue De Cahors, Dunkerque	France
S3-342177482	Satkar Putra Limited	No.362, 13Th Main, Rmv Exten-sion, Bangalore, KA	India
S3-156894039	Allied Prairie Northwest Inc.	1806 Doon Street, Silver Lake Township, Iowa	US
S3-104051714	Ados Medico SARL	33 R De Madagascar, Lille, Hauts-de-France	France
S3-38077344	Comité du Organisme International EURL	39 Rue Des Martyrs, Nantes, Loire-Atlantique	France
S3-2306269	Xylovantage t/a Mkiri Comite SAS	Nantes, Pays de la Loire, 22 RUE de lAllouee	France
S3-397700768	M/s Vision Power Private		India
S3-681060020	QX Auto Gláss Valley LLC	#71 Bay Rd, Whitehall, Montana	US
S3-878449464	Departemental Amis Développement [SAS]	12 Rue Des Ajoncs, Saint-nazaire	France
S3-584733267	Clinique Saint  Marie SCI	21 - R. Henri Bergson, Tourcoing	France
S3-924509689	RFH àuto SA	La Teste-de-buch, Nouvelle-Aquitaine, 99 Boulevard D’arcachon	France
S3-657602363	YLI Precision Cs1m Cs1m LLC	65- Asher Ave, Stonington, Connecticut	US
S3-486506144	BRIGHT BRIGHT BUILDERS		India
S3-699998043	Textiles (France)-Maternelle	R Du Rossignol, Pessac, Gironde	France
S3-959150470	Institut du Jacques-& Fils		France
S3-187531682	Real Trading Limited Center	5-4-156, 157, Unit No. 604, 6Th Floor, T-19 Towers, Hyderabad, Secunderabad, TG	India
S3-314236937	Tanishq  Public School Corp #36829		India
S3-309561966	Mumbai Projects Enterprises		India
S3-915164899	Dental Greon Partners Corp	219 Walnut Saint, Osceola, Arkansas	US
S3-762081187	Irifaye	A-404 Sai Shristhi Residency Bs. Mathura Nagari, Palanpur Gam, Surat, Gujarat	India
S3-554501504	INS Jeunes SARL	106 Rue Du Docteur Schweitzer, Tourcoing, Hauts-de-France	France
S3-778449346	Amicale du Tendance Participations	No. 6 Boulevard Pasteur, Calais, Hauts-de-France	France
S3-893091092	First సొల్యూషన్స్ Limited	#646/P, Sy No.1 5, Madhuban Colony Rjnr, Hyderabad, Rajendranagar, TG	India
S3-404348869	Inc Lalatech Communications	#428 Second Ave, Siler City, North Carolina	US
S3-936051023	Valley Nórthern Inc	8818a Hwy 26, PMB 2312, Crowheart, Wyoming	US
S3-234100569	Grand	4511 Rocky River Drive, Cleveland, OH	US
S3-216666202	Private Royal Logistics Solutions Limited	A 504- Mntra Luxuria, Chorasi, Surat, GJ	India
S3-949919353	Picon [Theatre-Sas]	Gironde, Bordeaux, 18 R. Dupaty	France
S3-285520253	Womens Health	3007 Ivy Stbeet, Waynesboro City, Virginia	US
S3-225707819	welspunknowledge.com	Door No 36/1, Khordha, Khorda, OD	India
S3-567989393	Goodman Grand Andretti  Greater	04548 Woodgrove Drive, W. Valley CITY, Utah	US
S3-973823756	Dentfrancedanse.Com	70 Bd Joliot-crrie, Bordeaux, Gironde	France
S3-11218868	Goodman Grand Andretti Ltd	04548 Woodgrove Dr, W. Valley CITY, Utah	US
S3-976524037	Jdc  Trust	C/o Shree Kisan Kondiram Takali, Tq. Paithan, Dist. Aurangabad, Aurangabad, महाराष्ट्र	India
S3-103206481	Global Industries	Overton Ave, Independennce, Missouri	US
S3-288287138	crissy breitenbach couriers	Bladenboro, North Carolina, 3188 Center Rd	US
S3-617232261	Gray Dynamics  Inc	219 Hiawatha Drive, Little Rock, Arkansas	US
S3-206342687	Honey + Brothers Pvt (Ltd.)	Monoranjan Mondal #00201 Nonakri Kaktia Bazar, Dis-purba Medinipur, Tamluk, Wb, Tamluk, Midnapore, WB	India
S3-72593777	La Baule-Escoublac Boulangerie S.A.S.	#54 I Av. Alfred Bruneau, La Baule-escoublac, Pays de la Loire	France
S3-716916058	Zacai Lab Inc	2351 Baxter County 57 Road, Mountain Home, Arkansas	US
S3-222935425	Platinum LLC Center	19942 Indian Spring Trail, Amarillo, Texas	US
S3-300883361	Nisha Purification Public Limited	5A-80, Hyd, Hyderabad, TG	India
S3-166310686	Maison Çercle SAS	Lège-cap-ferret, 15 Rue Sainte Catherine	France
S3-231534006	Lumavi Valley Holdco Inc.	32 Meadow Way, PO Box 6441, Scotts Valley, California	US
S3-846124735	Association du Vie		France
S3-178591531	Navyug Memorial Memorial		India
S3-743529774	Petite College SAS	89 R. Des Soupirants, Calais, Pas-de-Calais	France
S3-394965325	Global Care Sweets Private Limited	#806 Sears Towrs Gulbai Tekraellisbridge, Ahmedabad, ગુજરાત	India
S3-297071796	Francaise  Cie		France
S3-333717109	Vintage (India) Foundations Company		India
S3-141115451	Bordeaux Agricole EURL	5 R. Carayon-latour, Bordeaux, Nouvelle-Aquitaine	France
S3-235517802	CA AMICALE SARL	33 Rue General Gouraud, Bordeaux	France
S3-80451108	LINH COMPAGNIES AMICALE SARL	No. 3 Allee Penelope, Pessac	France
S3-473003090	maisonsud.com	26 Rue Leon Jamin, Nantes	France
S3-402831101	genesis marine private limited	UP, Lucknow, Lda Colony, Lucknow, House No. 569/135/5 Opposite Pcf Godown Bargawan	India
S3-37159164	बॉम्बे सिटी कंस्ट्रक्शंस प्रा. लि.	E-103, Mumbai, Indore, MP	India
S3-480321309	Ram Fd Furniture Private Limited	H.no 11T5/7 And 11T1, Road 13, Block 11, Zone 1, Sez-pa, Gandhi Nagar, Gandhinagar, GJ	India
S3-882269350	Shakti Services	Shop No S - ##30, null, Nagpur, MH	India
S3-468905354	Co. Great Bain	20859 4180 Rd, Claremore, Oklahoma	US
S3-836043798	DEPARTEMENTALE CLUB SAS	20 Rue De La Boulotte, Pornic, Pays de la Loire	France
S3-634485589	Dart Anciens	Hauts-de-France, Lille, 102 R. Henri Ghesquière	France
S3-202570282	Share Jelnse (France) Distribution SAS	156 Rue Arsène D' Arsonval, Saint-nazaire, Loire-Atlantique	France
S3-529227559	Pas Ecole Ei	24 R. Blanche, Lille, Nord	France
S3-432656709	IDM Culture	7 R. De La Cloche, Tourcoing, Nord	France
S3-149515254	Ifag Maison	22 Allée des Petits Brivins, La Baule-Escoublac, Pays de la Loire	France
S3-367674680	शिव बिल्डर्स लिमिटेड	S N D/103/3/10, Krystal Square, Office No 401, Fourth Floor, E Ward, Nagala Park, Kolhapur, MH	India
S3-148935311	Powercon Pvt. Ltd. (Services)	4378/4B, New Delhi, Central Delhi, DL	India
S3-25759583	SAS établissements Djs	22 Rue Maisdon Pajot, Nantes	France
S3-166856415	Établissements Happy Participations EI	No. 4 Imp. Des Galips, Lège-cap-ferret, Gironde	France
S3-45540681	Ets Osmôz EURL	17 Imp Des Vignes Du Bourg, Nantes, Pays de la Loire	France
S3-277943464	(India) Srl Center Center	Blokc C-723 256, Ii Floor, Plot No 4, Dda Community Centre Sector 14, North Delhi, Delhi, DL	India
S3-985304680	Hari  Impex	A-54, New Delhi, South Delhi, दिल्ली	India
S3-152953038	Family Association  LP	West Des Moines, 1018 Woodland Park Dr, Iowa	US
S3-361439845	RAW Àmicale SAS	30 Rue Jules Michelet, Roubaix	France
S3-451720869	SARL Ets Lecole	18 Rue Plnterose, Bordeaux	France
S3-565289413	Hr (India) Limited (Services) (Services)	Block No-11, Mahavir Nagar, Himmatnagar, Sabarkantha, GJ	India
S3-37720491	GI Comite	12 Boulevard Jules Verne, Nantes	France
S3-843457566	Davis Convertible Ltd	Texas, 01437 Prince Street, Houston	US
S3-572182242	Kv Research Private  Ltd	Vadodara, Indraprasth, Behind C K Prajapati School, Laxmipura, Vadodara, A/19 A, Vadodara, GJ	India
S3-326493725	Mr Ss Constructions-Pvt Limited	H No.#31-8-64/12, Flat No.403 Near Nelamma Vepachettu, Assam Gardens, Vishakhapatnam, Bangaramma Metta, AP	India
S3-952165797	Schumacher  Royal Fresenius	17692 Wildwood St, PO Box 1402, Surprise, Arizona	US
S3-485667524	Ets Rando  SAS	048 Rue Robert Schuman, St-herblain, Loire-Atlantique	France
S3-146803089	Arialum	66 Rue Jacques Pitilion, Dunkerque, Hauts-de-France	France
S3-4609232	Nantes Club E.I.	053 Blvd Saint Aignan, Nantes, Loire-Atlantique	France
S3-332758082	Mr @realconsultants	Office Space No.1408, Kozhikode, KL	India
S3-211275772	A Diamond Metal LLC	1058 550, Lehi, Utah	US
S3-546659595	सिल्वर इन्वेस्टमेंट्स मेडिकल्स प्राइवेट लिमिटेड	H.no.5 S/f Kh No.65/1, Village Bagdolla N.d.-1, South West Delhi, DL	India
S3-279152631	HEO Advisors Holdings	002 Robert Breen Pkwy, Lockport, New York	US
S3-443369175	Flip Trust Center	House No. G-60 Bhevtadwadi, At Post Salgaon, Kudal, Sindhudurg, महाराष्ट्र	India
S3-771775458	Baglamukhi LLP Center (ID: 90820)	Gurgaon, HR, M-a-213, Gurgaon	India
S3-479221209	Wildlife Charities Co	729. Golf Course Road, Forest City, Iowa	US
S3-565863558	Marche Culturel EURL	53 Rue Championnet, Lille, Nord	France
S3-487749791	Club	1 h Quai du Jonc, Lège-Cap-Ferret, Nouvelle-Aquitaine	France
S3-63462763	JZU Societe SARL	Pays de la Loire, Nantes, 67 Rue D'alonville	France
S3-678091144	Center Co Horizon	DL, 4624/1 8Ansari Road Darya Ganj, New Delhi, Central Delhi	India
S3-356361411	Saint-Nazaire Gestion		France
S3-420278553	ब्राइट प्रोजेक्ट्स प्राइवेट लिमिटेड	Flat No 402 4Th Floor Bldgno D-21 Sec-vii Of Shantinagr Mira Road Station (E), Thane, <NULL>, महाराष्ट्र	India
S3-314760101	Alpha Services Pvt [Ltd]		India
S3-512823371	First Agro Limited Center	DL, D 172, Delhi, Bhajan Pura	India
S3-434832430	Vantagezetakor	33 bis Rue Marguerite Yourcenar, Calais, Hauts-de-France	France
S3-545225034	Kolkata Developers Ltd		India
S3-212690509	Velez, Emmi, DMD, M.D., P.C. Corp.	Upland, California, #1529 Vigilant St	US
S3-410799782	Albatros Club Sàrl	94 R. Du Loup, Bordeaux, Gironde	France
S3-666394637	Future Trading Private Limited	324 Netaji Subhas Road, পশ্চিমবঙ্গ, Kolkata, Howrah	India
S3-92344191	Pvt Subal & Brothers Ltd	Falt F##4, Hyderabad, TG	India
S3-962986979	3r Coiffeurs Collectif Distribution EURL	97 Boulevard Auguste Caillaud, La Baule-escoublac	France
S3-108691353	Blue [Bakery]	2160 Heron Haven Ln, Gloucester County, Virginia	US
S3-564622362	Shibani Accounts (Ndois) Industries Private Limited	H.no 38 Dhule Rd, Jalgaon, Amalner, MH	India
S3-343472021	Foods Safex Institution Pvt Ltd	New No 83, Old No 30 Giri Road T Nagar, Chennai, TN	India
S3-536264874	Vijay Limited Services		India
S3-801141022	શિવ ફૂડ લિમિટેડ	10, Govinddham Society, Rampark, Ajwa Road, Baroda, Vadodara, GJ	India
S3-618306303	Delta Partners Trading		US
S3-806226889	Saint-Nazaire EURL Et Fils	4 Rue Des Mouettes, Saint-nazaire, Loire-Atlantique	France
S3-782093454	Solano's LLC Services	730 Locust Ave, Eagle Mountain, Utah	US
S3-966888657	Al Propertmres Limited	House No 101A, Gorakhpur, UP	India
S3-782449349	QPA	No.192/200, First Floor, Annur Road, Nadur, Mettupalayam, Coimbatore, Tamil Nadu	India
S3-415592363	Ahmadabad-City Marketing Industries Private Limited	A2309 Privlon, Ahmedabad Hq Region, Ahmadabad City, ગુજરાત	India
S3-141807481	Financial Dynamic Digital	#1832 Mission Rd, Alabama, Vestavia Hills	US
S3-121886819	Pediatric Dentistry Group (Partners)	8335 Hidden Springs Trl, Charlotte, North Carolina	US
S3-419944341	Dr Able Institute of Technology Private	H-562, Delhi, DL	India
S3-931363448	Convergence & SA Développement	2 A Rue Armand Calmon, Pessac	France
S3-639063948	Jaya Brothers Private Limited Service		India
S3-389032825	Krishna Investments Private  Limited		India
S3-219952101	GI Sportive S.A.S.U.	12 Bd. Jules Vurne, Nantes	France
S3-593867924	Dunkerque Loisirs Sarl	Rue Frederic Chopin, Nord, Dunkerque	France
S3-490516139	Seven Tech Pvt Ltd	C/o Mathew Mathew, Kannur, KL	India
S3-562933345	Harr  Express Multimedia	03549 Banff Ave, YUMA CDP, Arizona	US
S3-5545239	Arcdeltayuma	No 96 Rue Dupaty, Bordeaux, Nouvelle-Aquitaine	France
S3-367473256	बेस्ट कंसल्टेंट्स प्राइवेट लिमिटेड	Door No 17/18, Vijay Park Near Lord Jesus School, Gurgaon, Gurugram, हरियाणा	India
S3-643514730	Shri Bright Services Limited Private		India
S3-939007011	Faucett Services	Ohio, 1173 Bedford Rd, Masury	US
S3-807541879	Wexbelocalo	Rz-22 Roshan Garden, New Delhi, DL	India
S3-514371933	Sai Management लिमिटेड	Door No ##56 C/o Anita Sahu, Jhansi, Babina, UP	India
S3-235829739	Grand Automation Brands	4530 Rocky River Drive, Cleveland, Ohio	US
S3-980956943	Dpr Communale Çlinique SCI	36 R. Mery, Bordeaux, Gironde	France
S3-608439405	Eshaan App1iances Pvt Ltd	251, Acharya Prafulla Chanrad Road, Kolkata, Howrah, WB	India
S3-765103117	ARGL Solutions Corp	Hd-112, Gurgaon, HR	India
S3-615985566	HUDSON OPTIMAL LANDSCAPING INC.	19818 N Cove Road, PO Box 6877, Cornelius, North Carolina	US
S3-91310448	Fetes Pierre	031 R Gantois, 19, Lille, Hauts-de-France	France
S3-937888370	Ciravioveraio D.B.A. Lalit Cashew Private Limited	H.No.10-8-456, Fathanagar, Lalbahdur Sasthrynagar, Balanagar Md 1, Malkajgiri, Hyderabad, Telangana	India
S3-562698439	Shana Shana Hughes	1251 Western Ave, Albany, New York	US
S3-332892020	Balaji Technologies  Pvt Ltd		India
S3-187738641	Ciraevo DBA Permis Union	159 Rue Belle Rade, Dunkerque, Hauts-de-France	France
S3-309759426	Llc Ivenex Greenfire	Central Ave, Carmen, Oklahoma	US
S3-106522645	Agence Ecole Sarl	24bis R Pal Wante, Roubaix, Hauts-de-France	France
S3-748833673	Lille Primaire	Hauts-de-France, 18 Jetée De La Gare D'eau, Lille	France
S3-378374808	F/E Alto LLC	5925 Lakestone Drive, Sacramento, California	US
S3-157636441	Womens Health Clinic Ventures		US
S3-268143871	Bombay Hospitality Pvt		India
S3-179130289	Clinique Saint Marie		France
S3-383668259	अल्फा इंटरनेशनल प्राइवेट लिमिटेड	F N S1 P N 88 Shri Balaji, Residency11ganesh Nagar17, Jaipur, RJ	India
S3-583750988	Accueil SAS Amis	22 Quai Du Rhin, Calais	France
S3-227520398	Cercle (France) SAS College	67 Avenue Aristide Briand, Mérignac	France
S3-656685792	Arihant Healthcare  Private Limited Enterprises		India
S3-601027720	Fédération du  Atout Groupe	60 Crs De L'intendance, Bordeaux, Gironde	France
S3-524395935	Tourcoing Fetes France	4 Allee Clara Leplat Whelan, Tourcoing	France
S3-232447455	Smith  Inc Services	4415a Rena Road, Unit 201, Suitland, Maryland	US
S3-146315004	Walsh & Collier Bnb Ltd	#39 Wyndmoor Pl, # Apartment D, Gwynn Oak, Maryland	US
S3-377314250	Operating Engineers  Union Local No 514	29 Main Street, Unit Apartment 4S, Yonkers, New York	US
S3-309881828	Sanand Technologies Limited	Sanand, Ahmedabad, H.no 27 15 16 Moraiyaindutrial Estate Moriya Rd, GJ	India
S3-860575336	Pharmacie  de la Deleves SASU	# 58 R Des Bourleux, Roubaix	France
S3-148083206	Larche Cie SARL & Fils	Rue Sainte Catherine, Bordeaux, Gironde	France
S3-151527356	साउथ टेक लिमिटेड	24Rd Flr, Mumbai, Bombay, महाराष्ट्र	India
S3-441446378	Center #2 South PC	10637 Alice Ave, Peoria, Arizona	US
S3-707256181	École maternelle Henri	11 Bis Avenue De Bordeaux, Lège-cap-ferret, Gironde	France
S3-867063629	S.A.S Coline Foyer	No 52 Av. Du Vallon, Pessac, Gironde	France
S3-677525898	Urgent Care Health Llc & Co		US
S3-206773074	Lane Assets  Inc	Rogers Township, Minnesota, Skyview Ln	US
S3-265546031	Lège-Cap-Ferret Gestion S.A.R.L.	52 Avenue Nord Du Phare Cap Ferret, Lège Cap Ferret, Nouvelle-Aquitaine	France
S3-909061741	Maison Stephane & Fils	329 Rue Pierre Legrand, Lille, Nord	France
S3-335553523	Hadlock Kim Inc [Center]	00 Haven Circle, Unit 303, Cramerton, North Carolina	US
S3-19496762	Marche Culturel Développement EURL	74 - Rue Championnet, Lille, Hauts-de-France	France
S3-79643579	Vision  Consultants Limited	B97a Lakda Wali Galli, Behram Nagar A K Marg, Mumbai, MH	India
S3-971409326	Constro Traders Exports Private Limited	Sco 107 A Delta Chambers, Jalandhar, PB	India
S3-175062254	Club Saint The	N° 0 K13 Rue Pierre De Geyter, Lille	France
S3-646560735	Libbi Reed Certified Arrived, Group	3722 1/2 Villa Drive, Columbus, Indiana	US
S3-858082849	Mumbai Watches Center	B-601, Mumbai, MH	India
S3-960122800	Interstate Agricultural Alliance LLC	Arizona, Washington, 1935 Morten Ave, Unit 29	US
S3-80026389	LOWER FÓOD LLC	PMB 3181, Tennessee, Mckenzie, 20121 Highway 22	US
S3-637740645	QX Auto Glass L.L.C.	60 Bay Rd, PO Box 6427, Whitehall, Montana	US
S3-337088899	randlessecurityservices.com	7387- Ayrshire Avenue, Plain Twp, Ohio	US
S3-379784610	ૐ મીડિયા પ્રાઇવેટ લિમિટેડ	D/##54, Sardar Estate, Road No. 5, Ajwa Road, Vadodara, GJ	India
S3-408859470	డిజిటల్ Consultants ప్రైవేట్ లిమిటెడ్	C/o M Bapu Rao 1-2 Sunkidi Talamadugu, Adilabad, తెలంగాణ	India
S3-888664210	Établissements Arts	15 Pass Hermitte, Bordeaux	France
S3-236131037	Gwalior  Estates Ltd	#A-437 Udaygiri Apartment, Gwalior, MP	India
S3-855060912	Mr Al Marketing	Flat 6133, 13 Th Floor, Tower Maple, Parx Laureat, Meerut, UP	India
S3-299733924	DELORES QUILICI CRYSTAL TAIWAN	1715 Bismark Avenue, Spokane, Washington	US
S3-88146562	Bordeaux Compagnie Sàrl	14 Psg. Kieser, Bordeaux	France
S3-363642770	Lopez Sizzle Holdings	0018686 Bill Black Road, Athens, Alabama	US
S3-126767087	Shri best hospitality private limited		India
S3-731653204	Back Alley Cleaning Service  Southside LLC	Winchester, ##130 Likens Way, Virginia	US
S3-489158024	Pharmacie Françoise SASU	11 Rue Michel Favreau, Bordeaux, Gironde	France
S3-774557833	N 6 Apex LLC Center	1500 Dun Loggin Dr, Mckinney, Texas	US
S3-185143833	Esparza Rnuawy	7917 33rd Street, Rosedale, Maryland	US
S3-96689086	Vijay Healthcare Private Ltd	No 218, Kamptee, Nagpur, MH	India
S3-736242806	Comité de Local EURL		France
S3-917221103	RJ Súperior Eastern	7057 Copperwood Way, Columbia CITY, Maryland	US
S3-502073133	(SARL) Socio Ecole	21 Rue De Denain, Roubaix, Nord	France
S3-97134643	Dr Indian Trading-Pvt Ltd		India
S3-128327374	Exponential Public School  Industries	Hn 822 Gat No. 1572, Behind Conquest College, Shelar Wasti, Pune, Haveli, MH	India
S3-977094703	QUF  Energy Limited	Sarai Sahjadi, Lucknow, UP	India
S3-474939080	Square H0spital	0061 / 2730, Mumbai, Mumbai City, महाराष्ट्र	India
S3-687618752	Marudhar Hospitality Prioveafe Limited	Rl190, G Block, Sambhaji, Nagar, Chinchwad Midc, Pune City, Pune, MH	India
S3-70419950	Sri Associated Private Limited Center		India
S3-435099478	Miles Grifols		US
S3-924316932	Orbium Live LLC	6435 Todd Drive, Boone County, Kentucky	US
S3-478604028	Sirius Inc.	##661 Cumberland Way, Webster, New York	US
S3-799268602	Lille Musique SASU	34 R Du Lieutenant Princeteau, Lille	France
S3-585000553	HY Marine Limited Services	601, Ashish, Farmland, Ramdaspeth, Nagpur, MH	India
S3-131149909	बॉम्बे डेवलपर्स प्राइवेट लिमिटेड	Pl N 25 Sn 26, Dahanukar Col Lane S, Pune City, Pune, MH	India
S3-277187811	RA-Sport SARL	027 Rue Beaufleury, Bordeaux, Nouvelle-Aquitaine	France
S3-974385708	Fluxkelo DBA Nantes Groupe SCI	4 Place Victor Mangin, Nantes, Pays de la Loire	France
S3-192319026	Vie (Centre)		France
S3-838229885	HUNGER COALITION LLC Enterprises		US
S3-512138468	ಶ್ರೀ ಟೆಕ್ ಎಲ್ಎಲ್‌ಪಿ	Plot No.1/22, Ex-service, Men Colony, Ward No.28, Bellary, KA	India
S3-890324119	LAXMI FINSERV PVT LTD	126A, Coimbatore, TN, New No 72 Periyar Nagar, Puliyakulam, Coimbatore	India
S3-241435203	LM	No. 6 All Du Clso De Kerquessaud, La Baule-Escoublac, Pays de la Loire	France
S3-2094429	AE Fairs Private		India
S3-151019081	Cmp Consultancy	Flat No D-302, NULL, K.v.rangareddy, Andhra Pradesh	India
S3-994505385	Pediatric Health-Center	23611 49th Avenue, Woodinville, Washington	US
S3-219292953	Anvil Blue Corp	Massachusetts, Malden, 36 Thacher Saint, # 2	US
S3-29330612	Bundick's Premier Family Practice		US
S3-970937443	Una Compagnie E.U.R.L.		France
S3-255739831	Coline Fôyer SAS	No 52 Avenue Du Vallon, Pessac, Gironde	France
S3-663498608	Sri Des Impex Group Pdrvaste Limited	हरियाणा, #870 House No 832, Gurgaon, Tower B Tulip Orange, Sector-70, Gurgaon	India
S3-634585718	Inc Kent's Coastal Cleaning Service	33 Phineas Davis Ln, Mexico, New York	US
S3-396256587	Cirabrixx	Nouvelle-Aquitaine, 264 Rue Sainte-Catherine, Bordeaux	France
S3-626943789	M R Montgomery (Services)	Madison, Alabama, 0118 Manor Dr	US
S3-350922566	Bordeaux Spôrtive SA	23 Rue René Magne, Bordeaux, Nouvelle-Aquitaine	France
S3-189238225	Black Technologies Limited	H.no A-160a, Coimbatore South, TN	India
S3-419893883	Little Tavern! Center (ID: 55535)	389-D Hickman Hollow Rd, Surgoinsville, Tennessee	US
S3-568040645	Chavez, Ray and Oliver  Bread LLC #20148	4922. Seminary Rd, Godfrey, Illinois	US
S3-419062523	Familles Parents Sarl	29 Rue André, Bordeaux, Nouvelle-Aquitaine	France
S3-970499108	General Education		US
S3-643899106	Cure Cafe!		US
S3-493477605	Dermatology Federal Physicians Corp	#27 Sterling Road, Armonk, New York	US
S3-995701164	Tressa-Wright,	0204 Matthews Dr, Holly Springs, North Carolina	US
S3-205088863	Saint-Herblain Clutrehle SARL	N° 12 All. Des Platanes, Saint-herblain, Pays de la Loire	France
S3-617269156	PERIDEX FOCUS	022086 Homer Smith Road, Andalusia, Alabama	US
S3-730010396	Beth Emanuel Corporation		US
S3-290531764	Transparence Fêderation SARL	Hauts-de-France, 2 Place Genevieres, Lille	France
S3-281744614	LF Órigin,	Madison Township, #40 Horsepond Rd, Connecticut	US
S3-217023562	Albatros Club SA	N°98 Rue Du Loup, Bordeaux	France
S3-194034706	Complete Cargo Union Group	408 Globe Center Drive, Morrisville, North Carolina	US
S3-757536846	Association des Droit Développement	No 91 R De La Convention, Nantes, Loire-Atlantique	France
S3-235277453	Jasmina Aarbon, DDS	Phoenix, Arizona, 2819 Honor Ct	US
S3-116849174	Vaex-Family Office	5090 Nature Trl, Cincinnati, Ohio	US
S3-158946082	Behavioral Health Care Valley Associates Inc.	Homestead Ln, Charlottesville, Virginia	US
S3-59664422	Kelodova	N° 78 R. Carnot, Tourcoing, Hauts-de-France	France
S3-991626191	Division of Aging Inc	25 85rd Terrace, Kansas City, Missouri	US
S3-935441393	Llp Digital Swastik Solutions	Mumbai, Flat-c/26-03 Oberaoi, Jogeshwari East, MH	India
S3-405800833	readyindia.com	Raviraj Flat No 72Malavia Road Vile Parle East, Mumbai, Mumbai Ii, MH	India
S3-367196483	Melange Vikas Pvt Limited		India
S3-582307693	Gv Lycee EURL	14 Rue Du Duc De Guise, Calais, Hauts-de-France	France
S3-805177212	Dynamic & Compagnie EURL	258 R Sainte-catherine, Bordeaux, Nouvelle-Aquitaine	France
S3-45182425	డైనమిక్ ఇన్ఫోటెక్ ప్రైవేట్ లిమిటెడ్	Sy No/P & 1060, Flat No 801 & 802 Manjeera Majestic Commercial Complex, Kp, Hb Colony, Hyderabad, తెలంగాణ	India
S3-694791709	somaniramindia.com	Jaipur, Mansarovar, Riico Industrial Area, राजस्थान, E-1-93	India
S3-764135689	Dentraide Grôupement	19 Rue Binaud, Bordeaux, Nouvelle-Aquitaine	France
S3-157720879	SAS Nantes Sportive	010 Rue Jean-emile Laboureur, Nantes	France
S3-29825410	Cadres Harmonie Club S.A.S	Hauts-de-France, 14 Rue D' Anzin, Tourcoing	France
S3-838954624	Cosmic Public School Pvt Ltd	687, Roopsagar Road, Ward No. 37, Udaipur, RJ	India
S3-379144694	Pessac Centre Groupe	61 Rue De Romainvilel, Pessac, Gironde	France
S3-883801410	Maison  Attitude	92 Rue Émile Fourcand, Bordeaux, Nouvelle-Aquitaine	France
S3-578333796	Établissements Animation SAS		France
S3-305132373	Tourcoing Club SARL	417 Rue De Gand, Tourcoing, Hauts-de-France	France
S3-140659049	Karan  (India) Eretail Pvt Ltd.	#16-150, (10-A2), Shivalli Industrial Area, Udupi, KA	India
S3-843410503	Comité-Agissons SAS	29 Rue Des Douves, Bordeaux, Gironde	France
S3-919258930	Dovaxylo	194, <NULL>, Indore, MP	India
S3-292361118	VISION CONSULTANTS		India
S3-591267166	Fluxtavo	4 Impasse Charles Trenet, Saint-Herblain, Pays de la Loire	France
S3-508822163	Nagendra  Structurals	MH, Mumbai, 6Th Floor, F Wing, Insignia Chsl, Cst Road, Bks Kalina, Santacruz East, Flat No 603/5, null	India
S3-430307062	Perfect Services Trading		India
S3-730145484	Shri seattlecottonindia.com	A-1601/1602, Lake Pleasant Lake Home Phase- 2, Off. A S Marg, Powai, Mumbai City, MH	India
S3-500768417	Phillips Rail	3812 Seibert Hill Road, New Philadelphia, Ohio	US
S3-394280276	Tecon Seva  Samiti	ਪੰਜਾਬ, 1363 Sector 68, Mohali	India
S3-592359289	Arhighland.Com	5500 Whitman Avenue, Fort Worth, Texas	US
S3-454756194	Petits College	15 Rue Du Pourtalet, Saint-herblain, Pays de la Loire	France
S3-640484097	Chiropractic Chiropractic Associates (Inc)		US
S3-453851441	Maid Pilates Ventures		US
S3-95186918	Iqbal Wealth Private Holdings Limited	J-#72 4St Floor Saket, Malviya Nagar, DL	India
S3-944275423	Punjab Management (Índia) Co	Honavar, Door No #690, ಕರ್ನಾಟಕ, Uttara Kannada	India
S3-98240368	S.A.S. Humanitair Groupe (France) Distribution	44 R Saint-françois, Gironde, Bordeaux	France
S3-58693042	Brooks, Dorotea,		US
S3-132312428	Jyestha Foundations  Private Limited	Hn 2-17 Ground Floor, 116/Sp, Chandradeepa, Sadar, Mirzapur, उत्तर प्रदेश	India
S3-41225838	GJ Conseil S.A.R.L.	24 Bis R Jean Lvigne, La Teste-de-buch	France
S3-185673382	Interstate Investment Enterprises		US
S3-818461169	रेड शिवम एस्टेट प्राइवेट लिमिटेड	B/22 Sea Pearl Versova Beach Chs. Seven Bunglows Versova, Andheri (West), Mumbai City, Mumbai, महाराष्ट्र	India
S3-833746298	Brixbrix	273 Ave Alfred Motte, Roubaix, Hauts-de-France	France
S3-266181167	Meriden Advanced Health North P.C. Association	44 Rice Rd, Meriden CITY, Connecticut	US
S3-464885831	Standard,	3495-A North Winn Road, Hesper Township, Iowa	US
S3-302848062	Regional Pbedicgtircs		US
S3-47158035	People Dalmia Holdings Private (Limited)	#337/23, 2Nd Floor, 10Th Main, Bangalore, 2Nd Block Banashankari 1St Stage, KA	India
S3-257090484	Lake Preferred Pbc (ID: 79330)	358 Rainbow Cicrle, Butler CITY, Alabama	US
S3-797348914	Skylark Sluftiosn Public Limited	N/A, Khargone, Indore, 102, MP	India
S3-537961907	Gangan Enscineerfing Enterprises Private Limited	D/211, Ra, Ahmedabad, GJ	India
S3-635304464	Thompson Advisors	5263 78, Cordova, Alabama	US
S3-12018224	YLI PRECISION CSLM LLC	65- Asher Avenue, Stonington, Connecticut	US
S3-289674198	Caarud Collège	8 Rue Cabanis, Lille, Hauts-de-France	France
S3-779381265	Great Consultancy General Private Ltd	Doro No 33 A Wing, Malad West, MH	India
S3-381512106	Lille SAS & Associés	66 Rue Princesse, Lille, Nord	France
S3-24271412	बॉम्बे एक्सपोर्ट्स प्राइवेट लिमिटेड	Shpo No 14 Panchsheelapartment 213 Waterfield Rd Bandra (W), Mumbai, MH	India
S3-340217841	International Limited Builders	Door No 15Th/6 Floor, Central Delhi, New Delhi, DL	India
S3-8592961	Sai Global Private		India
S3-492049295	Santez & Frères SCI	52 Rte De Saint Pere En Retz, Pornic	France
S3-526035312	Francais Societe SAS	182 Route De Gravelines, Calais, Pas-de-Calais	France
S3-839062388	Pulido Services | www.pulidoser.com	639 Blackthorne Cir, Calabash, North Carolina	US
S3-742005469	Ashraya Industries	14/14A, Chittoor, AP	India
S3-647987725	Smt Trishu College Overseas Company	Door No 18 Gr Flr, 3, Bhushan Apt, Nr. Sai Pranay Hotel, Thane, MH	India
S3-69105654	LAMELIORATION ECOLE (FRANCE) SCI	79 Rue Descartes, Roubaix, Nord	France
S3-290866094	हरि मार्केटिंग LLP	H No - 4A, Lucknow, UP	India
S3-800180680	Tashjian Plumbing Value Westgate	1878 N Bear Creek Court, Merced, California	US
S3-678235152	NATIONALE (FRANCE) CLUB DÉVELOPPEMENT	049 Rue Breau, Bordeaux, Gironde	France
S3-17376546	te club eurl		France
S3-964453402	YB Parents SAS	54 Rue De Dieppe, Lille, Nord	France
S3-194709827	Greenfire Ivenade LLC	225 Central Avenue, Carmen, Oklahoma	US
S3-97354097	LY Apex-Indonesia Riverside [LLC]	394 Third Street, Barberton, Ohio	US
S3-590179943	uisiriusamicale.com	104 Rue De Lille, Roubaix, Nord	France
S3-665936728	Shri Indian  Center	Bhopal, Huzur, No 83 House No. 258, MP	India
S3-780054821	Club Des Pédagogique	33 Bis R Marguerite Yourcenar, Calais, Pas-de-Calais	France
S3-437876370	Private Bhagyoday Technology Limited	Flat No 7-939, Gurgaon, HR	India
S3-585783747	Corp Corner Séafood	138 Sanderson Street, # 301, Massachusetts, Sprinfgield	US
S3-909471238	Comité Espace	22 Rue Du Ponterau, Ecola Maternelle Maurice Mace, Nantes	France
S3-831256699	#interstateagricultural	1935 Morten Ave, Phoenix, Arizona	US
S3-375315357	Limited EEZ Solutions	Hc 129-A, Galleria Dlf-iv, HR	India
S3-790364527	Allied-Network  II	126 Nottingham Drive, Stafford County, Virginia	US
S3-375136446	RC	4 Cour Lebrun 230bis Rue De Fleurus, Tourcoing	France
S3-931322377	Patriot Kkr	Olympia, # 3, Washington, 114 Pear Street	US
S3-389094627	Lehpad Institut-SASU	Nantes, Loire-Atlantique, 1 Rue Des Frères Amieux	France
S3-548505084	Naitre Compagnie (France)	14 Rue Des Pyramides, Lille, Nord	France
S3-630747983	Cercle & Frèrés SAS	Nantes, Impasse Saint Clément, Pays de la Loire	France
S3-93248613	Sturges United REAL INC	3435 Cr 2409, PMB 7137, Barnsdall, Oklahoma	US
S3-516576913	la de Institut Pierre International	68 Rue Vivant Lacour, Saint-Nazaire, Pays de la Loire	France
S3-477118883	#2nátional	10632 Alice Avenue, Arizona, Peoria	US
S3-915686985	Art Centre	98, Caf2 Du Th2atre, Calais, Hauts-de-France	France
S3-497554381	Prabha	3, Suhasini Ganguly Sarani 2Nd Floor, Bhawanipore, Kolkata, Howrah, West Bengal	India
S3-376299341	Melange Vikas Infratech Pvt Ltd	Plot No. 137Ab, Govt. Industrial Estate, Charkop, Kandiv, Ali West, 3/11Th Floor, MH, Mumbai City, Mumbai	India
S3-836789366	Balaji International Limited	47-B, Sy, No. 11/26, Khanamet, Hitech-city Main Rd Hitech-city, Hyderabad, Andhra Pradesh	India
S3-676079545	kdindia.com	Flat No.303, B-88 Varnika Arcade, Madhura Nagar, Hyderabad, TG	India
S3-249581933	LLC HEY Cólombier	1818 Badger Lane, Town Of Monroe, Wisconsin	US
S3-273692133	pediatric dentistry specialists Ventures		US
S3-605307925	Roubaix SCI et Fils	35 R. Jouffroy, Roubaix, Hauts-de-France	France
S3-882371895	limited bright exports	Malviya Nagar, South Delhi, DL, E-81 3Nd Floorsaket	India
S3-716706834	Kritesh Technologies Private Ltd	C/o Remajuddin, Vill Tola-moglani Chak Panch-raipur, Block-warisnagar, Samastipur, BR	India
S3-170359677	Empire Montessori School	#1502 Blossom Street, Dos Palos, California	US
S3-283394942	Keystone Textile (Networks)	1100 13nd St, Herrin, Illinois	US
S3-12143205	Stuart Farms  PC	5211 1/2 Shenandoah Avenue, Newbugrh, Indiana	US
S3-742028966	Star System	F209/4, Delhi, Thane, DL	India
S3-919856970	Global Chemicals #12750		India
S3-159473254	Sutton Graphics Care LLC	305 Wilma Ave, # LOT 118, Louisville, Kentucky	US
S3-208043490	Pyralumriza DBA Nantes Amicale SARL	12 Avenue du Bois Verdot, Nantes, Pays de la Loire	France
S3-99412724	3477 Center Boulevard Holdings Northside	7333 4th St, Unit 84, Lubbock, Texas	US
S3-819578739	Precisi0n Advisors LP Center		US
S3-730794557	Balaji Trading Private Ltd	C/o Brajpal Singh, Gandhariya Sitapur, Sitapur, UP	India
S3-785775418	Lakshmi Pools Limited-Center	3744, Opp. Alankar Lodge, Navi Peth, Ahmednagar, Ahmednagar, MH	India
S3-953252952	Anilesh  Semcoles Limited		India
S3-870911132	Internal Medicine Specialists L.L.C.	5732 239th St, Douglas County, Nebraska	US
S3-719488189	Maid Pilates Services		US
S3-418553311	Patterson's Therapy Westgate Inc	5690 Express Dr, # APT A13, Montgomery, Alabama	US
S3-34185045	Jaxvio	113 Rue Notre Dame, Bordeaux, Nouvelle-Aquitaine	France
S3-834898013	Tuljai & CO KOTA LTD	72, Pratap Nagar Kota, Rajasthan, Kota, RJ	India
S3-540989272	Gilbert, Jolynn,	2828 900, Salt Lake City, Utah	US
S3-643831812	ONG Fashions Limited Partners	GJ, Banas Kantha, Palanpur, 4.	India
S3-250937102	RX RX Association Ltd	Rajkot, GJ, Rajkot, No 405- Shilp Towe Tagoreroad	India
S3-71111815	Bharat Estate Private Ltd	4754-57/23, New Delhi, Tis Hazari, दिल्ली	India
S3-776338661	Heartland Federation of Boiling Spring Lakes Riverside Inc	121 Windemere Drive, Souuthport, North Carolina	US
S3-601162827	Mathieu  Lionheart	Clarksburg, 1111 Van Buren St, West Virginia	US
S3-210183178	Établissements Generations	#83 Rue Van Grutten, Calais, Hauts-de-France	France
S3-910784159	Hinson LLC Holdco	Linda St, Ambrose, North Dakota	US
S3-780900393	Childers Bright Finaenhcila, Inc	001613 Hill Creek Dr, Garland, Texas	US
S3-598436343	Hummer, Stcae, L.C.S.W., DDS (PC)	Western Springs, Illinois, 3959 Garden Ave	US
S3-962723155	dhiti industries holdings private limited	Plot In Kh No. 1-421/8 G/f, Vill Rangpuri Near Old Shiv Mandir, New Delhi, South Delhi, DL	India
S3-308064423	RJ Eastern Superior	7057 Copperwood Way, Columbia CITY, Maryland	US
S3-827216527	Enfance Scolaire Sportive S.A.	(20) Rue Du Général Dampierre, Tourcoing	France
S3-128278427	फ्यूचर वेंचर्स प्राइवेट लिमिटेड	508, Swan Lake Chs Ltd, 14Th Road, Plot No. 396, Nr Iob Bank, Khar (W), Bandra Suburban, Mumbai, MH	India
S3-578115056	Coin lnstitute		India
S3-910885342	Shivhare Charitable Trust LLP	Plot 85 19/521, Malapuram, Malappuram, KL	India
S3-422327116	ஜைன் எண்டர்பிரைசஸ் ஆட்டோமொபைல்ஸ் பிரைவேட் லிமிடெட்	Sno.s105., No.769, 2Nd Flr, Suiteno.383, Spencer Plaza, Chennai, TN	India
S3-270580234	summitcapitalwintergreen.com	Westport, Massachusetts, 88 1/2 Benoit Street	US
S3-58223803	Eye-Partners LLC		US
S3-946589890	Gangan Engineering Private	206, ગુજરાત, Ra, Ahmedabad	India
S3-195298871	Miles Tribeca lnc.	144 Ninth Place, Fl 1, Hillsboro, Oregon	US
S3-215042462	Jams Jams Diamond Pvt (Ltd)	Plot 761 Sr. No. 141/2, Morvi, Rajkot, GJ	India
S3-461179645	Andrea LLC Esq Powers,	0011 Two Rivers Road, Saint Regis, Montana	US
S3-62606574	Venu Alizes Ehpad SARL	Pays de la Loire, Nantes, 18 R Raspail	France
S3-155320442	Ahmadabad City Marketing	Ahmadabad City, A230 Privlon, Ahmedabad, Behind Iscon Temple, Bopal-ambli Road, S.g. Highway, Bodakdev, Ahmedabad, Gujarat, GJ	India
S3-944588679	Prasad & Trump LLC	720 Brandenbush Ln, Bldg 7, Columbus, Ohio	US
S3-66992436	Lenseignement Bds Amis SA	Nantes, 007 Rue Charles Bataille, Loire-Atlantique	France
S3-355573740	Omega &	09 1St Floor Jay Bhavani Nagar Rd No.32, Wagle Estate, Thane, महाराष्ट्र	India
S3-331907124	Seven Trading Private Ltd	#236- 33, Basement Floor, Heera Nagar-a, Chitrakoot, Vaishali Nagar, Jaipur, RJ	India
S3-292390290	Mr Future-Healthcare Private-Limited		India
S3-114270754	Nylasynbrix Co	76 Rue de Dieppe, Lille, Hauts-de-France	France
S3-129282346	Sanand Technologies Ventures Private  Limited	27 15 16 Moraiyaindutrial Estate Moriya Rd, Sanand, Ahmedabad, GJ	India
S3-80592092	Sri kpr & co	Hn 00423 B-6/48, Upper Ground Floor Safdarjung Enclave, South Delhi, New Delhi, DL	India
S3-912937173	Calais Ecole  SARL	142 R. De Panama, Calais, Pas-de-Calais	France
S3-753727476	BIIFY CLINIC	20A Wittjen Court, Wetumpa, Alabama	US
S3-762866826	Ltd Bagwe 6rc	Hanuman Nagar New Punaichak, null, Mumbai, Patna, बिहार	India
S3-629379139	[Inc.] Wind And Rodriguez	6208. Cannes Cir, Austin, Texas	US
S3-611317108	Personnel Industries SAS	Nº 2 R Abraham Duquesne, Pessac	France
S3-825543149	Inc Irby, Ormiston And Orama Grill	49 Bridle Ln, Stoefort CITY, Illinois	US
S3-225793451	Nationale SCI & Fils	23 Av Du Commandant Cousteau, Saint-nazaire, Loire-Atlantique	France
S3-798177981	Rizasyn One fka Marche Comite SAS	16 RUE des Freres Amieux, Nantes, Pays de la Loire	France
S3-197373602	Ars Infra of Tiruchirappalli Private	No. Ta-4, Tiruchirappalli, Thillainagar, தமிழ்நாடு	India
S3-25891088	fousfrressas.com	5 Av De La Terre Ruge, Nantes, Pays de la Loire	France
S3-775621458	Pioneer (Group) Aerospace	11005 Cross Dr, # APT 4, Eagle River, Alaska	US
S3-274546599	Iqbal Limited Wealth	Malviya Nagar, J-#72 4St Floor Saket, DL	India
S3-706431615	Établissements Reau [SARL]		France
S3-339720506	Diamondxsolla.Com	Chatfield, Ohio, 3550 1/2 Chatfield Center Rd	US
S3-481062106	Association De Gôbe	#83 R. Jeanne D'arc, Lille, Nord	France
S3-960267199	RMA Valley Plus Llc	##2472 Melrose Court, Gilbert, Arizona	US
S3-669683586	Aili  Rulli Highland Environmental Services		US
S3-536487359	Kaizen Services Ltd		India
S3-932163308	Lyrrify Ímmunopharma LLC	112 Jack Browning Drive, Jarrell, Texas	US
S3-108872129	Retro  Comite	22 Avenue Pasteur, Pessac, Gironde	France
S3-359726759	Wasan (India) Private Limited Services	0051 Golam Jilani Khan Road, Kolkata, Howrah, WB	India
S3-137864951	Bharat Estate Private	3Rd Floor T-8, Akarshan Bhawan, Ansari Road, Darya Ganj, दिल्ली, 4754-57/23, Modi Nagar	India
S3-10126364	Ariaveo f/k/a Silver Bistro	2929 Lincoln Avenue, North Riverside, IL	US
S3-333367976	926 Center Street Holdings	6613 Stirrup Court, Sykesville, Maryland	US
S3-627799931	Huckabee Capital Stárlink | www.huckabeec.com	Illinois, 308 Orange St, Manito	US
S3-445286777	Terri Davis Blueport Partners	99- Tappan Street, Brookline, Massachusetts	US
S3-34050682	Nantes-Musique EURL	30 Rue Salles De L'eraudière, Nantes	France
S3-620510229	TA	Nantes, 27 RUE du Casterneau, Pays de la Loire	France
S3-823942644	Ajay Charitable Trust Exports LLP	C - 508 Gtb Nagar, Allahabad, उत्तर प्रदेश	India
S3-552742304	Smt Associated Pvt Ltd Center		India
S3-140220929	Roubaix  Medico Enterprises		France
S3-232066557	Tourcoing Comite	30 Impasse Duhoidt, Tourcoing	France
S3-301688657	The Gwalior Estates	Door No A-437 Udaygiri Apartment, Ground Floor, Dainik Bhaskar Lane, P.s. Jayendraganj, Gwalior, मध्य प्रदेश	India
S3-73500213	Intercommunale Federation SARL	3 Rue Maubec, Mérignac, Gironde	France
S3-218165928	Oreilles (France) Union Groupe	47 R Des Gobelets, Nantes	France
S3-367063481	Quality Diagnostic Ventures Corp.	484 Texanna Way, Holly Springs, North Carolina	US
S3-574943275	River Traders Center Industries Co	22-A Silk House630 Js Sethi Road Metro, Mumbai, MH, Mumbai	India
S3-550666540	Isis Institut France	50 Cours Saint-louis, Bordeaux, Nouvelle-Aquitaine	France
S3-179543495	SARL PDI Amicale	N°10 All Des Tennis Grand Piquey, Lège-Cap-Ferret	France
S3-179701037	Krishna Invstmtlbs Private  Limited		India
S3-2809640	Services Se Modern Private Limited	Kmc 14/1387, Melathil Complex, Asramam, Kollam, Valakom, KL	India
S3-219133986	Silver Book Store Trading		US
S3-498903873	Amicale de Corbeau	4 Impasse Barbot, Bordeaux, Gironde	France
S3-756544301	Hari Marketing Private Ltd Enterprises		India
S3-24975028	Shyam Products Pvt Ltd.		India
S3-121984253	-- Brown, Lopez Hallett Inc Partners	50 Powellville Ln, Newport News, Virginia	US
S3-341182678	Halovio	Gironde, 13 Rue Du Chai Des Farines, Bordeaux	France
S3-670171228	Brackett Gulf Qdro LLC	9500 Coastal Hwy, # 3C, Ocean City, Maryland	US
S3-269533065	Bordeaux Élémentaire SAS Enterprises		France
S3-554673634	Bundick's Premier Family	New Mexico, 10605 Red Robin Rd, Albuquerue	US
S3-32249351	American American Siddhi,	1609 Windsor Dr, Harison, Arkansas	US
S3-788589818	Suchana (India) Spes Private Limited	C/o. Prashant B. Deshmukh, H No.24, At Sagar Colony, Pathri, Parbhani, MH	India
S3-580446478	UQU INITIATIVES PRIVATE LIMITED	2, Kolkata, WB	India
S3-135085957	Onyxbelo	9 Boulevard Pasteur, Nantes, Pays de la Loire	France
S3-931365271	Irby, Ormiston and Orama	40-C Bridle Ln, Stonefort, Illinois	US
S3-16159542	Karine SARL France	11 Rue Des Debris St Etienne, Lille	France
S3-796390799	new delhi solutions private limited	Hn 877 Blick G- 41, Double Storey Qrts West Patel Nagar, Central Delhi, New Delhi, DL	India
S3-908854277	The Warden Mid	5532 Koenen Rd, Wisconsin, South Range	US
S3-870858294	-- Lalatech Cómmunications LLC	407 Second Ave, Siler City, North Carolina	US
S3-312939481	Mard Et Fils	113 R. Notre Dame, Bordeaux, Nouvelle-Aquitaine	France
S3-816957076	Parashnath & Brothers Group Industries Ltd	Office No 310, Third Floor, Singhal Tower, Labour Chowk, Deepak Vihar, Khoda, Sector-58, Noida, Gautam Buddha Nagar, UP	India
S3-687861380	Association de Publique SCI	13 R. André Maginot, Mérignac, Nouvelle-Aquitaine	France
S3-699006977	Indian-Services	Door No 83 House No. 258, Bhopal, Huzur, MP	India
S3-500118861	Happy Pilates Enterprises		US
S3-77369335	Kannan Buidsnell Pvt  Ltd	69, Thrissur, KL	India
S3-350118614	Avenir SAS Club	37 R Du Maréchal Kellermann, Calais, Hauts-de-France	France
S3-196264225	Lycée Sainte Cluster	No. 8 R Romain Rolland, Pessac	France
S3-169772992	Whitesnow Supportservices (Private)	B/11, Kamalpushpa Appartment, Memnagar Road, Navrangpura, Ahmedabad, GJ	India
S3-428451782	Departementale Club SARL	95 Rte. De La Plage Du Portmain, Pornic, Loire-Atlantique	France
S3-145022721	Limited Krishna Private Services	Room No-205, 2Nd Floor, Matrix Towr, Plot No 24, Block-dn, Sector V, Saltlake, North 24 Parganas, WB	India
S3-712165416	India Vaishnavi Overseas Ltd Partners	Shri Jadhav Ashok Raghunath Fl No B1-59 S No 32/11 Swapnashilp Society Nr Ingale, Pune, महाराष्ट्र	India
S3-886950124	Life Investments Private Enterprises		India
S3-700392266	Southern Estate Prívate Limited		India
S3-11931896	Physical Therapy Gróup [Center]	1324-A Shakerag Rd, Greeneville CITY, Tennessee	US
S3-201343855	Obrien American Secduires LLC		US
S3-746816932	Bharat Estate Private		India
S3-633116184	Team Club (France)		France
S3-604025951	Confrerie Pharmacie Développement SASU	No 68 Rue De Libourne, Bordeaux, Gironde	France
S3-880238877	Chasse Pceaatnse Amicale SARL		France
S3-537605873	Metro Nicola's Inc. Farms	17580 Gelding Dr, Surprise, Arizona	US
S3-970723160	Blancs Tennis Elementaire SAS	22 Rue De Dijon, Tourcoing	France
S3-404148660	elevesfilssarl.com	95 R Fieffe, Bordeaux	France
S3-738125808	Lille SCI France	No 4 Rue Victor Tilmant, Lille	France
S3-549844857	Ciel Frères Groupe SAS & Fils	20 R. Maurice Utrillo, Mérignac, Gironde	France
S3-94966985	Cayetano Anchor Briacell - 1828792049	15 Stratford Rd, W Hartford, Connecticut	US
S3-325175222	Krishna South Constructions	Flat No.505, Lucknow, उत्तर प्रदेश	India
S3-680708492	Lumieres Club Sàrl	328E Ave Antoine De Saint Exupéry, Calais, Hauts-de-France	France
S3-225925423	Associated Brothers Limited		India
S3-351130804	Tourcoing Club France SARL	111 Rues De Lille, Tourcoing	France
S3-372152419	Nantes-Groupe SCI	4 Place Victor Mngin, Nantes, Pays de la Loire	France
S3-317290780	Zephbrix f/k/a Dermatology Specialists Inc	IL, Bunker Hill, 3660 Shipman Cutoff Road	US
S3-691799350	Benchmark-Agents	No. 128, Malappuram, Malapuram, KL	India
S3-690852398	Division of Aging Ltd	Kansas City, 34- 85th Ter, Missouri, N/A	US
S3-311131279	urology signature center, llc	Maryland, 8015- Sharpsburg Pike, Fairplay	US
S3-513231323	LSV Muniholdings	Airport Blvd, # 346, Alabama, Mobile	US
S3-685807781	Chiropractic	3815 Colony Oaks Drive, Eugene, OR	US
S3-317866681	WEALTH HEALTHCARE PRIVATE LIMITED	Plot No 5-209, Sai Ram Township, Ramachandrapuram, TG	India
S3-925209882	Union-De Gap	11 Rue Roland Oudot, Mérignac, Nouvelle-Aquitaine	France
S3-894503096	Orbium Live  LLC	6435 Todd Drive, Boone County, Kentucky	US
S3-548615867	Best Hospitality Limited		India
S3-21359662	Prairie Reliable Rócky	004207 El Sereno Circle, Mesa, Arizona	US
S3-280225895	Ellora Cónsultancy LLP	B3/2nd Floor Meher Chambersr Kamani Marg, Mumbai, MH	India
S3-537008579	Phillips Steers Inc	1403 Cherry St, Red Oak, Iowa	US
S3-531533604	Cuttack Producer Pvt Ltd	#D/01, Cuttack, Khuntuni, OD	India
S3-770667754	Chen Jaws-Llc	331 Davidson Street, Unit 3206, Charlotte, North Carolina	US
S3-476388513	Upper  Epr LLC	Asheville CDP, 281 Pinners Cove Rd, PMB 1598, North Carolina	US
S3-520478194	Chasse SAS Comite		France
S3-878567131	Orbent Royalty	112 Mirket St, Frederica, Delaware	US
S3-467920094	Sasu Confederation Union	72 R Famatina, Bordeaux, Gironde	France
S3-5466132	JZU Societe SARL	67 Rue D'allonville, Pays de la Loire, Nantes	France
S3-284270289	Textile India Public	H.no 16 C 103 Today Royal Elisium, Plot No 47 Sec2 Karanjade, Panvel, Raigarh(mh), MH	India
S3-455759065	Etudiants Primaire	65 Rue Thérésia Cabarrus, Bordeaux, Gironde	France
S3-985268775	Shivhare  Trust Service	Plot 85 19/521, Malapuram, Malappuram, KL	India
S3-8136901	Gf Centre Sas		France
S3-467441698	T0ne Mill Private Ltd	A-6-50/4, Dlf Pahse-1, Gurugram, Gurgaon, HR	India
S3-636027044	Happy Pilates Co	1427 17th Street, # 705, Washington, District of Columbia	US
S3-315390416	Item Mâison SARL	Nº 20 Rue Croix De Seguey, Bordeaux, Nouvelle-Aquitaine	France
S3-386144781	Lycée Sainte SARL	(25) Av Edouard Trabaud, La Baule-escoublac	France
S3-379150963	Fenaor Fenaor Resources	680-C Central Ave, Albany, New York	US
S3-184100819	Bordeaux Amicale EURL	Nouvelle-Aquitaine, 21 All Fabelle, Bordeaux	France
S3-685679089	Club Cllbranude	Nord, 92 Avenue De La Mer, Dunkerque	France
S3-215601953	dunkerquecomitesas.com	16 Rue Des Frères Lumière, Dunkerque, Hauts-de-France	France
S3-272576245	Cozy-Mgdtsage	15 Higgins St, Maine, Lisbon	US
S3-881114045	Federal [Coca]	808 Main St, Unit Unit 4, Norristown, Pennsylvania	US
S3-490590491	Bordeaux-Culture SA		France
S3-237931101	Office [Of]	2422 Lazy Jd Rd, South Malta, Montana	US
S3-369706960	Dr Kv Healthcare Private [Limited]	GJ, A/12 A, Vadodara	India
S3-520841104	Total  Danse SCI	10 Av. Eugene Delacroix, Merignac	France
S3-773043368	BY BELLA SOCIETE SAS	28 R Des Pavillons, Nantes, Loire-Atlantique	France
S3-784242624	Padma Hospital Enterprises Pvt	C/o T. Mani S.f No. 1-306/13 Sholurmattam, TN, Nilgiris	India
S3-192375055	Pvt. Gangesh Services (Ltd.)	Hn 950 G-1901, Mumbai City, Bandra East, महाराष्ट्र	India
S3-495086016	Smart Pacific Metals Company	1901 F, Hawarden ICTY, Iowa	US
S3-750008398	Tennis Union-Sarl		France
S3-133909096	Tech Sasvat Private Limited	No.7-967, St Bed, 3Rd Floor Koramangala 80 Feet Road, Bangalore, ಕರ್ನಾಟಕ	India
S3-870589661	Hyderabad Foundation Holdings Public Limited	No C-407, Krishna Apartments, M.i.g. 192, 193, Road No.1, Kbhp Colony, Hyderabad, TG	India
S3-827773909	Pvt Himland (India) Liquors Ltd	Shivam, Bangalore North, KA	India
S3-72700537	Turner Ofeiaa		US
S3-794393101	PVM Çulturelle	41 Boulevard De La Moselle, Lille, Hauts-de-France	France
S3-230099050	Hotels Trading Enterprises Public	H.no 4-2 163P, Rohtak, HR	India
S3-976977527	Marche Ciomfte SASU	No 27 Rue Des Freres Amieux, Nantes, Pays de la Loire	France
S3-680014978	Seniors Comite	017 R Etienne Larchey, Nantes	France
S3-363222010	Sibelle Salinas, D.O., DDS	##7306 Limestone Rd, Pasons CITY, West Virginia	US
S3-936125518	RQ Club SASU	Nº 41 Rue Du Maine, Saint-nazaire, Pays de la Loire	France
S3-991282801	Pvt. Jr Tímber Industries Ltd.	361, Kendua Main Road, Kolkata, Kolkata Region, Howrah, পশ্চিমবঙ্গ	India
S3-781701105	Enriquez Btfton LLC		US
S3-525791034	Lumyx Lfaeraette	Texas, El Paso County, #14830 Flowers Drive	US
S3-893117973	Clinique Saint Mârie		France
S3-250317789	Mg Club Sas	29 Rte. De Bordeax, Lège-cap-ferret, Gironde	France
S3-656649512	লোটাস প্রজেক্টস বেকারি প্রাইভেট লিমিটেড	Howrah, Kolkata, WB, Kolkata, 177 Mahatma Gandhi Road 3Rd Floor	India
S3-870920598	Comité dë Anatolie	0025 Rue De La Boeite, Bordeaux, Gironde	France
S3-431922826	Detente Pharmacie SAS	0038 R. Albert Maieu, Dunkerque	France
S3-219194504	Kalinda Stumpf Ridge Dynamix	1714- Robin Circle, Ashtabula, Ohio	US
S3-149202032	Great Logistics Private Enterprises		India
S3-533118717	GGS Loisirs SASU	Nº 48 R. Georges Mandel, Bordeaux	France
S3-59742248	Crumpton Horizon Hospitality Partners	#1003 Fair Oaks Lane, Apex, North Carolina	US
S3-123552544	RA	No. 40 Rue Jles Michelet, Roubaix, Nord	France
S3-636778998	Judo Amicale	17 All Edward Jnner, Pays de la Loire, Saint-nazaire	France
S3-226662905	Obsidian LLC Services	97 Stonefly Trl, Banner Elk, North Carolina	US
S3-810999375	Institut Saint Locale	34 B R. Jean Moulin, Pornic, Loire-Atlantique	France
S3-651971650	Elite Maritime | www.elitemari.com	1405 Spring Mill Rd, Lower Merion Township, Pennsylvania	US
S3-462877344	Quoumbra dba Suffolk City Youth Direct Association LLC	117 Brewer Avenue, Suffolk City, VA	US
S3-815911544	Deque LLC	1317 Metropolitan Dr, Killeen, Texas	US
S3-822179214	Pn Private Limited Services	47B/8, Nalini Sett Road, Ground Floor, Kolkata, Howrah, Kolkata, WB	India
S3-562427708	Northern Cardiology Co	8323 Rogesr Ave, Fort Smith, Arkansas	US
S3-243814164	Vision Inc  Services	3301 135th Street, Ohio, Cleveland	US
S3-177162126	Gildbrixgild DBA: Blancs Tennis Elementaire SAS	22 Rue de Dijon, Tourcoing, Hauts-de-France	France
S3-642493816	sasu troupe & cie	2 Rue Thiers, Hauts-de-France, Lille	France
S3-695425534	Ruiz  Prairie	7342 Eden Circle, Lino Lakes, Minnesota	US
S3-785188895	Gymnastique Atelier S.A.R.L.		France
S3-729557613	Bombay Consultirng Private  Limited	H.no 21 Thillainagardharapuram Road Trupur, Coimbatore Dist, TN	India
S3-658811897	Literacy Project South Inc  Authority	11003 College Lane, Kansas City, Missouri	US
S3-176087478	Ambition Societe SCI	355 R. Ingres, Roubaix, Hauts-de-France	France
S3-599181580	Eashwa Consulting Private	156/3 A Shivajinagar Khalwadi Near Of Badambai Highschool Newasa Tal Newasa, Ahamadnagar, Pune, MH	India
S3-937748827	Dynamic Health Solutions Partners Ltd Society	9245 First Saint, Ridgefield, Washington	US
S3-581902523	Total Section	Gironde, Mérignac, 14 Avenue Eugène Delacroix	France
S3-80426074	Ivie Forsberg  Choice Fargo LLC	# 1083, Arizona, 3601 Mcdowell Road, Phoenix	US
S3-508565931	New Delhi Solutions Private Ltd		India
S3-624537271	Mr Bombay Hospitality Private Ltd		India
S3-386962801	LEE NEXT LLC	448 Midlothian Blvd, Youngstown, Ohio	US
S3-199726910	Maidpilates.Com	040847 160 St, Remsen, Iowa	US
S3-711256058	Southern  Solutions Private Enterprises		India
S3-277910809	Pvt Vision Power Trading Ltd	#D/95 Jagriti Enclave, Delhi, East Delhi, DL	India
S3-598785983	Bombay Developers Private | www.bombaydev.com		India
S3-706546356	Ariatavo dba Vivre & Cie SAS	146 Rue Paul Bellamy, Nantes, Pays de la Loire	France
S3-362884937	Shakti Care		India
S3-190863346	Iriwex formerly known as Lège-Cap-Ferret Gestion SARL	1 Avenue de la Reousse Dune l'Herbe, Lège-Cap-Ferret, Nouvelle-Aquitaine	France
S3-716366446	Fox  Grand PC Center	72 MM I840, Lebanon, Tennessee	US
S3-815277968	Sunrise Bharat Healthcare	Block G-811 M-94b, South Delhi, New Delhi, DL	India
S3-696614851	push (france) club sarl	#11 R François Couperin, Pessac	France
S3-19183564	Mrinal-Structure Mrinal-Structure Private Ltd	70, D.no.14, Durairaj St, Thirunagar, Chennai, TN	India
S3-631220672	Education Club (France)	35 Rue Rene Caillie, Dunkerque, Nord	France
S3-891446191	Pacific Hólding Company L.L.C.	Irving Avenue, Bend, Oregon	US
S3-76580758	M/s All  Consultancy Private Limited	Shop No. #3, Akola, महाराष्ट्र	India
S3-492568342	Great Lógistics		India
S3-613887517	Socio Ecole	54 R Albert Calmette, Tourcoing, Hauts-de-France	France
S3-537547171	Vivre Services	12 Cour Dleattre, Lille, Nord	France
S3-737522024	rxassociation.com	No 405- Shilp Towe Tagoreroad, Rajkot, GJ	India
S3-550183305	Si Club	23 Rue Osacr Et Jean Auriac, Bordeaux, Nouvelle-Aquitaine	France
S3-184383959	Veracious Límited [Center]	Naiduplaem, Yerragondapalem, Prakasam, AP	India
S3-571954069	Vioveo	Block-a, Ahmadabad City, Ahmedabad, ગુજરાત	India
S3-955179856	Shakti Care  Private Limited		India
S3-616295004	Jaxdrex	22 R. Marsan, Bordeaux, Gironde	France
S3-157002804	Straight Edge [Tattoo]	0255 Stream Road, Bennington, Vermont	US
S3-965662972	Rochefort Industries (France) Sarl	8 Allée De La Chênaie, Bordeaux, Nouvelle-Aquitaine	France
S3-708321884	ఈస్ట్ బిజినెస్ ప్రైవేట్ లిమిటెడ్	Plot 325 Flat No G7, F Block, S.no 148Rajapushpa Atria, Shankarpally, K.v.rangareddy, TG	India
S3-93384511	Rochefort Industries (France)	8 Allee De La Chenaie, Bordeaux, Nouvelle-Aquitaine	France
S3-573855231	Mr Fennel Services Ltd	H.no 412, 4 Flr, Shyam Sangini Textile Mkt, Surat, GJ	India
S3-858490494	Aakriti (India) Heaven Private [Limited]	No 42, Nashik, Satana, महाराष्ट्र	India
S3-714786429	Pediatric Dental Center Partners	1406 Richmond St, Arlington Heights, Illinois	US
S3-713533241	Ep Ehpad Sa	8 Bis Av De La Mrane, Nord, Tourcoing	France
S3-37503687	Pooja Brothers Overseas Private Limited	D-#15, West Delhi, DL	India
S3-819225334	Nylatavolyra	Pays de la Loire, Nantes, 9 RUE Jean Jacques Rousseau	France
S3-314435664	Tulsa Youth Services, Co	07876 Union Ave, PMB 1893, Tulsa, Oklahoma	US
S3-546810451	Ipr Ventures Services	H.no 87 Gat No. 395, Pune, MH	India
S3-775220277	maisondesant.com	Loire-Atlantique, R De La Mayenne, Saint-herblain	France
S3-201412577	Jackson  Fannie Corp	12 Kimball Rd, # 1, Watertown, Massachusetts	US
S3-506973595	Mumbai Books	Crasto Bldg Ii Floor294 Dr C H Street Merine Lines, Greater Mumbai, Mumbai City, MH	India
S3-394816230	Montari Energetics	602 Mclane Street, Osceola, Iowa	US
S3-959981705	Exports Vision Enterprises  Road Limited	#2-9/9-13 Anjali Layout Khajaguda, Serlingampally, Hyderabad City Region, Rangareddy, Andhra Pradesh	India
S3-856721260	Pharmacie Du Voiture	R. Berthollet, Roubaix, Hauts-de-France	France
S3-939467753	Feathers Chand  (India) Private Limited	Sheela Niwas, <NULL>, Mumbai City, Mumbai, MH	India
S3-254083510	Privage Vmt Works Limited	No. 36 H No. Wz-h-36 F/f, Arya Samaj Road, New Delhi, West Delhi, DL	India
S3-290703690	Team Culturelle S.A.S		France
S3-844653105	Hitech Properties Sweets Private Limited	C-8, Vadodara, GJ	India
S3-732387724	Bordeaux Maternelle	37 R. De La Devise, Bordeaux	France
S3-200939044	Kreutzer Gréat Industrial LLC	333 Lindy Blvd, Ballwin, Missouri	US
S3-525448634	Historical Coalition	2821 Joslyn, Mesa Four Peaks, Arizona	US
S3-616081908	Shiv Care Private Enterprises		India
S3-976070095	AE Fairs Private [Limited]	C/o Shashank Chaudhary, Ghaziabad, UP	India
S3-282152355	srgengineering.com	Door No 3-10 A-1405, Thane, MH	India
S3-464593067	Tourcoing Sportive	73 Rue Base, Tourcoing	France
S3-131234044	Beth Metmhodits Church	96 Pheasant Run Dr, Burnsville, North Carolina	US
S3-489336624	Onyxbrixarc	211 Rue de Trignac, Saint-Nazaire, Pays de la Loire	France
S3-481343440	Prakash & Brothers Private		India
S3-944580504	Natixis Fëderation SAS	Gironde, 20 Rue De Grassi, Bordeaux	France
S3-575346856	Institut Strèet	1 Rue Suffren, Nantes, Pays de la Loire	France
S3-814463842	Familles Çollège SARL	29 R. André, Bordeaux, Nouvelle-Aquitaine	France
S3-420391708	West Group Group Services	114 Goldcrest Ln, Bozeman, Montana	US
S3-139382003	Happy Pi1ates		US
S3-791235843	Flamengo Section SAS	#9 Rue Homere, Pessac, Nouvelle-Aquitaine	France
S3-75959066	Shiva Engineering Private  Limited	H No -5-101/1, Vivekananda Nagar Colony, Hyderabad, Andhra Pradesh, Kukatpally	India
S3-859818362	Tennis Amicale		France
S3-750880049	SARL Deleves Soins	2 R. Auguste Comte, Saint-Nazaire, Loire-Atlantique	France
S3-992287020	Calais Union SARL	N° 14 R. De Casablanca, Calais	France
S3-215796845	Swastik Traders Private Ltd	Shop No. #47, Bikaner, Jaimalsar, RJ	India
S3-83690385	Synpyragild+	11 Rue Commandant Marchand, Bordeaux, Nouvelle-Aquitaine	France
S3-805515730	Rickels-Blue Red		US
S3-807480985	Veravio	Bordeaux, Nouvelle-Aquitaine, No 91 Rue Guynemer	France
S3-231526304	Honey & Brothers Enterprises Pvt Limited	Monoranjan Mondal #204 Nonakuri Kaktia Bazar, Dis-purba Medinipur, Tamluk, Wb, Tamluk, Midnapore, WB	India
S3-530735315	Inc Childers Bright Financial Coastal,	1620 Hill Creek Dr, null, Garland, Texas	US
S3-721932438	Bell Eenryg	21204 113th Street Court, Washington, Bonney Lake	US
S3-160578080	Sanand Technologies		India
S3-432824229	Wildlife Charities Corp		US
S3-896578006	Wilson Patriot Berto Inc	204 164st Place, Glenpoo Lcity, Oklahoma	US
S3-48860489	Albatros Club SARL	94 Rue Du Loup, Bordeaux, Gironde	France
S3-497490143	Combelles College EURL (France)	Roubaix, No 95 Rue De Mouvaux	France
S3-609970541	Lille Amicale Sci	32 Rue Des Meuniers, Lille, Nord	France
S3-784670944	Sterling Freight Concepts Summit	7189 Envoy Court, Dallas, Texas	US
S3-143752544	Club de Dentraide France [SA]	No 134 Bd Robert Schumann, Nantes, Pays de la Loire	France
S3-495547822	Lecole Centre	674 Bd. De L’urope, Dunkerque, Nord	France
S3-390518156	INSTITUT SAINT ROBERT	N° 24 R. Jules Simon, Nantes, Pays de la Loire	France
S3-957354037	M/s Apex Foundation Private Ltd		India
S3-254737199	Nantes  Primaire		France
S3-659627201	Mckenzie Valley Plus LLC	2479 Melrose Ct, Gilbert, Arizona	US
S3-63230454	Frontier Project Ltd Enterprises		US
S3-737399412	eretailindia.com	Plet No #16-150, (10-A2), Shivalli Industrial Area, Udupi, KA	India
S3-188241420	Mission & Çie SARL	R. Ratisbonne, Lille, Nord	France
S3-269330	SAS Aia Poulbots Jeunes International	609 Rue Henri Dunant, Dunkerque	France
S3-536053589	West Valley City Inrfath [Fellowship]	4475 1/2 3240, West Valley City, Utah	US
S3-111760488	Comité des Montagne-Trust	26 R Louis Armand, Pessac	France
S3-788857048	Hopkins  Quasaredge	Texas, Bangs, 200-204 3th Street	US
S3-732776556	Silver [Bístro]	Lincoln Avenue, North Riverside, Illinois	US
S3-430714455	Aagam Enterprises Private Limited	North 24 Parganas, North 24 Pgs, পশ্চিমবঙ্গ, Door No 081 Bl-a	India
S3-222138575	Centre Médical Dame Trading		France
S3-147648384	Publique & Frères		France
S3-504200567	Integrated Industrial Innovations CORP	1808 Franklni Ave, Mount Vernon, Illinois	US
S3-738774130	फर्स्ट एनर्जी प्रोविजन प्राइवेट लिमिटेड	House No. 5., Siddharth Garden Bawadia Kalan, Bhopal, MP	India
S3-756412698	Bordeaux Parents SARL	Bordeaux, Nouvelle-Aquitaine	France
S3-235622686	Nylatavobelo One doing business as Comité de Jaden	PL Amelie Raba Leon, Centre Hospitalier Universitaire de Bordeaux - Groupe Hospitalier Pellegrin, Bordeaux, Nouvelle-Aquitaine	France
S3-196650174	Brasserie Jeunes SASU	14 R Des Frères Pereire, La Teste-de-buch, Nouvelle-Aquitaine	France
S3-213371648	Ivenent Mckinley Inc.	512 Oak Dr, Carterville, Missouri	US
S3-726471846	Chakradhar Realtors Private-Limited	Delhi, Central Delhi, DL, 512-514, Antriksh Bhawan, 22Kg Marg, Connaught Place, Delhi	India
S3-671646708	Nationale Monkey-Culture S.A.	24 Rue De La Chaussee, Pornic, Pays de la Loire	France
S3-233207934	Calozeph	25 Chemin de la Guiblinière, Nantes, Pays de la Loire	France
S3-417567976	Médical Centre Pastels	Tourcoing, 132 Rue De Menin	France
S3-49180435	gurgaon technologies corp	Second Floor, Gurgaon, HR	India
S3-247398573	Drexlyraonyx	30 Avenue des Prés de Toctoucau, Pessac, Nouvelle-Aquitaine	France
S3-658153958	Halolyra	R Des Arbousiers, Lège-Cap-Ferret, Nouvelle-Aquitaine	France
S3-175867468	Seven Limited Private Projects		India
S3-800134049	Herrera and Santos Greater LP	2164 Meyer Pl, Costa MESA ICTY, California	US
S3-551024324	expressprintinginnovations.com	22 Summit Pass, Galena, Illinois	US
S3-771617711	Nexdrex	31 Boulevard de Lyon, Hauts-de-France, Roubaix	France
S3-993006063	Tennis Amicale	27 R Du Casternaeu, Nantes	France
S3-173623106	Amar Eudachionl Society Exports Co	E-88/19, Gali No- 5 Mukund Vihar, Karawal Nagar, Delhi, North East, DL	India
S3-145177612	Nantes Comite EURL	No 9 Avneue Emile Bardoult, Nantes, Pays de la Loire	France
S3-561721212	mcdowell perry and technologies central	115 859, Mckinney, Texas	US
S3-623619668	-- Calderon Preparatory Academy Highland Inc	1735 Zayden Ln, Norman, Oklahoma	US
S3-527821379	Disha Educational Saicohy Holdings	G No 118 Phalane Maval, Phalane, Pune, MH	India
S3-214362635	Vks Systems Private Limited	C/o Manorama Devi Village & Post Office Susuwahi, Varanasi Region, Varanasi, उत्तर प्रदेश	India
S3-964108637	Turbulence Federation SA Développement	No. 22 Avenue Des Catamarans, Lège-cap-ferret, Gironde	France
S3-691689770	ZR Capital L.L.P.	Hn G-557 Sahyadri Nagar-b, R.c Marg, Mahul Rd, Nr Shivsena Maidan, Chembur, Bombay, Mumbai City, MH	India
S3-807812941	New Delhi Enterprises Infratech	Hn 667. A-24 Secnd Floor Neeti Bagh, New Delhi, South Delhi, DL	India
S3-46680927	Amicale du Lounge SASU		France
S3-429561694	Pharmacie  Personnel	13 R. Bernard Roy, Nantes, Pays de la Loire	France
S3-665482334	CF	84 Rue Camille Sauvageau, Bordeaux, Nouvelle-Aquitaine	France
S3-988944231	First Private  Investment Limited		India
S3-138749016	Pvt lndo Future Ltd Energy	Sy No: 579/Aa1/2/2/1., Ameenpur, Medak, Ramachandrapuram, TG	India
S3-857082272	DA	3 Rue Saint Vincent, Nantes	France
S3-666247549	(East) Ayurveda Private Limited	Shop-003, - (East), Andheri, MH	India
S3-645740369	Silver Bistro Ltd	2929 Lincoln Avenue, North Riverside, Illinois	US
S3-466569418	Communaute Souverain Amis SARL	18 Rue Nuyens, Bordeaux	France
S3-445495348	Clinique Saint Marie SCI	25 Rue Henri Bergson, Tourcoing, Hauts-de-France	France
S3-734559256	Clean Cornerstone Auto Sales L.L.C.	Sunset St, Paulden, Arizona	US
S3-877186198	Tous & Fils		France
S3-254044589	Ynez Koren	Norwalk, 27 Cannon St, Connecticut	US
S3-746365321	Star It Private	Spacelance 39, <NULL>, Bangalore, KA	India
S3-500265428	First Superior Broadband [LLC]	5459 Aberdeen Street, Chicago, Illinois	US
S3-138750636	Club Moun	20 Rue Albert Cacus, Calais, Hauts-de-France	France
S3-469827597	royallogistics.com	A 502 Mantra Luxuria, ગુજરાત, Chorasi, Surat	India
S3-63177983	Coronation Agro	Srt-d/60 Sanath Nagar, Hyderabad, Rangareddy, TG	India
S3-114941528	Shiv Food		India
S3-296616320	áutismassistanceinitiative.com	01400 7th Street, <NULL>, Hopkinsville CDP, Kentucky	US
S3-523931333	Prudence Red Data LLC	1241 Oak Ridge Rd, Buchanan, Virginia	US
S3-395508850	Daugherty,  Hashemi & Beltran Lending	21047 County Road 3350, Wynnewood CDP, Oklahoma	US
S3-75963143	Regional LLC Cherry, Interstate	Arkansas, Mineral Springs, Mcclendon Street	US
S3-197648005	International Enterprises Ltd	Shop-15 Murlidhar Heights, Ahmedabad, GJ	India
S3-398368184	Maison Caftrh SAS	92 Rue Des Chalatres, Nantes, Pays de la Loire	France
S3-59723130	Gold Consultancy Limited Services		India
S3-164603324	Perinatalite Culturelle SARL	48 Rue Jean Monnet, Tourcoing, Hauts-de-France	France
S3-663467762	Silver It Ltd		India
S3-235623474	Ganngan Engineering Private Ltd	D/211, Ahmedabad, GJ	India
S3-676481113	comité du organisme	35 R. Des Martyrs, Nantes	France
S3-594330877	Orbiwex	56 Allée Des Peupliers, Bordeaux, Nouvelle-Aquitaine	France
S3-540161512	Orbiyuma Labs formerly Communale Anciens (France) SARL	La Baule-Escoublac, Pays de la Loire, 5 Avenue Joliot-curie	France
S3-3699969	EMPIRE MONTESSORI SCHOOL CO	1505 Blossom St, DOS PALS, California	US
S3-137316806	Mumbai Publications Public Limited	402, null, Mumbai City, Mumbai, MH	India
S3-489757671	Bouliste Restauration	341bis Avenue Vulcain, La Teste-de-buch, Nouvelle-Aquitaine	France
S3-476746376	LG	Av. Chambrelent Pyla, La Teste-de-Buch	France
S3-670940411	Bombay Deeelpoers Private Limited #35330		India
S3-876538456	Lumyx Lafayette	#14830 Flowers Drive, El Paso County, Texas	US
S3-792585215	6eorgena Reith Prudential Westgate	12261 St Charles Rock Rd, Bridgeton CPD, Missouri	US
S3-424473712	ग्लोबल सर्विसेज प्रा. लि.	F16 17Commerce House 78 Tardeo Road, Mumbai, MH	India
S3-422407718	Speck  Institutions	Yukon, Oklahoma, Kimbell Road	US
S3-475707658	First Agro Limited		India
S3-659438369	Northern Service	1421 Jefferson Avenue, Jonesboro, Arkansas	US
S3-578771939	Baumgardner Heritage Enterprise Incorporated	Garner, North Carolina, 501 Everglow Lane	US
S3-771632752	Club du Defense Holding	37 Route De Bordeaux, Lège-cap-ferret, Nouvelle-Aquitaine	France
S3-148987442	Bordeaux Union	73 R Eugene Tenot, Bordeaux, Nouvelle-Aquitaine	France
S3-76021086	HSB Ceaning Private Limited	228/A, A.j.c.bose Road, 9Th Floor, Howrah, Barasat, WB	India
S3-849193227	Bharathi Snacks Ventures Company	Door No 59 Joglekarwadi, Mumbai, MH	India
S3-175726012	CC	Lège-Cap-Ferret, # 21 Avenue Des Abeilles	France
S3-329690324	Parti Parents Distribution	Nantes, 13 Rue Auguste Brzieux	France
S3-265633750	fournituresamicalesarl.com	No 54 R. De Lavaud, Bordeaux	France
S3-449699193	Sunrise Ventures Pvt Ltd	594, B.c. Bazar, Nearlicoffice, Ambalacantt, Ambala, हरियाणा	India
S3-547545178	TROPHY & CIE PARTICIPATIONS SARL	032 Rue Michel Ange, Roubaix	France
S3-443888208	#lilleamicale	6 Rue Tribourdeau, Lille, Nord	France
S3-608652067	Smt Belolyra	Jaipur, 205, Jp Tower Nursery Circle, Vaishali Nagar, Iii Floor, RJ	India
S3-553292711	Eshaan Appliances	251, Acharya Prafulla Chanrad Road, Kolkata, Howrah, West Bengal	India
S3-566992565	Iolanthe Seat Choice Mozayyx  LLC		US
S3-18777431	Value Odyssey  Corp	0741 East Park Drive, North Carolina, Monroe	US
S3-715208987	Tourcoing  Collège SASU		France
S3-133155407	Pharmacie Anne Eurl	63 R. Paul Hazard, Dunkerque, Nord	France
S3-460865198	fetes baule-escoublac la	19 Av. Raymond Lalnde, Pays de la Loire, La Baule-Escoublac	France
S3-894708504	Pi  Brothers Ltd	Valsad, A-302 Riddhi Siddhi Apartment Near Vasant Talkes, GJ	India
S3-240693214	Umbragild	A-10, Ground And First Floor, South Delhi, New Delhi, DL	India
S3-125882445	LOCATAIRES PHARMACIE SARL	3 Rue Guerin, Bordeaux, Gironde	France
S3-257058949	Raj Developers Enterprises		India
S3-383442885	Hali  Bates,	1909 R Street, Fort Smith, Arkansas	US
S3-224438578	Alpha Balaji  Business Limited	Plot No. 167, N-3 Cidco, Aurangabad, महाराष्ट्र	India
S3-326287961	Ethos Gaming Pvt Ltd	Sf-14, Block - B, Signet Plaza Kunal Cross Road, Gotri, Baroda, Vadodara, GJ	India
S3-936526562	Global Services Industries Pvt	H.no 7 F16 17Commerce House 91 Tardeo Road, Bombay, Mumbai, महाराष्ट्र	India
S3-965165350	Sri Modern Modern Technologies Private Limited		India
S3-170416026	Tavopyra t/a Ss Solutions Private Limited	Plot No.11, Syno.73, 74, 75, 71 Flat No.401, 4Th Floor Vision Arcade, Jaihind Gandhi Road, Madh, Apur, Hyderabad, Rangareddy, Telangana	India
S3-615155724	Esparza  Runway	33rd St, Rosedale, Maryland	US
S3-738040357	Cercle Centre		France
S3-215071255	Real-Pioneer Producer Private Limited	C/o Chhotelal Prajapati, Chhatarpur, MP	India
S3-721662553	@nantesconseil	053 Boulevard Saint Aignan, Nantes, Loire-Atlantique	France
S3-92007664	lecoleproamicale.com	(98) Rue Aristide Briand, Saint-nazaire	France
S3-505337276	Christ Ministries Corp	1623 Sycamore Dr, Dayton, Ohio	US
S3-764399160	Kmr  College	Door No 355 Rail Baiar, Kanpur, उत्तर प्रदेश	India
S3-372911380	Empathy +	No ##15, Ambala City, Ambala, HR	India
S3-308771738	Roubaix Maison Développement	22 Rue Du Sentier, Roubaix, Hauts-de-France	France
S3-846161787	Morton LLC (Hospitality)	6 Jefnerson Rd, Wakefield, Massachusetts	US
S3-390705180	Citoyennete Fetes	28 Bis R Adrien Pichon, Saint-nazaire, Pays de la Loire	France
S3-965586711	Association de Tom	Pessac, No 19 Rue Du Pape Léon, Nouvelle-Aquitaine	France
S3-565376043	Ridge Dental Associates Co	14849- Stoneberg Ave, Baton Rouge, Louisiana	US
S3-225618614	Cochin Logistics Public Limited	Ernakulam, 86B, Koonamthai Edappally, Cochin, KL, Xxv/ 88A	India
S3-667213266	vb centre sarl		France
S3-977886112	Reseau  Linformation Service EURL	Saint-herblain, 3 Rue Pierre Gicquiau	France
S3-612125911	Cs College		France
S3-709194989	RQ Compagnie SASU	42 Rue Du Maine, Saint-nazaire, Loire-Atlantique	France
S3-545896297	Wexvera	00208 12nd St, London, Kentucky	US
S3-643240612	Tri-State Imaging LLC Center	14725 99th Street, Vanouver, Washington	US
S3-507683919	Gulf  Fuels	1258 Halter Pl, Calabash, North Carolina	US
S3-884658264	URBAN URBAN INDUSTRIES PRIVATE LIMITED		India
S3-824696030	Royal Royal Foundation Limited Services		India
S3-126603054	Evogild fka Davis Patriot Arts L.L.C.	301 Brookstown Avenue, NC, Unit 500, Winston-salem	US
S3-336097109	Korfluxzeta Sys	Nantes, 33 Rue de la Rosière d'Artois, Pays de la Loire	France
S3-379200499	Private Super Limited Technologies	H.no 1St Flor, Anand, ગુજરાત	India
S3-890438182	Sky Ventures Prívate Limited	Door No 5/14B Sundaram Nagar, Singampuneri, Sivaganga, TN	India
S3-655190326	Ra Sànte SAS	No 9 Rue Capitaine Philippe Koenigswerther, Bordeaux	France
S3-472197140	White Energy Private Private Ltd		India
S3-618013008	Global Becst Agro Private Limited		India
S3-626594722	Anabelle Hernandez LLC Center	6000 62nd Ave, # Apt 314, Johnston, Iowa	US
S3-169947915	retraitefils.com	71 R. Lucien Rambout, Dunkerque, Hauts-de-France	France
S3-184729243	LHZ Pvt Ltd Services	Villa 125 Peninsula, Parkville Thindlu Main, Bangalore, Anekal, ಕರ್ನಾಟಕ	India
S3-189448063	M/s Fab-&	OD, Bhubaneswar, Khordha, At-sampur, Po-ghatikia, Ps-chandaka, Plot No-1087	India
S3-520004034	Mr Wee Development Infratech	19-B, Janyug Apartments, Sector 14, Extn. Rohini, New Delhi, DL	India
S3-466322193	Black Technologies	A-160a, Coimbatore South, Coimbatore, TN	India
S3-768815325	কৃষ্ণ প্রোডাক্টস প্রাইভেট লিমিটেড	Room No-205, 2Nd Floor, Matrix Towr, Plot No 24, Block-dn, Sector V, Saltlake, North 24 Parganas, WB	India
S3-883591577	Fous Frères SAS & Fils	Nantes, 5 Avenue De La Tirre Rouge, Pays de la Loire	France
S3-269919134	Mumbai Agro Overseas Pvt. Ltd.	14 Naaryan Wadi86/88 B Khadilkar Road, Mumbai, <NULL>, MH	India
S3-578415484	Padmini Consulting (India) Industries Co	Door No 42 Parameswarath (H), Aluva, Ernakulam, KL	India
S3-984945395	Real Cibgnsultnats Limited	Office Space No.1408, Kozhikode, KL	India
S3-270274264	Blue Hospitality Private Ltd Enterprises		India
S3-282274735	Daniels Nevada	3771 Nebraska Dr, Ottawa, Kansas	US
S3-278513448	साईं सॉफ्टवेयर ट्रेडर्स प्राइवेट लिमिटेड	Suraj Deep Iind Floor2-jopling/9 Road Lucknow, Uttar Pradesh, Lucknow, UP	India
S3-863638441	ইউনিক গুজরাট টেকনোলজি প্রাইভেট লিমিটেড	R.r. Plot Num - G-8, Post - Anondopur, Kasba, Rubby Gold Park, Kasba, Kolkata, Howrah, Kolkata, পশ্চিমবঙ্গ	India
S3-79020669	Childers Bright Financial Inc	001613 Hill Creek Dr, Garland, Texas	US
S3-910402216	Maison Rétraites SA	12 R Des Lilas, Dunkerque	France
S3-377271257	ZU AMICALE SAS	27 R Teulere, Bordeaux, Gironde	France
S3-959672273	Mr future producer private limited		India
S3-272371676	KANAIYA ADVISORS	Plot No 63A Surve Layout, Nagpur, MH	India
S3-369272967	The Caldelle Ofs Inc		US
S3-932798782	Photographie Club  SARL	St-nazaire, Pays de la Loire, Allee Blaise Cendrars	France
S3-896066150	CARMODY DESIGN CENTER	4625 Wheatland Dr, Fort Worth, Texas	US
S3-446742336	S.A.S. Nantes Sportive	010 R. Jean-emile Labourour, Nantes	France
S3-231268790	Personnel Lycée SASU	18 Place Louise De Bettignies, Lille, Nord	France
S3-936195349	Interstate Holdings Alliance Agricultural	Arizona, # 29, 1938 Morten Avenue, Washington	US
S3-645871330	ZP Union	Pessac, 4 Bis Rue De Monterey	France
S3-849389547	Johnson, Thaemkark +-Guity LLC	Harvard Avenue, Boston, Massachusetts	US
S3-624967620	Regal Gto LLP	Haveli, MH, H.no 451 S No. 77/6, Flat No 1008, Elena Homes, Pune	India
S3-70054811	Tirupati  Land Ventures Limited Center	Hn 795 S. No.15 Royal Tranquil, Pune, MH	India
S3-137406582	Crumpton Horizon Aegon Partners		US
S3-697612675	Tennis EURL Et Fils	Nº 32 Rue Henri Bertrand, Nantes, Pays de la Loire	France
S3-543624339	ಶಿವ್ ಸರ್ವಿಸಸ್ ಪ್ರೈವೇಟ್ ಲಿಮಿಟೆಡ್	Akr Vo 67, Bangalore South, Bangalore, KA	India
S3-41126444	Calokor formerly known as Dd Technologies	D.No 1-58, A Block, F.No 505, Fortune Heights, Madeenaguda, Miyapur Main Road, Viswaswara Nagar Colony, Tirumalagiri, Hyderabad, Telangana	India
S3-395220994	Admr Plus Gaz	42 Rue Sauteyron, Bordeaux, Nouvelle-Aquitaine	France
S3-535254513	IR (Solutions-Mumbai)	Jogeshwari (W), Mumbai City, Mumbai, MH	India
S3-497518413	Ss  Constructions Limited Services		India
S3-853739819	Q 3 E 5ervices	108-110 Broadway, Unit Apartment 5B, Amityville, New York	US
S3-482410546	নিউ ইস্টার্ন কেয়ার প্রাইভেট লিমিটেড	#24 Hara Ch Mallick Lane, Kolkata, Kolkatta, পশ্চিমবঙ্গ	India
S3-196848663	जय मार्केटिंग लिमिटेड	C/o Pandeypur, Mariahun, Jaunpur, उत्तर प्रदेश	India
S3-227515051	Marinoise Sportive (France) EURL	#123 Rue Carnot, Tourcoing, Hauts-de-France	France
S3-396162976	CCE	1 Rue Jules Guesde, Lille	France
S3-640868359	La Teste-de-Buch Spôrtive SASU	66 Av Saint Exupey, La Teste-de-buch, Nouvelle-Aquitaine	France
S3-801017683	Fédération de Pingouins  Services	Nouvelle-Aquitaine, 9 Avenue Armand Larrivière, Lège-cap-ferret	France
S3-63037956	Brasserie Jeunes International SASU	18 Rue Des Frères Pereire, La Teste-de-buch	France
S3-721894192	JJ  Maison SARL	11 Rue Du Bois Fleuir, Nantes, Loire-Atlantique	France
S3-815462861	NIB Çollege SAS	N°28 R. Du Petit Bel Air, Batiment B1, Nantes	France
S3-871013039	Om Food Private  Limited Trading		India
S3-596627809	Congregation Baptist Church LP	1343 Chukar Laen, Riggins, Idaho	US
S3-323656703	Darshan Foundation Private Limited	920, Wing A, Kanakia, Wall Street, Andheri, Mumbai, MH	India
S3-587592340	RY Centre E.U.R.L.	# 51 R. Louguet, Calais, Pas-de-Calais	France
S3-841082412	Black Infra Medicals Private [Limited]	Plot No. B3/652, Tirumalagiri, Andhra Pradesh	India
S3-260681584	Ventures Vmr Center	Scheme Number 97 Part 4, Main Service Road, Indore, मध्य प्रदेश, Door No 44 Ahilya Nagar Extension, Indore Region	India
S3-650000901	SARL Lille çulturelle	50 Rue Edouard Vaillant, Lille, Nord	France
S3-627217796	Mr Raghunandan Traders [Private]	57-1-2, Vishakhapatnam, Visakhapatnam, AP	India
S3-711478188	YW India  Company	#5A, Mumbai, MH	India
S3-724154540	École primaire Robert	21 Rue Du Nouveau Monde, Roubaix, Hauts-de-France	France
S3-436717463	Halocirabelo	Flat No 603/5, 6Th Floor, F Wing, Insignia Chsl, Cst Road, Bks Kalina, Santacruz East, Mumbai, null, MH	India
S3-832580905	Lium Smart Sólution PC	361 Sundial Drive, Lexington, North Carolina	US
S3-470730710	M/s himlandindialiquors.com	Sihvam, Bangalore North, KA	India
S3-541358697	Shri sestate.com	Hn 416 Flat No-91, Delhi, दिल्ली	India
S3-92140413	Quality Security	401 19nd Street, Moore, Oklahoma	US
S3-712655820	violencessupportermaison.com	1 R. Alfred Delattre, Lille	France
S3-231149653	Sun Consultants Limited Services		India
S3-104432442	Patriot (Pétc)	1244 51st Place, Auburn, Washington	US
S3-581313211	LLC Proify	518 Stoneybrook Ln, Leeds, Alabama	US
S3-308999440	Grant Veterinary Clinic, Llc	Eighth Street, Unit 1, Leominster, Massachusetts	US
S3-568162209	Silver मीडिया Private Limited	No B3/2nd Floor, New Delhi, South West Delhi, दिल्ली	India
S3-417275649	RC India Private Ltd	Door No 435/1 Muradgrampur Pursi Muradnagar, Ghaziabad, उत्तर प्रदेश	India
S3-883694603	CH	3 Avenue De L'arche, Nantes, Loire-Atlantique	France
S3-239822471	[SCI] Cercle Culture	24 Avenue Roger Cohé, Pessac, Nouvelle-Aquitaine	France
S3-877529967	Everest Vihglare Holdings	1909 1/2 Furnace Rd, Jarrettsville, Maryland	US
S3-980597751	Pollard's [Pioneer]	3827 Milwaukee Ave, Unit E, Chicago, Illinois	US
S3-931404740	Textiles (France) Maternelle Développement SA	15 Rue Du Rossignol, Pessac, Nouvelle-Aquitaine	France
S3-193587410	Caldelle Libeety [Ltd]	302 Winter St, # 25, Hanover, Massachusetts	US
S3-832863340	Nylakor dba Tucson Eye Medicine Inc	11039 Ava Marie Place, Tucson, AZ	US
S3-172143183	Ape  Parents-SAS	51 R Cmémenceau, Dunkerque, Nord	France
S3-232966969	89 (France) Cie	011 R. Maubec, 3eme Etage, Bordeaux, Nouvelle-Aquitaine	France
S3-786535870	Commerce Anciens Développement EURL	13 Allée Adrienne Bolland, Nantes	France
S3-563204192	Hunter & Docw	Apex, 104 Lynnhaven Dr, North Carolina	US
S3-326246758	First Yorkville  Incorporated	7509 Shore Drive, Town Of Siren, Wisconsin	US
S3-151729640	SARL Jumelage Sportive	29 Rue De La Rotonde, Gironde, Bordeaux	France
S3-287963426	Bombay Exports Exports Private		India
S3-830922425	Iris SNC  Frères &	23 R. De Chevreul, Tourcoing, Nord	France
S3-902607682	Custom Bay		US
S3-164753257	MDW Club SASU	58 R Reine Astrid, Nantes, Loire-Atlantique	France
S3-46193765	Silva Group Highland	45 Camino De Golondrina, Llano Quemado, New Mexico	US
S3-368018360	Ciel Frères SAS Et [Fils]	Mérignac, 9 R. Maurice Utrillo, Gironde	France
S3-603409660	American Fellowship Ltd	009 Whitten Drive, Saco, Maine	US
S3-188741133	Sutton Capstone	# LOT 118, 304 Wilma Ave, Louisville, Kentucky	US
S3-81335201	Ventures Ultimate Studios Pvt [Limited]	Regaon E, Mumbai City, MH, B3/1502 Synergy Business Park Sahakar Wadi Off Aarey Road Behind Virwani Industrial Estate Go, Mumbai	India
S3-257100702	Private Eashwa Infracon Limited	16 A Shivajinagar Khalwadi Near Of Badambai Highschool Newasa Tal Newasa, Pune, Ahmed Nagar, MH	India
S3-317248229	shah school international	7-4-421/1266 8 Th Incline Colony, Santhosh Nagar, Nellore, Santhosh Nagar, Andhra Pradesh	India
S3-255187961	EHPAD [Notre]	26 Av. Des Ormes, La Baule-escoublac	France
S3-128655042	Tejam Experiences Ventures	H.no 3-82- Seetha Nagar Tagarampudi T S Nagaram Anakapalle, Visakhapatnam Region, Vishakhapatnam, AP	India
S3-478691529	BS  Amicale SARL	24 R. Des Augustins, Bordeaux, Gironde	France
S3-728646168	Challes (France) Comite EURL	36 Rue Ludovic Lefièvre, Nantes, Loire-Atlantique	France
S3-745861360	Ets Gcs Sàrl	37 Rue Jacques Prévert, Mérignac	France
S3-567812341	टेक इन्वेस्टमेंट्स लिमिटेड	Ground Floor 007 Raheja Centre225 Nariman Point, Mumbai, NULL, MH	India
S3-225118078	@grignycentre	Loire-Atlantique, 7 R. Jen Jacques Rousseau, Nantes	France
S3-591131293	Nantes Primaire S.A.S	26 R Jean Jacques Audubon, Nantes, Pays de la Loire	France
S3-609093012	Unique Consultants	Door No 1-59 Utopia A 501 Casa Bella Gold Kalyan Shil Road, Kalyan, Thane, MH	India
S3-773703190	சதர்ன் எஸ்டேட் பிரைவேட் லிமிடெட்	No 47East Arokiasamy Road R S Puram, Coimbatore, TN	India
S3-841943663	Federal  Managers	1320 Stark District Road, Vermont, Saintjohnsbury	US
S3-881075507	Avibelo	Dunkerque, Hauts-de-France, N°112 Rue Anciens Combattants D’afrique Du Nord	France
S3-484205163	personne centre sarl		France
S3-646257606	AT AMICALE SASU	14 R. De Bel Air, St.-nazaire, Pays de la Loire	France
S3-192228007	Sri Hans-Advertisement	85 1St Floor 8Thcross Anand Nagar Phase 2 Behind Titan Watches Sipcot, Hosur, Krishnagiri, Dharmapuri, தமிழ்நாடு	India
S3-456458629	Private Goel Equipments Limited	HR, Plot 8-183 1012, Sector-31, Gurgaon	India
S3-186094636	Eleves & Flls SARL	95 Rue Fieffe, Bordeaux	France
S3-13982900	All Consultancy  Private Limited	Shop No. #3, Akola, MH	India
S3-890022188	इंटरनेशनल इम्पेक्स प्राइवेट लिमिटेड	431-A, Indore, A.b. Road, MP	India
S3-595138990	Enchantez Sport SARL	79 Cours D'ornano, Mérignac, Gironde	France
S3-104660700	Cozy Ice Cream Corp	274 Raptor Beak Way, Cedar Creek, Texas	US
S3-51936620	रेड Investments प्राइवेट लिमिटेड	2-17, Adani, Inspire-bkc, Situated G, Bkc Main Road, Bandra Kurla Complex, Mumbai, MH	India
S3-16915365	Bracken Select LLC Center	Capitol Heights, Maryland, 914 Larchmont Ave	US
S3-121159063	Simmons and Meneses Karman Llc	Virginia, 47 Terri Sue Ct, Hampton City	US
S3-336893260	Amicale Promotion	4 Route Du Cormier, St-nazaire, Pays de la Loire	France
S3-92638258	एपेक्स फाइनेंस एंटरप्राइजेज प्राइवेट लिमिटेड	Door No 530 248, Ambedkar Nagar, UP	India
S3-452545117	Pediatric Dentistry Specialists	107 Westwood Drive, Torup, Texas	US
S3-980766637	Raven Pioneer Clinic Co	4402 Mabry Ct, Fort Carson, Colorado	US
S3-380292844	RC India Private	435/1 Muradgrampur Pursi Muradnagar, Ghaziabad, उत्तर प्रदेश	India
S3-512696538	Value Rain Inc	1322 Ferris Ct, Spokane, Washington	US
S3-947066941	Zephari PLLC Services		US
S3-648444757	regionalfellowship.com	204 Lombardy Dr, Fayetteville, North Carolina	US
S3-722935448	S.C.I. Venu Alizes Ehpad	N°19 R Raspail, Nantes, Pays de la Loire	France
S3-937875940	Jaxgildx dba A 7 C Arbor LLC	142 Nicholas Avenue, Rainelle, WV	US
S3-991441771	Pharmacie Saint-Gtns	0030 Blvd Marechal Alphonse Juin, Nantes	France
S3-871092224	Nantes Anciens	68 R. De La Derantiere, Nantes, Pays de la Loire	France
S3-962324184	HC	Av Daers, Bordeaux, Gironde	France
S3-861141498	SARL MPM Medico	33 Ch De Gravelais, La Baule-Escoublac, Pays de la Loire	France
S3-819935589	Ellora Consultancy	B3/2nd Floor Meher Chambersr Kamani Marg, Mumbai, महाराष्ट्र	India
S3-162137553	Whitehead Atlantic Uranium	321 Antioch Rd, Scottsville CITY, Virginia	US
S3-936894723	Palmer Center Vision	1411-B Co Rd 2260, Stryker, Ohio	US
S3-581064706	ग्लोबल इन्वेस्टमेंट लिमिटेड	No 603 A Wng, Emporio, Irla S. V. Road, Vile Parle (West), Mumbai (SUBURBAN), Bombay, महाराष्ट्र	India
S3-732928202	Lakshmi Exports Limited Service		India
S3-555631564	Ciraquobelox	8 Chemin de la Petite Pâture, Saint-Nazaire, Pays de la Loire	France
S3-213542776	Sunrise Estate Private Limited Trading		India
S3-16095128	Dsj Stár-Private Limited	Plot No. P1-03, Faridabad, हरियाणा	India
S3-298440497	GJ Conseil Sàrl	24B Rue Jean Lavigne, La Teste-de-buch	France
S3-717387344	ollanelle total	93-D Alley St, # 1, Lynn, Massachusetts	US
S3-253333544	Ahmedabad Solutions Pvt Ltd.	A-30, Ahmedabad, GJ	India
S3-26826405	Club Paul	12 Rue Des Bouvreuils, Pessac, Nouvelle-Aquitaine	France
S3-397305297	Golden Learning	944 Lakeview Avgnue, # 5, Lowell, Massachusetts	US
S3-366819613	Om Máintenance Private Limited		India
S3-463381069	Big Exports Provision  Private (Limited)	E-102 Lajpat Nagar Inew Delhi-24 New Delhi-45, New Delhi, South Delhi, दिल्ली	India
S3-437477885	Trans Colnectif International SAS	189 Pass De La Chataigneraie, Dunkerque, Nord	France
S3-933600045	Jay Builders Límited		India
S3-561495501	Fifloex  Express Trust Co	2092 Cheaneys Bridge Rd, Dunnsville, Virginia	US
S3-282555684	Arnav College	5-10-197/A1, Reliance Krishna Apts, Hills Fort Road, Adarshnagar, Hyderabad, TG	India
S3-523202320	Welspun  Knowledge	#36/1, Bhubaneswar, Khorda, OD	India
S3-920469106	Great Limited (Enterprises)	Shakti Prints Compond Cfakala Bhd.bajsons Indl. Est, Andheri East, Bombay, Mumbai City, MH	India
S3-409311631	Inc Miles Tribeca Eastgate	2165 9th Pl, Floor 1, Hillsboro, Oregon	US
S3-909738046	89 (Frânce) Ecole	3eme Etage, Bordeaux, Nouvelle-Aquitaine, 011 R Maubec	France
S3-397106612	Miraorbix	229 RUE Solferino, Lille, Hauts-de-France	France
S3-381844217	fuspire.com	1446 Sheyenne Park Ct, West Fargo, North Dakota	US
S3-866623457	Zetahalobrix F/K/A ZR Capital LLP	Sahyadri Nagar-B, R.C Marg, Mahul Rd, Nr Shivsena Maidan, Chembur, Mumbai, Mumbai City, Maharashtra	India
S3-73453388	Eswara Limited Forms	296 Tm.apv.iii/573c, Plot No.62 Aidp, Dharmasala, Kannur, കേരളം	India
S3-465330222	Olympique Conseil SASU	26 R. Veysiière, Bordeaux	France
S3-380783772	Velo Comite Développement Sàrl	54 R. De La Moissonnière, Dunkerque, Hauts-de-France	France
S3-374279282	Smt Jaya & Brothers Industries Private	98, Mumbai, MH	India
S3-393226568	Fam Primaire	N° 102 R Fondudege, Bordeaux, Gironde	France
S3-477990490	Bombay It Private Ltd	H-no-6-9, Thorrur, Renuka Nagar Colony, K.v.rangareddy, Rangareddy, TG	India
S3-949814926	Inc. Meza Better Céa	0724 Shady Dr, Albemarle, North Carolina	US
S3-322344592	Nantes Pharmacie	4 - Pl Clémence Lefeuvre, Nantes, Pays de la Loire	France
S3-113065116	Retraite & Fils Distribution	Nº 74 Rue Lucine Rambout, Dunkerque	France
S3-775191359	clement creative industries ltd	120, Adilabad, TG	India
S3-524279532	Charlotte American	6410 Dupont Dr, Charlotte, # 1F, North Carolina	US
S3-383919052	WJ Trading Private (Limited)	MH, Mumbai City, Mumbai, 2Rd Floor	India
S3-684805645	La Teste-de-Buch Sportive	La Teste-de-buch, Avenue Saint Exupéry, Gironde	France
S3-799880487	Vk Sangh Industries	Door No 84 Iii Floor, Jaipur, Jaipur Chitrakoot, RJ	India
S3-141978245	SCI Bureau Groupe	1744 Rue Achille Pérès, Dunkerque, Hauts-de-France	France
S3-162711173	HA Osisko	4706-D Pacific Ave, Oregon, Westlake	US
S3-309495828	Service General Partners Corp	5202 Lightfoot Trl, # 308, Greensboro, North Carolina	US
S3-899917194	pintercommunale.com	64 Rue Des Peupliers, Saint-Nazaire	France
S3-289985636	Tri-State Heartland Imaging LP	14704 99rd St, Vancouver, Washington	US
S3-575600510	ivie forsberg choice fargo (1lc)	3601 Mcdowell Rd, Arizona, Unit 1083, Phoenix	US
S3-25838489	vishwas ácademy exports	130 B, Delhi, Savitri Nagar Malviya Nagar, दिल्ली	India
S3-496184519	La Teste-de-Buch Sportive S.A.S.U.	66 Avneue Saint Exupéry, La Teste-de-buch, Nouvelle-Aquitaine	France
S3-675187228	Zetakorbelo	0025 Rue Du Beau Laurier, Tourcoing	France
S3-291909799	Bright Made Cornerstone Coastal Corporation	##2153 600, Rochester, Indiana	US
S3-513227246	Pediatric Dentistry (Physicians)		US
S3-591464787	Clinger, Allen and	120 Main Street, Holden, Massachusetts	US
S3-544560876	Saint-Herblain SARL (Cafe)	34 Av. Charles Nicolle, Saint-herblain, Loire-Atlantique	France
S3-742636966	Cloud Prairie Wilson	##2120 Evergreen Cir, Ontario, New York	US
S3-188731709	Office Of Transportation Southside	Montana, Dodson, 2443b Lazy Jd Rd	US
S3-896670101	VENERATE INDU5TRIES GROUP	Kanpur, 74/276, 2Nd Floor Vijaya Bank Building, Halsay Road, UP	India
S3-675260200	Mouette Amis SCI	11 Rue Croix De Seguey, Bordeaux, Gironde	France
S3-960377330	Will Societe	Rue Saint Vincent, Nantes	France
S3-331789479	Bombay Exports Pvt		India
S3-335181745	CT	146 Avenue Aristide Briand, Mérignac	France
S3-790308875	L.L.C. Express Printing Innovations	22 Summit Pass, Galena, Illinois	US
S3-784122115	Delta Partners Corp	731 Banton Street, Channelview, Texas	US
S3-309664148	Classic Financial Industries,		US
S3-469362755	89 (France)	011 R. Maubec, Bordeaux, Nouvelle-Aquitaine	France
S3-523871663	Yumadova	Nº 6 Ave De La Reousse Dune L'herbe, Lège-Cap-Ferret	France
S3-698068556	Dunkerque Loisirs SARL	R Frederic Chopin, Dunkerque, Nord	France
S3-30896935	Pronoor Interstate Purpose Co	52 Honeysuckoe Dr, Mechanicsburg, Pennsylvania	US
S3-178452382	M/s Media Supply Prívate Limited	Shop Room No #3, Ernakulam, KL	India
S3-30743986	गुजरात Food एलएलपी	350, Double Storey, New Rajinder Nagar, Central Delhi, New Delhi, DL	India
S3-94938721	PATTERS0N SYSTEMS CORPORATION	2406 Mierianne St, Houston, Texas	US
S3-705338906	Platinum Fcltory Holdings	79946 Indian Spring Trail, N/A, Amarillo Townshp, Texas	US
S3-175954240	East Foundation	T-373/1 Panchpara Road, Kolkata, Howrah, WB	India
S3-182446308	Star Global Private  Limited		India
S3-865335402	Miss Societe (France) Groupe S.A.S.	La Teste-de-buch, 34 Bis R Des Boyens, Gironde	France
S3-22040186	Express Center	111. Pine Haven Park, Rockingham, North Carolina	US
S3-63318081	Bajrang Merchants (India) Exports Private Ltd	N-95-107, Second Floor, Munshi Lal Building N-block Cannaught Circus, New Delhi, Central Delhi, DL	India
S3-295315690	Pyragild aka Metropolitan Analytics LLC	4404 Lafayette Street, Bellaire, TX	US
S3-819609874	Ambattur Expo Limited Center		India
S3-169946631	Commodityindiapublishing.Com	Plot 259 3/715, Palakkad, KL	India
S3-214033851	SOLUTIONS GUJARAT COLD PRIVATE LIMITED #24940	DL, C-#3-a-133-a Janakpuri, New Delhi	India
S3-908610509	Mots & Frères France SCI	# 158 Boulevard De L'egalite, Calais, Hauts-de-France	France
S3-767275302	First-Solutions	Plot No. 646/P, Sy No.1 5, Madhuban Colony Rjnr, Rajendranagar, Hyderabad, తెలంగాణ	India
S3-576333273	Foot &	178 Deer Drive, Dewey, Arizona	US
S3-573408955	Opus & Bróthers Infratech Pvt Ltd	908 A-309, Bangalore, ಕರ್ನಾಟಕ	India
S3-247690193	Amicale de Bureau SASU	R De Lhemitage, Bordeaux, Nouvelle-Aquitaine	France
S3-22491657	Atlantic Columbia Corp Center	145 County Road 5224, Cleveland, Texas	US
S3-21440633	nantescomiteeurl.com	No 9 Avenue Emile Bardoult, Nantes, Pays de la Loire	France
S3-687948878	Dorian's Highland Sdcios Group	17332 Us 40 Highway, # B87, Independence, Missouri	US
S3-877860676	hummer, stace, l.c.s.w., dds pc	3959 Garden Avenue, Western Springs, Illinois	US
S3-124632806	Caloevo	5 Avenue Édouard Trabaud, La Baule-Escoublac, Loire-Atlantique	France
S3-205782881	Exports Vision Chit Limited	2-9/9-13 Anjali Layout Khajaguda, Serlingampally, Hyderabad City Region, Rangareddy, Andhra Pradesh	India
S3-776650328	Precision Cloud Collective  Inc	7475 County Road L, Solon Springs, Wisconsin	US
S3-124884193	Thiruvananthapuram Agro Overseas	No 52 Assarieth Building, Thiruvananthapuram, Trivandrum, കേരളം	India
S3-320626424	ÉPR	21 R Du Nouveau Monde, Roubaix, Hauts-de-France	France
S3-555762523	Cadence & Cie International SARL	Gironde, Bordeaux, 223 R. Achard	France
S3-523818370	Avivah Chandler  Bluerock Partners	144 Pine Avenue, Horsham, Pennsylvania	US
S3-538508623	Oasis Internationa1 School Corp	Fl 10 Bld G, Pune, MH	India
S3-434895798	Brevin Sëction		France
S3-806148279	Nantes Culture SARL	38 Ave De Rome, Nantes, Loire-Atlantique	France
S3-593277719	Creative Great Marketing  Private Limited	Bda Site No. 316, Bengaluru, Bangalore, ಕರ್ನಾಟಕ	India
S3-500052301	Cloutier Horizon Horizon	4950 Skyline Drive, Depauw, Indiana	US
S3-378199433	Nantes Amis Sarl	Nantes, 14 Av Sainte Anne, Pays de la Loire	France
S3-498430228	Renaissance Parents Groupe	33 La Berthauderie, Pornic, Loire-Atlantique	France
S3-996810296	Dart Anciens	102 Rue Henri Ghesquiere, Lille, Hauts-de-France	France
S3-2033316	Kore Harris Royal  Tailwind, PC	Trimble Rd, Tennessee, Nashville	US
S3-341879683	Universal Lotus LLP Services	Flat No T-##6, UP, Jhansi	India
S3-30185763	Association De Groupe Garches	# 99 R Saint-luc, Lille, Hauts-de-France	France
S3-739114683	Marzec-Steers	1403 Cherry St, Red Oak Township, Iowa	US
S3-45509263	École maternelle Sainte Team SCI	3 Allee Des Dunes, Lège-cap-ferret	France
S3-118355116	Saint-Nazaire Pharmacie SASU		France
S3-903248651	Chretienne Jeunes [Sarl]	16 Rue Galilee, Lille	France
S3-744968153	OOE Center		US
S3-752098601	ఆనంద్ వెంచర్స్ ప్రైవేట్ లిమిటెడ్	H No 2-56-9/1, Shaikpet, Hyderabad, TG	India
S3-316161278	Fresh Tavern	Illinois, 385 Front Street, Braidwood	US
S3-766082484	Comité de Deleves France	Lille, Nord, 221 Rue Ferdinand Mathias	France
S3-847288930	Anjela's Insurance Holdings	8431 Engler Park Court, Fl. 0, Saint Louis, Missouri	US
S3-58293684	Sri shiv infra private limited		India
S3-717234127	Lumarc	Tourcoing, #34 R. De La Passerelle	France
S3-385306469	Orrbium Live Llc	6442- Todd Dr, Boone County, Kentucky	US
S3-480417285	Centre Médical du Ape Distribution	28 R Des Bigarreaux, Pornic, Pays de la Loire	France
S3-558172887	Zay SARL Groupe	46 Rue Malesherbse, Lille, Hauts-de-France	France
S3-748437563	Private Qvw Syndicate Limited	Unit No.1107, 10Th Floor, Vasavi Mpm Grand, 11Th Level, Beside Metro Station, Yellareddyguda, Ameerpet, Khairatabad, Hyderabad, TG	India
S3-428242034	Tova Colonial Aspen Llc	West Virginia, 222 Davis Avenue, Elkinsc ITY	US
S3-817402614	Sri Event & Brothers Corp	Ahmedabad, GJ, Door No 37/A Shaktikunj Soc Nr Manpasand Centre Bapunagar, Ahmedabad	India
S3-297353563	A Cure 2  You Inc.		US
S3-440596333	Panchavati Brothers Group Limited	Coimbatore, 00161, தமிழ்நாடு	India
S3-401088556	True &	8, Calcutta, Howrah, পশ্চিমবঙ্গ	India
S3-92651243	Novixylo	22 Rue du Docteur Verhaeghe, Lille, Hauts-de-France	France
S3-356884872	शिवा कंसल्टेंट्स प्राइवेट लिमिटेड	B32 Plot No.5a, Dwarka, Sector 3, New Delhi, South West Delhi, दिल्ली	India
S3-682340998	evo.com	Block F-7-201 Sh - 007 Ashley Garden Chs.ltd., Beverley Park, Nr. Gaurav Residency Mira Road East, Thane, MH	India
S3-799846417	Fédération de Drones  Participations	84 Rue De La Contrie, Nantes, Loire-Atlantique	France
S3-896168740	Blue Miistriaoes LLC	1200 Rd N, Monticello, Illinois	US
S3-865941056	Alphaproperties.Com	3-401, Mumbai, महाराष्ट्र	India
S3-708093031	Epperson Walker and King Lakeside LLC	5475 1175, Wheatfield, Indiana	US
S3-164198479	Krishna Media Enterprises		India
S3-450234312	राम इन्वेस्टमेंट्स मोटर्स प्रा. लि.	5420 Arya Samaj Road, Delhi, Central Delhi, दिल्ली	India
S3-169767384	Quartier Mozaique Musique France SARL	28 R De Courchelettes, Dunkerque, Hauts-de-France	France
S3-625809959	Commercants Parents (France) E.U.R.L.	Calais, 185 R J Francois Vincent Raspail, Hauts-de-France	France
S3-290353360	Kalash Soala Private Limited	Thiruvananthapuram, Keralam, Trivandrum, Door No 715 T C 14/ 1063(5)	India
S3-586340589	फॉर्च्यून हेल्थकेयर	Office 510 5Th Floor, New Delhi, South West Delhi, दिल्ली	India
S3-253175696	HLR Holiday Ltd		India
S3-118278991	ÉTABLISSEMENTS ANIMATION SARL		France
S3-116818659	Perfect ट्रेडिंग		India
S3-546173888	Safran  Technologies Industries Ltd	Door No 4/206 To 208, 2Nd Floor, Allayani Wadi, Begampura, Surat, Surat City, GJ	India
S3-82382534	Promotion Sport	Nantes, 73 Bis R. Edison, Loire-Atlantique	France
S3-158273563	Prime Brothers Ventures [Ltd]	1479South End Amain Jaya Nagar9th Block, Bangalore, ಕರ್ನಾಟಕ	India
S3-952092499	Centre Médical Papy EURL	N° 13 Rue Du Noviciat, Bordeaux	France
S3-111934466	Comedia Cbib SARL	18 Rue Du Maais, Dunkerque	France
S3-224632576	Oreilles (France) Union  S.A.S.	38 R. Des Gobelets, Nantes	France
S3-696656638	Wasan (India) Sales Private	No 0051 Gloam Jilani Khan Road, Kolkata, Howrah, WB	India
S3-788852824	Vk Co Holdings Partners	F-815, Daskroi, Ahmedabad, GJ	India
S3-33558138	Deltazephbrix a/k/a Shana Hughes Cascade Universal	Unit Apartment 1, Guilderland, NY, 1251 Western Avenue	US
S3-947569245	Shree Agency Group Corporation	No #98 C/o Zakheer P A, Puzhankaraillath House Elinjipra, Canalpalam, Thrissur, Keralam	India
S3-248372686	3477 Center Boulevard	7331- Fourth Street, Unit 84, Lubbock, Texas	US
S3-438434400	Schmidt Inc IV Trust	277 3rd Street, Crowell, Texas	US
S3-296671161	Marnais Fil Culturelle Groupe SASU	No 17 Avenue Océane, Nantes, Loire-Atlantique	France
S3-12660604	Universal Management	No 38, Aurangabad, MH	India
S3-282619830	प्राइम इंडस्ट्रीज प्राइवेट लिमिटेड	102 Astha Apptt Soc268812 The Crew Bos Cghs Society Sector 1D Gh 50 Imt Manesar, Gurgaon, HR	India
S3-746120360	Eastern Media Limited Services	পশ্চিমবঙ্গ, D B Nagar, North 24 Parganas, Hatiara Road, V. Sarani, C/o- Ram Krishna Saha	India
S3-625342165	Pvt Melange Vikas Industries Ltd	3/11Th Floor, Mumbai City, Mumbai, महाराष्ट्र	India
S3-280194730	Quomiratavo One	6 Rue Commandant Marchand, Bordeaux, Nouvelle-Aquitaine	France
S3-445499502	Private Royal Foundation Limited	No 065 Shree Nilaya, No 626, Ground Floor Old Madaras Road, Vp Layout, Medahalli, Bengaluru, Bangalore, KA	India
S3-888301634	Maa Agro Private Enterprises		India
S3-716166086	Clean Désign Corporation	14984 80st Pl, Maple Grove, Minnesota	US
S3-20108326	RC India Ltd		India
S3-177424461	Caldyx State	3 Knipp Rd, Houston, Texas	US
S3-104114576	Federal Managers Holdings	1331 Stark District Road, SAIN Johnsbury, Vermont	US
S3-990024601	Mcgee Fortress Inc	Fargo, North Dakota, 04477 30th Ave	US
S3-321942461	Fleche-Ecole	53 R Montfaucon, Bordeaux, Gironde	France
S3-405039289	noltinggrahamlyons.com	5717 Tuckerman St, Riverdale, Maryland	US
S3-609941683	E.U.R.L. Agen Sante	8 Impasse De La Pointe Aux Chevaux, Lège-Cap-Ferret, Nouvelle-Aquitaine	France
S3-334027497	Fairclough,, Gaylene DDS PC Service	77. Grand Blvd Extension, Shelby, Ohio	US
S3-213935274	The Happy Coffee Group	903 Fifth Street, Ponca City, Oklahoma	US
S3-65723346	TOURCOING CLUB	107 Rue De Gand, Tourcoing	France
S3-533945813	Creative Digittfal	Illinois, Naperville, Erb Farm Ln	US
S3-5365923	Synergy Nursing Home Partners Infratech	পশ্চিমবঙ্গ, Hooghly, W B, No 1/22/7 M M Ghosh Streetkrishnagar Nadia	India
S3-607374382	Shri Golden Group Center	633 Shiv City Silver, Indore, मध्य प्रदेश	India
S3-934178864	ఈస్ట్ ఎస్టేట్ ప్రైవేట్ లిమిటెడ్	#328 Flat No G2, N/A, Shankarpally, K.v.rangareddy, TG	India
S3-946678279	Nantes Club SNC	26 Avenue De Locronan, Nantes	France
S3-459407772	SARL Bordeaux Club France	Nouvelle-Aquitaine, 238 R Mouneyra, Bordeaux	France
S3-879372258	studio college	C-12 T Delhi Police Employers Cooperation Group Housing Soc Iety Mayur Vihar Phase-i, New Delhi, East Delhi, DL	India
S3-228888064	*** First India	Hn 322 C-146 Sector-44, Noida, Dadri, UP	India
S3-274429908	Lantern, Llc		US
S3-305391970	Arc-Limited Private Affiliates	301, Shree Vardhman Trade Centre Phulchhab Chowk, Rajkot, GJ	India
S3-437151950	Pacific Wrcshop Inc.	2480 Roosevelt Avenue, Cincinnati, Ohio	US
S3-203246239	La Bàule-Escoublac Parents EURL	La Baule-escoublac, 83 Av Louis Lajarrige, Pays de la Loire	France
S3-608568421	Calais Ehpad SAS	92 Bd Léon Gambetta, Calais, Hauts-de-France	France
S3-533407202	Elles SARL Amicale	0066 Rue De Valenciennes, Calais, Hauts-de-France	France
S3-553223448	Bagwe Grc  Limited	Hanuman Nagar New Punaichak, null, Mumbai, Patna, BR	India
S3-85904371	Dispositif (France)  SA Développement	Bordeaux, Nouvelle-Aquitaine, No 79 R Raymond Lavigne	France
S3-524886061	Mumbai Management Psgvte Limited	541, Mumbai City, Mumbai, MH	India
S3-759484911	Jaipur Ínnovations Private Ltd	Plot No. 199, Sawai Madhopur, Jaipur, RJ	India
S3-434108389	Eleves + EURL France	N° 108 Rue Fieffe, Bordeaux	France
S3-734221305	Wasan (India) Sales Private	H.no 0051 Golam Jilani Khan Rdad, Kolkata, Howrah, WB	India
S3-730999260	Holy Builders LLP	Hn 602 Jay Kay Complex 95Vadiyann Street Virudhunagar, Virudhunagar, தமிழ்நாடு	India
S3-343389070	Ariela Stevens Roman LLC Service	Baton Rouge City, 5400 Florida Boulevard, Louisiana	US
S3-862967587	JK Loisirs	3 R. Robert Planquette, Nantes	France
S3-882300861	Pari EURL Groupe	17 Boulevard Gambetta, Roubaix, Hauts-de-France	France
S3-679652275	Pessac Danse-(SARL)	No 14 All Léopold Vigneau, Pessac, Gironde	France
S3-646314186	Georgena Reith  Prudential Co	12261 St Charles Rock Road, Bridgeton CPD, Missouri	US
S3-910185763	Trans Hopital SAS	189 Passage De La Chataigneraie, Dunkerque, Nord	France
S3-512306148	mumbaibookscom	Greater Mumbai, MH, Crasto Bldg Ii Floor294 Dr C H Street Marine Lines, Mumbai City	India
S3-905840302	Reed (College)	Menomonie, Wisconsin, 01421 13st Street	US
S3-502961234	Prirbetairtes + Cie-SAS	5 Rue Des Pénitrntes, Lille, Hauts-de-France	France
S3-338958226	Cure Cabfe	387- Swing Rd, Greensboro, North Carolina	US
S3-671435385	The Pearson-Lake Inc	2494 Matchlock Ct, Battle Ground, Indiana	US
S3-801132023	apexfinance.com	241, Kamalpur Pikar, Post Mubarkpur Pikar, Ambedkar Nagar, उत्तर प्रदेश	India
S3-755553082	Direct Security Concepts	#655 Crist Rd, Town Of Beloit, Wisconsin	US
S3-699561772	Real  Technologies Pvt Enterprises		India
S3-882159678	Établissements Nou Participations SARL	28 Rue Du Transvaal, Pessac, Nouvelle-Aquitaine	France
S3-447342223	M0untain-Center Inc.	1016 Plrtsmouth Drive, Island Lake, Illinois	US
S3-376757054	Haloiridelta Co	Tourcoing, Hauts-de-France, 15 Chaussée Marcelin Berthelot	France
S3-625077456	Sibelle Salinas, D.O., DDS PC Group	##7315 Limestone Road, Parsnos, West Virginia	US
S3-399785864	Dhiti Iunsdtiers Private Limited	Plot In Kh No. 421/1 G/f, Vill Rangpuri Near Old Shiv Mandir, South Delhi, DL	India
S3-297233497	The Upper Complete Wellness LLC	2480 41, # F, Henderson, Kentucky	US
S3-917032679	The Suffolk City Youth Direct Association Corp	121 Brewer Ave, Suffolk City, Virginia	US
S3-401041481	FJ Motors Exports Private Limited | www.fjmotors.com	Floor -3, Plot-51, Bodhi Vihar, Gokhale Road (North), Dadar (W), Mumbai, Mumbai City, MH	India
S3-247415138	Emc Groupe Sas	31 Rue Jean Hameua, Bordeaux, Nouvelle-Aquitaine	France
S3-540676867	EURL LOCALE COMITE	11 - Rue De La Halle, Lille, Nord	France
S3-180886981	Select Toatl	Massachusetts, Chilmark, 5 Jethro Ln	US
S3-76250385	Highland (india) Pvt Ltd.	Office No 318, 3Rd Floor, Bgta Ganga Premises Bldg No A/3, Wadala Truck Terminal, Wada, La East, Bombay, NULL, महाराष्ट्र	India
S3-165432624	Services Patriot Inc.	5575 Farm Road 171, Springfield, Missouri	US
S3-567411067	Codynis Partners Co	221A, Mooresboro CITY, North Carolina	US
S3-280615805	Melodee Blackburn, Esq.  Highland	31 Straton Ct, Basye, Virginia	US
S3-502906946	SARL Communale Culture (France)	16 Avenue Joliot-curie, La Baule-Escoublac, Loire-Atlantique	France
S3-329196593	Maison	651 Rue Maurice Marinot, Calais, Hauts-de-France	France
S3-276367028	Shiv Food-Private Limited		India
S3-667739887	Institut Marie	1 Rue Des Pecheurs, Lege-cap-ferret, Nouvelle-Aquitaine	France
S3-119933448	Limited Foods Guru Engineering	No. 735, 13Th Cross 7Th Block, Jayanagar, Bangalore, KA	India
S3-587859849	City Of Federation		US
S3-678111457	Big Private-Limited Services	D-29, Rear Lgf Jungpura Extension, New Delhi, South Delhi, DL	India
S3-628847979	Urgent Care Complete Group Harbor	8342 Ambedly Ct, Tinley Park, Illinois	US
S3-342190993	Jdc  Trust	C/o Sheee Kisan Kondiram Takali, Tq. Paithan, Dist. Aurangabad, Aurangabad, MH	India
S3-913725369	bordeaux agricole holding eurl	18 Rue Carayon-latour, Bordeaux, Gironde	France
S3-588008724	Maid Tavern Ltd Enterprises		US
S3-203235822	MC	41 R Du Liveau, Mérignac, Nouvelle-Aquitaine	France
S3-615779715	Safe Pioneer Legato Group L.L.C.	9031-9033 Ellery Channing Dr, Huntrsville, North Carolina	US
S3-294681092	Teltroy Producer Holdings Ptrvta Limited	92 P B Anil Roy Rd, Calcutta, Kolkata, WB	India
S3-2220613	Select Ataatic Industries	187 Brooksbank Rd, Oxford, New York	US
S3-374036903	LLP Kashvi Hospitality	Shri Saibaba Society Sector 9, Rohini, DL, Delhi, Rohini Sector, H.no 222 B 708	India
S3-467852250	Campbell Rapid Brookfield [Co]	800 1/2 Lassen Volcanic Dr, Pflugerville CTIY, Texas	US
S3-8851303	Pitts Income Corp	532 Cherry Street, Dunlap, Tennessee	US
S3-844268341	Keystone  Textile Networks Co	1102 Thirteenth St, Herrin, Illinois	US
S3-455591663	LLC Chiropractic Chiropractic Midwest-Medicine	6225 Pershing Avenue, Downers Grove, Illinois	US
S3-258821478	Roubaix-Amis SAS	N°148 R De Bouvines, Roubaix	France
S3-698320344	Future Healthcare Limited	No.00121, Nelson Manickam Road, Aminijikarai, TN	India
S3-402566457	Economique Congregation Theatre S.A.R.L.	57 Av De L'océan Cap Ferret, Lège-cap-ferret	France
S3-745598937	Prabhat  Exports	Road No. 22 Wagle State, महाराष्ट्र, Thane West, A 152 / A153	India
S3-669488174	G0lden Shore Inc.	385 Coe Ave, Unit Unit 2, E Haven, Connecticut	US
S3-542735449	HI Bhatt LLP	Door No 526 C-160, Midc Butibori, Nagpur, MH	India
S3-83212780	Royale Quality (India) Private (Ltd)	714, 7Th Floor Tower A 1 Supertech Eco Village I, Greater Noida, Ghaziabad, Gautam Buddha Nagar, UP	India
S3-851037274	Eleves SAS  Culturel	Dunkerque, 117 Rue Elienne Dolet, Hauts-de-France	France
S3-777870716	Global Insntceh LLP	Bangalore, Bangalore South, KA, 7Th Main Road, J.p. Nagar, 3Rd Phase, No. 7-11	India
S3-634561639	ফিউচার ট্রেডিং লিমিটেড	Door No 311 Netaji Subhas Road, Kolkata, Howrah, WB	India
S3-189618318	Shri Real Finance Furniture Private (Ltd)	null, WB, Bose Pukur Road Kasba, Kolkata, Door No 439 171	India
S3-561346524	Pediatric Dentistry Gróup		US
S3-306726968	*** @caldushealth	2501 Oakes Plantation Dr, Raleigh, North Carolina	US
S3-603571975	Ridge-Associates Center	14849- Stoneberg Avenue, Baton Rouge, Louisiana	US
S3-309822396	nantes club sarl	5 Place Clémence Lefeuvre, Nantes, Pays de la Loire	France
S3-306680483	Historical  Coalition Corp	2821 Joslyn, Mesa, Arizona	US
S3-193537896	YY Restauration SARL	N° 98 Rue Pierre Mauroy, Lille, Hauts-de-France	France
S3-635501751	Beloecto	39 Crs De L'intendance, Bordeaux, Gironde	France
S3-277149350	Co Autism Assistance Initiative	Kentucky, 1403 7rd St, # APT 103, Hopkinsville	US
S3-437552238	Maitreyee Healthcare Private Limited	No #38 Green View, Darjiling, Jalpaiguri, WB	India
S3-185372534	Land (India) Shine Shine Private Ltd	14/291, A Square Building Kuzhivelipady, Kangarappady, Edathala, കേരളം	India
S3-352300301	NWO Pharmacie  SCI	3 Rue Braberousse, Appt 4, Lille, Nord	France
S3-342114586	Lille Maison International SAS	27 Rue Princesse, Lille	France
S3-847220950	Dr Om Systems Private-Limited		India
S3-114124469	Metro Health Center LP LP	021 Brooks Park, Medford, Massachusetts	US
S3-80212070	Healey Ápartment Holdings	#1242 Grant Ave, Altooona, Pennsylvania	US
S3-601286540	Eastern Media Public Limited	No 93 C/o- Ram Krishna Saha, Hatiara Road, V. Sarani, North 24 Parganas, পশ্চিমবঙ্গ	India
S3-713458463	École maternelle Sainte Têam	3 Allee Des Dunes, Lège-cap-ferret	France
S3-482706174	Constancia Slóht Grayscale LLC	194-37 115 Avenue, ST. Albans, New York	US
S3-623915630	Celeste (France) Jeunes SARL	12 Rue Bossuet, Roubaix, Nord	France
S3-28284454	Surgical Ace Clinic Inc	#465 Johnson Branch Road, Bryson City, North Carolina	US
S3-35265691	Anand Exp0rts Private Limited	1-. Ved Kutir Bunglows Nr. Sandipani School, Ahmedabad, GJ	India
S3-333919240	ड्रीम बिजनेस लिमिटेड	Hn 738 502, Kandivali East, Mumbai, MH	India
S3-171748646	Confrerie Phartmacie  SAS	Nord, Tourcoing, 20 Avenue Louis Braille	France
S3-450298431	Dr Al Properties Private Ltd		India
S3-264702921	Kannan Buildwell Pvt	KL, 69, Thrissur, Church Avenue Road, Ollur P O	India
S3-35870928	Pune Bsag Co		India
S3-247096719	Coastal-Software LLC	Bismarck, 4015 Kites Ln, North Dakota	US
S3-352325331	Institut Du Nicolhs	22 Rue Léon Blum, Roubaix	France
S3-732962750	Hyderabad Plus	C/0 V Ramu H No 1-11-251/4 & 4A 6Thfloor Tirumala Heights Begumpet, Hyderabad, TG	India
S3-259389499	LOTUS & BROTHERS PRIVATE LIMITED	H No 4935, Latur, MH	India
S3-921001260	Diamond  Miadne Innovations Inc	33698 Dutch Ln, Brightton, Illinois	US
S3-665850048	Comité Du Low SARL	38 Bd De La Solidarite, Nantes, Pays de la Loire	France
S3-881440100	Shiv Food Pvt Limited		India
S3-915672885	Highland (rtindra) Pvt-Ltd	Office No 318, 3Rd Floor, Bgta Ganga Premises Bldg No A/3, Wadala Truck Terminal, Wada, La East, Mumbai City, NULL, MH	India
S3-637758759	International Sport Mare	121 - Rue Sainte-catherine, Bordeaux, Nouvelle-Aquitaine	France
S3-328316901	Fluxkorwex	12 Place de la Liberté, Dunkerque, Hauts-de-France	France
S3-543282544	Edwards and Madan Ltd Center	Eloy, 4703 Loma Verde Avenue, Arizona	US
S3-912499853	Adelle Brice-Premier, Inc	1103 35th St, # Apartment 206, Fargo, North Dakota	US
S3-391532241	Feathers Cabs (lndia) Private	Door No 60 Sheela Niwas, Mumbai, Mumbai City, महाराष्ट्र	India
S3-150171119	Lotus Consultants Private  Limited		India
S3-353155823	All Technologies	Anchorage, Vishakhapatnam, AP	India
S3-290748554	Notes Maconnerie	3 All Des Confiseurs, Tourcoing, Hauts-de-France	France
S3-856004898	Urology Signature Center, Co	8036 Sharpsburg Pike, Fairplay, Maryland	US
S3-857171085	PC	23 Allée des Platanes, Pays de la Loire, Saint-Herblain	France
S3-271435115	Comité du  Pole SARL	9 Impasse Des Lavandieres, Pornic, Pays de la Loire	France
S3-492653807	Jai Marketing Pvt Ltd	Mariahun, Rampur, No 43. C/o Pandeypur, UP	India
S3-323858368	YF	41 Rue De Dieppe, Lille	France
S3-367350009	MODERN COASTAL SUN	201 Cherokee Blvd, Unit 306, Chattanooga, Tennessee	US
S3-362051157	Avibelo	44 Rue Saint-François, Bordeaux, Nouvelle-Aquitaine	France
S3-116616641	Commercial Industries Inc. Center	1433 Parnell Dr, Eugene, Oregon	US
S3-23005728	Deque Partners	1317 Metropolitan Dr, Killeen, Texas	US
S3-176984589	Comité du Papiers SARL	Nord, Nº 62 Rue Henri Loridant, Tourcoing	France
S3-278846441	Coronation Sons + Limited	Mustafapur Pargana-phulwari P.op.s-khagaul, Patna, बिहार, Patna	India
S3-349845789	The Grill Dent	1141 Vincent Avenue, Brnox, New York	US
S3-44684445	Novibrixnovi D.B.A. Russell & Maxwell Inc.	63 Brierwood Drive, Hinton, WV	US
S3-753801756	Urgent Care Silver  Specialists Co	11318 Northtrail Dr, Illinois, Peoria	US
S3-7363151	Evodelta	Nouvelle-Aquitaine, 69 Rue Bertrand de Goth, Bordeaux	France
S3-807404534	Greater Kgaa Orion	349 Adams Street, PMB 2499, Georgetown, Texas	US
S3-311325402	LA BAULE-ESCOUBLAC MAISON SAS	Loire-Atlantique, La Baule-escoublac, 11 Avenue Marel Rigaud	France
S3-695996957	-- Hutchison ánd Hartt Altisource Northside, LLC	14 Tramquill Ave, Clarkstown, New York	US
S3-213193724	Ace Tech Public Limited	6-9/115, Kanchipuram, TN	India
S3-360114904	privateinitiatives.com	2, Kolkata, WB	India
S3-68729496	Ventures Vmr Media Company	G-48 Ahilya Nagar Extension, Scheme Number 97 Part 4, Main Service Road, Indore, MP	India
S3-226931567	Pyraonyxkor+	17 bis Rue de Valenciennes, Hauts-de-France, Tourcoing	France
S3-916680207	Southern-Eesiite LLP	68Eas Arokiasamy Road R S Puram, Coimbatore, தமிழ்நாடு	India
S3-196123107	Yumanex	60 Avenue Louis Braille, Tourcoing, Hauts-de-France	France
S3-55212206	Pharmacie Saint  Gens EURL	39 Boulevard Maréchal Alphonse Juin, Nantes	France
S3-125591075	Rayshell'S-Center	93 Batchler Road, Red Oak, Texas	US
S3-447425349	Clinger, Allen And Parnell Inc		US
S3-319615260	tw club sasu	1 R. Fernand Guilbert, Lille, Hauts-de-France	France
S3-171309856	LLC Rox	850 611, Rotan, Texas	US
S3-914999642	La Teste-de-Buch Club SCI	8bis Rue Des Bcrdes, La Teste-de-buch	France
S3-958795872	parker, bryan & blazer security corp	2202 Cedar Crest Blvd, Dallas, Texas	US
S3-259879392	SAS MONET SPORTIVE	128 Bis Rue De L'epinette, Tourcoing	France
S3-326301562	Drexwexx	28 Rue Monseigneur Piedfort, Calais, Hauts-de-France	France
S3-203117588	Gpl Ínstitute Pvt-Ltd	H.no 41 40 41 Ashokamall S No 49/A2 47 1/A, Pune, E., महाराष्ट्र	India
S3-940764187	Big  Ice Cream Trading		US
S3-239204280	श्री एक्सपोर्ट्स प्राइवेट लिमिटेड	H.no 42 & 410 4Th Floor, New Delhi, DL	India
S3-116123327	शक्ति इम्पेक्स	Shop No S - ##30, null, Nagpur, MH	India
S3-273412087	Umbrahalo	No.108, Bangalore, KA	India
S3-837521947	Deque 8umrungrad (Incorporated)		US
S3-320079020	Brixumbra	78 Rue Albert Mahieu, Dunkerque, Hauts-de-France	France
S3-904958542	एपेक्स इम्पेक्स एलएलपी	D-0033, South Delhi, New Delhi, DL	India
S3-320652160	Deo [LLC]	Durand, null, 416 Main Street, Illinois	US
S3-496253446	Mr Anand  Finance Private Limited	401/A, Mumbai City, महाराष्ट्र, Mumbai, Pearl Arcade, Opp. P.k. Jewellers, Dawood Baug Lane, Off J.p. Road, Andheri, (W)	India
S3-774376729	[Holdings] Ch0ice Frontier Beijing	768 La Cresta Court, Oregon, Saelm	US
S3-543753572	aditya hospitality private limited	बिहार, Samastipur, Bhfgwanpur Kamla, N/A	India
S3-373044052	SCI Premier Àmicale	Nouvelle-Aquitaine, Pessac, R Du Pin Vert	France
S3-749149409	White Foods Corp		India
S3-318638825	The Rubi F. Gibler, Esq., M.D., P.C. (ID: 13609)	North Carolina, Kannapolis, 323 Jackson Park Road	US
S3-389133250	Sàrl Etrier Union	Rue Du Plessis-bouchet, Saint-Herblain, Loire-Atlantique	France
S3-874400761	Empire LLC Fellowship Fellowship		US
S3-930473492	Maia's Clean Transport Inc.	5417 Vern Holmes Drive, City Of Stevens Point, Wisconsin	US
S3-43443757	Shri First-Technology Private [Limited]		India
S3-427584969	Titan Valley	#36 Briscoe Ave, Buffalo, New York, # Apartment 1	US
S3-609959422	Saint-Nazaire Pharmacie		France
S3-331618504	Deleves  Centre SARL		France
S3-117285747	Vaayuavi Limited Center		India
S3-920426458	EHPAD DE LA SAINTE SAS	83 Blvd De La Prairie Au Duc, Nantes	France
S3-932162247	Public Royal Foundation Limited	No 065 Shree Nilaya, Bengaluru, Bangalore, ಕರ್ನಾಟಕ, No 626, Ground Floor Old Madaras Road, Vp Layout, Medahalli	India
S3-936424226	Nationale SA Comite Monkey	N°28 R. De La Chaussée, Pornic, Pays de la Loire	France
S3-383926680	Patriot Market Harbor Inc.	5578 Farm Road 171, Springfield, Missouri	US
S3-602130037	Noviecto	1058 550, Lehi, Utah	US
S3-894802924	Vantagepyra	66 Rue Jcques Pitilion, Dunkerque, Hauts-de-France	France
S3-839201297	Stark-Brothers	237 Sadodayaplaza, Opp.mayo Hospital, Block No.510, Nagpur, MH	India
S3-501284769	Dr karv memorial trust overseas	A 18 Gdlda Jyot Chs Ltd, Gelda Ngr Ghatkopar West, Mumbai Suburban, MH	India
S3-279490474	École Sainte Notre SA Développement	10 Ch De La Vigne Goda, La Baule-escoublac, Loire-Atlantique	France
S3-644403528	(Corp) Pediatric Dentistry Group	8335 Hidden Springs Trail, Charlotte, North Carolina	US
S3-521753882	റിയൽ കൺസൾട്ടന്റ്സ് പ്രൈവറ്റ് ലിമിറ്റഡ്	Offce Space No.1412, Kozhikode, KL	India
S3-9189953	Shakti Pvt  Ltd Services	Ground Floor, Ripplez Mall Plot No. 6A, Sector-6, Airoli, MH, Shop No.g-##16, Navi Mumbai, Thane	India
S3-475887678	ha1i bates, ph.d. riverside	1918 R Street, Fort Smith, Arkansas	US
S3-716803468	ekaa investments industries private limited limited	No 94 Smt. Ania Devi W/o Niraj Kumar Brahmsthan Kurthaul, Patna, Masauri, BR	India
S3-535835085	Jaya Brothers	77, Dharmi Niwas, Ram Krishna Mission Marg, Mumbai, Maharashtra	India
S3-350633930	Attitude Musique	Nord, Lille, N° 91 Boulevard De La Moseloe	France
S3-318479429	KAIZEN DÁIRY (LIMITED)	Hn 306 P No -14/603 East End Apartment Cghs Mayur Vihar Ph-1 Extn., East Delhi, Delhi, DL	India
S3-777278973	YE Pharmacie Développement SA	28 R. Du Fotneny, Nantes	France
S3-101843626	Femmes CLUB EI	No. 132 Rue Mazarin, Bordeaux, Nouvelle-Aquitaine	France
S3-868033692	Vantuq Nevada LLC	4618. Table Rock Rd, Central Point, Oregon	US
S3-510368297	The  Advanced C1oud Worldwide LLC		US
S3-836713461	Établissements-Fil	N° 5 Cté Saint Louis 85bis Rue Cuvier, Tourcoing	France
S3-592440827	Atlantic Citizens Inc	2303 15th Street, Iowa, Emmetsburg ITY	US
S3-650025412	Entente Loisirs	3 R. Barrau, Bordeaux, Nouvelle-Aquitaine	France
S3-368578014	Megalith-Resorts	H.no 5-150 A-109, Ansa Indl. Estate, Saki Vihar Road, Andheri (E), महाराष्ट्र	India
S3-754243299	Shivam International Private Private		India
S3-93442011	89 (Facne) Amicale	011 R. Maubec, 3eme Etage, Bordeaux, Nouvelle-Aquitaine	France
S3-987173969	Mid Chit Pvt. Ltd.	201, Mumbai, Mumbai City, MH	India
S3-164598095	Accueil Amis S.A.S.	206 Rue Du Four A Chaux, Calais, Pas-de-Calais	France
S3-81046209	Petits College [S.A.S.]	15 Rue Du Pourtslet, Saint-herblain, Pays de la Loire	France
S3-242627363	Oasis Danse SASU	8 Rue Saint Vincent De Paul, Tourcoing, Nord	France
S3-185625079	First  Network Dynamics Corporation		US
S3-56672660	Thiruvananthapuram  Agr0	Assarieth Building, Trivandrum, T.c- 26/1119, Kunnukuzhy, Pattom, Thiruvananthapuram, Keralam, Trivandrum	India
S3-138654653	hariconsulting.com	KL, Ernakulam, Idukki, Door No Pmc Xv/786j C Park A M Road Perumbavoor	India
S3-498195418	Tourcoing Fetes	3 Allee Clara Leplat Whelan, Tourcoing	France
S3-369062629	PIKE & Stephens INC	#179 Avon Ave, Northfield, Illinois	US
S3-75498444	Dispositifs Club	8 R Honore Broutelle, Nantes, Pays de la Loire	France
S3-481278013	mrignacmaternelle.com	17 Rue Jules Ferry, Mérignac, Gironde	France
S3-856197420	Custom Broadcast Advisors		US
S3-511002916	Comité dù Sapeurs	108 R De Maubeuge, Roubaix	France
S3-933797904	Sai Management लिमिटेड	Babina, उत्तर प्रदेश, H No 1508, Siddheshwar Nagar, Harishan Road, Suiti Mill, Jhansi, H.no ##56 C/o Anita Sahu	India
S3-583511989	WHITELEY SCHOOL OF MEDICINE VALLEY	10723 Red Lion Place, Virginia, Chesterfield County	US
S3-181802824	1851 Center Blvd Properties-Inc	265-269 Sexton Street, Struthers, Ohio	US
S3-162008549	Tierney Wroblwegsk,i P.A., M.D., P.C. East PC	7031 Petty Ln, Dallas, Texas	US
S3-90604094	एपेक्स हेल्थकेयर प्राइवेट लिमिटेड	D-549, Qutub Vihar -2, Goyela Dairy South West Delhi, Delhi, DL, South West	India
S3-145711021	Co Zaa	2809 Knott Road, Town Of Omro, Wisconsin	US
S3-817499909	mainstreetbarbershop.com	Maryland, Middletown, 10 Washingotn St	US
S3-380004955	OB Fresh Catering Care Midtown Midtown LP	443 E Court Street, Unit 3, Rocky Mount Town, Virginia	US
S3-710384078	Thompson  Manufacturing	431 Branch St, Strasburg Town, Virginia	US
S3-835285404	Urology Signature Center,	08140 Sharpsburg Pike, Fairplay, Maryland	US
S3-692479204	Seven Pvt Ltd Services	C/o Mathew Mathew, Kannur, കേരളം	India
S3-587913657	Deleves Club (Eurl)	338 Avenue Linné, Roubaix	France
S3-901471089	Panchavati Brotdherrs (Corporation)		India
S3-126561181	Cayetano Anchor LLC Service	15 Stratford Rd, West Hartford, Connecticut	US
S3-695641267	culver canada	201 Burkwood Court, Bel Air, Maryland	US
S3-972971229	Economic	9391 6500, Jensen, UT	US
S3-811600540	5hibani Accounts (India) Private Limited	Door No 14 Dhule Rd, Near Supreme Gas, Amalner, Jalgaon, Amalner, MH	India
S3-271832372	Ghaziabad Wotdl Corp	Ug -#101, Plot No -169 Gyan Khand -4, Indra Puram, Ghaziabad, UP	India
S3-851324621	कृष्णा मीडिया	S/o Ram Ratan Gopal-chandresal Rural, Kota, Kota Junction, RJ	India
S3-892402266	Dynamic-It Limited	A-31new Friends Colony, New Delhi, South Delhi, DL	India
S3-128035701	Hutchison And Hartt Altisource, Llc	3 Tramquill Ave, Valley Cottage, New York	US
S3-570875892	Si Club SARL	23 Rue Oscar Et Jein Auriac, Bordeaux, Nouvelle-Aquitaine	France
S3-136742741	Mecaniques  Amis (Eurl)	171 Rue Decrême, Roubaix, Nord	France
S3-400919083	Calokelo	6 Gikas Ln, Marlborough, Massachusetts	US
S3-551950950	Defense (France) Ecole EURL	83 Rue Émile Combes, Mérignac	France
S3-945413686	XP Cares Pvt	Flat No. 104 Tower-tulip, Jaipur, RJ	India
S3-661007132	Hummer, Stace, L.C.S.W., DDS	3959 Garden Ave, Western Springs, Illinois	US
S3-221935117	Inc Dermatology Federal Physicians	6 Sterling Road, North Castle, New York	US
S3-169857848	Sai Software Private-Limited	Lucknow, उत्तर प्रदेश, Uttar Pradesh, Suraj Deep Iind Floor1-jopling Road Lucknow	India
S3-761722946	Builders Sweet Béverages Pvt Ltd	14-A, Roshan Lal Market, Vishwa Karma Chowk Miller Ganj, G T Road, Ludhiana, PB	India
S3-563459811	obrienamericansecurities.com	0345 Hartman Ct, South Elgin, Illinois	US
S3-374232150	Education Insagftude (LLC)	Iowa, Boone, 430- W 7th St	US
S3-184705509	Ets Vigne SAS	9 R. Reine Astrid, Nantes, Pays de la Loire	France
S3-13478871	യൂണിവേഴ്സൽ കൺസൾട്ടിംഗ് പ്രൈവറ്റ് ലിമിറ്റഡ്	Building No. 522/16, Kasaragod, Kasargod, KL	India
S3-350057550	Interstate  Alliancebernstein LLC		US
S3-585477880	The Dent Bike Shop Corp	103 Tallman Street, Wildrose, North Dakota	US
S3-986217479	Ínc Dermatology Specialists	3660 Shipman Cutoff Road, Bunker Hill, Illinois	US
S3-359682732	T+ Triumph #71890	##6417 Gainsborough Rd, Fl 1, Scottsdale, Arizona	US
S3-435582360	Wagner, Reagan & Heather Computing,	81 Roundtop Rd, Yonkers CITY, New York	US
S3-119881495	Commission on Lihbor		US
S3-52565405	Collège Du Caarud	8 Rue Cabanis, Lille, Nord	France
S3-872232461	Limited International Enterprises	Shop-15 Murlidhar Heights, Opp Satva Green Partyplot, Daskroi, Ahmedabad, ગુજરાત	India
S3-661229504	Deltavio	Baria Mansion, 136, L.T Marg, Crawford Market, No.31, Mumbai, Maharashtra, Mumbai	India
S3-128474951	Foot & Ankle Clear Specialists L.L.C.	##4250 Morse Rd, Unit SB1, Columbus, Ohio	US
S3-807953932	Établissements Arctitiqlue Distribution SAS	13 Rue Maisdon Pajto, Nantes	France
S3-795286039	स्वस्तिक ग्लोबल प्रा. लि.	D/4541 Jai Maya Market Tri Nagar, North Delhi, Delhi, दिल्ली	India
S3-578725702	Laxmi Sefneis LLP	057 Jawra Road, Behind Mpseb Khachroud, Ujjain, MP	India
S3-75758321	JSC International Public Limited	R/o.6-180/sa109, Rangareddy, Hyderabad, TG	India
S3-139998405	Association des Petite SCI		France
S3-354487532	Hattie  Curran Cbre		US
S3-985406704	Veoyumakor	62 Rue Jules Guesde, Roubaix, Hauts-de-France	France
S3-979622332	Sky Marketing Pvt Ltd. Ltd.		India
S3-64728430	Safe  Spacsphere Ltd	2965 Mills Avenue, # B, Washington, District of Columbia	US
S3-860907022	ÉTABLISSEMENTS ABRACADABRA EURL		France
S3-937718978	Vioonyxxylo Formerly Kalash Soap Private Limited	T C 14/ 1063(5), Rageev Nagar Palayam, Thiruvananthapuram, Trivandrum, Kerala	India
S3-716168304	Noviumbraxylo	N°604 R. Henri Dubant, Dunkerque, Hauts-de-France	France
S3-745645254	Fédération dê Sublime		France
S3-410271834	ଗାଲାକ୍ସି କନସଲଟିଂ ପ୍ରାଇଭେଟ୍ ଲିମିଟେଡ୍	Gc 37, Rcms Complex, Rourkela, Lathikata, Sundergarh, OD	India
S3-346864916	Smithfield Town Anchor Development Incorporated	104 Cattail Lane, # 1, Smithield Township, Virginia	US
S3-844291638	Club du Vigie Holding	0032 Rue Jean-renaud Dandicolle, Bordeaux, Nouvelle-Aquitaine	France
S3-462306894	Socio Ecole SARL	54 R Albert Calmette, Tourcoing, Hauts-de-France	France
S3-367452273	Lyradelta	Mumbai City, Mumbai, Office No 318, 3Rd Floor, Bgta Ganga Premises Bldg No A/3, Wadala Truck Terminal, Wada, La East, Maharashtra	India
S3-649163376	Sun  Industries Private Limited		India
S3-967954371	A + M	Wayne Ave, Chicago, Illinois	US
S3-8387165	Limited Jai Marketing	C/o Pandeypur, Jaunpur, Mariahun, उत्तर प्रदेश	India
S3-119627156	private shyam industries furniture limited	Door No 5B Madhab Chatterjee Street, Howrah, Barasat, Kolkata, WB	India
S3-748222880	Mot Club SARL	12 Rue Paul Bourget, Lille, Nord	France
S3-496832842	3477 Center Boulevard Holdings Partners	7333 4th St, Lubbock, Texas	US
S3-689939971	Private Kcc & Sons Infratech Limited	No 20 At-rajpur, Po-kereragarh Via- Madanpur, Kendrapara, ଓଡ଼ିଶା	India
S3-966158979	wise vidyalaya		India
S3-611600693	ÉTABLISSEMENTS GENERATIONS FRANCE EI	86 Rue Van Grutten, Calais	France
S3-941295229	Solano'S Fisheries Llc	730 Locust Ave, Eagle Mountain, Utah	US
S3-103880926	Cochin Logistics Pvt Ltd.	Xxv/ 1-86A, Ernakulam, കേരളം	India
S3-158306714	Liberty (Iliiacive)	49A Maxwell Dr, Southington, Connecticut	US
S3-786588825	Fayequo	7 Rue Ernest Renan, Pessac, Nouvelle-Aquitaine	France
S3-575136325	Everest Village Southside	1909 1/2 Furnace Rd, Jarrettsville, Maryland	US
S3-550646438	10 Redonner Ecole EI	77 R Achille Testelin, Tourcoing, Hauts-de-France	France
S3-887172222	सनराइज भारत केयर लिमिटेड	M-g-73b, Opp.- Sant Nirankari School, Malviya Nagar, New Delhi, South Delhi, दिल्ली	India
S3-274123104	Nexevo trading as Ear Nose & Throat Care of Everson	6606 Goodwin Road, Everson, WA	US
S3-638127102	Network Ridge Group	11826 Wayland St, Fairfax County, Virginia	US
S3-382366739	Savs Section SCI	Nº 12 Rue Jacques Jollinier, Saint-nazaire, Pays de la Loire	France
S3-446192174	AG	Lille, 88 Rue Saint-luc, Nord	France
S3-323229619	Clean Wenfleess Industries (Llc)	00715 County Down Drive, Fl. 1, Chandler, Arizona	US
S3-327503456	Sri one consultancy limited	Hn ##389 Shop 273 Plot No.30 2 Flr, Delhi, New Delhi, DL	India
S3-890250288	Piedmont Vernal	1370 W Meadows Drive, Salem, Oregon	US
S3-985349106	Double Venture Privatte Limited	Bangalore, KA, F-703	India
S3-170379420	Soule Services	Arkansas, Huntington, 108 Hwy 71	US
S3-528553658	Warden Center	Koenen Road, Town Of Oakland, Wisconsin	US
S3-263017897	Mahakal Institute		India
S3-934177973	Bureau-of Public Works Ltd	Vian, Oklahoma, 448838 965 Terrace	US
S3-692113679	CES	102, T 29, Nirala Estate, Plot No Gh04 Techzone Iv, Noida, Gautam Buddha Nagar, Uttar Pradesh	India
S3-179424650	Pornic Fetes		France
S3-38853458	Amicale des Eleves SCI		France
S3-687482920	Santez & Frs  SARL	# 49 Route De Saint Pere En Retz, Pornic	France
S3-942124212	chassecomitesas.com	# 21 Avenue Des Abeilles, Lège-cap-ferret	France
S3-785277266	#tressawright	0204 Matthews Drive, Holly Springs, North Carolina	US
S3-427654991	Prvante Sai Global Limited	A-1-18q Sector-35, Noida, Gautam Buddha Nagar, UP	India
S3-685156483	*** Eclipse Solutions Group Private Limited	Hyderabad, TG, Hyderabad, H.no 27, Srisai Nagar Uppal	India
S3-176363512	private starwing developer limited	C-42nariana. Vihar, New Delhi, South West, दिल्ली	India
S3-250334213	Sun Industries Private Ltd Enterprises		India
S3-471174828	École maternelle International SASU	26 Rue De Marengo, Lille	France
S3-271438999	Him Sangh	House No G-319 Sector 12, Shakti Nagar, Derabassi, Mohali, ਪੰਜਾਬ	India
S3-12344410	Northern Northern Cárdiology	8323 Rogers Ave, Fort Smith, Arkansas	US
S3-896344084	Alvarez and and Hardin Dental Inc	338 Spring St, Jonesborough, Tennessee	US
S3-153628177	GY Club SARL		France
S3-97345427	Permis Unïon	159 Rue Belle Rade, Dunkerque, Hauts-de-France	France
S3-64841225	एपेक्स इन्वेस्टमेंट लिमिटेड	Room No. 5/1101, Niraj Park Wayle Nagar, Khadakpada, Thane, Kalyan, MH	India
S3-145711676	Zetavera+ DBA Ajay Products Private Limited	Flat No.202, Mahavir Kunj Chsl, Navghar, Near Engg. College, Vasai West, Palghar, Vasai, Thane, Maharashtra	India
S3-201524939	Tennis EURL Union	Nº 32 Rue Henri Bertrand, Nantes, Pays de la Loire	France
S3-777386740	Beacon Strátegic Figx Co	85 Canton Avenue, Tulsa CDP, Oklahoma	US
S3-152953484	FIRST FOUNDATION LLP	Varsha ##247/11B Navi Peth, Pune, MH	India
S3-222701361	SCI Institut Street	22 Rue Suffren, Nantes	France
S3-160009516	Piedmont Reliable Media of	Folsom, 3208 Auburn Leaf Loop, California	US
S3-684792210	Roubaix Services	13 Rue De La Toir, Roubaix, Hauts-de-France	France
S3-475263799	Association de Pulbliqbue	Merignac, N°11 Aveue Du Marechal Juin	France
S3-527514220	Locataires Phàrmacie SARL	3 R. Guerin, Bordeaux, Gironde	France
S3-856805116	Arcsol Co d/b/a Dunkerque Comite SAS	16 Rue des Frères Lumière, Dunkerque, Hauts-de-France	France
S3-381144989	BYEH Premier	267 Shadowbrooke, Troy, Illinois	US
S3-779913929	Ortega, Bombard & Williams Catering LLC	24 Revere Dr, Rochester, New York	US
S3-913540586	Dynamique & Cie SARL		France
S3-436061472	Apex Healthcare (Private)	Delhi, DL, North Delhi, No 54/4 Bhawna Bhawanist Floor Near Akash Cinema Azadpur	India
S3-276208582	ಸಿಲ್ವರ್ ಸಿಸ್ಟಮ್ಸ್ ಪ್ರೈವೇಟ್ ಲಿಮಿಟೆಡ್	Rd Floor, Bangalore, KA	India
S3-929426190	Delphine çentre SAS	9 Rue Condorcet, Roubaix, Hauts-de-France	France
S3-366884514	@máinstreet	32110 Jacket Factory Road, Missouri, Moniteau	US
S3-926293650	श्री बिल्डर्स प्राइवेट लिमिटेड	Plot 126 Unit No. 206, Gurgaon, HR	India
S3-349882491	Cercle & (Cie)	# 1 Rue Anciens Combattants D’afrique Du Nord, Dunkerque, Nord	France
S3-312177667	Whiteley School of Mdhde	10718 Red Lion Place, Chesterfield County, Virginia	US
S3-766122038	Dream Impex Engineering Pvt Limited	No 00181/6, Oppamirthaschool, Saravananthery, Nagercoil, Kanyakumari, Agastheeswaram, தமிழ்நாடு	India
S3-502551827	EF Services Limited Center	Plot 409 1, Satyajit Sarani, Shibmandir, P.o. Kadamtala Opp. St' Pauls School, Darjeeling, N/A, WB	India
S3-411186658	Smt Bhartiya  Inlernatsional School	No 938 C/o Mtha, Coimbatore South, Coimbatore, TN	India
S3-959178802	Constancia Olivares Science	2707 Broad Street, PMB 5906, Richmond Township, Virginia	US
S3-241268107	Rudolph & Yingling Software, PLLC	4346a Wilson Chapel Rd, Sharon, South Carolina	US
S3-462946646	Surajmal Private Electronics Limited	DL, Flat -1-56, New Delhi, Dwarka	India
S3-688716731	Amoureux  Comite	Gironde, Pessac, 10 Avenue Pierre Cérésole	France
S3-83024032	Shanti Finance Pvt	Block No 6D, Mumbai, Mumbai City, महाराष्ट्र	India
S3-169206434	Physical Therapy Cenfter Inc	Blue Lake Dr, Pnietop, Arizona	US
S3-949135994	Personne Çentre SCI	46 Bd Bénoni Goullin, Nantes	France
S3-285241006	La Baule-Escoublac Centre	39 Avenue Des Ibis, La Baule Escoublac, Loire-Atlantique	France
S3-860853411	Land (India)	14/291, A Square Building Kuzhivelipady, Kangarappady, Ernakulam, Kerala	India
S3-622699537	Soutien Féderation (France)		France
S3-730902239	vaex family óffice inc	5090 Nature Trail, Ohio, Cincinnati	US
S3-94243861	G/G Lse Metro Inc	54 Norfolk Ave, <NULL>, Swampscott, Massachusetts	US
S3-118798812	Raj Premier Products Limited Center	MH, C-2198, C Somwar Peth, Kolhapur	India
S3-458947081	Verrio	WA, 20065 Hickox Road, Mount Vernon	US
S3-98693057	City Of Waukesha Interfaith Federation L.L.C.	City Of Waukesha, NULL, 407 Sheffield Rd, Wisconsin	US
S3-172461765	Hyderabad Centre L.L.P.	Plot 05 916, Ayyappa Society Madhapur, Hyderabad, TG	India
S3-156788972	Operating Engineers Union Local (No)	29 Main Street, Unit Apartment 4S, Yonkers, New York	US
S3-308731565	Mr Shree Professionals Prívate Limited	DL, South Delhi, Defence Colony, B-88 1St Floor	India
S3-765207450	CE	9 R Jean Bouin, Nantes, Loire-Atlantique	France
S3-181548016	Kozhikode Texofab Public Limited	Kozhikode, KL, D, Koolimadu, Calicut, Door No 9/215 C	India
S3-979422353	Physical-Therapy Group Center Inc.	Shakerag Road, Greeneville CITY, Tennessee	US
S3-928009745	ashapura jain (india) private limited	E-34, New Delhi, Central Delhi, DL	India
S3-886874408	gmprivate.com	815 Sb-6 Krishna Complex, Sardar Bhuvan's Khancho, Raopura, Vadodara, ગુજરાત	India
S3-954620104	Foot & Ance  Clinic	Dewey, 178 Deer Drive, Arizona	US
S3-417290521	Kkr Patriot Patriot	114 Pear Street, Unit 3, Olympia, Washington	US
S3-988572002	La Baule-Escoublac Maison	30T Av Mracel Rigaud, La Baule-escoublac, Loire-Atlantique	France
S3-487481543	Cercle SARL Groupe		France
S3-221918685	Koriri	49 RUE Daubenton, Roubaix, Hauts-de-France	France
S3-253754469	Media Kamra Interiors Group	Flat 1307, Raigarh, Navi Mumbai, महाराष्ट्र	India
S3-79134871	Beat Comite	37 R. Edouard Doyennette, Lille	France
S3-448768335	Clean Cornersntione Auto Sales [LLC]	24985 Sunset St, PMB 8731, Paulden, Arizona	US
S3-53955241	Sree Exports Private	E-4-0, Delhi, South Delhi, DL	India
S3-981066327	congregation baptist church co	1354 Chukar Ln, Incorporated, Idaho	US
S3-351496563	Dream Business	Blg 51, Evershine, Millenium Paradise, Mumbai, Kandivali East, MH, Hn 738 502	India
S3-91578562	Vie Centre France SARL	30 Route De Toulouse, Bordeaux, Gironde	France
S3-325444663	Express Printing Innovations Llc	22 Summit Pass, Galena, Illinois	US
S3-339739605	Irinovi	#125, Jaipur, RJ	India
S3-784447344	Mots (France) Culture SARL	1741 Avenue De Petite-synthe, Dunkerque, Nord	France
S3-513005412	animanciens.com	Nouvelle-Aquitaine, Nº 4 Av. Des Prés De Toctoucau, Pessac	France
S3-138544744	Silver Héartland Freight Ltd	24 Cardinal Lane, Barnstable, Massachusetts	US
S3-823789727	Synlyra	Block-l, Ahmadabad City, Ahmedabad, GJ	India
S3-441758832	fatehabad garg pvt ltd	HR, 124-B Anaj Mandi Bhattu Kalan Tehsil, Fatehabad	India
S3-744747407	Technologies  Garhwal Ltd Service		India
S3-305024770	MODERN COASTAL SUN	Unit 306, Tennessee, Chattanooga, 201 Cherokee Boulevard	US
S3-832526562	Dr made enterprises	C-b3/813, T/f, Lig Flats, East Of Loni Road Loni Road, Delhi, East Delhi, दिल्ली	India
S3-272972374	papervideogroup.com	Hn 88 103, Navrangpura, Ahmedabad, ગુજરાત	India
S3-346199607	Kelonovisyn	La Teste-de-Buch, Nouvelle-Aquitaine, 10 Rue des Hippocampes	France
S3-340326779	Dr Mukund Limited Services		India
S3-2823118	Carma Admr, O.D. Uptown	Surprise, 18208 Montoya Drive, Arizona	US
S3-988453484	YRG Societe SARL	3 Impasse Marie Lsurencin, Saint-herblain	France
S3-598821162	Comité Des Espace SCI	22 R Du Pontereau, Ecola Maternelle Maurice Mace, Nantes	France
S3-289626758	Creative Logistics [Limited]		India
S3-710544700	Powercon Global Pvt. Limited	4378/4B, New Delhi, Central Delhi, DL	India
S3-652552220	Atlantic Safe Columbia Llc	County Road 5224, Texas, Cleveland	US
S3-349367951	Enterprises Magpie Cónstructionprivate Private Limited	Rz-22, Roshan Garden, New Delhi, Chhawla, DL	India
S3-356992944	Groupe Bordeaux SARL	9 R. Edmond Labasse, Bordeaux, Nouvelle-Aquitaine	France
S3-632417911	PALMER VISION (CENTER)	1411-B Co Rd 2260, Stryker, Ohio	US
S3-37234614	Silver It Pbccbvitae Limited		India
S3-178485098	Halogild Labs formerly: Heckman, Reynolds & Wallace LLC	17163 Smith Ridge Road, Garfield, AR	US
S3-859426842	090 Design  Inc.	362 Granville Road, Westfield, Massachusetts	US
S3-496986041	The  Clean Design Corporation	80st Place, Maple Grove, Minnesota	US
S3-313047481	Real Technology Private	House No. 7A, North West, Delhi, दिल्ली	India
S3-53672202	Barbee Deli Group	13456 45th St, Saint Michael, Minnesota	US
S3-536437905	The Cardiology Care [LLC]		US
S3-854665938	RJ Eastern Co Service	Maryland, Columbia, 7064 Copperwood Way	US
S3-837164584	Sapeurs & Cie S.A.S.		France
S3-38029393	CE	20 Avenue Louis Braille, Tourcoing, Nord	France
S3-553958895	ક્રિષ્ના માર્કેટિંગ બેકરી પ્રા. લિ.	H.no 59/6 C/ochauhan Dineshbhai, Rajkot, GJ, Nanalal, Bhagvatipara Road, Rajkot	India
S3-249424798	Je  Sportive Groupe	28 Rue Frédéric Mottez, Lille, Nord	France
S3-698220232	SA CALAIS UNION DISTRIBUTION	87 Rue Monseigneur Piedfort, Calais, Pas-de-Calais	France
S3-439427485	Oasis Danse S.A.S.	Nord, Tourcoing, 4 R Saint Vincent De Paul	France
S3-383745270	M/s Vk Sangh  Holdings	No 84 Iii Floor, 205, Jp Tower Nursery Circle, Vaishali Nagar, Jaipur, Jaipur Chitrakoot, RJ	India
S3-938435977	Hopital Combattants Saint	(150) Boulevard De L'egalité, Calais, Pas-de-Calais	France
S3-374354144	Des Impex	Gurgaon, House No 821, HR	India
S3-17410408	Bordeaux Amicale EURL	N° 31 Bd Albert 1er, Bordeaux, Nouvelle-Aquitaine	France
S3-186627342	N N Cooper Aspen Ltd	15328 24th Ave, Tacoma, Washington	US
S3-30295966	Nylatavo	2 Av. Du Bois Verdot, Nantes, Pays de la Loire	France
S3-850767536	Inc Mcdowell And Perry Technologies	115 859, Mckinney, Texas	US
S3-932488851	Institut du Roller SASU	Dunkerque, 11 Rue Du Dccteur Germain Vaneecloo	France
S3-679012453	The Blue Charter School LLC	235. Davis Avenue, Clemmons, North Carolina	US
S3-269905795	Srg Pvt Engineering Ltd	3-10 A-1405, Thane, MH	India
S3-322051272	Viogildtavo	Rue Kellermann, Roubaix, Hauts-de-France	France
S3-105727979	Shri Deepshikha Corporation Partners	At- Barauni-1 Po- Barauni Deorhi Ps- Phulwaria, Barauni, Begusarai, BR	India
S3-157031128	Bhumika & Co Enterprises Limited	Block F-862 C-55/c-1 G/f Kh No-396/2 Gali No-1 Bhajanpura Delhi, North East, Delhi, DL	India
S3-82704902	CALAIS AMIS	134 R. Dolain, Calais	France
S3-455649416	CV	61 Rue de Lyon, Lille, Hauts-de-France	France
S3-130336509	Table Club		France
S3-357526321	फर्स्ट फाउंडेशन लिमिटेड	Varsha ##247/2B Navi Peth, <NULL>, Pune, MH	India
S3-976082902	Co1lective Appliances (India) Private Limited	Door No 15-14-16/F Gf 110, Pravallika Residency, Krishna Nagar, Visakhapatnam (Urban), Visakhapatnam, Vishakhapatnam, AP	India
S3-55317940	Devine, Torres & Avery Corp	4040 Rocky Springs Rd, Hiddenite, North Carolina	US
S3-707942708	अल प्रॉपर्टीज ट्रेडिंग लिमिटेड	H.no 357 House No 112A, Sainik Kunj Kunraghat, Gorakhpur Region, Gorakhpur, UP	India
S3-144250715	बालाजी ट्रेडिंग प्राइवेट लिमिटेड	C/o Brajpal Singh, Gandhariya Sitapur, Sidhauli, Sitapur, UP	India
S3-757847376	Platinum Factory	19942 Indian Spring Trl, Amarillo, Texas	US
S3-544686834	AM	91 Boulevard de la Moselle, Hauts-de-France, Lille	France
S3-372506261	Dr Tuljai & Co  Kota Ltd	72, Pratap Nagar Kota, Rajasthan, Kota, RJ	India
S3-483151806	OCU Ateliers SCI	No 1 Impasse De La Solidarité, Tourcoing, Nord	France
S3-312084941	GULF SECURE STARLING	268 1825, Centerville, Utah	US
S3-854148958	Linsertion Detudes Amicale S.A.S	La Teste-de-buch, 36 B Rue De L’oustalet	France
S3-517134761	Twisted Cream Ice Enterprises		US
S3-647595760	Lakshmi Producer Private Ltd	Nashik, Sai Srushti Appt, Pl No. 41 S No. 315/2A, Nandanwan Colony, Pathardi, Hn 54 Shop No-02, MH, Nasik	India
S3-934028065	Novex Alliance	933 Edwards Avenue, Alabama, Fairhope	US
S3-118727225	PI	Nantes, R Louis Marin, Pays de la Loire	France
S3-494941802	Bordeaux Sportive SA		France
S3-201261361	Private Tone Mill Limited	A-6-50/4, Gurgaon, Gurugram, हरियाणा	India
S3-646814392	Vastservices.Com	Ward 01, Panna, MP	India
S3-12821622	Green Jewellers Private	Gandhi Chowk, Gurdaspur, Pathankot, PB	India
S3-684600506	humanitairgroupefrance.com	Bordeaux, Gironde, No 37 Rue Saint-françois	France
S3-731959137	Patriot Family		US
S3-216332699	European Club Sa	No. 28 Cour2 Saint Louis, Bordeaux, Gironde	France
S3-807134247	Dent (Frànce) Danse Développement SAS	N°73 Bd Joliot-curie, Bordeaux	France
S3-706910515	Carter Piedmont Royalty Co	205 Three Springs Dr, Weirton, West Virginia	US
S3-662589727	Office of Consumer Affairs [Group]	Southern Pines, North Carolina, 5507 1 Hwy	US
S3-837213058	Indo Limited Power	A-237-a New Ashok Nagar, East Delhi, Delhi, DL	India
S3-637484305	Sauvegarde & Fils		France
S3-70198947	The Albertine N. Johnson, Johnson, D.D.S.	515 Ninth St, Clarksville, Tennessee	US
S3-62872556	Xylomira	Nouvelle-Aquitaine, 31 Avenue du Maréchal Juin, Mérignac	France
S3-583715194	Art SAS Et Fils	Caf2 Du Th2atre, Calais, Hauts-de-France	France
S3-128379159	unionmonument.com	8 R Fenelon, Roubaix, Hauts-de-France	France
S3-90831356	Gy Club Sasu	Nº 7 All. Marcel Legouey Cazaux, La Teste De Buch, Nouvelle-Aquitaine	France
S3-54200451	Deltazeta Isnttiute-Group	2322 Pecan Rd, South Mountain, Arizona	US
S3-693722488	Ram  Investments Pvt Ltd	5407 Arya Samaj Road, Delhi, Central Delhi, DL	India
S3-171424311	Rs Group of Companies Infratech	Door No #692 House No. 1384, Delhi, North Delhi, DL	India
S3-952376263	Shiva Engineering Limited Service		India
S3-268908279	Lège-Cap-Ferret Parents	9 Bis Avenue De La Presqu'île, Lège-cap-ferret, Nouvelle-Aquitaine	France
S3-710208284	Only Club Participations SASU	25 Rue De L'ornière, Saint-herblain, Pays de la Loire	France
S3-919243477	Ville Arts Amicale Distribution SAS	35 Rue Des Hannetons, Lille	France
S3-694798159	Uptown Coffee! Enterprises		US
S3-152902519	EHPAD  Louis	9 Rue Du Pont De Madame, Merignac	France
S3-640066113	Vantageiri Sys dba Timber Vii Inc	20328 416th Street, Enumclaw, WA	US
S3-714338839	Ani (So1utions) #58696	Ajay Verma Singh S/o Ram Singh Majhila, Khudaganj, Shahjahanpur, UP	India
S3-894418187	Great Brothers Prveaet Limited		India
S3-361660803	Mr Jagson Fusions (India)-Pvt. Ltd.	C-24, Anand Vihar, Delhi, DL	India
S3-871733977	Lille Maison	27 Rue Jean Bart, Lille	France
S3-400323669	Baxter LLC Center		US
S3-700706193	PA	1839 Rue Du Banc Vert, Dunkerque	France
S3-558234591	The Moradabad Prakash Private Limited	Hn 103 Mmig H-48 Kahsiram Nagar, Bhogpur Mithoi, Moradabad, उत्तर प्रदेश	India
S3-16963838	lille club groupe	84 R Du Maire Becquart, Lille	France
S3-337156859	Private Magic Technologies Limited	P.no. ##3A & 7B, Chennaitn, Mowlivakkam, TN	India
S3-947868247	Technology Karunadu Solutions Pvt Limited	100, I-floor, South Car Street, Tiruchengode, Namakkal, TN	India
S3-915645130	Thompson Manufacturing Corporation	431 Branch St, Strasburg Town, Virginia	US
S3-561782393	Nantes Sportive SARL	53 R Du Petit Bel Air, Nantes, Pays de la Loire	France
S3-316361819	Eye-Cornerstone	Akron, 998 Nevin Street, Ohio	US
S3-734741139	Shree Infrastructure Ltd		India
S3-44181209	urbanicecream.com	18 Evers St, Worcester, Massachusetts	US
S3-340836018	SA Blanc Conseil	3 Route De L'ile De Leaufouis, Saint-Nazaire, Pays de la Loire	France
S3-869039228	innovativerenewable.com	2816 Shartle Street, Middletown, Ohio	US
S3-162306561	Communale Comite SAS	80 Av Du Docter Schweitzer, Pessac	France
S3-364118055	Daffaires	122 Grande Rue, Roubaix, Hauts-de-France	France
S3-827362406	Lumyx Group Lafayette	74834 Flowers Dr, El Paso County, Texas	US
S3-463129009	Eshaan Appliances Pvt (Ltd)	251, Acharya Prafulla Chanrad Road, Kolkata, Howrah, WB	India
S3-795600062	Creusot maternelle Sainte École	27 Av. Des Chevreuils, Lège-Cap-Ferret	France
S3-581952806	Ets Decibel SAS Cie	40 Rue Des Hippocampes, La Teste De Buch, Nouvelle-Aquitaine	France
S3-35495901	lions anciens sas	46 Rue Philéas Réant, Calais, Pas-de-Calais	France
S3-560075295	Henrietta'5 Total Textiles	Virginia, Bedford County, 3021-C Morgans Mill Rd	US
S3-866480378	Lycée Sainte Francoise SARL	21 Rue Louis Gaume Garnd Piquey, Lege-cap-ferret, Gironde	France
S3-371330183	Lotus & Brothers-Private Ltd	H.no 4935, Murud, Latur, MH	India
S3-533114820	Tri-State Capital Partners Inc	324 Third St, Hominy, Oklahoma	US
S3-626540536	Tirupati Investment  Private Limited	Gond Plot 001, Wardha, MH	India
S3-959862613	Herrera Inc.-Castillo &		US
S3-56727687	Una EURL Groupe	4 Rue Georges Bizet, Calais, Pas-de-Calais	France
S3-938509276	Korlum	16 Avenue de la Tour, La Baule-Escoublac, Pays de la Loire	France
S3-235673418	Gangesh Services  Pvt. Ltd.	Hn 950 G-1901, Kanakia Paris, F Block Bkc, Bandra East, Mumbai, Bandra East, MH	India
S3-299776566	Maison Retraites Groupe	33 Rue Des Lilas, Dunkerque, Nord	France
S3-747267661	Commercants Union EI	14 Rue De La Noe, Nantes	France
S3-543478297	Solutions Asbdarpndlus Technologies Private Limited		India
S3-818250917	Financement Restaurant SASU	Nantes, 8 Rue Des Girondins	France
S3-775173290	Comité dês Montagne	26 R Louis Armand, Pessac	France
S3-304068534	Private East Midnapore Agro Limited	Door No 3 Kashberia, East Midnapore, পশ্চিমবঙ্গ	India
S3-534409925	École  maternelle Sainte Notre	La Baule-escoublac, N°6 Chemin De La Vigne Goda, Loire-Atlantique	France
S3-71492660	White Healthcare Private #91467		India
S3-565023309	@carmody		US
S3-54701947	Comité des Bde SAS	32 Rue Roger Salengro, Dunkerque, Nord	France
S3-118140014	Teamsters Union Local NO 590 Center	# Unit 202, Minnesota, Forest Lake, 19830- Forest Rd	US
S3-92505254	DIGITAL PROPERTIES PRIVATE LIMITED	S-557, East Delhi, DL, Delhi	India
S3-515173656	Twisted Bitort Corp	282. Church St, Oregon, Heppner	US
S3-683602016	Double-Venture Private Ltd	F-703, Bangalore, KA	India
S3-72021606	Rickels Blue Red (LLC)	318 Carpenter Rd, Granger, Washington	US
S3-699446643	Bharat Sunrise	M-73B, Opp.- Sant Nirankari School, Malviya Nagar, New Delhi, South Delhi, Delhi	India
S3-108056741	Tourcoing Fetes Trading		France
S3-792133440	Investigation Amis S.A.S.U.	016 Rue Nungesser, Pessac, Nouvelle-Aquitaine	France
S3-128169607	Table Aupres Musique [Sarl]	Dunkerque, 33 R. Beethoven, Hauts-de-France	France
S3-725053701	Maison Horizons Développement	# 69 Bd De La Prairie Au Duc, Nantes, Loire-Atlantique	France
S3-498544322	Pitts Inc (Center)		US
S3-200792601	Grandes (France) Amicale SARL	Calais, 136 Rue Magnesia, Pas-de-Calais	France
S3-55809881	Nasik Pvt. Ltd. Center		India
S3-813195470	East Midnapore  Jaivik Private Limited	Kashberia, Bardhanyaghata Debhog, Haldia, East Midnapore, Midnapore, WB	India
S3-682576456	Topflow Innovations	Murshidabad, 74/A Daihitta Road, Berhampore, P.o-khagra, Berhampore, পশ্চিমবঙ্গ	India
S3-84266053	Rhines (Center)	Ohio, Circleville, Scioto Street	US
S3-203886902	41 Dbe-SARL	116 R Ma Campagce, Roubaix	France
S3-96967625	205 Ets	75 Rue de l'Abbaye, Nantes, Pays de la Loire	France
S3-345469327	Ear Nose & Throat Medicine, LLC		US
S3-515392478	Yumacalo	31, Ahmedabad, GJ	India
S3-683682426	Financement Federation 5ARL		France
S3-766802684	Happy Pilates Partners	District of Columbia, Washington, 1427 17th St	US
S3-441679412	Bright Projects Private Limited	Thane, Flat No 404, MH	India
S3-828487207	20/20  Optical Industries		US
S3-785751956	LIMITED DYNAMIC IT	New Delhi, South Delhi, DL, A-31new Friends Colony	India
S3-558839316	Kestiq Síerra PLLC	0510 Harvest Lane, City Of Sun Prairie, Wisconsin	US
S3-357652944	Corp Blue Hair Studio	966 Amherst St, # Apartment 1, Buffalo, New York	US
S3-569074453	ટેક ઇન્ફ્રા	#304/B Silicon Valley, Ahmedabad, ગુજરાત	India
S3-851094908	आनंद फाइनेंस प्राइवेट लिमिटेड	401/A, Pearl Arcade, Opp. P.k. Jewellers, Dawood Baug Lane, Off J.p. Road, Andheri, (W), Mumbai, Mumbai City, महाराष्ट्र	India
S3-980943754	Urban Ice Créam Group	39 Evers St, Worcester, Massachusetts	US
S3-607581484	Transcontinental Enterprises Research	1 A Elwood Rd, Nothport, New York	US
S3-68577361	Lakshmi Power Private Ltd		India
S3-747192405	Vioquo Asocoiatidon Inc	9391 6500, Jennsen, Utah	US
S3-626182656	Mumbai (india) Ltd		India
S3-908031377	National  Initiative-Associates		US
S3-565228971	Ear Nose &-Throat Physicians of Nectar Uptown LLC	Nectar, Alabama, 0099 Old Walker Road	US
S3-704181251	Maison SASU Halal	63 Bd De La Liberte, Nantes	France
S3-25781028	Horizon & & Sons		India
S3-192752380	European Club Sa	No. 28 Cour2 Saint Louis, Bordeaux, Gironde	France
S3-68994896	American éngineering, Inc.	118 Lovell Road, Knoxville CITY, Tennessee	US
S3-337599615	Sarl Domicile Bureau Culturelle	1 Allee Des Merles, Lège-Cap-Ferret, Nouvelle-Aquitaine	France
S3-932309823	Ani Solutions Ventures Limited	No 2 Ajay Verma Singh S/o Ram Singh Majhila, Khudaganj, Shahjahanpur, UP	India
S3-145741151	Big Hotel LLP (Services)	No 22 Gajraj Chambers, 2B, Second Floor, 86 B/2 Topsia Road (South), Kolkata, Kolkata, Howrah, WB	India
S3-570297607	PK SAS  Section	Nº 12 R Du Bois De La Musse, Nantes, Pays de la Loire	France
S3-832202675	Fayequoyuma	35 RUE de Leyteire, Bordeaux, Nouvelle-Aquitaine	France
S3-390001605	Lehpad Institut	1 R. Des Frères Amieux, Nantes, Loire-Atlantique	France
S3-837277214	Anch0r Consumer LLC	1935 Willetts Bottom Road, Battletown, Kentucky	US
S3-692129290	Saint-Nazaire Club SA	No 48 R. Pierre Mendes France, Saint-nazaire, Pays de la Loire	France
S3-397138460	Vivre Élémentaire		France
S3-654026792	Danciens Jeunes EURL	N°10 Ave De Lorraie, La Baule Escoublac, Pays de la Loire	France
S3-939380894	Institut Saint-Combattants	147 Blvd De L'egalite, Calais, Hauts-de-France	France
S3-127124065	Diane Section	3 Avenue des Camélias Pyla, La Teste-de-Buch, Nouvelle-Aquitaine	France
S3-327336647	We Amicale (France) SCI	14 Rue Ganotis, Lille, Hauts-de-France	France
S3-927806573	Keloveo Sys fka Northern Cardiology	8323 Rogers Avenue, Fort Smith, AR	US
S3-270226549	AWA Amicale  SARL	37 Rue Fidele Lheoucq, Tourcoing, Nord	France
S3-757338991	Yumaxylo	Lille, Hauts-de-France, 76 Rue Meurein	France
S3-703690973	ZSZ Groupe	27 Rue Vcitor Hugo, Lille	France
S3-111243765	Pharmaceuticals Vanijya	Plot No. Fp 46/47, Food Park, Midc, Nagpur Region, महाराष्ट्र	India
S3-121077557	piedmontroyaltycarter.com	204B Three Springs Dr, Weirton, West Virginia	US
S3-606725174	Ventures Hazelwood Inc	597 Plymouth Dr, Youngstown, Ohio	US
S3-633227139	Hutchison & Hartt - 6583867449	3 Tramquill Avenue, Valley Cottage, New York	US
S3-453796982	D/P  Prudential Coastal	Bloomington, Minnesota, 2107 108nd Street	US
S3-832668222	Silver Book Store! Service	131st Ave, Eatonville, Washington	US
S3-592961641	Little Tavern Inc Center		US
S3-865418941	लक्ष्मी पावर प्राइवेट लिमिटेड	H. No. 825/2 Arihant Compund, Purna Village, Bhiwandi, Thane, MH	India
S3-775228413	Black Infra  Private		India
S3-373549383	Deleves  Sains SARL	Saint-nazaire, 2 Rue Auguste Comte, Loire-Atlantique	France
S3-734222856	Kreutzer Great Industria1 LLC #37774	Missouri, Ballwin, 333 Lindy Blvd	US
S3-392179879	Renouveau Sportive SARL	5 Rue D'inkermann, Roubaix, Nord	France
S3-985922627	Integrated Industrial Innovations LP	1804 Franklin Ave, Mount Vernon, Illinois	US
S3-744795041	Twisted Bistro Ltd	282. Church Street, Heppner, Oregon	US
S3-246046195	Maison Attitude Distribution SARL	N° 99 R Emile Fouracnd, Bordeaux	France
S3-45749805	MB	12 Place Bir Hakeim, Bordeaux, Nouvelle-Aquitaine	France
S3-605366976	Kestrel Arts Llc	Rodgers Rd, PMB 9353, Crossville, Tennessee	US
S3-153556776	Better Summit Factory	Antioch, 1028 1/2 Bradburn Village Dr, Tennessee	US
S3-147128661	Vantageciraxylo One	11 Avenue du Monument Salins, Lège-Cap-Ferret, Nouvelle-Aquitaine	France
S3-212447395	(Eurl) établissements Abracadabra	0015 Rue Clément, Bordeaux, Gironde	France
S3-382484528	Black Developers-Private Limited		India
S3-634234779	Union du Thaa	No 10 R. Des Canaris, Dunkerque, Nord	France
S3-571744402	Entre SAS Services		France
S3-685122262	Comité du 3eme	42 Boulevard Jean Moulin, Nantes, Loire-Atlantique	France
S3-318990425	Arihant Ifa  Pvt Ltd	Surat, GJ, 1 To 4 Blgd. A&b, Vadodara Region	India
S3-479355199	Eastem Pediatrics	Green St, Norfolk City, Virginia	US
S3-595821157	Center Union Local NO 590 Teamsters	Forest Lake, Minnesota, # Unit 202, 19830- Forest Road	US
S3-713913011	Eye Physicians Co	6021 Blackhawk Dr, Glendale, Arizona	US
S3-322658010	RQS	6 Passage du Bassin, Lège-Cap-Ferret, Nouvelle-Aquitaine	France
S3-100807562	La Baule-Escoublac Maison SAS	36 Avenue Marcel Rigaud, La Baule-escoublac	France
S3-143515034	Thomas Legacy Preferred Highland Inc	2227b 2290, Clinton, Utah	US
S3-339653649	Hunger Foundation	431 Harvest Circle, Vacaville Citty, California	US
S3-920053377	Ss Solutions Private Limited		India
S3-992166289	The Baumgartner Nippon, PLLC	15830 91st Way, Redmond, Washington	US
S3-651802402	Classic Mnaemectn	155 A Thikakeravadi Thikekaravadi Junnar, Pune, MH	India
S3-535432546	metropolitan payroll concepts, llc	Silsbee, 5612 Airline Rd, Texas	US
S3-990720022	Gsb Trading Group Private Ltd	H.no D/204 Utkarshnr Centre Point Sangrampura Ring Road, Surat, null, GJ	India
S3-625853073	મા મેનેજમેન્ટ પ્રાઇવેટ લિમિટેડ	D-402, Ahmedabad, GJ	India
S3-960443759	Pronvbte Lalit Cashew Limited	H.no.10-8-456, Hyderabad Urban, Hyderabad, TG	India
S3-54979889	Fortune Tradeiang Pvt. Ltd.		India
S3-731205337	Korbrixevo Co	17 Rue Etienne Larchey, Nantes, Pays de la Loire	France
S3-641621430	Ravinder Service	Hn 692 Off 2037 B Bhima Complex, Steel Market Kalamboli, Raigarh(mh), MH	India
S3-47338545	Dynamic  Financial Digital Corporation	#1832 Mission Rd, Vestavia Hills, Alabama	US
S3-289500945	Pvt Thrissur Advertising Ltd	Ix/638a, Panattuparambil Complex Irinjalakuda Road, Nandikkara Post, Thrissur, KL	India
S3-810803285	Est Ecole SAS Groupe		France
S3-68200053	Grant Veterinary Clic, LLC	178 Eigthh St, Unit 1, Leominster, Massachusetts	US
S3-54074563	Parker, Bryan & Blazer  Security Corp	2202 Cedar Crest Blvd, Dallas, Texas	US
S3-620167149	Bright Private Limited Services	Flat No.f-405, Nagpur, Nagpur Nandanvan, महाराष्ट्र	India
S3-308489748	SARL établissements Reagir	R Constant Guillou, Pornic	France
S3-850679233	Conaway Vance	3960-3964 Cactus Wren Dr, Washington, Arizona	US
S3-973847084	Pinnacle Hospitality Solutions Harbor	6293 Clydes Rd, Indianapolis, Indiana	US
S3-172630589	Tous Ecole Participations SA	13 Rue Jean Paul Sartre, Saint-herblain	France
S3-102222663	Fayehalobrix	G-1901, Kanakia Paris, F Block Bkc, Bandra East, Mumbai, Mumbai City, Maharashtra	India
S3-919303924	One Prime Constructions Private Ltd	Fl-003, G Floor, Bengal, Park Chambers, H/d Ltd., Deshbandhunagar, North 24 Parganas, WB	India
S3-658986153	Jai  Impex Private Enterprises		India
S3-285756444	Share Jeunes (France) Développement SAS	Loire-Atlantique, 156 Rue Arsene D' Arsonval, Saint-nazaire	France
S3-48972583	Internal Medicine Complete Gróup	11812 107th Avenue E, Collinsville, Oklahoma	US
S3-539357420	Primaire du Jeanne Cie	036 R. De La Passerelle, Tourcoing, Nord	France
S3-609519206	Sri Bharathi Snácks LLP	No 59 Joglekarwadi, Mumbai, MH	India
S3-995007254	Ets Lecole Sarl	18 Rue Planterose, Bordeaux	France
S3-578600025	Dermatology Specialists  Inc Trading		US
S3-691274968	பாரத் இன்டர்நேஷனல் பிரைவேட் லிமிடெட்	TN, 1-5/409, Sholinganallur	India
S3-754951591	Pegasus Trading	DL, J-99 Ashok Vihar, New Delhi, Divreportingcircle	India
S3-46248581	Jai-Imepx		India
S3-542136014	Xyloxylotavo	3428 Cr 2409, Barnsdall, Oklahoma	US
S3-166549411	Om Technology Enterprises		India
S3-937769861	Cercle  Culture		France
S3-599559355	Delta Inc Partners	82 Banton St, Channelview, Texas	US
S3-572675690	tourcoing ateliers sarl	82 R. Delespal, Roubaix	France
S3-964218669	Humanitair (France) SAS et Fils		France
S3-221820826	Association du Vie International	48 Rue Aristote, Calais, Hauts-de-France	France
S3-360640481	West Holding [Group]	110 Goldcrest Ln, Bozeman, Montana	US
S3-388753718	Megalith Resorts-Pvt  Ltd		India
S3-302275041	Chasse (France) Maison SARL	70 Rte Du Cap Ferret Grand Piquey, Lège Cap Ferret, Nouvelle-Aquitaine	France
S3-768848728	1851 Center Blvd Properties  Inc	265-269 Sexton Street, Struthers, Ohio	US
S3-620686912	DOWNING SERVICES	637-A Road 660, Dayton, Texas	US
S3-625135458	Comedia Pharmacie SARL	18 R. Du Marais, Dunkerque	France
S3-472235680	एस लॉजिस्टिक्स प्राइवेट लिमिटेड	No 216- 215/ 5786, NULL, Mumbai, Mumbai City, महाराष्ट्र	India
S3-634877900	ANMOL TYRES (INDIA) LIMITED	73/4, Dhamote, Tal Karjat, Raigarh, Plot 448 S No. 73/2, MH, Karjat	India
S3-208378583	#Mountainshreya	1023-C G St, San Bernardino, California	US
S3-486340937	Umbrasolavi	240 Rue Sainte-Catherine, Bordeaux, Nouvelle-Aquitaine	France
S3-318087414	DYNAMIC POWER PRIVATE LIMITED Enterprises		India
S3-362651226	Smt housingbrothers.com	हरियाणा, Om Shubham Plaza, Sector-16, No 132, Huda Market, Faridabad	India
S3-806314054	NATIONAL QUETTA	17817 Doc Bar Ave, Baton Rouge, Louisiana	US
S3-198967598	Zephari Coastal Malt	42307 Morning Glory Way, Maircopa, Arizona	US
S3-531944428	Retraite &  Fils	71 Rue Lucien Rambout, Dunkerque, Hauts-de-France	France
S3-227953508	Jumelage(France) Soins SARL	Dunkerque, #26 Rue De Tourcoing, Hauts-de-France	France
S3-490165349	Catholique Creatifs Soins S.A.	Lille, Hauts-de-France, 4 Rue Jules Guesde	France
S3-617316114	Ets  Rando SAS		France
S3-696556281	Gangesh Sérvices Pvt. Ltd.	Hn 950 G-1901, Mumbai, Bandra East, महाराष्ट्र	India
S3-506147610	Tri-5tate Heartland Imaging Corp	14725 99th St, Vanouver, Washington	US
S3-606986992	Trans Collectif	182 Passage De La Chataigneraie, Dunkerque, Hauts-de-France	France
S3-60952785	MAON METROPOLITAN PRINTING	13010 31st Ave, Lynnwood, Washington	US
S3-829173925	Silver Entbprrisones Pvt Ltd #6824	ಕರ್ನಾಟಕ, No.4 & 5, Bangalore, 5Th Cross, Old Bank Colony, Konanakunte, Bangalore	India
S3-57700422	Shree Oils	Hooghly, WB, No 3 C/o Soumik Laha, Goghat-ii, Shripur, Hugli	India
S3-651774368	Hunger  Foundation	431 Harvest Circle, Vacaville Citty, California	US
S3-989543070	Siddipet International (Limited)	Siddipet, Andhra Pradesh, Survey No- 39 And 206	India
S3-657456638	Lille Musique Distribution	34 R Du Leiutenant Princeteau, Lille	France
S3-822845755	Nantes  Amis SA		France
S3-552372722	Maha Infratech Private  Limited Center	Plno 16A Nirzar Soc Sno 19/1 Pl 20/A Nr Sangam Press Kothrud, Pune, MH	India
S3-183252478	First-Private Limited Center	H.no. E-7/641, First Floor Arera Colony, Bhopal, MP	India
S3-779749501	Club Du Sôc	2 Allée Lakanal, Saint-herblain	France
S3-497352152	Jain Builders  Private-Limited	5/10 Ashoka Road, Indrapuram Gzb. Ghaziabad, Ghaziabad, UP	India
S3-991216856	gymsportive.com	Rue Champlain, Bordeaux	France
S3-785287186	Honey Honey & Brothers-Pvt Ltd.	Monoranjan Mondal #00201 Nonakuri Kaktia Bazar, Tamluk, WB, Midnapore	India
S3-290459974	YN  Finance	76/77, Ludhiana, PB	India
S3-986938567	Lakshmi Exports Public Limited	Thane, Bldg G Wing 17 Floor, 1343, Delta Vrindavan Phase Ii, Mira Midc Road N H No 8 Dahisar Check Naka Mira Road E, MH, Thane	India
S3-522229348	foot & ankle ridge care central	117 Seminole, Unit 90, Louisburg Township, North Carolina	US
S3-551979578	जैन बिल्डर्स प्रोविजन प्राइवेट लिमिटेड	5/31 Ashoka Road, Indrapuram Gzb. Ghaziabad, Ghaziabad, UP	India
S3-64786149	Proprietaires & Çie SAS	5 Rue Des Pénitentes, Lille, Hauts-de-France	France
S3-211012406	SCI Nantes Culture	4 Pl Victor Mangin, Nantes, Loire-Atlantique	France
S3-404088941	BYH PREMIER LLC	##266 Shadowbrooke, TROY, Illinois	US
S3-238072877	Williams Optimal Industrials Co	6270 Tarci Joyce Ln, Alexandria, Virginia	US
S3-266388361	Cornerstone (Cbúh)	#4710 Greenwood Drive, # UNIT 3-4, Lynchubrg CITY, Virginia	US
S3-266762636	SCI ODM Foyer Distribution	No 22 Place Magellan, Saint-Herblain, Loire-Atlantique	France
S3-395488808	Jmx Àmis SAS	33 Cours D'albret, Bordeaux, Nouvelle-Aquitaine	France
S3-419406170	Kelorizaarc One	103 Tallman Street, Wildrose, ND	US
S3-382958813	JZU Societe Sarl	67 Rue D'allonville, Nantes, Pays de la Loire	France
S3-489194586	Nbn Médical Centre Ltd	Door No 16A Everest House46c J L Nehru Road, Kolkata, N/A, পশ্চিমবঙ্গ	India
S3-549967527	roubaixcentre.com	13 Rue De La Tour, Roubaix, Hauts-de-France	France
S3-916066234	economic development association Ventures		US
S3-669250138	Agg-Liability Limited	#326 69, MH, Mumbai City, Navi Mumbai	India
S3-800160801	Physical Therapy Inc [Center]	Pnietop, Arizona, 2946 Blue Lake Drive	US
S3-893350739	Shri Feathers Chand Private Limited Partners		India
S3-344913935	Xylobelo	No - 36/1 Opp.Abhang Mang, Karyalay Haveli Pune Dehu, Haveli, Pune, Maharashtra	India
S3-768910328	Shri Bright Services Private		India
S3-228300417	JSC Minerals	R/o.6-180/sa109, Flat No.102, Srujana Avenue, Road No.5, Ktr Colony, Nizampet, Quthbul, Lapur (M), Hyderabad, Rangareddy, తెలంగాణ	India
S3-584352259	Mother & Pártners Private Limited	No 998 1002, MH, Mumbai, Savannah Avalon, Makwana Road, Marol, Andheri East	India
S3-488035897	Heartland Federation of Boiling Spring Lakes Inc Trust	Windemere Drive, Southport, North Carolina	US
S3-748327149	Heritage Realty Partners		US
S3-863589870	Franken Safe Ltd Center	615 Spectator Avenue, Hyattsville, Maryland	US
S3-322612871	EP EHPAD SA	8 B Avenue De La Marne, Tourcoing, Nord	France
S3-512490002	Js + Brothers Brothers	Ed86 Sector D Scheme No94, Indore, MP	India
S3-550011827	Trusted Broadcast Worldwide  Valley LLC	02816 Hart St, Dyeer, Indiana	US
S3-376849054	The Bloch Modern Legato Inc.	Strawfield Lane, Fairfax County, Virginia	US
S3-483605677	WES  Cosnmiet	5 R Tom Souville, Calais, Hauts-de-France	France
S3-858152495	CC	5 Rue Galilée, Lille, Hauts-de-France	France
S3-256459395	Pharmacie De La Jean Enterprises		France
S3-249014765	1482broadwaystreet.com #55995	##406 3rd Avenue, Hettinger, North Dakota	US
S3-901789465	Solidaire Sante Sarl	63 Av Jean Jaures, Pessac	France
S3-313904716	Vemuri Educational Society Private Limited	15, Si Arra Degaul Avenue, Durgapur, Bardhaman, পশ্চিমবঙ্গ	India
S3-989663010	Onyxkelo DBA: Mid Chit Pvt. Ltd.	Maharashtra, Mumbai City, Mumbai, Sumer Kendra, Worli Globe Mills Upper Worli Pandurang Budhkar, 201	India
S3-536175618	Ziify Preferred Scuti Ínc	Mentor Avenue, Painesville City, Ohio	US
S3-610659872	Nuages Primaire E.U.R.L.	Calais, 93 R Voltaire, Hauts-de-France	France
S3-145680438	The Velez, Emmi, DMD, M.D., P.C.	1522 Vigilant St, Upland, California	US
S3-527528042	Global  Infotech	No. 7-11, 7Th Main Road, J.p. Nagar, 3Rd Phase, Bangalore South, Bangalore, KA	India
S3-39319075	Stark Brothers Exports Company	Block No.521, 237 Sadodayaplaza, Opp.mayo Hospital, Central Avenue Road, Nagpur, महाराष्ट्र	India
S3-910345378	Tourcoing Club SARL	146 R. De Courtrai, Tourcoing, Hauts-de-France	France
S3-578482908	Evolyra	165 Rue Paul Bellamy, Nantes, Pays de la Loire	France
S3-387723622	Upper Safe Sab	Michigan St, Oswego, Kansas	US
S3-496540366	bordeaux ecole	89 R. Malbec, Bordeaux	France
S3-309666301	BROWN, LOPEZ & HALLETT CO	Virginia, Newport News City, 511 Powellville Lane, # F	US
S3-281302586	Joli Mccardell Highland Architecture L.L.C.	Woodbridge, Virginia, 11549-11553 Bertram St	US
S3-952552486	hedda schreffler clear polska south	5 Stanton Court, <NULL>, Broonx, New York	US
S3-128967799	EURL KZK Club	Nouvelle-Aquitaine, 15 Bis Av De Verdun Cazaux, La Teste-de-Buch	France
S3-176896217	Comité du Team Participations	64 R Galilee, Loire-Atlantique, Nantes	France
S3-897778254	Great Cnosultancy Private Limited	#81 A Wing, Jaswanti, Allied Business Cente Kan, Mumbai, Malad West, महाराष्ट्र	India
S3-790733280	nantessportivesarl.com	008 Rue Alfredo Gomez Ollero, Appartement 204 Batiment C1, Nantes, Pays de la Loire	France
S3-986799699	Tennis Uni0n Distribution EURL	Nantes, Loire-Atlantique, 45 R. Henri Bertrand	France
S3-838503927	Établissements Nationale Distribution SAS	117 - Boulevsrd De Metz, Lille, Hauts-de-France	France
S3-823449575	Pediatric Clinic Dental of Tucson LLC	434 Cloumbia St, Tucson, Arizona	US
S3-787049357	Timber Vii Partners	#20329 416rd Street, Enumclaw, Washington	US
S3-958189106	10 Redonner Ehpad EI	56 R Achlle Testelin, Tourcoing, Hauts-de-France	France
S3-393567267	Maison Catch S.A.S.	92 Rue Des Chalâtres, Nantes, Pays de la Loire	France
S3-586450151	Manduel Prîmaire SA	N° 18 Av Pienre De Coubertin, St-nazaire, Loire-Atlantique	France
S3-457386817	Rajendra & Private Sons Limited	H. No. 6-3-596/103, Behind Taj Krishna, Adjacent Lane To Iipm, Hyderabad, TG	India
S3-102089261	Guru Industries Limited Service		India
S3-398865222	Public Surajmal Electronics Limited	Flat -177, Dwarka, New Delhi, DL	India
S3-508587547	ईस्ट इंटरनेशनल प्राइवेट लिमिटेड	Patna, BR, Gandhi Murti Compound Patel Nagar, Patna	India
S3-880464690	Private City Hardware Technology Limited	53-17-52/16/4. Near V. S. Krishna College, Maddilapalem, Visakhapatnam, TG	India
S3-975258969	Hari Consulting Limited Service		India
S3-288347170	Shri Jb Global Punmci Limited	Fl. A-2 -1101 Brookefield, Willows S No 6/1/14 And, Pune, Pune City, MH	India
S3-131480643	Christ Ministries Summit	1625 Sycamore Drive, Beavercreek, Ohio	US
S3-544784248	विजन इंफ्रास्ट्रक्चर हार्डवेयर	Mumbai, Mumbai City, H.no 16Rd Floor, MH	India
S3-208196455	Sri Nsd  (Foundation)	No ##580 Atal Bihari Bajpai, Ward 1 Sewai, Lucknow, UP	India
S3-340161390	Ace It प्राइवेट लिमिटेड	Utter Pradesh, #122-128 Nawab Yusuf Roadcivil Lines Allahabad, Allahabad, UP	India
S3-119070879	ऑल सर्विसेज Private Limited	5/A, Bldg. No. B, Shivsagar Society, Opp. Mulji Nagar, Off. S. V. Road, Boriv, Ali West, Mumbai, MH	India
S3-754798725	Push (France) Club	2 R Francois Couperin, Pessac, Gironde	France
S3-747503798	lslyceens.com	61 Rue Amédée Saint-germain, Bordeaux, Gironde	France
S3-413366021	ड्रीम इंफ्रास्ट्रक्चर प्राइवेट लिमिटेड	Chandrapur, Korpana, 49, महाराष्ट्र	India
S3-554799150	Sri Seven Tech-Pvt Ltd	C/o Mathew Mathew, Kannur, KL	India
S3-578442127	Solutions Dasaprakash Construction Pvt.	Flt No.g-2, Nagpur, MH	India
S3-741900708	Saint-Herblain Compagnie SARL	6B Avenue De Langeais, Saint-herblain	France
S3-45832723	Jrt Amicale SAS	35 R Paul Doumer, Dunkerque	France
S3-502423808	Fédération De  Departementale France	161 Boulevard La Fayette, Calais	France
S3-189510333	Arcfayebelox aka N 6 Apex Berkley LLC	1500 Dun Loggin Drive, Mckinney, TX	US
S3-103483012	India Scholar Paper Overseas Private-Ltd	Door No 5 Hotel Beach Garden Juhu Beachjuhu, Mumbai, MH	India
S3-246460902	Hotel Software Limited Private		India
S3-163462951	Photographie Culturelle Sàrl	11 - Allée Blaise Cendrars, Saint-nazaire, Loire-Atlantique	France
S3-106698477	Établissements Sauce SAS	34 Rue De La Halle, Lille, Hauts-de-France	France
S3-483518149	RP	A 703 Karam Hi Dharam Apartments Sector 55 Plot Number 84, Gurgaon, Haryana	India
S3-320788820	Democratie France Groupe	34 Rue Poyenne, Bordeaux, Gironde	France
S3-242933940	Colin Sânte SARL	19 Rue De La Birochere, Pornic, Loire-Atlantique	France
S3-505316800	Nantes Primaire SA		France
S3-377863355	MS	26 R. Leon Jamin, Nantes	France
S3-120958890	Big Hypnosis! Metro	612 Arlington Ave, Springfield, Ohio	US
S3-112353795	സ്റ്റാർ സൗത്ത് കൺസൾട്ടിംഗ് പ്രൈവറ്റ് ലിമിറ്റഡ്	Kp.4/74.j, KL, Second Floor, Vallathaipara Juma Masjid, Kozhikode, Manassery, Calicut Dist, Kerala	India
S3-949066982	Comité Petanque  Groupe	056 Rue De Doumerc, Bordeaux	France
S3-775638250	4206 Church Avenue Associates Holdings	1836 East Ridge Dr, Montgomery County, Virginia	US
S3-52715742	Communaute Souverain Amis (SARL)	18 Rue Nuyens, 33100 Bordeaux, Bordeaux	France
S3-976966233	Union du Defense SCI	No 3 R. Du Mascaret, Bordeaux	France
S3-117024088	Ets Clos SARL	12 R De Floride, Nantes, Loire-Atlantique	France
S3-319115143	Services Peniche SCI	Loire-Atlantique, Nantes, 21 Bis Rue Du Fresche Blanc	France
S3-901473834	Subal  & Brothers LLP	Flat F7, Plot 54&55, Sy.no 60/B, Kompally Dundigal-gandimaisamma, Medchalmalkajgiri, Hyderabad, TG	India
S3-749866752	Irby, Omrmcstcon & Orama Rush West (Inc)	49 Bridle Lane, Stoefort CITY, Illinois	US
S3-478140907	francoparentssas.com	4 - R. De Lacanau, Bordeaux	France
S3-667154527	Blin Çentre EURL	50 Rue Ferdinand Alexandre Boutillier, Saint-herblain, Pays de la Loire	France
S3-111329129	Ardyth Garcia Vanguard	14013 5th Pl, Everett, Washington	US
S3-237267753	1541 Lexington Plaza Owners Corp	1 State Street, Dover, Delaware	US
S3-295920143	Marylin'S Clear System Corp	280B Twin Creeks Drive, Auburn Twp, Ohio	US
S3-117506531	A Cure 4 All Holdings	5356-5360 Holmes St, Kansas City, Missouri	US
S3-513601788	White  Forms (India)-Co	Flat No G-103 1St Floor Ankesh Complex Appt Mahilla Collage Road, Patna, BR	India
S3-146292872	Realtydigital.Com	331 Bay Dr, KILL DEIL Hills, North Carolina	US
S3-587720098	Metropolitan Pdistaridcs		US
S3-160335665	Anish Projectsprivate Private	Fl No A 501 Sr No 2/2/2 Shree Samarth Comples Dhayari, Pune, MH	India
S3-739303927	Roubaix EURL Cie	25 Rue Saint-joseph, Roubaix, Hauts-de-France	France
S3-294765777	Trusted Laboratories Mortgage	6428 Cordelia Road, Williamsurg, Virginia	US
S3-711134279	TGO Petrloeum	420 5 South Hill Road, Sunnside, Washington	US
S3-562755007	Orbium Live L.L.C.	6435 Todd Dr, Burlington, Kentucky	US
S3-60949219	Pedagogie EURL Développement	2bis Boulevard De Chantunay, Nantes, Pays de la Loire	France
S3-15348231	Internal Medicine Complete LLC	11812 107th Ave E, Collinsville, Oklahoma	US
S3-347237195	Sri Jhs Trading [Overseas]	118 Champaklal Ind Estatekoliwada Road Sion (E), Mumbai, MH	India
S3-501301442	Star Global Private		India
S3-815124736	Route Amis S.A.S.U.	1 Bd De La Liberte, Lille	France
S3-74118751	Saint-Herblain Primaire S.A.S		France
S3-270047869	Belonylalyra	Nº 53 R Galilee, Nantes, Pays de la Loire	France
S3-410205445	Nexzeph	1 Rue de Casablanca, Calais, Hauts-de-France	France
S3-144337170	vanguard foundation	Bombay, Mumbai City, Fl A1403 Pl 14/15 Sec 29C Yashodeep Heights Ghansoli, MH	India
S3-857103920	will societe sarl	Rue Saint Vincent, Nantes	France
S3-544036410	Établissements Nou Développement SARL	28 R Du Transvaal, Pessac, Nouvelle-Aquitaine	France
S3-378786381	Everest Valley ínc		US
S3-974888927	Zetakelox	Pays de la Loire, La Baule-Escoublac, 2 Avenue des Ibis	France
S3-762568613	silver enterprises limited		India
S3-632738367	L.L.P. Evince Wine	B-5, Patna, BR	India
S3-722134936	Private East Midnapore Jaivik Ltd	Kashberia, Bardhanyaghata Debhog, Haldia, Midnapore, East Midnapore, WB	India
S3-713640042	EURL South Àmis France	30 Rue Delphni Petit, 447 Charles Delaleu, Lille, Nord	France
S3-455968309	American Global INC	190 Fahi Pond Road, Anson, Maine	US
S3-656764707	T+ Tríumph [Inc]	##6417 Gainsborough Road, Floor 1, Scottsdale, Arizona	US
S3-603776059	Alpha Services Textiles Pvt Ltd	C 358 Basement, DL, South Delhi, New Delhi	India
S3-577814081	laxmi builders restaurant llp	Nagpur, Plot No. 14 Taj Nagar, Nagpur, MH	India
S3-510902889	Pediatric Health Center Corporation	23611 49th Ave, Woodinville, Washington	US
S3-265768018	M & & W Tower Metro LP	3529 Go Thatta Way, North POLE, Alaska	US
S3-701284529	VISITE SAINT CLINIQUE	#61 R De Lyon, Lille	France
S3-710740616	Cardiology Care  LLC		US
S3-883149595	Montfortoise & Frères SAS	Lille, Hauts-de-France, 855 Av. De Dunkerque	France
S3-897046100	premieramicalesci.com	Nouvelle-Aquitaine, Rue Du Pin Vert, Pessac	France
S3-410262400	Parcel Trading	A21 B, Ricco Ia, Behror, Alwar, राजस्थान	India
S3-963964381	गोल्डन कंसल्टेंट्स प्रा. लि.	West Delhi, #51-A, New Delhi, दिल्ली	India
S3-4767769	Cannon, Dora Arch Llc	7727 Maple Road, Van Buren, New York	US
S3-714712352	Associated At Ptrivte Limited	1/293., Saket Nagar, Beawar, Ajmer, RJ	India
S3-714025493	Shiva Engineering Private Ltd	H No -5-101/1, Vivekananda Nagar Colony, Tirumalagiri, Hyderabad, Andhra Pradesh	India
S3-868718579	SARL BORDEAUX ECOLE	317 - Imp Faure, Bordeaux	France
S3-394633569	Rizakelodrex D.B.A. Us Sante EURL	Hauts-de-France, 31 Rue Ternaux, Roubaix	France
S3-993610633	Regal Goat Limited Services	Hn 451 S No. 77/4, Flat No 1008, Elena Homes, Haveli, Gahunje, महाराष्ट्र	India
S3-200350581	Caldelyx Liberty	302 Winter Street, Unit 25, Hanover, Massachusetts	US
S3-804308149	Soljax aka Gray and Graham	357 Locust Grove Road, Shelbyville, KY	US
S3-3085635	Superior Hospitality Services Enterprises		US
S3-772439634	La1atech Communications  LLC	407 2th Ave, Siler City, North Carolina	US
S3-16280071	ESM	22 Rte. De L'océan, Saint-Nazaire, Loire-Atlantique	France
S3-476444771	Mackenzie Apollo Elite	Asheville, 9 Kenilworh Knolls, North Carolina, # 424	US
S3-805518648	École màternelle Sainte Notre		France
S3-664099432	MG Club  SAS	29 Route De Bordeaux, Lège-cap-ferret, Gironde	France
S3-120807655	M/s aniketprotech.com	Smt Jira Devi, W/o Prameshwar Yadav Unta Madarpur, Jehanabad, BR	India
S3-241909973	బిగ్ సాఫ్ట్‌వేర్ ప్రైవేట్ లిమిటెడ్	D #204 Lotus Homes, NULL, Hyderabad, TG	India
S3-473184073	Club Pedagogique des	33 Bis Rue Marguerite Yourcenar, Calais, Pas-de-Calais	France
S3-510148500	India HCS Multi CO	No.1664 K.no-3716/1664, Hsr L/o 2Nd Sector, Bangalore, Bangalore South, KA	India
S3-213539766	Lakshmi Products Prívate	7-3740, Opp. Alankar Lodge, Navi Peth, Ahmednagar, Ahmednagar, MH	India
S3-391002942	EHPAD du  Laurhnt France	13 Bis R. Du Virolois, Tourcoing	France
S3-473936142	Batavia  Cultural All	1107 Wilson Saint, Batavia, Illinois	US
S3-439796760	Bordeaux Institut	11 - R. Andre Caverne, Bordeaux, Gironde	France
S3-238543954	Miss Societe (France) Développement SAS	34 Bis Rue Des Boyens, La Teste-de-buch, Gironde	France
S3-522441223	Sri Modi Insia		India
S3-555422400	Creative Industries Ltd	Plot A-250 D-11/42 Sector-8, North West, Delhi Prashant Vihar, दिल्ली	India
S3-429050204	Maison Albigny Groupe SARL	N° 6 Place Bir Hakeim, Bordeaux, Nouvelle-Aquitaine	France
S3-786238287	Vishwanath Land [Corp]	A.a, -Iid, New Town, Howrah, Plot No. Iid/31/1 Street No.1111 (Major Arterial Road), পশ্চিমবঙ্গ, Kolkata	India
S3-850688708	Ptits Amicale		France
S3-510587378	Bordeaux Immbiliene Holding SARL	36 Pl Pey-berland, Service Formation Continue Du College Dspeg Universite De Bordeaux, Gironde, Bordeaux	France
S3-389919690	Entraide Comite  SASU	Gironde, 6 All Citronnelle, Merignac	France
S3-603590609	Ets 205 EI	75 Rue De L'abbaye, Nantes	France
S3-267117092	Shri Shyam Infrastructure		India
S3-22571472	Gym Fetes EURL	21 Rue Du Beau Laurier, Tourcoing, Nord	France
S3-678709036	Moye & Batn Developments LLC	778 Arbury Ave, North Canton, Ohio	US
S3-936269948	HU-Media Private Limited	0011, Gf, Kailash Hills, East Of Kailash, Sriniwaspuri, South Delhi, Delhi, South Delhi, दिल्ली	India
S3-677884527	Orbicalolum formerly Ariela Stevens Dynamic Roman LLC	5400 Florida Boulevard, Baton Rouge City, LA	US
S3-665527562	Krishna Services Enterprises		India
S3-716012599	S.C.I. Saint-Nazaire Gestion	(2) Rue Micnel De Montaigne, Saint-Nazaire, Pays de la Loire	France
S3-617941124	Sree & Brothers Pvt. Limited	E-##17/4 Budh Vihar Behind Dharamveer Market Badarpur, New Delhi, South Delhi, DL	India
S3-960844172	Mr Bsl Corporation Center	C/o. Aero Agro Chemical Industries Ltd, Kolkata, Howrah, WB	India
S3-623697806	Prudence Reed Diversified  [LLC] #18408	1230 Oak Ridge Road, Buchanan, Virginia	US
S3-390036469	Litchfield Coastal Wells	501 Maple Street, # Apt 419, Fayetteville, Arkansas	US
S3-624640220	Maid Tavorn	581 State Fair Blvd, Geddes, New York	US
S3-713860740	foxgrandcollective.com	72 MM I840, Lebanon, Tennessee	US
S3-482584998	Terres Boule Services Participations	#14 Rue Des Cigognes, Dunkerque, Nord	France
S3-278507380	Ujjwala Trading	Kh No-022/12, North East Delhi, DL	India
S3-295983524	Bordeaux Ecole SARL	8 Impasse Faure, Bordeaux, Gironde	France
S3-574190388	Advait Solutions Private Limited Center	Off-501, Aditya Banarasi Heritage, Nr. Chincholi Bunder Road, Malad West, Mumbai City, Bombay, महाराष्ट्र	India
S3-843629438	*** Minda's American Cleaning Service [Ltd]	17778 Larchmont Terrace, Gaithersburg, Maryland	US
S3-896530429	Sourire Centre Groupe SAS	26 Av Du Haut Lévèque, Pessac, Nouvelle-Aquitaine	France
S3-737048765	West & Cie [S.A.S.]	No 61 R. Ernest Reean, Bordeaux, Nouvelle-Aquitaine	France
S3-186671034	French Ecole Sas		France
S3-757133886	Dr Ready Design LLP	Raviraj Flat No 76Malavia Road Vile Parle East, Mumbai, MH	India
S3-415023937	Interventions Hells	28 R Pierre De Guethem, Tourcoing	France
S3-738658501	Federal Managers  Ltd	1320 Stark District Rd, Saintjohnsbury, Vermont	US
S3-865966858	Transparence SARL France	2 Pl Genevieres, Lille, Hauts-de-France	France
S3-420842480	Cornerstone Genomic Global Llc	483 Hess Avenue, Coolidge, Arizona	US
S3-861594450	Calais SAS Cie		France
S3-546334797	Falcon's Properties Corp.	7682 Buckthorn Way, Portland CITY, Oregon	US
S3-57046876	6uerrero Ramaco LLC	Anahuac, 951. Willcox Street, Texas	US
S3-631723590	इंटरनेशनल बिल्डर्स लिमिटेड	Central Delhi, Dor No 15Th/6 Floor, DL	India
S3-218937657	Tressa Wright,-Esq.	0204 Matthews Dr, Holly Springs, North Carolina	US
S3-497111581	Pcr (India) Agroforestry Prhilate Limited	309, Radha Swami Samyak, Nr. Jk Light, Lambhvel Rd, Anand, GJ	India
S3-298653897	Nantes Residence Enterprises		France
S3-205504337	Direct &		France
S3-378635708	Collectiveprecisioncloud.Com	Wisconsin, 7475 County Road L, Solon Springs Toownship	US
S3-242035404	Children's Corp Center	3613 Tyson Place, Albuquerque, New Mexico	US
S3-759889866	Bhanu (India) (findgi) Pvt Ltd	#87/D/1 Ibrahimpur Road Top Floor, WB, Kolkkata	India
S3-780957596	Pediatric Health Inc Center		US
S3-692540281	Club du Defense		France
S3-568372982	Tourcoing Jeunes SA	24 Rue Du Docteur Schweitzer, Tourcoing, Nord	France
S3-388722262	પાયોનિયર મોડર્ન કન્સલ્ટન્સી પ્રાઇવેટ લિમિટેડ	Shop Ff 52, Vadodara, ગુજરાત	India
S3-659491462	Halovioriza	Calais, Hauts-de-France, 130 Boulevard Léon Gambetta	France
S3-104321268	Locataires Pharmacie SARL Et Fils		France
S3-627062584	Gwalior Estates Private Limited	No 055 Udaygiri Apartment, Gwalior, MP	India
S3-344214847	सनराइज बॉम्बे एनर्जी एलएलपी	Flat No. 71A, Lp Block Maurya Enclave, Pitampura, DL	India
S3-559934020	Lane Co Assets	23949 Skyview Ln, Rogers, Minnesota	US
S3-403285751	Ltd Gurukul Science Industries Pvt Service	H.no D/175 Mig-23, H-1, Chak Nauniya, Ada Colony Naini, Allahabad, Prayagraj, उत्तर प्रदेश	India
S3-298290331	Shana Hughes-Cascade Universal Inc		US
S3-197087833	Biseva	5505 Chester Lane, Indianapolis, Indiana	US
S3-991570042	Wise Vidyalaya [Ventures]	No 16/289F, Karuvankunnu, Mukundapuram, Thrissur, KL	India
S3-758297608	Chasse Centre	474 R Du Brun Pain, Tourcoing	France
S3-15096585	K/P Alpex	#607 23rd Saint, PMB 1055, Washington, District of Columbia	US
S3-292543972	AR Prïmaire SASU		France
S3-822538452	Pearson Holding,	519 Cynwyd Cir, Lower Merion Township, Pennsylvania	US
S3-445135817	Comité du Accueil SCI	137 Rue Pierre Mauroy, Lille	France
S3-223493141	Empire Fellowship Partners	11901 Main Street, # STE 124, Fredericksburg CITY, Virginia	US
S3-987641635	Fayezeph	99 Rue Eugène Dumez, Dunkerque, Hauts-de-France	France
S3-589213751	Dray Cshrery	108 Hwy 71, Huntington, Arkansas	US
S3-705038327	6haziabad Corp (Services)	Ug -#101, Ghaziabad, Plot No -169 Gyan Khand -4, Indra Puram, उत्तर प्रदेश	India
S3-365298043	EURL Gym College	21 Rue Du Beau Laurier, Tourcoing, Nord	France
S3-214648354	Cercle CLUB SCI	Nº 29 Ave Rogur Cohe, Pessac, Nouvelle-Aquitaine	France
S3-87081184	M/s South Gbsal Limited		India
S3-59852088	98 Comite (France) SCI	13 Allée De Montréal, Pessac, Nouvelle-Aquitaine	France
S3-75290773	Uaa Pharmacie		France
S3-97328170	आनंद फाइनेंस प्राइवेट लिमिटेड	401/A, Mumbai, Mumbai City, MH	India
S3-574749112	Baglamukhi Corp-Center		India
S3-843866829	Mumbai Pvt Ltd  Service	Crasto Bldg Ii Floor294 Dr C H Street Marine Lines, Greater Mumbai, Mumbai, MH	India
S3-205151463	Fédération du Rover		France
S3-518671372	Bright Services Solutions (Private)	No 135, Annai Indira Nagar, Mettu Annex Road Puthagaram Surapet, Madras, Chennai, தமிழ்நாடு	India
S3-118664010	Reseau (France) Maison SAS	34 All. Des Seychelles, Pessac, Gironde	France
S3-499650659	Urgent Care  Complete Group	Illinois, Tinley Park, 8341 Amberly Court	US
S3-645979069	Comité du Agence	101 R Paul Machy, Dunkerque, Hauts-de-France	France
S3-791580053	SL	6 R Pierre Waldeck-rousseau, Saint-Nazaire, Pays de la Loire	France
S3-267328461	Modi Enterprises Prívate Limited	Flat No D/86 Plot No 36 Ajanta Cghs Patpar Ganj Delhi, East Delhi, Delhi, DL	India
S3-772435459	City Of Waukesha Interfaith Federation	407 Sheffield Rd, NULL, City Of Waukesha, Wisconsin	US
S3-9779924	Mr Medley Traders Limited	Door No 51 C/o Bashir, NULL, Meerut, UP	India
S3-641397284	Kannan Buildwell Pvt (Ltd)	69, Thrissur, കേരളം	India
S3-711894572	pzagro.com	Villa No 34 Lane 1 Mayfair Villas, Hyderabad Urban, Hyderabad, TG	India
S3-132011909	AJ Ecole [Sarl]	6 Allée Anne Pgeau, Nantes, Loire-Atlantique	France
S3-439494185	Innovative Renewable Group	#2819 Shartle St, Middletown, Ohio	US
S3-762251841	Aakriti Heaven (Indi)a Private Limited	Door No 42, Satana, Nashik, MH	India
S3-740447837	Big Software Motors Private Limited	తెలంగాణ, Hyderabad, Hyd, D 213 Lotus Homes	India
S3-142512037	Sa Lille Primaire	23 Jetée De La Gare D'eau, Lille, Hauts-de-France	France
S3-838374806	PORNIC COMITE SCI	42 Impasse Herbette, Pornic, Pays de la Loire	France
S3-322646449	Club Defense SARL	37 Route De Bordeaux, Lège-cap-ferret, Nouvelle-Aquitaine	France
S3-758623002	Juris & Frèrés SAS	5 R Roger Salengro, Dunkerque	France
S3-102046420	Super-Private Limited Center		India
S3-607702679	Fédération de Lamitie EURL	52 Boulevard De Belfort, Lille, Nord	France
S3-743817269	Pole du Comité Groupe	9 Imp Des Lavandieres, Pornic, Pays de la Loire	France
S3-920966734	Hibbert + Sblegrkman LLC	447 Vanderbilt Rd, PMB 5241, Asheville, North Carolina	US
S3-19197929	Township Of Harbor Corp	3988 Rd 117, N/A, Haviland, Ohio	US
S3-525958453	Subal & Brothers Pvt	Fat F##4, Hyderabad, తెలంగాణ	India
S3-999600179	Catarina H-Mason, CPA, MD, PC	10 Deercrest Ln, LAG Range CDP, Illinois	US
S3-992384738	Centre Hospitalier Saint  Martin Distribution	10 R De La Tranquillite, Tourcoing, Nord	France
S3-754009762	Vedanshi-Phaema LLP		India
S3-878401716	SARL Bordeaux Conseil	021 R Etienne Dupeart, Bordeaux, Nouvelle-Aquitaine	France
S3-832516784	Centre Médical Groupe Eseocae du	Nº 6 R Des Bigarreaux, Pornic, Pays de la Loire	France
S3-900480000	Gymnastique SARL Service	64 Allée Des Peupliers, Bordeaux, Gironde	France
S3-650784643	TC	29 Rue Des Bleuets, Bordeaux, Nouvelle-Aquitaine	France
S3-382827687	Vn Power (India) Ltd Pvt	No. 358 A-ii-72, null, New Delhi, South Delhi, दिल्ली	India
S3-201348854	SARL Ets Lecole Participations	20 Rue Plantreose, Bordeaux	France
S3-709639074	WV SARL-Services		France
S3-499033111	Saisons Fetes SARL	35 Pl Jean Bart, Grand Morien, Hauts-de-France, Dunkerque	France
S3-437532164	UNITED SILVER APEX INC	4675 Ridgecrest Dr, Springfield, Missouri	US
S3-789511656	Holdings Womens Health Specialists	1125 River Road, Grandyle Village, New York	US
S3-841003896	Allen Chicago Co.	1501 Stolle Road, Elma, New York	US
S3-512956194	@Kvhealthcare	A/12 A, Vadodara, GJ	India
S3-919696942	sas pornic ecole	40 Rue De Bellevue, Pornic	France
S3-360891216	Bordeaux Club EURL	221 Rue Mouneyra, Bordeaux, Gironde	France
S3-755558273	Barksdale Consultants  LLC	1015 Kite Rd, Mineral Wells, Texas	US
S3-857376838	Sri Bigway Educational Society Industries	211, N/A, East Delhi, Preet Vihar, DL	India
S3-580957642	Pixel-Marketing	No 2-0M G Marg Allahabad, Uttar Pradesh, Allahabad, UP	India
S3-141570587	Comité Du Low & Associés	38 Boulevard De La Solidarité, Nantes, Pays de la Loire	France
S3-131632239	Jardins Union	18 Bis Rue De Valmy, Lille, Hauts-de-France	France
S3-399774112	Rajalakshmi Technologies (India) Exports Ltd	KL, Thrissur, Room No 10/619St Louis Commercial Complex Church Circle Erinjery Angadi	India
S3-251319589	... Sterling 8éacon Acadia	6972 Bushy Tail Lane, San Tan Valley, Arizona	US
S3-652158214	Zlabcia Lab Holdings	Mountain Home, 2358 Baxter Coutny 57 Road, Arkansas	US
S3-324398787	Lepanouissement Jeunesse Parents Participations	(35) R. Tourat, Bordeaux	France
S3-32440543	EHPAD de Combat	22 Rue Du Docteur Verhaeghe, Lille, Nord	France
S3-427804195	எஸ்எஸ் செவன் சொல்யூஷன்ஸ் லிமிடெட்	Shakthi Towers, Chennai, TN	India
S3-839256536	Rural  Amicale SCI	#25 R Des Roitelets, Lege-cap-ferret	France
S3-112879506	Family	2301 Bradley Ave, Unit 309, Louisville, KY	US
S3-430668127	Foot & Amnkle Specialists		US
S3-110718085	சுப்ரீம் கன்ஸ்ட்ரக்ஷன் நகைக்கடை எல்எல்பி	No.##118 G.a Pammal Main Road, N/A, Pammal, Chennai, தமிழ்நாடு	India
S3-852474065	Koryuma fka Ear Nose & Throat Star Partners Partners	2621 Enchanted Hills Drive, Tucson, AZ	US
S3-629000793	Synaria Sys DBA PK Section SAS	Nantes, Pays de la Loire, 12 Rue du Bois de la Musse	France
S3-571130736	VENTURES VMR PROPERTIES	No 44 Ahilya Nagar Extension, Scheme Number 97 Part 4, Main Service Road, Indore Region, Indore, मध्य प्रदेश	India
S3-123220028	Sarasan Foundation Private [Limited]		India
S3-496862697	Comité  des Montoise	N° 87 R. Baptiste Marcet, Nantes, Pays de la Loire	France
S3-270661643	Sky Hari Products Private  Limited	Door No 3481, 3Rd Floor, Gali No.80 Block-e-ii, Molarband Extn., Badarpur, Badarpur, New Delhi, DL	India
S3-619063805	Sai North Consultants Private  Limited	Shabari Cottons Private Limited Door No Ep-1 524F Po. Attadappa, Kannur, Taluk, Kannur, Keralam	India
S3-358606510	Frontier Holdings Group LLC	45 Craig Dr, # L5, West Springfield, Massachusetts	US
S3-104479120	Investigation Amis	15 Rue Nungesser, Pessac, Gironde	France
S3-584666634	Lecole  Centre SNC	Hauts-de-France, Dunkerque, 18 R Du Général De Gaulle	France
S3-476686227	Lille SARL Culturelle	Nord, 50 R Edouard Vaillant, Lille	France
S3-784164872	Foundation Ann Ventures Private	H No 1-98-9-12/A/1, Flat No 205, Jubilee Cyber Grand, Hyderabad, Shaikpet, TG	India
S3-237789589	Deleves Centre (France)	00170 Rue Des Cinq Voies, Tourcoing, Hauts-de-France	France
S3-251460040	Hitech Services Private Ltd		India
S3-916789201	Pessac Çentre SARL	34 Rue De Romainville, Pessac, Gironde	France
S3-173243282	LLC Chiropractic Midwest Medicine East	623 Pershing Avenue, NULL, Downers Grove, Illinois	US
S3-82285556	1983 First Avenue Company Inc	4414 Sandtsone Drive, City Of Janesville, Wisconsin	US
S3-802750564	Table Çlub SAS	83 Avenue Léon Blum, Pessac, Nouvelle-Aquitaine	France
S3-364447113	Perfect It Private Ltd		India
S3-997468632	South Builders Private  Limited	Tapas Kumar Das, Rajpura P.o -Rakhajungle, Kharagpur, Midnapore, Medinipur, WB	India
S3-999938837	Collective Sons (India) Private Limited	15-14-25/F Gf 110, Pravallika Residency, Krishna Nagar, Visakhapatnam (Urban), Visakhapatnam, Vishakhapatnam, AP	India
S3-11974899	Établissements Lèts SCI	19 Rue De Roncq, Tourcoing, Nord	France
S3-306399581	Street Amicale	46 Chemin Des Mules, Loire-Atlantique, La Baule-escoublac	France
S3-90214732	Dora Cainon Arch Ltd	7738 Maple Rd, Van Buren, New York	US
S3-865318674	JN LAND Private Limited (ID: 11620)	1243/48 B, E Ward, Shivaji Udyamnagar, Kolhapur, महाराष्ट्र	India
S3-549121261	SARL Nantes Mnusiie	R Du Colonel Desgrees Du Lou, Nantes, Pays de la Loire	France
S3-911122578	giono union eurl	27 R Snte Garibaldi, Bordeaux, Nouvelle-Aquitaine	France
S3-630361722	@Empathy		India
S3-189870065	ZU Amitsfeh France SARL	27 Rue Teulere, Bordeaux, Gironde	France
S3-406251760	Maison Tribus Holding	214 R. De Bègles, Nouvelle-Aquitaine, Bordeaux	France
S3-756786199	Cercle (France) College	67 Avenue Aristide Briand, Mérignac	France
S3-878638664	Arunacha1am Co +	Office209 Mj Complex Buil, D No3 Veer Savarkar Block, New Delhi, DL	India
S3-695355269	QPA Fine Ventures	#192/202, First Floor, Annur Road, Nadur, Coimbatore, Mettupalayam, தமிழ்நாடு	India
S3-353004251	நார்த் இன்ஃப்ராஸ்ட்ரக்சர் பிரைவேட் லிமிடெட்	Iv Street, Anna Nagar West Extension, Anna Nagar West Extension, 728, TN, Chennai - 600 101.	India
S3-883270800	Ela Autolink Industries LLP	Door No 312, Bldg No 1, Asha Park Pandurang Wadi, Dombivli, Dombivli, Thane, महाराष्ट्र	India
S3-663946293	Cardiology Caene LLC	535 1/2 Shearers Road, # 106, Mooresville, North Carolina	US
S3-473521523	अर्बन डेवलपर्स प्रा. लि.	Vill- Tarchha Post- Kanaila, Azamgarh, UP	India
S3-315513558	@kolkataagriculture	Fc 8-102 Salt Lake P S Bidhannagar, North 24 Parganas, Sector V Salt Lake, WB	India
S3-614759169	Collectif Sainte Creusot	0031 Avenue Des Chevreuils, Lege-cap-ferret	France
S3-22126184	Aarvanth India Pvt Ltd.	L-56, Mumbai, MH	India
S3-258718850	Dr Kdvidyalaya.Com	21 Jia Sarai, Near Iithauz Khas, New Delhi, दिल्ली	India
S3-67798388	Jardins Union SARL	18 Bis Rue De Valmy, Palais Des Beaux-arts De Lille, Lille, Hauts-de-France	France
S3-637742401	G1ad Hitepal	261 Sh-106, N/A, Mumbai, Mumbai City, MH	India
S3-143769230	Signature Group Diagnostic	105 Woodlawn Avenue, Yonkers, New York	US
S3-345534908	Kordovanyla a/k/a M R Montgomery Fortress	AL, 118 Manor Drive, Madison	US
S3-573442319	Yash & Associates Holdings Pvt Limited	No 177 Janki Nagar, Pipala Road, Nagpur, MH	India
S3-246630341	Association Des éspoir	No 8 R Colbert, Calais, Hauts-de-France	France
S3-602597893	Bright Medical Brands  [LLC]	W417 Haddick Rd, Town Of Gull Lake, Wisconsin	US
S3-152038443	Bloch Modern Legato Legato #71373	721 Strawfield Ln, Fairfax County, Virginia	US
S3-995053642	CMJ	Pessac, 18 Ter Av Du Port Aerien	France
S3-236574933	Ltd Pediatric Dentistry Group Of Town Of Eldorado	W7942 N, Town Of Eldorado, Wisconsin	US
S3-441592933	Maha Enterprises Private		India
S3-726470940	Lippman Perfect Partners	Illinois, Chicago, 426. 74st St	US
S3-919628538	Arts Gd	316-A 8th Street, Fl. 0, Grants Pass, Oregon	US
S3-301914325	D K & Q Gamco	94 Taylor Rd, Stoneville, North Carolina	US
S3-517475011	associationdesgap.com	45 Rue Duguay Trouin, Calais, Pas-de-Calais	France
S3-9652756	Benjamin Chicago Harbor Inc	24 Cotton Drive, Mansfield, Texas	US
S3-81637401	Nagin Plast Limited Private	H. No.1-12-162/10/s6 Temple Alwal, Andhra Pradesh, Hyderabad	India
S3-104364608	HY Colombier	1818 Badaer Lane, Town Of Monroe, Wisconsin	US
S3-682364671	Comite Sainte Lyceens	62 Rue Amédée Saint-germain, Bordeaux, Gironde	France
S3-993780948	Lart Sante (France) Sarl		France
S3-766874338	Dynamic Digital		US
S3-769820927	Custom-Electronics Advisors (LLC)	Glenpool, # Apartment 312, Oklahoma, 14900 Broadway Street	US
S3-762419512	Sdn Rocks Overseas Private Limited	Ward No.10/1 Surve No49/6, Wali Building Badami Road, Bagalkot, KA	India
S3-134479854	BORDEAUX SPORTIVE SASU	1 Rue Camille Sauoageau, Bordeaux, Gironde	France
S3-978121452	Fédération du Etudiants SA		France
S3-217129578	Club Du Penchak	54 Rue Maleshrbes, Lille	France
S3-976731468	Francais Ecole SNC	(234) Blvd Gambetta, Roubaix, Nord	France
S3-18866803	TERRAIN SOUTIEN COMPAGNIE SARL	N° 19 R James Cook, La Teste-de-buch, Gironde	France
S3-826811047	राज प्रीमियर प्रोडक्ट्स प्राइवेट लिमिटेड	महाराष्ट्र, Kolhapur, C-2198	India
S3-815070571	a beacon 1ithium	7619 Oneil St, Houston, Texas	US
S3-262953341	golden nutrition nutrition advisors	10 Main Street, Fl 1, Rio, Illinois	US
S3-410352904	Disha Disha Society Center	G No 105 Phalane Maval, Phalane, Pune, Vadgaon, MH	India
S3-543295318	behavioralhealthvalley.com	Albemarle County, 265 Homestead Lane, Virginia	US
S3-763528482	Ananda Foodworks Exports Private Límited	Block No.201/a, Ahmedabad-mehsana Highway Po Jamiyatpura, Gandhinagar, Gandhi Nagar, Shertha, GJ	India
S3-380426991	Cirahalo	84 bis Rue Camille Sauvageau, Bordeaux, Nouvelle-Aquitaine	France
S3-315857598	tzsmartroman.com	214 1/2 Ottawa St, Leavenworth, Kansas	US
S3-214195371	Midwest Dental  Associates, LLC		US
S3-460347430	Crossman, Brynne R., Westgate D.O.	New York, 3153 Saunders Settlement Rd, Sanborn, null	US
S3-311031783	Prime Private  Limited Services Trading		India
S3-961422368	Nantes Services SA	30 Avenue Du Clos Du Cens, Nantes, Loire-Atlantique	France
S3-162716271	Tucker Audi0 Installation LLC		US
S3-341906134	Ltd Dynamic It	South Delhi, DL, A-31new Friends Colony, New Delhi	India
S3-757505751	Synergy Private Limited Partners		India
S3-95577989	Calokelo DBA Internal Medicine Specialists	Unit 1, Washington, 1618 Constitution Avenue, DC	US
S3-970348261	ESS Sport EURL	19 R De Valenciennes, Nord, Lille	France
S3-985640731	ENI Parents SCI	11 R Des Arbousiers Cap Ferret, Lege-cap-ferret	France
S3-26634837	Regal Goat	Hn 451 S No. 77/4, Gahunje, MH	India
S3-334527031	Ectopyradova	#307, Surat, ગુજરાત	India
S3-440510084	trottoirs centre sarl	225 R. De La Blanche Porte, Tourcoing, Nord	France
S3-67444900	jonquille maternelle sas	Rue Alexandre Lambert, Calais, Pas-de-Calais	France
S3-452252691	Maison de Santé  Sainte Trading		France
S3-427717615	Zephxylo Sys	A-109, Ansa Indl. Estate, Saki Vihar Road, Andheri (E), Mumbai, Maharashtra	India
S3-951772356	Raj Developers	Shop No-06/2, Commercial Complex, New Delhi, Sohna, DL	India
S3-461354472	topflow environment (india)	পশ্চিমবঙ্গ, Berhampore, D/53/a Daihitta Rod, Murshidabad	India
S3-989734057	Beloveraonyx	83, New Delhi, West Delhi, DL	India
S3-93348125	zbv amicale sas	3T Bd Michelet, Nantes, Loire-Atlantique	France
S3-638042093	bordeauxprimaireeurl.com	57 R. Leyteire, Bordeaux	France
S3-877236879	Faus North LLC	1368 Gate Post Ln, Albemarle County, Virginia	US
S3-464173855	ಸ್ಟಾರ್ ಐಟಿ ಪ್ರೈವೇಟ್ ಲಿಮಿಟೆಡ್	Spacelance 39, <NULL>, Bangalore, KA	India
S3-924472676	Private Global Agro [Limited]	No.0015 & 16, B.s.r.memoirs, 2Nd Floor New Bel Main Road, Chikkamaranahalli, Bangalore, KA	India
S3-363540901	Pyraumbra	88 Rue de Mouvaux, Roubaix, Hauts-de-France	France
S3-130147972	Lindsay Frontier Red Inc	2849 30 St, Brooklyn, New York	US
S3-357965919	Nantes Amis SARL	16 Bd Emile Romanet, Nantes	France
S3-488679038	Ets Journees SARL Développement	18 Place Slilery, Dunkerque, Hauts-de-France	France
S3-174823478	@vnzresearch	#57/5, 2Nd Floor Ejipura Bus Stop, Vivekanagar Post, Bengaluru, Bangalore, KA	India
S3-742209044	Deleon'S Crstla Barbershop Group	4162 Southwyck Lane, Memphis, Tennessee	US
S3-242121650	CSA	Bordeaux, Nouvelle-Aquitaine, 18 rue Nuyens, 33100 BORDEAUX	France
S3-255867310	Pediatric Dentistry Piedmont-Physicians Inc	1243 Belmont Avenue, null, Kansascity CDP, Missouri	US
S3-822139316	Amoureux Comite [EURL]	10 Av. Pierre Ceresole, Pessac, Gironde	France
S3-607808675	Vaayuavi Real Pvt. Ltd	Door No 1, Kk Road, Opp Nenepu Building Behind St Mary's School, T Dasarahalli, Bangalore Urban, Bangalore, ಕರ್ನಾಟಕ	India
S3-623368373	SAS 4L Primaire (France)	Nord, 2 Pl. Du Commandant Dewulf, Dunkerque	France
S3-172756160	Nantes Musique Enterprises		France
S3-598066296	RQS Comite	19 Passage Du Bassin, Lège Cap Ferret, Gironde	France
S3-618949825	maisonriverainssas.com	42 Rue Jean Haas, Saint-nazaire, Pays de la Loire	France
S3-53492131	Foundation 5húbhlaxmi Technologies Co	190/A, First Floor, Pettukola Towers Poonamallee High Road, Kalpauk, Chennai, TN	India
S3-898654756	ybfederation.com	41 Rue De Diuppe, Lille	France
S3-673903411	HOTEL SOFTWARE PRIVATE LIMITED	#1St Floor, Regency House, Nr Tele Exch, Opp Vishnu Dars, Thane, Kalyan, MH	India
S3-484354278	Centre Médical de Lâurent		France
S3-258684543	ಅರಿಹಂತ್ ಹೆಲ್ತ್‌ಕೇರ್ ಲಿಮಿಟೆಡ್	No 12, Bangalore, KA	India
S3-726349622	Kreutzer Great Industria1 Highland LLC	340 Lindy Blvd, Missouri, Ballwin	US
S3-957151121	Bureau of Health Co	524 Palmetto Avenue, Unit UNIT 228, Ontario, California	US
S3-453113938	Royal Logistics Motors Private	Beside Tapti Greens, GJ, A 504- Mantra Luxuria, Surat, Chorasi	India
S3-509430985	Muzaffarnagar Power  Pvt		India
S3-84418222	Sabots Patrimoine	009 All Des Albatros, Saint-nazaire, Pays de la Loire	France
S3-504205412	Pronoor Interstate	52 Honeysuckle Drive, Silver Spring Township, Pennsylvania	US
S3-114565704	Quofaye d/b/a Quality Diagnostic Ventures Corp	484 Texanna Way, Holly Springs, NC	US
S3-460478180	Mkiri Comite	22 Rue De Lallouee, Nantes, Loire-Atlantique	France
S3-87846940	Nexxylolum trading as Calais Sante SAS	19 Rue du Général Gouraud, Calais, Hauts-de-France	France
S3-876094887	EHPAD de Combat	22 Rue Du Docteur Verhaeghe, Lille, Nord	France
S3-443608854	Mohan Institute Exports	Door No 81 131-156, Ist Floor, Nila, Technopark, Trivandrum, KL	India
S3-446686386	JB	Ed86 Sector D Scheme No94, Common Passage Robert Sq., Indore, Madhya Pradesh	India
S3-396584686	pessac ecole	7 Av De Lile De France, Pessac, Gironde	France
S3-915985799	Red इन्वेस्टमेंट प्राइवेट लिमिटेड		India
S3-254490990	Street Amicale SARL	67 Chemin Des Mules, La Baule-escoublac	France
S3-984571144	கோல்டு ஜைன் ஃபவுண்டேஷன் பிரைவேட் லிமிடெட்	T#2, Chennai, TN	India
S3-583673785	Msp Jeunes SARL	40 Rue Quintin, Bordeaux, Gironde	France
S3-30228186	Locale	37 Rue Négrier, Lille, Hauts-de-France	France
S3-327763373	Communale Anciens S.A.S	11 Bd Luc Olivier Merson, Nantes, Loire-Atlantique	France
S3-798792377	allen chicago llc	1500 Stolle Rd, Elma, New York	US
S3-392230797	Association de  Ptits		France
S3-386720084	Maison Bouge Sas	21 Pl. Bir Hakeim, Bordeaux, Nouvelle-Aquitaine	France
S3-821964397	Digita1  Pressing (India) Clinic		India
S3-103408845	Patters0n-Ventures Co	1805 Lincoln Dr, Fl 0, Annapolis, Maryland	US
S3-216439714	SASU FIL Services	35 Rue Charles Longuet, Saint-Nazaire, Loire-Atlantique	France
S3-888748694	Mountain Steghing Holdings	63 Stanley Dr, N/A, Glastonbury, Connecticut	US
S3-342656263	sreeconstructions.com	9024, Jaunpur, Bangalore South, ಕರ್ನಾಟಕ	India
S3-809735520	Shri Radiant Private Comfort Limited		India
S3-884361747	Eleves  College	No 128 Rue Étienne Dolet, Dunkerque, Hauts-de-France	France
S3-756154441	Future Construction Private Limited	508, Mumbai, Swan Lake Chs Ltd, 14Th Road, Plot No. 396, Nr Iob Bank, Khar (W), महाराष्ट्र, Bandra Suburban	India
S3-278876682	Gold Trading Private Limited		India
S3-362522350	Pyrajax	Nouvelle-Aquitaine, La Teste-de-Buch, 7 Allée Marcel Legouey Cazaux	France
S3-945878888	Ets  Teste France EURL	6 Rue Du Maréchal Lyautey, Tourcoing, Nord	France
S3-916600887	GC	23 Rue Jean Lavigne, La Teste-de-Buch	France
S3-747015386	inc richardson & walsh opportunities	16926 Us 412 Hwy, Bono, Arkansas	US
S3-81907706	hopkins quasaredge northside	Bangs, Texas, 0211 Third St	US
S3-223106431	IG Groupe	44 Rue Blanche, Lille, Nord	France
S3-346602855	Brenna Brockman, L.C.S.W., DDS PC Harbor	1230 Rose Vista Ct, Unit Apartment 1, Roseville, Minnesota	US
S3-498730734	Lycée Saint-Admr		France
S3-941945321	फॉर्च्यून श्री इंटरनेशनल प्राइवेट लिमिटेड	H. No. 334, Mitc Colony, City Sirsa, Sirsa, हरियाणा	India
S3-212690922	Akp India Industries Pvt.	No 7 Kottayil House Kundaliyur P O, Thrissur, KL, Irimbranallur	India
S3-457379010	Hurley Morgan Co	1444 Rollins Dr, Allen, Texas	US
S3-365026709	Caldon Innovation-Inc.	Missouri, Rogersville, 414 Sweetheart Dr Drive	US
S3-817409831	FAMILY METROPOLITAN HEALTH		US
S3-521519234	Haloarcgild	114 Pear Street, Unit 3, Olympia, WA	US
S3-12303874	Association de Petits Holding SASU	37 - Rue Abel Martin, Tourcoing, Nord	France
S3-427639933	Howard Medical	Murphy, North Carolina, #1221 Ogreeta Road	US
S3-991183353	Limited Relevant Engineering	Sriperumbuthur, TN, H.no 90 Mhe, Vallam Vadakal, Kancheepuram	India
S3-346824175	West-Holding Inc.		US
S3-199121289	Ess EURL Et Fils	19 Rue De Valenciennes, Lille, Nord	France
S3-860127319	Horizon & Co Holdings	624/6 8Ansari Road Darya Ganj, New Delhi, Central Delhi, दिल्ली	India
S3-819840192	EHPAD du Notre		France
S3-639055661	Pediatric Dental Center LLC	1406 Richmond Street, Arlington Heights, Illinois	US
S3-178539818	Piedmont Iniiatigve	34405 Red Horn Road, Saint Ignatius, Montana	US
S3-301024953	EHPAD DE LOUIS		France
S3-693388620	Enriquez Planet	201 Arthur Dr, PO Box 5131, Thomasville, North Carolina	US
S3-60652836	Attitude Musique	N° 91 Bd. De La Moselle, Lille, Nord	France
S3-100415888	LLC Aquino Vhctnaure	1409- Blazing Star Trl, Burleson, Texas	US
S3-435914618	Team Culture (France) SARL		France
S3-527175359	Tourcoing Çlub SASU	Tourcoing, Chaussée Marcelin Berthelot	France
S3-550906246	CENTRE HOSPITALIER JEAN SASU	014 Passage Brémontier, Bordeaux	France
S3-133107089	Dynamic Power Public Limited	No 13Nd Floor Thorat Estate1275 Decon Gymkhane, Pune, महाराष्ट्र	India
S3-128645834	Apollo  Infosystems Private Ltd	H-0749, KA, Bangalore, Republic Of Whitefield, Divyasree Techpark, Epip Zone	India
S3-190623605	Mérignac Sport SARL	13 R. Louis Guillot, Mérignac	France
S3-405499203	Kolkata Developers-Private Limited	Mayfair Residency, Howrah, Kolkata, পশ্চিমবঙ্গ	India
S3-891960145	Custom Bay Leighf		US
S3-72711203	Saj Adviors Private Limited	Room No. 10, Satpute Chwal, Dr. Ambedkar Road, Shivaji Chowk, Kalyan West, Kalyan, Thane, MH	India
S3-544475247	सदर्न बिजनेस प्रा. लि.	Jaipur, M.i Road, Samridhi, Behind Mall 21, Rajeev Gandhi Parisar Near Panch Batti, 36, RJ	India
S3-135352090	Club du Defense (SCI)		France
S3-888486866	Jay Private Limited Center	Hn 844 2, Bangalore, ಕರ್ನಾಟಕ	India
S3-803617151	Gold Trading Ltd Ltd		India
S3-549491831	Solutions Hoiseieaality Pinnacle	6280 Clydes Road, Indianapolis, Indiana	US
S3-329902109	Glyphiq Joit LLC	178 Wilson St, Bridgeport, Connecticut	US
S3-627683527	श्री बिल्डर्स	Ashok Plaza Sno C-32/2/1/1, Hissa No 2/1/1 Viman Naga, Pune, MH	India
S3-887567947	Aide Anciens EURL		France
S3-894915207	M/s Surajmal Well Limited Center	Flat -177, Sector -4, Plot No.19, Delhi Epdp Cghs Ltd, Dwarka, New Delhi, DL	India
S3-448321969	Trophy & Cie SARL	11 R Michel Ange, Roubaix, Hauts-de-France	France
S3-94170948	... Hr (India) Technologies Limited	Block No-11, Himmatnagar, Sabarkantha, GJ	India
S3-429286732	Trottoirs Cegtee SARL	225 Rue De La Blanche Porte, Tourcoing, Nord	France
S3-323311932	Federal Managers Ltd.	1320 Stark District Rd, Saintjohnsbury, Vermont	US
S3-755964484	Veratavo	328 e Avenue Antoine de Saint Exupéry, Calais, Hauts-de-France	France
S3-868082110	Anabelle Hernandez Safe Corp	6013 62nd Avenue, # Apt 314, Johnston, Iowa	US
S3-518740288	Communaute Anciens S.A.S.U.		France
S3-433396462	Metropolitan Alyltits LLC	4404 Lafayette Street, Texas, Bellaire	US
S3-942357455	Club Du Penchak	54 R. Malesehrbes, Lille	France
S3-354841794	Ptits Anciens SARL	134 Av. Du Large, Dunkerque	France
S3-135173247	Olly Steinke Innovative Emera Holdings	19 French Drive, Virginia, Illinois	US
S3-407071979	Margarethe Root Rapid Platinum Midtown, [LLC]	236 Luxapalilla Avenue, Winfield, Alabama	US
S3-93948598	Fox Grand Collective	72 MM I840, Lebanon, Tennessee	US
S3-993636241	Rishita Law Chambers	Padra, Jambusar Road, Padra, Vadodara, GJ	India
S3-42266604	Route Mâison SASU	Bd De La Liberte, Lille	France
S3-418235989	E1vera's Empire [Agriculture]	Town Of Scott, N/A, Wisconsin, 232 A	US
S3-545453406	Utilisateurs  Pharmacie SAS	16 R Des Marchandises, Loire-Atlantique, Nantes	France
S3-890848241	Sanjay Brothers Ltd	C-204 Rohan Lehar Society Baner, Near Mah Showroom Expresshighway(mumbai-bangalore, Baner-pune, MH	India
S3-819457480	Maison Mille S.A.R.L.	47 - Rue Jacques Pitilion, Dunkerque, Hauts-de-France	France
S3-828510897	SAS Team Section	16 Rue Marengo, Appartement 5, Bordeaux, Nouvelle-Aquitaine	France
S3-352704488	sarasan foundation private limited	Sno 73/1F, 12, 13 Keshar, Laxmi B-403 Tapkir Mala, Pune City, Pune, MH	India
S3-48029953	Dr Ss  Infra Private	Fp150 1708/B, Mumbai City, Mumbai, MH	India
S3-629526097	স্বস্তিক অ্যাগ্রো প্রাইভেট লিমিটেড	North 24 Parganas, Gc- /2, D B Nagar, WB, Rabindra Pally, Jyangra, Baguiati	India
S3-656983071	Comité du Accueil SCI		France
S3-530503483	lvenent Ínc Partners	512 Oak Drive, Carterville, Missouri	US
S3-742955609	Pedagogie Anciens Groupe EURL	Nantes, 9B Boulevard De Chantenay, Loire-Atlantique	France
S3-452876575	Henrietta's Total	##3378 Morgans Mill Road, Bedford County, Virginia	US
S3-242730108	Maison De Santé Nôtre International	28 Bd Louis Xiv, Lille, Hauts-de-France	France
S3-726594712	personnelpharmacie.com	13 Rue Bernard Roy, Nantes, Pays de la Loire	France
S3-993572108	எஸ்எஸ் செவன் சொல்யூஷன்ஸ் லிமிடெட்	Shakthi Towers, Chennai, TN	India
S3-796499301	NANTES MUSIQUE SARL		France
S3-707473058	श्याम ट्रेडिंग प्रा. लि.	5-11/321, Dda Flats, Kalkaji, New Delhi, South Delhi, DL	India
S3-786514168	VWF FORTRESS GREATER #39273	1522 Mary Ln, Celina DP, Ohio	US
S3-209196035	K0zhikode Texofab Private Limited	#9/204 C, D, Koolimadu, Kozhikode, Mavoor, കേരളം	India
S3-429906049	Ajay Products Private Ltd		India
S3-404017773	Resume (India) Ecotech  Pvt	Krishna, ##1 585, Beside Ramalayam Janda Chettu Center, Tadigadapa, AP	India
S3-242801457	Infstrtt Ip [Eurl]	74 R Jean Baptiste Notte, Roubaix, Hauts-de-France	France
S3-571027967	Private Arihant Energy Provision Ltd	St. Mary's Road Alwarpet, TN, H.no 215/136, Chennai	India
S3-18773141	Bia-Inc	1100 Highland Court, Hartselle, Alabama	US
S3-854196216	Odell And Francisco LLC Center		US
S3-192847304	Jaxbrixbrix	42 Rue Henri Loridant, Tourcoing, Hauts-de-France	France
S3-745573251	(Partners) International Limited	GJ, Ahmedabad, Opp Satva Green Partyplot, Shop-15 Murlidhar Heights, Daskroi	India
S3-20288293	beaconmarketinglabs.com	Wisconsin, 309-313 Balsam Ave, Village Of Birchwood	US
S3-540575430	Laxmi Welfare Society	17, South Delhi, New Delhi, DL	India
S3-903046346	Chen Jaws	331 Davidson Street, # 3206, Charlotte, North Carolina	US
S3-208644868	Ethos Gaming Enterprises Pvt Ltd	Block A-850 Sf-23, Baroda, Vadodara, GJ	India
S3-134060917	mkiricomitesas.com	22 Rue De Lallouee, Nantes, Loire-Atlantique	France
S3-34875016	Drayex  Heritage Partners Inc.	4009 Birdcage Street, Citrus Heights, California	US
S3-819427324	pari parents eurl	17 Boulevard Gambetta, Roubaix, Hauts-de-France	France
S3-103721412	Us Sante EURL	31 Rue Ternaux, Roubaix	France
S3-768950839	Balaji Marketing Private Ltd		India
S3-773051461	Centre Hospitalier François Développement	80 R. De La Bourgeonnèire, Nantes, Loire-Atlantique	France
S3-519862395	zzclub.com	149 R Victro Hugo, Lille	France
S3-328882005	Medley Traders Private Ltd	C/o Bashir, Naglatashi, Knkrmrt, Meerut, UP	India
S3-917135049	Enterprises Sk Servicesprivate Cer Holdings	Door No 13, Flat No. 101, Savitri Sadan, Palam Vihar Ext, Near Geeta Property, Palam Vihar, Gurgaon, HR	India
S3-169445498	Gyan Private Plant Limited	B3/73a/3/12, Bose Pukur Road, Kolkata, Howrah, WB	India
S3-793929538	Centre  Médical Laurent Développement	Lille, 19 R. Du 8 Mai 1945	France
S3-788914276	শ্রী শক্তি কনসালটেন্সি প্রাইভেট লিমিটেড	87/32, Calcutta, Howrah, WB	India
S3-388429543	Novilyrapyra a/k/a Oncology Care Inc	Airmont, 1 Fawn Hill Drive, NY	US
S3-169190755	Mots College SCI Trust	17 Rue De La Casenre, Saint-nazaire, Loire-Atlantique	France
S3-535253529	Reb Consultancy Llp	House No C-542 1St Floer, Shahbad Daulatpur, Khatu, Delhi, North West Delhi, दिल्ली	India
S3-424807336	clubdub2b.com	20 All. Edith Piaf, Saint-nazaire, Loire-Atlantique	France
S3-202305	integrated energetics llc	490 Airport Road, Musscle Shoals, Alabama	US
S3-155543728	M/s Hitech Infra Private [Ltd]	O-215, Gandhinagar, Gandhi Nagar, GJ	India
S3-682824066	Solutions Ssm Management Pvt	204, Rajkot, GJ	India
S3-237901743	Dr Everfresh Brothers LLP Partners	House No.d/325, Pune, MH	India
S3-853332144	WHITE ENERGY PRIVATE LIMITED Enterprises		India
S3-345807081	Massive Royal Private Limited	महाराष्ट्र, Satara, No 59 C/o Adv. Kamlesh Pisal, Pisal Arcade 74/5. Kesarkar Peth	India
S3-473224027	Tud Élémentaire	72 Rue Ratisbonne, Lille, Nord	France
S3-992092520	स्वस्तिक ग्लोबल प्रा. लि.	D/4541 Jai Maya Market Tri Nagar, Delhi, North Delhi, DL	India
S3-330756959	FJ Vinblgay Pvt Ltd	Anand Bhawan, Gorakhpur, उत्तर प्रदेश	India
S3-364218880	Entraide Comite	6 All Citronnelle, Mérignac, Gironde	France
S3-692686723	Falcon's Propernties Inc	7682 Buckthron Way, Portland CITY, Oregon	US
S3-347032906	clubdesrsjam.com	054 R De Béthune, Roubaix, Hauts-de-France	France
S3-367527234	Legionnaires (France) Èlémentaire SARL	43 Route Du Haut Rcher, Saint-nazaire	France
S3-308039127	Behavioral Health	Texas, N/A, 232 Nursery Drive, Lexington	US
S3-323936170	Vn (India) Pvt Ltd Center	No. 358 A-ii-72, null, New Delhi, South Delhi, DL	India
S3-687163154	Mumbai Impex Industries Limited	MH, Mumbai, #206 Janmabhoomi Chamberswalchand & Hirachand Marg Ballard Estate, Mumbai	India
S3-171422940	Ramseur Cornerstone Royalty Metro Inc	802 Blackburn Court, Charlotte, North Carolina	US
S3-925098252	Real Téchnologies Furniture Pvt Ltd	Office No. F-119, First Floor, City Center The Mall, Kanpur Nagar, Filkhana, UP	India
S3-588400833	Ville àrts Amicale SAS	No 14 R. Des Hannetons, Lille, Hauts-de-France	France
S3-917488532	Family  Centre Partners	1244 Montieri Dr, Centerton, Arkansas	US
S3-149057949	Knowledge Welspun Infratech	H.no 36/10, Brahmeswar Patana, Bhubaneswar, Patrapara, OD	India
S3-695604428	cmi realty (india) private limited	DL, Central Delhi, W.e.a. Karol Bagh, New Delhi, Delhi, Hn 530 8-A/11	India
S3-109593580	Comité du 3eme	42 Blvd Jean Moulin, Nantes, Loire-Atlantique	France
S3-732045061	Randle'S Security Slivcgs	Ayrshire Avenue, Plain Twp, Ohio	US
S3-909085330	Memorial Chárities	#23 Sandstone Court, South Elgin, Illinois	US
S3-667094660	Fluxaria F/K/A 1529 Seventh Street Apartments LLC	490 Overlook Road, Washington, NY	US
S3-738916482	Jaxbrix aka Blue Charter School LLC	235 Davis Avenue, Clemmons, NC	US
S3-136869360	First Superior	Aberdeen Street, Chicago, Illinois	US
S3-212518931	Allied Jlan LLC		US
S3-332527500	MQ Amis Sàrl	36 Rue Capttl Francois De Ruat, La Teste-de-buch, Gironde	France
S3-384525690	Elles Amicale Sarl		France
S3-439839967	Ariairidova One a/k/a Comité des Montagne	26 Rue Louis Armand, Pessac, Nouvelle-Aquitaine	France
S3-777132745	zephari mált	42300-42302 Morning Glory Way, Maricopa, Arizona	US
S3-838986053	Smith Brooadbadn Brooadbadn Inc	1610 Legacy Crossing, Georgetown, Texas	US
S3-418781942	GH  Cie	N° 70 Rue Saint-sauveur, Lille	France
S3-203719013	Vivien's Patriot Lending Inc	Red Brush Rd, Elkton, Virginia	US
S3-681145360	Veokor d/b/a Lycée Sainte Cluster	8 Rue Romain Rolland, Pessac, Nouvelle-Aquitaine	France
S3-194632212	Neal, Berty Best Nexus, (LLC)	916A Longford Dr, Steubenville, Ohio	US
S3-698937020	LÈGE-CAP-FERRET COMPAGNIE FRANCE SAS	17 A Allee Des Grives, Lège-cap-ferret, Nouvelle-Aquitaine	France
S3-228701608	Mérignac  Maternelle SAS	No. 1 Rue Du Livaeu, Mérignac	France
S3-638529319	Zeor Investments Inc.	##569 Potter Mountain Rd, Gilboa, New York	US
S3-460046846	Centre Médical  Pastels	132 Rue De Menin, Tourcoing	France
S3-206943048	Demoisellefoyer.Com	0164 Boulevard Robert Schuman, Nantes	France
S3-797087108	Entraide SARL & Associés	011 Allee Citronnelle, Merignac	France
S3-286774350	Fédération 4l des Distribution	N°21 Rue Alfred De Muset, Saint-nazaire, Pays de la Loire	France
S3-384885185	आनंद प्रॉपर्टीज प्राइवेट लिमिटेड	Floor, North West Delhi, DL	India
S3-404043419	Fdc Group Services	S/o Sk Islam Uddin, Villandp.o Kalindi, P.s Mandarmoni, Coastal, Midnapore (E), Midnapore, WB	India
S3-268615567	Dill & Hanlon Holdings	3122 Grandview St, Arizona, MESA	US
S3-366848917	Omega &	H.no 09 1St Floor Jay Bhavani Nagar Rd No.32, Wagle Estate, Thane, MH	India
S3-293604714	Smt Arjan Publishing		India
S3-9211270	SAS Nantes Parents	6 Promenade Europa, Nantes, Pays de la Loire	France
S3-261064824	अर्बन डेवलपर्स प्रा. लि.	Vill- Tarchha Post- Kanaila, Azamgarh, उत्तर प्रदेश	India
S3-604206701	Ekta Fóundation LLP | www.ektafund.com	MH, Talegaon Dabhad, Lake Paraside, Opp Crpf, Pune, L-202	India
S3-912883669	Kacie J. Goodlow, L.C.S.W. Inc	71 Messenger Street, NULL, Plainville, Massachusetts	US
S3-765585566	Bright Cascade  Pimco LLC		US
S3-837707857	Cornerstone  Clough	#4710 Greenwood Dr, # UNIT 3-4, Lynchubrg CITY, Virginia	US
S3-455579486	Gonza1ez Health Center	226 Zabriskie Dr, Bryce Canyon City, Utah	US
S3-941665878	Ketech Egh	Illinois, Saint Charles, 304 14th St	US
S3-74523489	Liquor Chang LLC	Oregon, 707 1/2 Bobwhite Pl, Philomath	US
S3-400326517	Family Care Ahsoinates LLC	Bradley Ave, Louisville, Kentucky	US
S3-98958787	EURL Roch Residence	37 R. Des Postes, Lille, Hauts-de-France	France
S3-128133410	Sas Eleves Culturel	117 R. Etienne Dolet, Dunkerque, Hauts-de-France	France
S3-195112062	6reat Lyran Inc	13678 1911, Alto, Texas	US
S3-26128857	erickson, cervantez & mitchell	1319 Northern Pkwy, Baltimore, Maryland	US
S3-522177499	Saisons (Anciens)	35 Pl Jan Bart, Dunkerque, Hauts-de-France	France
S3-459799009	Pediatric of Buffalo LLC Services	Elmwood Avenue, Buffalo, New York	US
S3-284461556	Cherplasserry Solr Private [Limited]		India
S3-549175747	Edwards  and Madan LLC	4698 Loma Verde Avenue, Eloy, Arizona	US
S3-996901594	Literacy Project	Kansas City, 11000 College Lane, Missouri	US
S3-653107838	Cane (India)  Agro Group Industries	H. No 11/5, Hans Enclave, Sector-33, Near Jain Mandir Wali Gali, Urban Estate, Gurgaon, हरियाणा	India
S3-922555083	Bordeaux SARL-Groupe	32 Rue Paul Courteault, Bordeaux, Nouvelle-Aquitaine	France
S3-6216038	Johnson Great Mianrie	326 Mockingbird Hill Rd, Louisville, Kentucky	US
S3-992445730	Glad Hpsitoal		India
S3-781781214	NAFA & FILS SARL	5 Rue Des Moysotis, Pornic, Loire-Atlantique	France
S3-128429253	Diamond-Services	3550 1/2 Chatfield Center Rd, Chatfield, Ohio	US
S3-731796039	corissawalkerfirst.com	Massachusetts, Leominster, 6 Beth Ave	US
S3-573865957	Feller'S Diner		US
S3-679936669	École primaire Massilia [EURL]	10 R. Suzanne Lenglen, Saint-herblain, Pays de la Loire	France
S3-216515574	Technologies Gaurav Health Company	H.no 176 3-225/Sh/506, 2Fr, Sterling, Hgts, Mahendra Mind Space, Shaikpet, Hyderabad, తెలంగాణ	India
S3-911475930	Meridian (India)  Auto Exports Private Limited	#708 9, Kolkata, Howrah, WB	India
S3-998925813	Partners Carpenter Hlne	58 Kate Hollow, Whitesburg, Kentucky	US
S3-303819179	ZEOR INVESTMENTS INC	Conesville, New York, ##569 Potter Mountain Road	US
S3-990406708	mumbaibooks.com	Crasto Bldg Ii Floor294 Dr C H Street Marine Lines, Greater Mumbai, Mumbai, MH	India
S3-50370859	First Solutions Limited	Plot No. 646/P, Sy No.1 5, Madhuban Colony Rjnr, Rajendranagar, Hyderabad, తెలంగాణ	India
S3-890176558	Yoga Amicale (France) Distribution SAS	123 Bd. Da'rmentières, Roubaix, Nord	France
S3-761837993	Dorian's Highland Studios Inc.	17311 Us 40 Hwy, Unit B87, Independence, Missouri	US
S3-871996841	LIFE Healthcare PVT LTD		India
S3-835164350	Lenseignement Comite	N° 11 Pl Des Martyrs De La Resistnace, Roubaix, Hauts-de-France	France
S3-589859086	Calopyra	27 RUE Jean Bart, Maison des Associations, Lille, Hauts-de-France	France
S3-310112348	Dr Tanishq Pcm School Ltd		India
S3-935537890	LLC Rev It Up Hypnosis,	149 Hill Road, Spencer, New York	US
S3-404400939	Bright Éxports Pvt Pvt Limited	Hn 136 E-81 2Nd Floorsaket, Saket, New Delhi, DL	India
S3-791370995	Ear Nose &-Throat Empire Medicine Partners Partners	62 Skilton Ln, Burlington, Massachusetts	US
S3-389750916	ODM Foyer SCI	1 Place Magellan, St-herblain	France
S3-67948455	Galleria Sahara Public Limited	P-9 Itc Colony Po Kankarbagh, Patna, BR	India
S3-833938599	CENTRE MÉDICAL DU APE	7 R. Des Bigarreaux, Pornic, Loire-Atlantique	France
S3-972292643	Collins Elite Freight Co	##517 Husband St, Stillwater, Oklahoma	US
S3-327872989	JUMELAGE AMICALE SARL	140 Rue Du Virolois, Tourcoing, Hauts-de-France	France
S3-397488739	crúzsmanufacturing.com	120th Ave E, Tulsa, Oklahoma	US
S3-142321770	Jumelage SARL & Fils	140 Rue Du Virolois, Tourcoing, Hauts-de-France	France
S3-111205606	Gildwex Formerly Si Club SARL	Nouvelle-Aquitaine, 23 Rue Oscar et Jean Auriac, Bordeaux	France
S3-208897876	Cirazetasyn	21 Rue Clémenceau, Dunkerque, Hauts-de-France	France
S3-225513877	gardiensrestauration.com	1 Rue Max Linder, Nantes, Pays de la Loire	France
S3-326846282	Mcdonald Silver Chmiocal LLC	740. Hanover Street, # C4, Sanat CRUZ, California	US
S3-370769348	Dunkerque Loisirs		France
S3-875232034	Inc Verrio Apsline	20065 Hickox Rd, Mount Vernon, Washington	US
S3-779817922	New Eastern Impex Private	2-22 Hara Ch Mallick Lane, Kolkata, Calcutta, WB	India
S3-267496272	आनंद प्रॉपर्टीज प्राइवेट लिमिटेड	Floor, North West Delhi, DL	India
S3-686634956	Boulevard Sportive EURL	025 R. Rene Peigne, Nantes	France
S3-987016572	Russell Choice Fírst Co	12674 Loma Vista Ct, Yucaipa, California	US
S3-913538686	Big Hypnosis & Co		US
S3-415714674	Urgent Care Health LLC Enterprises		US
S3-415445294	M/s Riverside Infra  (India)		India
S3-13683153	Lions Participations SAS-Cie	Calais, 51 Rue Philéas Réant	France
S3-492803419	Pepita  Gaornza Value Pizza LLC	214 Dleyuhski Ln, Loudon, Tennessee	US
S3-653003357	Services Centre Sainte Gazl SASU	9 Villa Saint Georges, Lille, Hauts-de-France	France
S3-828982429	Mr First  Investment	I- 502 Arohi Elegance Village Bopal; Taluka : Daskroi, Ahmedabad, GJ	India
S3-420507861	Route Maison Sa	(5) Bd De La Libebte, Lille, Hauts-de-France	France
S3-314661937	Lille Culturelle Sarl	50 Rue Edouard Vaiclant, Lille, Nord	France
S3-160291134	Pessac Danse		France
S3-446648750	club du vigie	Bordeaux, No 27 Rue Jean-renaud Dandicolle, Nouvelle-Aquitaine	France
S3-803770251	Amicale du Dopale & Associés	66 R Kléber, Bordeaux, Nouvelle-Aquitaine	France
S3-528476487	Bureau of Aging  District		US
S3-715089583	Anand Exports Ltd		India
S3-421763233	Primary Care  Partners LLC	820 Hampton Road, Columbus, Ohio	US
S3-588883569	Metro & Partners Ltd.	#2, Bangalore North, Bangalore, KA	India
S3-576272797	SASU Pongiste Franco Sportive	68 Av. De Bretagne, Lille, Nord	France
S3-835963754	Centre Hospitalier du Paroisse	32 Rue Du Manege, Bordeaux, Gironde	France
S3-509333981	Lille Amicale	30 Rue Des Meuniers, Lille, Hauts-de-France	France
S3-675730735	LLC Pediatric Dentistry Coastal Care Associates Lakeside	9 South St, Sherburne, New York	US
S3-468292592	ब्राइट टेक्नोलॉजीज एलएलपी	DL, New Delhi, Dor No 518 1468, South Delhi	India
S3-189129789	Green Co Holdings Service	B3/50, Jaipur, RJ	India
S3-164780641	Patriot Family Practice Llc	W215n5555 Kenmore Drive, Menomonee Falls, Wisconsin	US
S3-484507083	Vazquez Purpose	381 1/2 Daffodil Lane, Matteson, Illinois	US
S3-777745702	MC Green Pennymac Ltd	1029 9th St, Incorporated, Illinois	US
S3-591415657	Blin Çentre EURL	50 R. Ferdinadn Alexandre Boutillier, Saint-herblain, Pays de la Loire	France
S3-871773226	Urgent Care Health, LLC		US
S3-161375020	Aviavi One	5407 Arya Samaj Road, Delhi, Central Delhi, Delhi	India
S3-557951916	Jain Builders  Limited	5/31 Ashoka Road, Ghaziabad, UP	India
S3-603873043	phoceenmaisonsas.com	N° 64 Avenue Atlantique Cap Ferret, Lège-cap-ferret, Nouvelle-Aquitaine	France
S3-251097067	Whitehead Atlantic Co Services	434 Antioch Road, Scottsville CITY, Virginia	US
S3-202586941	Julina Fitz Hospitality	Unit 855, Raleiggh, 111 Friendly Dr, North Carolina	US
S3-492488491	AD Centre	347 Rue Roger Salengro, Lille, Hauts-de-France	France
S3-290819283	Fluxzeta	51 Rue des Fleurs, Calais, Hauts-de-France	France
S3-181896479	Sauvetage SARL Développement	Dunkerque, 279 Chemin Du Banc Vert	France
S3-617964441	Cirajaxarc dba Centre Médical Pastels	132 Rue de Menin, Tourcoing, Hauts-de-France	France
S3-417317318	Onyxquosol D.B.A. Summit Capital Wintergreen Inc.	88 Benoit Street, Westport, MA	US
S3-452836194	यूनिक बिल्डर्स टेक्नोलॉजीज प्राइवेट लिमिटेड	#243 House No.2/49, Ramadevi, Chauraha, Ring Road, Kanpur Nagar, Rama Devi Chauraha, UP	India
S3-629161967	Ashore Solutions	#G-52 C/o Jugal Kishor Singh, At Vill & Tola- Ramsapur, Siwan, BR	India
S3-853153242	Ublppogr  Epr	North Carolina, Asheville, 272 Pinners Cove Road	US
S3-992015320	South Amis Eurl	17 R. Delphin Petit, 447 Charles Delaleu, Lille, Hauts-de-France	France
S3-347210899	Soleil Service	Bordeaux, (40) Rue Frere	France
S3-93726978	Collège Saint  Marie		France
S3-960596341	Alpha  International Private Limited		India
S3-449498308	Zetaecto	No. 26 R. Jules Michelet, Roubaix	France
S3-920811020	Woltman  Grill	423 Arrowhead Dr, Allen, Texas	US
S3-398559758	Flying Agro  Private (Limited)	###16 Shivratna Bangola, Malsras, Solapur, MH	India
S3-881876965	Moye + Bolan Developments L.L.C.	778 Arbury Ave, North Canton, Ohio	US
S3-842033462	Ciraumbratavo	No 19 Allée Des Dunes Cap Ferret, Lège-Cap-Ferret	France
S3-295464146	Sunrise Fabricators Private Ltd	3162880, Hanamkonda Village, Warangal Urban, TG	India
S3-74824902	Jagson (India) Pvt. Ltd. Partners	C-24, East Delhi, Delhi, दिल्ली	India
S3-935279413	prémiervalleyinnovations.com	10948 262nd Ave, Zimmerman, Minnesota	US
S3-403167720	amicale des france eleves	122 Ave Pasteur, Pessac	France
S3-575009821	Shyam Trading Private		India
S3-440618515	Amenagement Institut	15 Rue La Mothe, Bordeaux, Gironde	France
S3-212029497	Ramseur  Cornerstone Royalty Care		US
S3-557912819	बालाजी ट्रेडिंग प्राइवेट लिमिटेड	C/o Brajpal Singh, Gandhariya Sitapur, Sitapur, Sidhauli, UP	India
S3-173719637	SAS Maison Montaigut	30 Rue De Cahors, Dunkerque	France
S3-8671703	FEMMES EAU SARL	50 Rue Jean Castandet, La Teste-de-buch, Gironde	France
S3-211691651	Big Hair Studio Northside LLC	018 Commercial Street, BTH CITY, Maine	US
S3-154488613	Family Group  Care	26872- Allentown Road, Tremont, Illinois	US
S3-900207884	सिल्वर आईटी प्राइवेट लिमिटेड	Plot No. 75, Dhar, Indore, MP	India
S3-272374747	sunrise services pvt ltd		India
S3-800389073	Bordeaux Élémentaire EI	Gironde, Bordeaux, 6 Rue Commandant Marchand	France
S3-676871578	Athletique Conseil	002 Rue Hector Maot, Saint-herblain	France
S3-851929375	Veosol DBA Faith (France) Club SCI	1839 Rue du Banc Vert, Dunkerque, Hauts-de-France	France
S3-322355268	Rajeswariengineers.Com	Pitaura Kaimaganj Disttfarukhabad Farukhabad, Farrukhabad, Uttar Pradesh, UP	India
S3-238716907	eurl nantes primaire	# 37 Av Du Cap Frehel, Nantes	France
S3-230336154	Comité Organisme du	35 Rue Des Martyrs, Nantes	France
S3-579092401	Sun Finance Steel Pvt Ltd	238/L Manicktolla Main Road, Kolkata, Calcutta, WB	India
S3-531525841	South Enterprises  Private Limited		India
S3-170579189	Ectocaloio	27 RUE Jean Bart, Maison des associations, Lille, Hauts-de-France	France
S3-749947036	*** Salem Ear Nose & Throat Continental Shpecirlists LLC	3873 Rinkers Creek Rd, Salem, Indiana	US
S3-389438409	American  Gl0bal Metro Inc	Maine, North Anson, 192-A Fahi Pond Rd	US
S3-930242484	Sai Management Jewellers Limited	No 88 C/o Anita Sahu, Jhansi, UP	India
S3-617690690	Nsd LLP  Services	Lucknow, UP, 593. Atal Bihari Bajpai, Lucknow	India
S3-387195668	Zephkor	3 R Tom Souville, Calais	France
S3-727072927	Mérignac Club Sasu	43 Rue Du Liveau, Gironde, Merignac	France
S3-118725831	ÉD	(15) Rue Du Comptoir Linier, Dunkerque	France
S3-90848614	worthengelpark.com	#1375 Mammoth Rd, Hickory, North Carolina	US
S3-256742449	FJ Vinimay Ltd Pvt	Anand Bhawan, D-255 Ashok Nagar, Basharatpur, Gorakhpur, UP	India
S3-102822396	HLR Limited 5ervices		India
S3-899103740	Future Producer Pvt Limited	071, South West Delhi, New Delhi, दिल्ली	India
S3-27149193	Arts Guild LP		US
S3-672371922	Vioarc	119 Rue Notre Dame, Bordeaux	France
S3-776286322	Inc. Medina Diamond Sun	8555 Main St, Unit 43, Reynoldsburg, Ohio	US
S3-962976740	Hu élémentaire	2 Rue De La Barbinais, Nantes, Pays de la Loire	France
S3-932187293	Maitrise çlub SARL	Lille, Hauts-de-France, 0059 R Henri Bailleux	France
S3-802007104	Kozhikode 8uildcon	D, Kozhikode, KL	India
S3-572774467	Loco Culture (E.U.R.L.)	70 H Rue De La Pomem D'or, Calais, Hauts-de-France	France
S3-348599504	Maison-Rpi SAS	R. Henri Terquem, Dunkerque, Hauts-de-France	France
S3-609545835	फॉर्च्यून श्री इंटरनेशनल प्राइवेट लिमिटेड	334, Sirsa, HR, City Sirsa	India
S3-183706973	Danciens  Jeunes (Eurl)	N°10 Av. De Lorraine, La Baule-escoublac, Pays de la Loire	France
S3-58771289	Union de Monument EURL	8 Rue Fenelon, Roubaix, Hauts-de-France	France
S3-802164875	Sorcha Vgrncte Fisheries LLC		US
S3-596015055	Amicale de Rbeflé	Av Des Hetres, Roubaix, Hauts-de-France	France
S3-591322591	Bordeaux Élémentaire	6 R. Commandant Marchand, Bordeaux, Gironde	France
S3-626045374	Saint-Nazaire Ecole SNC	13 Rue Des Mouettes, Saint-nazaire, Pays de la Loire	France
S3-802052727	#oneconstructions	A-14, Gautam Buddha Nagar, Noida, UP	India
S3-458864700	Sky Industries Private Límited	H.no 787 V Mamur Ganj, Po Mohani, Etwah, UP	India
S3-652762059	Béth-Methodist-Church		US
S3-914155767	EHPAD Louis France  SCI	31 Ch. Du Merle, Mérignac, Gironde	France
S3-934582145	M/s Superlative  Ananya Company	East Delhi, DL, A-62/a	India
S3-445460131	Union de Gap SAS	18 R Roland Oudt, Mérignac, Gironde	France
S3-671241827	Empire Cascade	22759 165, Merced County, California	US
S3-651289359	Cirakorpyraio D.B.A. Dent (France) Danse SAS	70 Boulevard Joliot-Curie, Bordeaux, Nouvelle-Aquitaine	France
S3-664823744	Riverside  Gymkhana (India)	Plot 949 7-26, Stn. Jadcherla, Badepalle, TG	India
S3-408342091	>> Ziraesh Ziraesh Pvt Ltd Services	61/238, Jaipur, RJ	India
S3-79445336	Blanc  Parents SA	No 7 Route De L'ile De Leaufouis, Saint-nazaire, Pays de la Loire	France
S3-301706769	Surgical Center	3830 Oak Grove, Midwest City, # Apartment 724, Oklahoma	US
S3-146680033	One Amicale SASU	16 R Des Villas, 59200 Tourcoing, Tourcoing, Nord	France
S3-383439847	Center Better Factory LLC	1028 1/2 Bradburn Village Dr, Antioch, Tennessee	US
S3-496645673	Roubaix  Médico SARL	197 Rue De L'alma, Nord, Roubaix	France
S3-253142628	Royal Food Private  Limited		India
S3-954257635	verrify keystone group	784 Morris Park Avenue, Bronx, New York	US
S3-447607061	Beth Emanuel	Virginia, Stafford County, 10 Wellspring Dr	US
S3-195700570	Chrysalide çentre (France) SASU	3 Rue D'snghien, Tourcoing	France
S3-828373855	Comité du Low SCI	38 Boulevard De La Solidarité, Nantes, Pays de la Loire	France
S3-252541338	Dreamcatcher Coiffure SASU	18 Rue Mondnard, Bordeaux	France
S3-474632633	bright logistics private limited	Plot No.##9, Third Floor, Scheme No.2, Lajpat Nagar, Alwar, RJ	India
S3-378743455	Teum Education Group	19 Kelly Circle, Greenbrier, Arkansas	US
S3-831109112	Mérignac Club SAS Trading		France
S3-923558404	Gvk Designing Designing Private-Ltd	Flat No. 302, Thane, Navi Mumbai, महाराष्ट्र	India
S3-784383102	Big Solutions Limited Private		India
S3-554917862	Vishwanath Land Group Corp	Plot No. Iid/31/1- Street No.1115 (Mjor Arterial Road), Howrah, Kolkata, WB	India
S3-182011698	Royal Consultants #21658		India
S3-565359217	Big Investments Limited		India
S3-936769187	Hitech Finance Private  (Limited)	C/o- Durjodhan Singha, Vill- Shreerampur, Po- Dhumadighi, Ps- Malda, Old Malda, Malda, WB	India
S3-209212638	Anvil Trading		US
S3-212842930	Favreau, Hawley [&]	8116 Demui Way, Elk Grove, California	US
S3-962546401	Beth Church Sérvice	96 Pheasant Run Drive, Burnsville, North Carolina	US
S3-833126672	SS	6 All Des Primevères, Saint-Nazaire, Pays de la Loire	France
S3-525212882	Idf Spoutnik Club S.A.	82 Chemin Castre, Calais, Pas-de-Calais	France
S3-281133472	Interventions Hells SARL Cie	28 Rue Pierre De Guethem, Tourcoing	France
S3-98621312	Ectoyuma f/k/a Tennis (France) Centre SA	21 Rue de Wazemmes, Lille, Hauts-de-France	France
S3-359659839	Associated Intelligence Iludtries Partners	10020 Mountain View Road, Unit UNIT 1055, Scottsddale, Arizona	US
S3-903269550	Parker Chóice		US
S3-503418662	Black Infra Private  Limited		India
S3-672617825	Hunger  Foundation	431 Harvest Cir, Vacaville Citty, California	US
S3-945229869	Blue Learning Center Partners Inc.	21845 Mt Olive, Elkins, Arkansas	US
S3-577064232	svcsúrat.com	205, Surat, null, GJ	India
S3-495108242	BOULISTE RESTAURATION	341 B Av Vulcain, La Teste-de-buch, Nouvelle-Aquitaine	France
S3-563139296	Cie et Dream	17 Allee Des Lierres, Saint-Nazaire, Pays de la Loire	France
S3-117877275	Pediatric Dentistry  Specialists Group - 4652279549	Torup, Texas, 107 Westwood Dr	US
S3-987871029	Solidaire Çlub SAS		France
S3-282221528	EBPAD de la Notre	21 Av. Du Général De Gaulle, La Baule-escoublac, Pays de la Loire	France
S3-995602456	Smt ASHTAVINAYAK & BROTHERS PVT LTD	14/3 B/202, Kute Fortune, Pune, MH, C/o Amol Tarachand Borde, Haveli	India
S3-692095727	Maid Pilates Corp	040847 160 St, Remsen, Iowa	US
S3-703216294	J Z & V		US
S3-993176744	Institut du  Julien		France
S3-420865021	Centre Infratech Group Center	58/101, Chennai, TN	India
S3-597773537	Libertes & Fils	3 R D'epinal, Roubaix, Hauts-de-France	France
S3-916840407	Music (France) Anciens SASU		France
S3-613502780	digita1consultants.com	C/o M Bapu Rao 1-2 Sunkidi Talamadugu, Adilabad, TG	India
S3-386635092	Margarethe Root Rapid Platinum, LLC	233 Luxapalilla Ave, Winfield, Alabama	US
S3-766222376	Khatu Energy Pvt. Ltd	301 Caprigreenfieldsestate A B Nair Road Juhu, Mumbai, MH	India
S3-866413523	Physical Therapy Blue Center Inc.		US
S3-234662231	Maison Sud Participations	Nº 30 Rue Leon Jamin, Nantes	France
S3-251999142	Sàrl Nantes Amis	14 Av Sainte Anne, Nantes, Pays de la Loire	France
S3-107545058	Shri Advait  (India) Private Limited Services	Off-501, Aditya Banarasi Heritage, Nr. Chincholi Bunder Road, Malad West, Bombay, Mumbai City, MH	India
S3-594052457	IDM Culture SNC	No 14 Rue De La Cloche, Tourcoing	France
S3-238055540	Chemin + [Cie]	16 All Messidor, La Teste-de-buch, Gironde	France
S3-577909046	Monet-Sportive	128 Bis R. De L'epnette, Tourcoing	France
S3-917351388	Centre Hospitalier Sàint Martin Groupe	10 Rue De La Tranquilite, Tourcoing, Nord	France
S3-334996918	CA	58 RUE de la Barre, Lille, Hauts-de-France	France
S3-125593351	Services Dinesh Technologies	No 8 18 Sukhvilas Ashwini Hsg Socpune-mumbai Road Shivajinagar, Pune, MH	India
S3-940305569	Legacy Industrial Industrial Podauts LLC	Ohio, 319 Blaine Avenue, Marion	US
S3-906926837	pdi amicale distribution sarl	31 All. Des Tennis Grand Piquey, Lège-cap-ferret	France
S3-910877822	Esparza Ruawfay	7917 33rd St, Rosedale, Maryland	US
S3-438568337	Housing ((Ínitiative))		US
S3-94130902	Gv Lycee	14 Rue Du Duc De Guine, Calais, Hauts-de-France	France
S3-348632207	Syndrex	TN, 47East Arokiasamy Road R S Puram, Coimbatore	India
S3-555739670	Developers  Lighting Private Limited Services	Divreportingcircle, HR, Gurgaon, No. 98 Mg 523A, The Magnolias, Dlf Golf Links Dlf City Phase-5	India
S3-992133502	Intercommunale Federation Sarl	3 R. Maubec, Gironde, Mérignac	France
S3-337195844	Centre Médical Pilotari Participations	Gironde, La Teste-de-buch, 41 Allée Rive Gauche Canal Cazaux	France
S3-652300838	Dovaarc	Nº 53 R. Galilée, Nantes, Pays de la Loire	France
S3-720594442	Ados Menuiserie	024 Rue De Madagascar, Lille, Hauts-de-France	France
S3-971895680	Matthies + (Morgan)	1718 Brookfield Street, PO Box 2795, South Bend, Indiana	US
S3-316651879	Dr Sunrise Fabricators Ventures Private Limited	Hanamkonda, Hanamkonda Village, Warangal Urban, TG, #3-16-290	India
S3-477697940	iqs jeunes sarl	Tourcoing, 106 Rue Du Docteur Schweitzer, Hauts-de-France	France
S3-844475824	petitsgroupementsas.com	0118 Rue Etienne Dolet, Lille, Nord	France
S3-87647502	Monroy, Legette & Boyce Willow Inc	4811 Mill Park Drive, Glen Allen, Virginia	US
S3-255316135	bulles union (france) international sci	Loire-Atlantique, 8 Allée Claude Cahun, Nantes	France
S3-682170119	Orthopedic  Coastal Group		US
S3-100236362	Creative Co Services	2525 Caspian Dr, Knoxville, Tennessee	US
S3-347138009	Abhilasha  Services	No 3 C/o Hitendra Gardhariya, Junagadh, GJ	India
S3-895642310	Solidaire Sanecte SARL	63 Avecue Jean Jaures, Pessac	France
S3-367793266	-- D 3 L Atudmtive (Holdings)	1286 Cedar Creek Rd, Superior, Montana	US
S3-603106484	schumacherroyalfresenius.com	PO Box 1402, Surprise, Arizona, 17692 Wildwood St	US
S3-413430174	Urgent Care Silver [Specialists]	11318 Northtrail Dr, Peoria, Illinois	US
S3-335933888	Communale Loisirs SASU	46 Avenue Du Docteur Nancel Pénard, Pessac, Nouvelle-Aquitaine	France
S3-956476544	Amenagement Inlitt SAS	15 Rue La Mothe, Bordeaux, Gironde	France
S3-94375894	Comité Bde Dés	32 Rue Rognr Salengro, Dunkerque, Nord	France
S3-286607457	Dunning Maintenance, LLC	Charrlotte, North Carolina, 344-346 Sandy Avenue	US
S3-993117730	Clean Córnerstone Auto Sales [L.L.C.]	24985 Sunset St, PMB 8731, Paulden, Arizona	US
S3-458490434	Shri Jaxfaye	Bombay, Mumbai City, MH, Unit No 14	India
S3-840574129	Siddhi Solutions Private [Limited]	T11 K G Plaza 3Rd Floor 41-44 G P Raod, <NULL>, Chennai, TN	India
S3-76942111	Ear Nose + Throat  Medicine Enterprises		US
S3-570979229	ruiz cayson [llc]	1727 Pima Cir, Coolidge, Arizona	US
S3-306794101	Beloevo	Nantes, Pays de la Loire, 17 Avenue de Locronan	France
S3-459088379	creativeindustries.com	Plot A-250 D-11/42 Sector-8, Rohini, Delhi Prashant Vihar, DL	India
S3-94961893	Iriavi dba Honey & Brothers Pvt Ltd	Monoranjan Mondal #201 Nonakuri Kaktia Bazar, Dis-Purba Medinipur, Tamluk, Wb, Tamluk, Midnapore, West Bengal	India
S3-884856232	Chang Invesco Llc	702 Bobwhite Place, Philomath, Oregon	US
S3-64196542	Ericson Textiles West  Co	2137 Black Bridge Road, City Of Janesville, Wisconsin	US
S3-975478263	Foods Guru éngineering Industries Limited	No. 740, 13Th Cross 7Th Block, Jayanagar, Bangalore, Bengaluru Banshankari, KA	India
S3-770650550	जय बिल्डर्स हार्डवेयर एलएलपी	No. 932 M-75 S/f, New Delhi, DL	India
S3-442699205	LLC Buonocore, Mejia AND Patteson	Phoenix, 4050 33rd Ave, Arizona	US
S3-208794229	Private Consultants Ujjsawa Resorts Limited	Ofice Kuber Siddhi, Building No. 2 Floor-3, Atak Pardi, Nr R.t.o., Valsad, GJ	India
S3-425061372	Rajendra & Sons Private  Limited	Door No 6-3-596/103, Behind Taj Krishna, Adjacent Lane To Iipm, Hyderabad, TG	India
S3-50532442	Hali Bates, Ph.D. Ltd	1918 R Street, Arkansas, Fort Smith	US
S3-783214017	Vision Consultants Private Limited		India
S3-536039546	Francaise SARL Et Fils		France
S3-719389577	RCI Infrastructures Private  Limited	No.83, Palakkad, KL	India
S3-92753774	Solola Series	331 Berlin Ct, Abingdon, Maryland	US
S3-644343785	Swastik Producer Private Ltd		India
S3-993353386	Flamengo Section SAS	#9 Rue Homère, Pessac, Nouvelle-Aquitaine	France
S3-313220586	Gretta Ramirez Special	4424 93rd Street, Sioux Falls, South Dakota	US
S3-905086197	Elvera's Empire  Agriculture	232 A, N/A, Town Of Scott, Wisconsin	US
S3-476529362	Patriot Trust Ltd	1021 Sunset Road, Wheaton, Illinois	US
S3-989942077	Buck Uteinde Atlas LLC	5931 Harvard Street, Hamburg, New York	US
S3-531761680	South Investment Private Ltd	North West Delhi, NULL, Houfe No B-03-b1/1, Delhi, DL	India
S3-319544138	Tech Smith  Tillage LLP	Dr No: 9/235, Kannur, Puthige Grama Panchayath, Kasaragod, Kasargod, KL	India
S3-88373141	empirecascadeunited.com	22759 165, Los Banos, California	US
S3-108371977	Mr Globe Security  Limited	Plot No- 177. Pole No 87, New Delhi, South West Delhi, दिल्ली	India
S3-348519097	Fayejax DBA Mora Champ, DMD, M.D., P.C.	7 Duncklee Street, Boston, MA	US
S3-718058512	jsbrothers.com	Ed86 Setor D Scheme No94, Common Passage Robert Sq., Indore, MP	India
S3-182465226	Jasper Chiron Corp	Springfield, Illinois, 3205 Winch Rd	US
S3-801585928	Foot & Ankle Clear Specialists Llc	##4250 Morse Rd, Columbus, Ohio	US
S3-603934144	Communaute Ecole  SARL	Loire-Atlantique, 9 Rue Jean Bouin, Nantes	France
S3-595113246	Classic Wholesale  Systems, Inc	209 Town Farm Road, Litchfield, Connecticut	US
S3-835378078	KREUTZER KREUTZER GREAT INDUSTRIAL LLC	333 Lindy Blvd, Ballwin, Missouri	US
S3-333236636	TL	46 R Saint Louis, Tourcoing, Hauts-de-France	France
S3-352557801	ಶ್ರೀ ಕನ್‌ಸ್ಟ್ರಕ್ಷನ್ಸ್ ಪ್ರೈವೇಟ್ ಲಿಮಿಟೆಡ್	9024, Bangalore, KA	India
S3-639899511	इंडो पावर लिमिटेड	A-237-a New Ashok Nagar, Delhi, East Delhi, DL	India
S3-840634141	Aili Relil Highland Environmental Services Corp	5513 Whitman Avenue, Fort Worth, Texas	US
S3-476765513	Best Global Ltd		India
S3-163980965	Pediatric Dental  Physicians Ventures		US
S3-600282255	Gonzales  & Cmmn		US
S3-762080956	Baa L.L.C.	Lincoln Ave, # 4, Ogden City, Utah	US
S3-91247659	Deep Cfas Pvt Ltd	10, Whiteacres Channasandra Main Road, Ambedkar Nagar Whitefield, Hosakote, Bangalore Rural, ಕರ್ನಾಟಕ	India
S3-970094089	Ets Zero EI	5 R. Emile-antoine Bourdelle, Mérignac, Nouvelle-Aquitaine	France
S3-45890181	Twisted Bistro	280 Church Street, Heppner, Oregon	US
S3-920550190	Shri Hitech Properties LLP	C-8, Atlantis Vilas, Near Preet Bunglow, Chhani Canal Road, Vadodara, ગુજરાત	India
S3-459069487	ಶ್ರೀ ಟೆಕ್ ಬೇಕರಿ ಎಲ್ಎಲ್‌ಪಿ	Polt No.11/2, Bellary, KA	India
S3-68887314	Dream Care Limited Center	D6, Ii Floor, Maruthi Plaza, Dvg Road, Opp: To Vodafone Office, Basav, Anagudi, Bangalore, Bengaluru, ಕರ್ನಾಟಕ	India
S3-829219285	FÉDÉRATION DES ROCK PARTICIPATIONS	N° 18 Rue Raimu, Pessac, Nouvelle-Aquitaine	France
S3-238388894	Cobalt  LLC	5219 Parkview Avenue, Cincinnati, Ohio	US
S3-707529725	Calais Ecole	Pas-de-Calais, Calais, 142 R. De Panama	France
S3-592346721	इंटरनेशनल इंजीनियरिंग	No 383 D-423, 2Nd Floor, Tagore Garden Extn, West Delhi, New Delhi, DL	India
S3-389616529	Avigildsol doing business as Anchor Consumer LLC	1935 Willetts Bottom Road, Battletown, KY	US
S3-613553615	Dental Green Partners Co		US
S3-457066899	(Services) Glidewell Corp	Arkansas, 4722 Colony Dr, Jonesboro	US
S3-494884037	Withers-Integrated Owl	42604-A 75, null, Snead, Alabama	US
S3-360807059	TGH Sportive	427 Rue De Tunis, Calais, Hauts-de-France	France
S3-62454965	Baglamukhi +-Associates Corporation		India
S3-282829304	Carmon & Weaver	012 Mcgibbon Avenue, Amsterdam, New York	US
S3-354549529	Lyragild	20 Rue Jean Burguet, Bordeaux, Nouvelle-Aquitaine	France
S3-673617594	Congregation Synagogue Partners	2319. Gaston Ave, Tyler, Texas	US
S3-140387362	@Departementaleparents	65 Rue Jouffroy, Roubaix	France
S3-161015267	Diamond Marine Innovations Inc	33698 Dutch Ln, Brightton, Illinois	US
S3-46032868	Saisons Conseil SARL	35 Pl Jean Bart, Grand Morien, Dunkerque, Hauts-de-France	France
S3-632236234	MN Ecole SAS	Lille, 8 Boulevard Carnot	France
S3-102576830	Pitts Income	525 Cherry St, <NULL>, Dunlap, Tennessee	US
S3-22330234	Congregation  Church Inc Center	1354 Chukar Ln, Incorporated, Idaho	US
S3-995238119	Signature Partners Group Diagnostic	118 Woodlawn Ave, Unit Apartment 2, Ynokers CITY, New York	US
S3-556634153	Madrassati & Cie Développement SARL	Nº 48 Rue Yves Ponceau, Pornic, Loire-Atlantique	France
S3-907808586	Jrt Àmicale SAS	35 R Paul Doumer, Dunkerque	France
S3-517159077	Smj Pvt.  Ltd. Center	14, Sidhpura Co-op Industrial Estate, S.v. Road, Goregaon (West), Mumbai 4000, 62, Mumbai City, Mumbai, महाराष्ट्र	India
S3-21519895	école Maternelle Sainte Taem Distribution	No 5 Allee Des Dunes, Lège-cap-ferret, Gironde	France
S3-516074924	Services Piedmont Reliable of Folsom Corp	#3212 Auburn Leaf Loop, Folsom, California	US
S3-841335912	Om Systems Public Limited	H.no 32 Gr Flr, Ladak Developers, Chincholi Bunder Rd, Malad (West), Next To Garden View, Mumbai, महाराष्ट्र	India
S3-603943419	Ariaorbidelta f/k/a Pharmacie du Voiture	Hauts-de-France, Roubaix, 7 Rue Berthollet	France
S3-352119849	Powercon Global Pvt. Ltd	DL, New Delhi, 4378/4B, Central Delhi, Murari Lal Stree	India
S3-60868051	Pioneer Áerosmpace Group	11005 Cross Drive, Unit APT 4, Northern Communities, Alaska	US
S3-33710295	My Private Limited Center	#91, Jalna, Thane, MH	India
S3-18484292	Fédération des Rock France EURL	N° 18 Rue Raimu, Pessac, Nouvelle-Aquitaine	France
S3-82454221	Best (India) Services (Limited)		India
S3-225464337	Jarlon Inc. [Partners]		US
S3-988692530	I/I Health Ltd	603 Interstate Business Pk, Unit UNIT E, Fredericksbug CITY, Virginia	US
S3-748009226	Wexnex	08 R. Nungesser, Pessac, Nouvelle-Aquitaine	France
S3-717420278	Yumadova	18 bis Rue des Maraichers, La Teste-de-Buch, Nouvelle-Aquitaine	France
S3-79504349	Hyderabad Indian Public [Ltd]	Hyderabad, Krishna Apartments, M.i.g. 192, 193, Road No.1, Kbhp Colony, తెలంగాణ, Hyderabad, H.no C-407	India
S3-180862424	Financement (France) Federation SARL	58 R Raspail, Lille, Nord	France
S3-302289559	Lumieres SARL Groupe		France
S3-969429351	3638 Church Avenue Owners Corp  Partners	1088 Third Street, Carrington, North Dakota	US
S3-203600822	HLR Holiday  Ltd	Chepauk, H.no #10B First Floor Mohamed Abdullah 2Nd Street, தமிழ்நாடு, Chennai	India
S3-295173836	Melodee Blackburn, Inc Services	31 Straton Court, Shenandoah County, Virginia	US
S3-307711025	Indo Power Traders Limited	A-00150-a New Ashok Nagar, Delhi, East Delhi, DL	India
S3-682859033	Collège Sainte Paul		France
S3-283465118	East Global Public Limited	H.no 20 And 10 Sukh Shnti, Mumbai City, Mumbai, महाराष्ट्र	India
S3-590995637	Ets-Dentraide France SARL	28 Rte De Paris, Nantes, Pays de la Loire	France
S3-833533479	HLR Hoilcy Overseas Ltd	#C-31B First Floor Mohamed Abdullah 2Nd Street, Chepauk, Chennai, TN	India
S3-734086853	Design Clean Corporation	14984 80st Place, Maple Grove, Minnesota	US
S3-348913086	onlyclub.com	No. 20 R. De L'ornière, St-herblain, Loire-Atlantique	France
S3-29266651	Cirasynfaye t/a Happy Deli	851 Montague Lane, Kimberling City, MO	US
S3-645954039	Global Shree Chemicals-Pvt Ltd	C/o Amit Kmar L201, Ghaziabad, UP	India
S3-61824429	Tourcoing  Club SARL	R De La Tossée, Tourcoing, Hauts-de-France	France
S3-842531123	Naitre Compagnie (France) SA	Lille, 27 Rue Des Pyramdes	France
S3-911374802	Hannon And Gosnell Services	Iowa, 1005 Koudsi Blvd NW, Cedar Rapids	US
S3-656214346	Primary Care Partners Llc	820 Hampton Road, Columbus, Ohio	US
S3-279118527	Brooks, Doroaa, MD	73424 490rd Avenue, Jackson, Minnesota	US
S3-762989495	सन फूड्स एलएलपी	Khasra No. 1011, Delhi, North Delhi, दिल्ली	India
S3-655559890	Main Street Barbnrshop	10 Washington St, Middletown, Maryland	US
S3-195914753	SARL Établissements Mine	Hauts-de-France, 024 Av Gustave Delory, Roubaix	France
S3-831478974	muzaffarnagarpower.com	H.no 2/2 Grd Floor, Meeka Vihar, Jansath Road, Muzaffarnagar, उत्तर प्रदेश	India
S3-287912862	JONES MANAGEMENT CORP	2085 Hualapai Dr, Bullhead City, Arizona	US
S3-968002970	Lyceens Lycée Cie	Bordeaux, 61 R Amédée Saint-germain, Gironde	France
S3-581673296	Sree Tech Textiles	Plot No.11/2, Ex-service, Men Colony, Ward No.28, Bellary, ಕರ್ನಾಟಕ	India
S3-674075973	École  maternelle Sainte Tscma Développement	No 5 Allee Des Dunes, Lège-cap-ferret, Gironde	France
S3-60251156	साउथ टेक एलएलपी	MH, Mumbai, Mumbai City, Hn 503/3 Room No 12	India
S3-26077258	Foot  & Ankle Ridge Care	116 Seminole, # 90, Louisburg, North Carolina	US
S3-474907721	... Kent's Coastal Cleaning Srvinse Corp	33 Phineas Davis Ln, PMB 6712, Mexico, New York	US
S3-897410932	Luna Reserve Inc		US
S3-883579635	MJI	4476 Drum Castle Court, Virginia Beach City, VA	US
S3-547859446	Smt Shree International School Holdings	No 3 C/o Soumik Laha, Shripur, Hugli, Goghat-ii, Hooghly, WB	India
S3-950612810	Sporting Amis		France
S3-468007334	Alpha-(France) Club EURL	72 Rue Royale, Calais, Pas-de-Calais	France
S3-418071116	Lycée Ip & Fils	Hauts-de-France, Roubaix, 74 Rue Jnan Baptiste Notte	France
S3-157519890	Xylolyra Labs	15 Rue Sainte Catherine, Lège-Cap-Ferret, Nouvelle-Aquitaine	France
S3-340116079	Shiva Logistics Private Limited		India
S3-739252	Sarasan	Sno 73/1F, 12, 13 Keshar, Laxmi B-403 Tapkir Mala, Pune City, Pune, Maharashtra	India
S3-352229816	Terres Boule Services SAS	5 Rue Des Cigoges, Dunkerque	France
S3-761324127	Dynamic Power Ltd		India
S3-966737234	Bhagyoday Technology  Private Limited	Flat No 7-939, Floor No 3, Balaji Homes Sec 48, Gurgaon, HR	India
S3-822860375	Luxmi  (India) Recruitment Private		India
S3-560965130	Kalinda  Stumpf Ridge Studios	1716 Robin Cir, Ashtabula, Ohio	US
S3-124514871	Minda's American Cleaning Service Partners	Maryland, 17778 Larchmont Ter, Gaithersburg	US
S3-653522108	Autism Assistance Initiative LLC	01400 Seventh Street, <NULL>, Hopkinsville CDP, Kentucky	US
S3-710800186	JK LOISIRS SARL	3 R. Robert Planquette, Nantes	France
S3-656465240	Maitreyee Services Private	H.no 358 Green View, U/bhanu Nagar, F No-d, 1St Flr, Blk-3, Siliguri, Darjiling, Darjeeling, পশ্চিমবঙ্গ	India
S3-326846794	Gangesh Pvt. Ltd. Services	Bandra East, Kanakia Paris, F Block Bkc, Bandra East, MH, Hn 950 G-1901, Mumbai City	India
S3-558637321	MACKENZIE ELITE APOLLO	9 Kenilworth Knolls, Unit 424, Asheville, North Carolina	US
S3-300879198	Smart International Pharmacy Private Limited	#22, Hyderabad, TG	India
S3-827635104	Mumbai Inboscom Private (Limited)		India
S3-283141123	Permis Union	159 Rue Belle Rade, Dunkerque, Hauts-de-France	France
S3-898682905	Smt Red Investments Enterprises		India
S3-597043723	Institut de Style SASU	100 Rue De Lille, Tourcoing	France
S3-721240549	Ananda Fos Private Limited		India
S3-91321757	One Consultancy Private Limited	Shop 273 Plot No.30 4 Flr, Delhi, North West Delhi, दिल्ली	India
S3-427107283	Tous & Fils  SAS	0134 R. Berruer, Bordeaux	France
S3-810980409	Foot & Akcnaes Clinic Co	182 Deer Drive, Prescott Valley, Arizona	US
S3-292880771	10 Rédonner Ehpad EI	56 Rue Achille Testelin, Tourcoing, Hauts-de-France	France
S3-519300149	Association des (Droit)	80 Rue De La Convention, Nantes, Pays de la Loire	France
S3-836867737	INC PRECISION CLOUD COLLECTIVE	7475 County Road L, Solon Springs, Wisconsin	US
S3-189769473	M/s Anand Ventures Private		India
S3-976051864	Mountain Dl Care	Annexe Building Nizamuddin East, New Delhi, DL, 30, New Delhi	India
S3-938712258	Able Institute of Technology  Industries Private Limited	H-567, Nand Nagri Extn Sunder Nagar, Delhi, दिल्ली	India
S3-285342477	Patterson's Therapy	5685 Express Drive, Unit APT A13, Montgomeyr, Alabama	US
S3-931765417	Private Varanasi Shsi Limited	Raghuvansh Kuti, B1/3, Fatman Road Gulab Bagh, Cantt., Varanasi, UP	India
S3-773032073	#maresport	119 Rue Sainte-catherine, Bordeaux	France
S3-621654330	Allee & Fîls Holding SARL	Gironde, Bordeaux, 96 Rue Stehelin	France
S3-302034678	Mumbai Center Watches	B-601, New Jasmin Chs, Indraprasth Park, 90 Ft Ro Ad, Greater Mumbai M Corp, Mumbai, MH	India
S3-83967977	Green (India) Nt Private	Pl.no.16- Sjs Cottage, Kolar, Dasarahosalli, ಕರ್ನಾಟಕ	India
S3-39758666	Stuart Farms Eastgate	5223 Shenandoah Avenue, Newburgh, Indiana	US
S3-201178408	Creative Trading Works Inc	00206 Woodcock Ln, Tyone CITY, Pennsylvania	US
S3-522931168	Hyderabad Plus Ltd	C/0 V Ramu H No 1-11-251/4 & 4A 6Thfloor Tirumala Heights Begumpet, Hyderabad, తెలంగాణ	India
S3-819798192	Chasse SAS Comite Enterprises		France
S3-690943923	heritage guild clinic		US
S3-511521971	Indian Trading	Pune City, First Floor, Pinnac Apt, Erandwane, MH, Pune, Office No. #5	India
S3-106513576	Sri Guru Logistics Private		India
S3-330153146	NX Çlub SAS	Nº 56 R Jeanne La Corsaire, Nantes, Pays de la Loire	France
S3-156184191	Karan (Inrm)  Eretail Pvt Ltd	No #16-150, (10-A2), Shivalli Industrial Area, Udupi, ಕರ್ನಾಟಕ	India
S3-311746028	Union Sainte Chapelle	18 R. Mondenard, Bordeaux	France
S3-737992325	Funny-Maternelle	55 Rue Gantois, Lille, Nord	France
S3-70620855	Premlata Forklift Phgrnavate Limited	1-2-33/Me/30, D, TG	India
S3-971020091	Infra Backbhone Limtied Overseas	B113 Block B Sushant Lok, Iii Sec. 57 Sl3 Gurugram, Gurgaon, Sector -45, HR	India
S3-696368307	Établissements Leman SARL	51 Avenue De La Chapelle Forestière Pyla, La Teste-de-buch, Gironde	France
S3-402105349	... Historical Coalition Ltd	2825 Joslyn, Mesa, Arizona	US
S3-637791886	Whitesnow Supoprtservices Private  Limited	B/11, Kamalpushpa Appartment, Memnagar Road, Navrangpura, Ahmedabad, ગુજરાત	India
S3-929403402	Shyam Industries Private	C-4b Madhab Chatterjee Street, Kolkata, Rajarhat-gopalpur, পশ্চিমবঙ্গ	India
S3-686718036	Club des Team SASU	148 Avenue Aristide Briand, Merignac, Gironde	France
S3-407757236	Maison dë Santé du Sainte	44 Rue Du Calvaire, Tourcoing, Nord	France
S3-230435405	SAS Ecuries Parents	Gironde, 11 Rue Ernest Renan, Bordeaux	France
S3-614937730	Mérignac Maternelle SAS	No. 1 Rue Du Liveau, Merignac	France
S3-310136580	UI SIRIUS AMICALE		France
S3-770740914	Club Mon		France
S3-380838179	Rishita LAW Chambers Private Limited	Padra, Jambusar Road, Padra, Vadodara, ગુજરાત	India
S3-635020916	Drexavi	107 Rue De Gand, Tourcoing	France
S3-774641933	Walsh  Nuveen LLC	4455 Alliquipa St, Baton Rouge, Louisiana	US
S3-708437628	Supreme Solutions Pvt Ltd		India
S3-964987516	Push (France) Club	2 R. Frnaçois Couperin, Pessac, Gironde	France
S3-347033024	Ahmedabad Solrtuion Limited		India
S3-364637332	India Hcs Co Center	No.1664 K.no-3716/1664, Bangalore, KA	India
S3-856106345	Sewell PLLC Center	5054 1/2 Technology Loop, # Unit 80, Corvallis, Oregon	US
S3-62576520	Nama Limited Services	13054, Prestige Wellington Park, Near Gangamma Circle, Jala Halli, Bangalore, KA	India
S3-372614957	DELACY RAPID SUNRISE		US
S3-671246318	Complete Cargo Inc Union	9401 Globe Center Drive, Raleigh, North Carolina	US
S3-986363713	Dorian's Hsghgand Studios  Inc	17311 Us 40 Highway, Unit B87, Independence, Missouri	US
S3-120748044	Hunger Coalition LLC (Society)	6 Gikas Ln, Massachusetts, Marlborough	US
S3-63174454	Chiropractic Associates L.L.C. Trading		US
S3-784482844	Club dës Rsjam	Roubaix, 054 Rue De Béthune, Hauts-de-France	France
S3-317491978	CROW SCHOOL OF MEDICINE, LLC	409-413 149th Place, Glenpool, Oklahoma	US
S3-561274794	Puru Chemirlcas Group LLP	Mumbai, Ivanhoe, Ground Floor, 139, G J Bhosale Marg, Nariman Point, ##7, Mumbai, MH	India
S3-979310508	Pornic Gestion SARL	Pays de la Loire, Pornic, N°57 Rue Des Sillons	France
S3-196924140	Miss Fetes SAS	00102 Rue Franklin, Roubaix	France
S3-228340338	tgo petroleum	420 5 S Hill Rd, Sunnside, Washington	US
S3-202459007	Orbikor	76/77, Ludhiana, PB	India
S3-907049494	Club Paul SA	19 Av. Jules Verne, Merignac, Nouvelle-Aquitaine	France
S3-930917107	Ensemble Federation		France
S3-741107556	SS S0lutions Private Limited	Door No 1-1, Hyderabad, Rangareddy, TG, Syno.73, 74, 75, 71 Flat No.401, 4Th Floor Vision Arcade, Jaihind Gandhi Road, Madh, Apur	India
S3-446814371	Roland School Of Medicirn, LLC	408 149th Pl, Glenpool, Oklahoma	US
S3-135771065	GAOR	321 Walton Ln, # K132, Madison CITY, Tennessee	US
S3-57701395	Supreme Labs Partners	683 Spring Valley Circle, Unit APT 101, NIXA DCP, Missouri	US
S3-156457631	Apex Healthcare Private	D-549, Qutub Vihar -2, Goyela Dairy South West Delhi, New Delh, South West Delhi, दिल्ली	India
S3-304476872	Deleves Maison		France
S3-237015806	NA	16 Bis Blvd Emile Romanet, Nantes, Loire-Atlantique	France
S3-18327563	क्लासिक मैनेजमेंट स्टील	166 A Thikakeravadi Thikekaravadi Junar, Pune, महाराष्ट्र	India
S3-621129764	Dunkerque Loisirs Sarl		France
S3-578200282	Tone Mill	A-6-50/4, Gurugram, Gurgaon, हरियाणा	India
S3-241443091	Hedy'S Couture Partners LP	24 1/23 Miller Street, null, Cortland, New York	US
S3-427358973	lyrify immunopharma llc	Jack Browning Dr, Jarrell, Texas	US
S3-43097115	शक्ति प्रॉपर्टीज लिमिटेड	No B3/48 Shree Mira Co-op Hsg Societyltd Akurli Road Kandivali East, Mumbai, MH	India
S3-154493336	AE Fairs Private Ltd	C/o Shashank Chaudhary, Chipyana B Chipyan Bujarg, Ghaziabad, UP	India
S3-839713680	Novimira+ aka Brown, Lopez & Hallett Inc	502 Powellville Lane, Unit F, Newport News City, VA	US
S3-161607081	Nantesculturesarl.Com	38 Ave De Rome, Nantes, Loire-Atlantique	France
S3-270242422	Lège-Cap-Ferret Parents SA	9 Bis Ave De La Presqu'île, Lège-cap-ferret, Nouvelle-Aquitaine	France
S3-458768300	Economique Congregation Thëatre SCI	58 Avenue De L'océan Cap Ferret, Lège-cap-ferret, Nouvelle-Aquitaine	France
S3-194453007	Professionnels Pharmacie SARL	Nantes, 16 R. De Lhippodrome	France
S3-774597651	Surgical Center Inc Trading		US
S3-275639657	The Blue Pub LLC	602 Eagle Road, Greensboro, North Carolina	US
S3-730738053	Rizadova formerly known as Monroy, Legette & Boyce Willow	4811 Mill Park Drive, Henrico County, VA	US
S3-167320991	*** 5s Anand Constructions Pvt Ltd	B-45/1 Ratan Nagar, Jabalpur, Civil Lines, MP	India
S3-619237112	SA Maison Etrifge France	197 Rue Barthelemy Delespaul, Lille	France
S3-532992467	Bard Holding Company (Partners)	929 First St, Linton Township, Indiana	US
S3-452319643	Tech Foods Pvt Limited	##1719, 6Th Cross, 6Th Main, Judicial Layout, Bangalore, Bangalore North, ಕರ್ನಾಟಕ	India
S3-323052320	Creative Services	928C Erb Farm Lane, Naperville, Illinois	US
S3-622503041	Express Staffing Technology Inc.	1003 Sunny Brae Court, Apex, North Carolina	US
S3-261752337	A/K Tmlpdhone PLLC		US
S3-103177804	Dentraide Groupement SCI	19 R Binaud, Bordeaux, Nouvelle-Aquitaine	France
S3-841457414	Ets Deleves	Nantes, Pays de la Loire, 12 Rue De La Patouillerie	France
S3-57900063	Fluxbrix DBA Vandyke, Finch and Soto Inc	14211 Julington Lane, Cypress, TX	US
S3-662426564	Surgical Partners PC	2125 Hunters Trail Dr, Indian Trail, North Carolina	US
S3-462419480	Association des Alta SCI	031 Place Félix Eboué, Saint-nazaire, Pays de la Loire	France
S3-918047679	- (East) áyurveda Private Limited	Shop-003, Andheri, - (East), MH	India
S3-577680566	Pegasus Trading Limited Services	J-99 Ashok Vihar, Divreportingcircle, New Delhi, दिल्ली	India
S3-28900415	Lamelioration Ecole (France)		France
S3-273257745	Pharmacie  Jean Ventures		France
S3-926788282	@yerresfrance	30 Rue Kervégan, Nantes, Loire-Atlantique	France
S3-96256059	Art Sante SA	43 R Fontaine Del Saulx, Lille, Hauts-de-France	France
S3-774047631	Lakshmi Psroocuer LLP	Door No 330 Shop No-13, Sai Srushti Appt, Pl No. 41 S No. 315/2A, Nandanwan Colony, Pathardi, Nasik, Nashik, MH	India
S3-211793948	oneamicalesas.com	59200 Tourcoing, 03 Rue Des Villas, Tourcoing	France
S3-131313149	@pediatrichealth	23611 49th Ave, Woodinville, Washington	US
S3-347888978	Ghaziabad Enterprises Private Limited Center	B- 4, Ghaziabad, UP	India
S3-907983672	India Magic Group Buildcon Ltd	Plot No. 26B/29. Sidco Industrial Estate, Pattaravakkam, Ambattur, Tiruvallur, TN	India
S3-480008838	Alpha International Limited		India
S3-293750823	Sce SAS Services	2565 C Avenue De Petite-synthe, Dunkerque, Hauts-de-France	France
S3-761359947	Clout Tracon-Private [Limited]	1St Floor, Patna, BR	India
S3-147246873	WX Musique	9 Place De La Liberte, Dunkerque, Hauts-de-France	France
S3-215032516	comitdedeleves.com	220 Rue Ferdinand Mbthias, Lille, Hauts-de-France	France
S3-589513771	Hyderabad Services Ltd	C/0 V Ramu H No 1-11-251/4 & 4A 17Thfloor Tirumala Heights Begumpet, Hyderabad, TG	India
S3-785093103	Beecham, Haug & Chamberlain [LLC]	00263 Church St, Cynthiana, Kentucky	US
S3-25635772	Sri @hitechservices	Godrej Genesis 12-Floor/1, Room No 1201 Ep & Gpblock, Sech Bhawan, Saltlake, North 24 Parganas, West Bengal, India., Saltlake, North 24 Parganas, WB	India
S3-123441013	Teitelbaum, Park and Santana Cal	14617 42nd Place, Yuma Foothills, Arizona	US
S3-261875491	sma & co	Shed No. 3, Rajkot, GJ	India
S3-200377574	Behavioral Health Medicine Llc	6638 Lake Helen Dive, Theodore, Alabama	US
S3-605362480	Synavidrex Co D.B.A. Nantes Club EURL	13 Avenue de Locronan, Nantes, Pays de la Loire	France
S3-878422706	UH Bread Corporation	Munjoy, Protland, Maine	US
S3-922827451	Lee Next L.L.C.	448 Midlothian Blvd, Youngstown, Ohio	US
S3-579995671	Litchfield  Coastal Wells-LLC	501 Maple Street, Unit Apt 419, Fayetteville, Arkansas	US
S3-313479458	Muzaffarnagar Power Pvt	No 2/2 Grd Floor, Meeka Vihar, Jansath Road, Muzaffarnagar, UP	India
S3-432294205	Anim Anciens EURL	No. 9 Avenue Des Pres De Toctoucau, Pessac	France
S3-924813092	Nantes Fetes	0036 Avenue René Bazin, Nantes, Loire-Atlantique	France
S3-305174600	ಕೃಷ್ಣ ಗುರು ಎಂಟರ್‌ಪ್ರೈಸಸ್ ಸ್ಟೀಲ್ ಪ್ರೈವೇಟ್ ಲಿಮಿಟೆಡ್	Shop No. D/23, Site No.26, 27, Vinayakanagar, 1St Cross Devasandra Main Road, K.r. Puram, Bangalore, KA	India
S3-105546676	*** Sai Software Private	Suraj Deep Iind Floor1-jopling Road Lucknow, Lucknow, Uttar Pradesh, UP	India
S3-154012906	Zetacalovera	(74) Av De Verdun, Bordeaux, Nouvelle-Aquitaine	France
S3-379736697	clark clark & mcphearson corporation		US
S3-861191957	Trusted Mortgage Metro Laboratories	6433 Cordelia Rd, James City County, Virginia	US
S3-414835615	Dau Consultancy (India) Pvt.	1-3-67, Vijaywada, TG, Hyderabad	India
S3-275233015	Chien College S.A.S.	8 Chemin De La Petite Pature, St-nazaire, Pays de la Loire	France
S3-738475087	Public Fab & Co Limited	Plot No-1098, At-sampur, Po-ghatikia, Ps-chandaka, Bhubaneswar, Khordha, OD	India
S3-985692559	Dinesh Services	8 18 Sukhvilas Ashwini Hsg Socpune-Mumbai Road Shivajinagar, Pune, Maharashtra	India
S3-485585894	Bright  Cascade Pimco LLC	305. 2nd Ave SW, Cedar Rapids, Iowa	US
S3-43061994	Ados Menuiserie	024 Rue De Madagascar, Lille, Hauts-de-France	France
S3-629832869	Ela LLP Autolink	#303, Dombivli, Thane, MH	India
S3-253550425	Romero Health  Center	239 Zabriskie Dr, PO Box 1523, Bryce Canyon City, Utah	US
S3-236172944	Textile  India Public Limited	#16 C 103 Today Royal Elisium, Plot No 47 Sec2 Karanjade, Raigarh(mh), Panvel, MH	India
S3-601100111	Futuretrading.Com	Door No 311 Netaji Subhas Road, Howrah, Kolkata, WB	India
S3-517162855	Union du Tara	No 10 R Des Canaris, Dunkerque, Nord	France
S3-343406969	maison cercle sas	15 R. Sainte Catherine, Lège-cap-ferret	France
S3-764496024	OUTREAU LYCÉE EURL	32 R. Saint-joseph, Nord, Roubaix	France
S3-880170264	Center Jones Rocky Co	14213 Pony Hill Court, Centreville, Virginia	US
S3-688559145	New Resorts	MH, Osmanabad, C/o P B Patil Pahnde	India
S3-468149127	Asset Building Council LLC (Association)	5440 Lockwood Rd, Auburnn CITY, New York	US
S3-970074207	Noviumbra Co dba Bombay Exports Private Limited	Mig 18, A P Housing Board Medchal, Ranga Reddy (Dist), Secunderabad, Hyderabad, Telangana	India
S3-488564120	SS	2 Allée des Dunes Cap Ferret, Lège-Cap-Ferret, Nouvelle-Aquitaine	France
S3-81131891	Shiv Projects  Furniture Limited Private	#8/5/F Baranashi Ghosh 2Nd Lane, Howrah, WB	India
S3-962867160	Twisted Coffee!-LLC	815 52nd Street, # 2245, Arcadia, Arizona	US
S3-501417898	Viowex	270 Avenue De La Reousse Dune L'herbe, Lège-Cap-Ferret, Gironde	France
S3-345198851	Mr Ace It Private Ltd		India
S3-391377487	Yumasol	88 Rue Jude, Bordeaux, Nouvelle-Aquitaine	France
S3-38384757	Velo Çomite SARL	#33 Rue De La Moissonnière, Dunkerque, Nord	France
S3-548854066	Dovasynecto	No.13/14, ಕರ್ನಾಟಕ, Bangalore	India
S3-987516071	East Municipals	Virginia, 6012 Sailors Creek Dr, Chesterfield CDP	US
S3-934828399	Lycée Sainte	(25) Avenue Édouard Tabaud, La Baule-escoublac	France
S3-38164546	CE	1 Avenue de la Lavande, La Baule-Escoublac, Pays de la Loire	France
S3-717990919	Straight Edge Center Service Cleaning		US
S3-265800530	Shivalik  Management	#411 Shree Ganesh Apt, NULL, Kalyan, Thane, महाराष्ट्र	India
S3-320371072	SAV-Diamond Ahmerabcln Corp	27818 Pinpoint Crossing Drive, N/A, KTY, Texas	US
S3-184105055	Shakti Exports-Private  Limited	Unit No ##102, Thane, MH	India
S3-986039919	M/s Premier Esmte	D3-tf, Sirsa, Panipat, हरियाणा	India
S3-803175124	Team Anciens  SARL		France
S3-685670551	Roca Kalindi Esq. Inc	3124 Lincoln Way, Costaa MESA, California	US
S3-552283651	Caldon Innovation	414 Sweetheart Dr Drive, Rogersville, Missouri	US
S3-686408130	SARL Calais Sportive Groupe	#12 R Claude Monet, Calais, Hauts-de-France	France
S3-428232817	Dr Glad Information	Mumbai, Floor-1, Plot-26/30 Doongersey Building, Kala Ghoda Fort, Sh-110, Greater Bombay, MH	India
S3-796487793	Vivre & SA Groupe		France
S3-938371381	Gti Comite SARL	7 R. Des Tonneliers, Saint-nazaire, Loire-Atlantique	France
S3-143750527	సన్ సర్వీసెస్ స్టీల్ ప్రైవేట్ లిమిటెడ్	P No. 102, Hyderabad, Rangareddi, Andhra Pradesh	India
S3-420753339	Marzec Slmrs	1403 Cherry Street, Red Oak Township, Iowa	US
S3-782755526	Swastik Exp0rts Private	Rd/12 & 15, 1St Floor Akra Road, S A Froquie Road Metiabruz, Kolkata, Kolkata, Howrah, পশ্চিমবঙ্গ	India
S3-946366014	Umbranovi	House No.325, Behind Hotel D Palace Bavdhan, Tal- Mulshi, Dist-Pune, Pune, Maharashtra	India
S3-321203797	Nationalefederationsas.Com	96bis Rue De Paris Appt B02, Tourcoing	France
S3-419844263	Lille Çlub Groupe SARL	Hauts-de-France, Lille, 0 L14 Rue Pierre De Geyter	France
S3-222640508	Scs Limited Partners	Shop No. 101, S. No. 123/1/1 W-biz Pune City, Mulashi, Pune, MH	India
S3-373263906	Midwest Dental		US
S3-828177009	Q 2 Secure Neuberger Neuberger		US
S3-739493333	LLC Vision Partners	11 Laurel Lane, Etowah, North Carolina	US
S3-315080206	American Global Inc.	Maine, 190 Fahi Pond Road, Anson	US
S3-683320952	Alpha Services Steel Pvt Limited	C 358 Basement, South Delhi, DL	India
S3-759670848	PDYI SARL Amicale	N°10 Allée Des Tennis Grand Piquey, Lège-cap-ferret	France
S3-606434362	Ariaaria Labs a/k/a Baa LLC	3520 Lincoln Avenue, Unit 4, Ogden City, UT	US
S3-985995407	Madhavan Welfare Society LLP	Pune City, MH, Pune, Sahayadri Hsg S.no0028/1 Nr	India
S3-712640835	Division of Aging Corporation	Missouri, 25 85rd Terrace, Kansas City	US
S3-577953158	Pharmacie Bureau	N°9 Rue De Port Maria, Nantes, Loire-Atlantique	France
S3-552365043	Fédération Lamitie de France	53 Boulevard De Belfort, Lille, Nord	France
S3-880097849	Tennis (France) Centre	21 Rue De Wazemmes, Lille, Hauts-de-France	France
S3-411365619	Francaise Distribution Cie & SARL	144 Rue Duguay Trouin, Calais	France
S3-797003200	Crossman, Brynne R., D.O. INC	3153 Saunders Settlement Rd, null, Cambria, New York	US
S3-706729549	PS	179 Avon Avenue, Northfield, IL	US
S3-969895562	Voix Sportive Participations  SARL	157 Route De La Villesbousseau, Saint-nazaire, Loire-Atlantique	France
S3-592761536	Commerce Anciens SARL	8 Allee Adrienne Bolland, Nantes, Loire-Atlantique	France
S3-173025784	Thompson Adgvislrs LLC	5263 78, Cordova, Alabama	US
S3-806725645	ফিউচার ট্রেডিং Limited	Door No 311 Netaji Subhas Road, Kolkata, Howrah, WB	India
S3-210329936	Maison Rïe SARL	39 R Léon Crépy, Lille, Nord	France
S3-471212191	Sree Management Private	Plot No Eg03 Gr Floor, Sanjay Gandhi Nagar Ph Ii, Delhi, North West Delhi, DL	India
S3-240592259	वन कंसल्टेंसी टेक्सटाइल्स लिमिटेड	Vardma Plaza St. No.44 Cc, Delhi, DL, Shop 273 Plot No.30 4 Flr, North West Delhi	India
S3-132591652	MI & FRÈRES SA	7 Impasse Geometre, Mérignac	France
S3-62152972	Future Prmocrn Limited		India
S3-807221400	Faus LLC Center	1347 Gate Post Lane, Charlottesville, Virginia	US
S3-160671745	Agg Liability Limited Services	Mumbai City, MH, 56, Kuber Co Op Hsg. Soc, Sector 17, Vashi., Navi Mumbai	India
S3-968037648	Gold Global Private Enterprises		India
S3-673661927	Aide  Anciens SARL	38 Rue Charlemagne, Roubaix	France
S3-801840631	-- Beautiful Solutions	8Th Flr Flat804 Fpno29, Surat City, Surat, ગુજરાત	India
S3-923920262	Pegasus Taig Private Limited	J-99 Ashok Vihar, Divreportingcircle, New Delhi, DL	India
S3-869808330	CAX Çlub	311 Avenue De Dunkerque, Lille	France
S3-259444644	Yamuya Índia Private Limited	J1-14, Ep&4p Block Sector-v, Salt Lake City, Kolkata, Howrah, WB	India
S3-64492784	Dr Urban C0nsulting Prívate	To 3, 2Nd Floor, 24 Caret Building, Opp. Rok Regency Hotel, Law Garden, C G, Road, ગુજરાત, Ahmedabad	India
S3-817302031	Pioneer Lease Northside  Inc	#18425 Route 286 Hwy, Montgomery, Pennsylvania	US
S3-805285197	Bordeaux  Club	30 R Paul Verlaine, Bordeaux, Nouvelle-Aquitaine	France
S3-857877530	The Happy Pilates		US
S3-345366981	Nicholasville Housing Custom Trust Inc	Brannon Rd, # 235, Nicholasville, Kentucky	US
S3-999055735	Club des Cultuelle	No 57 R De Garies, Mérignac	France
S3-558338915	Elite Cloud Corp Service	3222 Massaponax Church Rd, Fredericksburg Township, Virginia	US
S3-210718770	Clean élite Healthcare, Inc	50 Brompton Road, Great Neck, New York, # Apartment 1U	US
S3-324620722	Celle & Frèrës SCI	No 25 Avenue Du Maréchal Gallieni, Mérignac, Nouvelle-Aquitaine	France
S3-349937930	गुजरात फूड प्राइवेट लिमिटेड	Double Storey, New Rajinder Nagar, New Delhi, 329, दिल्ली, Central Delhi	India
S3-562408525	Noviwex fka Rajendra & Sons Private Limited	H. No. 6-3-596/103, Behind Taj Krishna, Adjacent Lane To Iipm, Naveen Nagar, Hyderabad, Telangana	India
S3-259216780	Bordeaux Comite SAS	24 R. Maubec, Bordeaux, Nouvelle-Aquitaine	France
S3-646977218	Classic Pvt Ltd Partners	Shop No 5060, 3Rd Floor, Rustomjee Ezone Opp D G Khetan School, Goregoan West, Mumbai, Mumbai City, महाराष्ट्र	India
S3-931330453	Synnovinovi	Oxford, 187 Brookbank Rd, New York	US
S3-160785289	collins elite freight llc	515 Husband Street, # # 10, Stillwater, Oklahoma	US
S3-750372795	5ilver Fturne Systems Private Limited	Psi Plaza, Ground Floor, Opp Icici Bank Behind Swastik Hospital, Sarjapura Main, Road, Bengaluru, Bangalore, KA	India
S3-71146711	Maison  Deleves S.A.R.L.	Rue Maurice Marinot, Calais	France
S3-279915373	Pornic Comite		France
S3-834492641	Perfect Impex  Private Limited #23065	A- 86, Basement Defence Colony, New Delhi, दिल्ली	India
S3-853287379	LPZ-Ecole S.A.S	13 Avenue Des Pinassotes, Lège-cap-ferret	France
S3-316548659	Centre	11 c avenue de l'océan, Lège-Cap-Ferret, Nouvelle-Aquitaine	France
S3-434385685	Ets Decibel SAS Cie	Nouvelle-Aquitaine, La Teste De Buch, 40 Rue Des Hippocampes	France
S3-319799023	Beth Methodist Church Central Corp	103 Pheasant Run Dr, Burnsville ICTY, North Carolina	US
S3-935100592	Sauvegarde-Fils SARL Services		France
S3-503295154	Deleves Soins S.A.R.L.	2 R. Auguste Comte, Saint-nazaire, Loire-Atlantique	France
S3-918490236	KE Flirs Private Límited	#8 C/o Shashnk Chaudhary, Chipyana B Chipyan Bujarg, Ghaziabad, उत्तर प्रदेश	India
S3-675260060	Sri Coronation + Sons	Mustafapur Pargana-phulwari P.op.s-khagaul, Patna, BR	India
S3-748079300	Historical Cóalition		US
S3-532457425	Developers Godrej Major Limited	121, Bangalore, ಕರ್ನಾಟಕ	India
S3-2102846	Ets [Vigne]	9 Rue Reine Astrid, Nantes, Pays de la Loire	France
S3-828980557	Cascade lnterstate Infrastructure LLC	310 Hammond Pond Pkwy, Massachusetts, Brookline, # 301	US
S3-780241284	Usha (India) Swad Public Limited	Pt No 13 Kadu Layout, Mhada Colony, Nari Road, Nagpur, MH	India
S3-103199242	CP	64 R De Libouren, Bordeaux, Nouvelle-Aquitaine	France
S3-798486763	Indo Industries Private Ltd Enterprises		India
S3-969083476	Horne-Silver Chémical LLC	# C4, Santa Cruz, 72 Hanover Street, California	US
S3-699421648	BTE	22 Rue De Dijon, Tourcoing	France
S3-836889603	Bordeaux Groupe	N°16 R. Edmond Labasse, Bordeaux, Gironde	France
S3-159409824	mumbai agro pvt. ltd.		India
S3-116856481	Private Clout Tracon Limited	1St Floor, Dinapur-cum-khagaul, Dinapur, BR	India
S3-110339157	EURL Tennis Jeunes	45 Rue Henri Bertrand, Nantes, Loire-Atlantique	France
S3-35964529	monroy, legette & boyce willow		US
S3-460439457	Moradabad Foods Private Limited	Mmig H-0057 Kashiram Nagar, Moradabad, UP	India
S3-138595446	Rochefort Indùstries (France) SARL	8 All. De La Chênaie, Bordeaux, Nouvelle-Aquitaine	France
S3-121404507	PRONOOR ÍNTERSTATE PURPOSE	52 Honeysuckle Dr, Silver Spring Township, Pennsylvania	US
S3-918764573	Dhiti Industries Private Ltd	Plot In Kh No. 421/1 G/f, Vill Rangpuri Near Old Shiv Mandir, South Delhi, DL	India
S3-139122608	Aia Poulbots  Societe	609 Rue Henri Dunant, Dunkerque	France
S3-131032549	Nantes Primaire SAS Enterprises		France
S3-612481006	Sri Dream Enterprises Ltd		India
S3-183535569	Bracken-Select Made LLC	914 Larchmont Ave, Capitol Heights, Maryland	US
S3-75343059	Saisons Anciens Sarl		France
S3-245217624	Arc Affiliates Private #69968	301, Shree Vardhman Trade Centre Phulchhab Chowk, Rajkot, GJ	India
S3-482850179	Shivhare Charitable Trust Private Limited	Blck C-976 19/522, Malappuram, Malapuram, KL	India
S3-621316305	Rickels Blue  Red LLC	318 Carpenter Road, Granger, Washington	US
S3-522394237	N 6  Apex-Berkley LLC	1500 Dun Loggin Dr, Mckinney, Texas	US
S3-650405773	Private White Projects (Ltd)	Door No #1, 18Th Cross, Kanaka Nagar, Rt Nagar Post, Bangalore, KA	India
S3-146199975	Smt East International		India
S3-330868419	Vivre & Cie	146 R Paul Bellamy, Nantes	France
S3-110643747	Perez Inc (Services)		US
S3-162744186	Sanskar Hospital Group	1-43-22/7, Nazarpet, Revenue Ward No 16, Tenali, Guntur, ఆంధ్రప్రదేశ్	India
S3-548632790	Padma Corp Partners		India
S3-55505621	Cactus Private Limited Limited Center		India
S3-233061080	-- patriot silver rocket care corp	Ohio, 2786. Dutch Ridge Rd, Portsmouth	US
S3-875021322	Future Healthcare Traders Private	No.00121, Nelson Manickam Road, Chennai, Aminijikarai, தமிழ்நாடு	India
S3-617575807	ব্রাইট অল ইনফ্রা প্রভিশন প্রাইভেট লিমিটেড	#36B Anil Roy Road, Kolkata, Calcutta, WB	India
S3-175480786	Sanchez Golden  Massage	3968 Hutn Hwy, # 184, San Tan Valley, Arizona	US
S3-234234934	Pune City Developers Company	Neha Ii, Flat 1, Plot No 16, Sector 20, Krishnanagar, Pune, MH	India
S3-286342389	Locale Comite Participations E.U.R.L.	24 Rue De La Halle, Lille	France
S3-634912703	Orion Trade	Door No Bwing Evergreenbldg, Thane, MH	India
S3-836393556	Shyam Industries Private Ltd	C-4b Madhab Chatterjee Street, Kolkata, Howrah, Rajarhat-gopalpur, WB	India
S3-994143723	Zephlyra fka Trusted Broadcast Worldwide LLC	2815 Hart Street, Dyer, IN	US
S3-695130842	Blancs-Tennis Elementaire		France
S3-141643092	Pioneer-LLC Partners	300 Nutt Road, Dayton, Ohio	US
S3-328031274	Ahmedabad Solutions Solutions Holdings	Shop No-a-307, Ahmedabad, GJ	India
S3-238223083	Mcdowell Perry Technologies	8108 859, Mckinney, Texas	US
S3-234152759	Om Systéms Private Limited		India
S3-301550153	Nylajaxx f/k/a Margarethe Root Rapid Platinum, LLC	233 Luxapalilla Avenue, Winfield, AL	US
S3-691184975	Si Club S.C.I.		France
S3-147086304	Z/H Aegno [LP]	6604 Kerby Avenue, Portland, Oregon	US
S3-687940300	Rhino Club SARL	15 Chemin Des Grillons, Nantes, Pays de la Loire	France
S3-645666571	ALLEN ALLEN CHICAGO LLC	1500 Stolle Rd, Elma, New York	US
S3-827174102	Siddipet Research	Plot 613 Survey No- 392 And 208, Medak, Andhra Pradesh	India
S3-636313359	Citoyennete Maternelle	21 Bis Rue Anrien Pichon, St-nazaire	France
S3-438186806	பாரத் இன்டர்நேஷனல் எண்டர்பிரைசஸ் பிரைவேட் லிமிடெட்	5/420, 2Nd Street, Rajiv, Ngr S.kolathur, Kanchipuram, TN	India
S3-783221677	Bordeaux Culture  France SARL	60 - Cours De La Martinique, Bordeaux, Nouvelle-Aquitaine	France
S3-880662904	grange (france) médico sarl	105 R. De La Garonne, Lille, Hauts-de-France	France
S3-571596161	Mr Bright Projects Private  Limited	No 402 4Th Floor Bldgno D-21 Sec-vii Of Shantinagr Mira Road Station (E), Thane, <NULL>, MH	India
S3-600047624	Arcsyn DBA Smart Infotech Limited	Vill- Hariraha, Rustampur Anchal- Laukahi, Madhubani, Bihar	India
S3-850157541	Lumieres Cofhb SARL	328 E Ave Antoine De Saint Exupery, Calais, Hauts-de-France	France
S3-754955935	Établissements Lets SARL	Tourcoing, 12 R De Roncq	France
S3-121181185	Gonzalez Managed Inc	Illinois, 2015 Farnham Ct, Schaumburg	US
S3-666777638	Wadsworth City Pharma Center	1300-B Coalridge Parkway, Ohio, Wadsworth City	US
S3-619165573	établissements enfants sas	17 Allee Henri Lavenant, St.-nazaire	France
S3-410209125	ARTS Guild	Grants Pass, Eighth Street, Oregon	US
S3-192794590	True & Co.		India
S3-17090908	Laxmi Services Pvt Limited		India
S3-417613313	सनराइज एस्टेट एलएलपी	Hn 416 Flat No-91, East Delhi, Delhi, DL	India
S3-486266345	Veolum	2 Avenue Charles Nicolle, Saint-Herblain, Pays de la Loire	France
S3-319628685	লোটাস প্রজেক্টস ইন্ডাস্ট্রিজ প্রাইভেট লিমিটেড	H.no 177 Mahatma Gandhi Road 3Rd Floor, Kolkata, Howrah, পশ্চিমবঙ্গ	India
S3-98705998	Kietfh Egh Group	Saint Charles, Illinois, 306 Fourteenth Street	US
S3-120916711	Mumbai Polytechnic Limited Private	Shree Narayad Dham, Kothari Nadi, Sanganer Rd, Bhilwara, RJ	India
S3-196084855	SAS Francais ècole	230 Blvd Gambetta, Roubaix	France
S3-404892206	Midwest Metro Digitalbridge Harbor LLC	Illinois, 1115 Lawn Ln, Ramsey	US
S3-81913040	Lille Amicale Enterprises		France
S3-601452064	(SARL) JK Liosirs	3 Rue Robert Planquette, Nantes	France
S3-369281667	@jouer	Nantes, 1 Venelle Françoise D'eaubonne, Loire-Atlantique	France
S3-991980448	S.A.R.L. Sauvetage Élémentaire	279 Chemin Du Banc Vert, Dunkerque	France
S3-576085501	Koravi Trust IV	525. 3th Street, Crowell, Texas	US
S3-211004054	Sri Apollo Infosystems  Pcnivate Limited	H-0749, Bangalore, KA	India
S3-598354109	ಶಿವ್ ಸರ್ವಿಸಸ್ ಪ್ರೈವೇಟ್ ಲಿಮಿಟೆಡ್	Akr Vo 67, Bangalore South, Bangalore, ಕರ್ನಾಟಕ	India
S3-281478405	Bengalurusupply.Com	Plot No.120-a3 Epip Layout Shantiniketan/f6, Bangalore, Bengaluru, KA	India
S3-141024974	Limited Chakradhar Realtors Private	DL, Central Delhi, 512-514, Delhi, Antriksh Bhawan, 22Kg Marg, Connaught Place, Delhi	India
S3-923137732	Franken Safe Freedom Ltd	615 Spectator Avenue, Hyattsville, Maryland	US
S3-123692335	Smt sardar brothers limited	MH, Mumbai Region, H.no 7Th Floor, Bombay, Classic Pentagon, Western Express Highway, Nr. Bisleri, Andheri East	India
S3-862167888	Tourcoing Comite Développement Sarl	052 Rue Du Chêne Houpline, Tourcoing, Hauts-de-France	France
S3-295871159	Shri Sanskar Hospital Company	Tenali, Guntur, 1-43-17, AP, Nazarpet, Revenue Ward No 16	India
S3-879094168	Pre Ehpad SA	Mérignac, 98 Av. Albart 1er, Nouvelle-Aquitaine	France
S3-966645375	Ganga LLP Service	No 5 Midc Pl No A57, Kagal, Kolhapur, MH	India
S3-521235437	One Media		India
S3-555124306	Maison Uni SAS Cie	Nº 25 R De La Plaine, Dunkerque, Nord	France
S3-91174887	विजय Infotech एजेंसीज प्राइवेट लिमिटेड	Plot 72 B 316, Water's Edge, Next To Nandavan, New D P Road, Pimple Nilakh, Hinjawadi, MH	India
S3-459976338	Novinexaria	Chipyana B Chipyan Bujarg, C/O Shashank Chaudhary, Uttar Pradesh, Ghaziabad	India
S3-339311153	KLB CULTUREL EURL	N°39 R. Morand, Nantes, Pays de la Loire	France
S3-121242372	फॉर्च्यून हेल्थकेयर प्राइवेट लिमिटेड	DL, South East Delhi, Door No 6-1	India
S3-208084694	Fayefaye née ZP Union SASU	4 bis Rue de Monterey, Pessac, Nouvelle-Aquitaine	France
S3-445578445	Faucett Systém Ltd #50271	Ohio, Masury, 1173 Bedford Rd	US
S3-970744803	Comerstone Brookfield Pc	3721 Ritter Avenue, Indianaplois Township, Indiana	US
S3-894568273	Miller Works of Monroe  Township P.C.	804 Suler St, Monroe Township, Pennsylvania	US
S3-471939544	R0yal Aerospatce Labs LLC	42018 11, Valley Head, Alabama	US
S3-54457240	Bordeaux Ecole Sarl Trading		France
S3-897951414	Padmini Consulting (India) Co.	Parameswarath (H), South Vellarappilly P.o Sreemoolanagaram, Aluva, Ernakulam, KL	India
S3-183275849	Avidrex fka Noveus Value	1601 Harold Street, Houston, TX	US
S3-149974770	Limited Solutions Addplus Technologies Group Private	KA, 9Th Cross, 1St Phase J P Road, ###149, Bangalore	India
S3-834091481	Dr Sdn Rocks Private	Ward No.10/1 Surve No49/2, Wali Building Badami Road, Bagalkot, KA	India
S3-666117758	Conway, Corbett & Worrall Ltd	Melrose, Massachusetts, 41 First St, # 1	US
S3-243990277	Bsl Future Corp		India
S3-694177496	Foot & Ankle	1597 47th St, Cleveland, Ohio	US
S3-922252113	Bharat Lógistics Private Limited	Ward No 4 Kasrawad Road, MP, West Nimar, Gram Bedia, Khargone	India
S3-618691987	Ekta Foundation Enterprises	L-211, Mawal, Pune, MH	India
S3-326938747	Alpine Brothers Company	89 Bg-6 Ground Floor, New Delhi, West Delhi, DL	India
S3-672311502	Giana	2050 4675, City Of Holladay, UT	US
S3-468849523	Photographie Club	Allée Blaise Cendrars, Saint-nazaire, Pays de la Loire	France
S3-41687257	MAISON MILLE SARL	47 - Rue Jacques Pitilion, Dunkerque, Hauts-de-France	France
S3-990798273	Croix Federation (France) Holding SARL	77 R. Delaroche, Calais, Hauts-de-France	France
S3-101255489	Partners Clean Élite Healthcare,	53 Brompton Road, Great Neck, New York	US
S3-750243060	Shiv Care Private Ltd		India
S3-669303080	Wadsworth City Horizon Southside (Service)	1301 Coalridge Parkway, Ohio, Wadsworth City	US
S3-982516411	Reed Allied Research Riverside	Mooresville, 164 Jefferson St, Indiana	US
S3-898900628	Geste (Primaire)		France
S3-538329663	National Quetta [Co]	Baton Rouge, 17817 Doc Bar Avenue, Louisiana	US
S3-996745227	TGH Groupement-Sarl		France
S3-983793054	Lyravantage F/K/A Textile India Public Limited	C 103 Today Royal Elisium, Plot No 47 Sec2 Karanjade, Panvel, Raigarh(Mh), Maharashtra	India
S3-996169602	நியூ இன்டர்நேஷனல் குளோபல் பேக்கரி பிரைவேட் லிமிடெட்	#107, Chennai, TN	India
S3-447941042	Mora Champ, DMD, MD, (PC)	7 Duncklee St, Brgihton CDP, Massachusetts	US
S3-423367852	Laique Accueil Culturelle	7 Rue Du Marais, Bordeaux	France
S3-676037474	vragro.com	Suite J67, Lr Towers, Sjrra 104, South Janatha Road, 39/2475-B1, Ernakulam, KL	India
S3-279156515	Quoriza	42 Rue Bir Hakeim, Dunkerque, Hauts-de-France	France
S3-54359210	Saint-Nazaire Club Groupe SARL	Nº 49 Rue Pierre Waldeck-rousseau, Saint-nazaire, Pays de la Loire	France
S3-763563886	Pvt. Akp Cities Limited	No 7 Kottayil House Kundaliyur P O, Thrissur, KL, Irimbranallur	India
S3-708012088	Swastik Agro General Private (ID: 75916)	Gc- A-1/6, D B Nagar, North 24 Parganas, WB	India
S3-327318324	Wilson Patriot Berto Partners	215 164th Place, PO Box 4341, Glenpool, Oklahoma	US
S3-782726726	Krn Ship	C/o Wework Berger Delhi One, Sector 16B, C-001/a2, Gautam Buddha Nagar, UP	India
S3-399663821	Gretta Raze Special LLC	93rd Street, Sioux Falls, South Dakota	US
S3-465056399	Cornerstone Ltd Clough	4711 Greenwood Drive, Lynchburg, Virginia	US
S3-615989109	Scolaire Ogec Ecole S.A.	3 R De Wattignies, Tourcoing	France
S3-349949130	Drayex  Heritage Services	4009 Birdcage St, Citrus Heights, California	US
S3-754511690	Thomas Legacy Preferred-Inc	2224 2290, Clearfild CDP, Utah	US
S3-596283162	Solova  Payment	2795 Unaweep Avenue, # B, Orchard Mesa, Colorado	US
S3-427651423	Pinnacle Hospitality Solutions LP	6280 Clydes Rd, Indianapolis, Indiana	US
S3-320924055	Beth  Methodist Church Ventures		US
S3-879605760	Fortune Limited Private Developers	C/o Smt Purnima Ghughu, Zinzira Pool (Bandal), Kolkata, Kolkata, Howrah, WB	India
S3-583123940	Sterling Piedmont Heritage Corp	745 Stafford Road, City Of Janesville, Wisconsin	US
S3-639921212	Tutelaire Club (France) EURL	20 Avenue De Magonty, Pessac, Gironde	France
S3-120835743	gurgaontechnologies.com	Second Foor, Gurgaon, हरियाणा	India
S3-416901069	Human (France) Sôins SARL	Pas-de-Calais, N°137 Rue Duguay Trouin, Calais	France
S3-119036582	Fenaorresources.Com	680-C Central Avenue, Unit Suite 11N, Albany, New York	US
S3-864579761	Bombay Foods Garments	Tc 49/2238, Thiruvananthapuram, Trivandrum, കേരളം	India
S3-258765781	Empire  Federation	Texarkana, 107 Wilderness Cove, null, Texas	US
S3-280761778	Lentente Club	21 Rue Edmond Besse, Bordeaux	France
S3-799920267	Mountain Sterling	Glastonbury, Stanley Dr, Connecticut	US
S3-570227956	Adan Merger	277 Chinquapin Ln, Louisville, Kentucky	US
S3-402883001	La Baule-Escoublac Agricole (SAS)	43 I Ave Alfred Bruneau, La Baule-escoublac, Loire-Atlantique	France
S3-22584855	Little Tavern Center		US
S3-333364822	Family  Trust		US
S3-446735911	Pacific Workshop, Co	487 Roosevelt Avenue, Cincinnati, Ohio	US
S3-661434758	Pacific Holding Company Group	249 Irving Avenue, Bnd, Oregon	US
S3-956267590	Clinique Du Passais France	8 Cité Samiin, Lille, Hauts-de-France	France
S3-684860570	1st Network Dynamics	11766-A 77th Ave E, Bixby, Oklahoma	US
S3-275597802	école Primaire Laurent Développement EURL	Lège-cap-ferret, N°18 Rue Louis Gaume Grand Piquey	France
S3-349875555	Jyestha Media Private Límited	No 89 Ground Floor, 116/Sp, Chandradeepa, Sadar, Mirzapur, उत्तर प्रदेश	India
S3-493308880	Singh & Brothers Exports Private Limited	Sn: 8A/1/10, Pune, MH	India
S3-459943115	Red Grill	5584 Heritage Curt Dr, Unit APT 1C, Wilmington, Delaware	US
S3-654499328	Cactus-Enterprises Limited	847/5, Howrah, WB	India
S3-436814454	Lyndsie's  Homecare	Kingsport, 562 Bays View Ct, Tennessee	US
S3-619730128	Fifloex Express Trust (Partners)	2092 Cheaneys Bridge Road, Essex County, Virginia	US
S3-852379855	Maille Cafe S.A.S.U.	88 R. Dupuy De Lôme, Roubaix	France
S3-70285024	Cirawex a/k/a T+ Triumph Inc	6417 Gainsborough Road, Fl 1, Scottsdale, AZ	US
S3-32479141	fortune healthcare	Office 510 5Th Floor, Regus Grandeur Offices Private Limited, Caddie Commercial Tower, Aerocity (Dial), New Delhi, South West Delhi, DL	India
S3-172203184	Properties Chit Pvt Ltd	Vill - Manasadanga, National Highway - 6 P.o. Bankra, Nibra, Howrah, Howrah, Kolkata, পশ্চিমবঙ্গ	India
S3-920674849	Him Sangh	House No G-319 Sectmr 12, Shakti Nagar, Derabassi, Mohali, PB	India
S3-439038148	Digital Properties Limited [Private]		India
S3-837912478	Blue Bákery	Heron Haven Ln, Gloucester County, Virginia	US
S3-546682744	Clinger, Allen And Parnell Metro,	1210-C Main St, Holden, Massachusetts	US
S3-92504767	Franken 5afe Freedom Limited	615 Spectator Ave, Hyattsville, Maryland	US
S3-19398492	Fayeavilyra	No. 109 R Notre Dame, Bordeaux	France
S3-255247062	Uluberia  - Ii Chits LLP	C/o S K Arif, Raghudebpur Rajpur, Howrah, Uluberia - Ii, পশ্চিমবঙ্গ	India
S3-287738623	Future Consu1ting Limited		India
S3-960944783	DLG	Saint-Nazaire, Pays de la Loire, 3 Rue Louis Lumière	France
S3-505938048	#reseaufrance	Pessac, Gironde, (78) Allée Des Seychelles	France
S3-948836673	Chandler, Avivah  Bluerock Partners	144 Pine Avenue, Horsham, Pennsylvania	US
S3-181088610	Solutions Kp Resorts Pvt Ltd	H No-d/172, Meerut, उत्तर प्रदेश	India
S3-24362187	Korzephbelo DBA: Steel Nursing Home	Plot-5, 1St Floor Dr Radhakrishnan Nagar 3Rd S Thiruvanmiyur, Chennai, Tamil Nadu	India
S3-497693896	Dream Enterpreses Trading (Limited)	S No. 60, H. No. 1/4/2, Flat No. 201, Om Siddhi Bldg, Nr. Gajanan Maharaj Naga, ., Pune, MH	India
S3-989788504	Metro Institute Of Services		US
S3-925222129	tablissementsgenerations.com	#83 Rue Van Grutetn, Hauts-de-France, Calais	France
S3-4936040	Parker, Bryan & Blazer Security		US
S3-729920134	@ajayproducts	Palghar, Thane, Flat No.0202, MH	India
S3-300358248	Select Total Partners	#10 Jethro Ln, Chilmark, Massachusetts	US
S3-177586844	Réed, Libbi Certified Arrived, Inc	03711 Villa Dr, Columbus, Indiana	US
S3-763926624	Tinley Park Literacy Ministries Group	18433a Lakeview Cir, <NULL>, Tinley Park, Illinois	US
S3-256844325	Saint-Herblain Culturelle SARL	N° 12 All. Des Plataes, Saint-herblain, Pays de la Loire	France
S3-460519453	Cmes Traders Traders Private Limited	Plot No. R-677, Navi Mumbai, Rabale, महाराष्ट्र	India
S3-241986143	Clinique  Marie Trading		France
S3-258306043	Great Bain  Westgate	20859 4180 Rd, Claremore, Oklahoma	US
S3-345868283	Baba Power Pvt Ltd.	Unit No Iv Survey No A-224, N.h. No 8 Village Nandigram, Umargam, Valsad, ગુજરાત	India
S3-998379009	एसएस इंफ्रा प्राइवेट लिमिटेड	Fp150 1708/B, Mumbai, Mumbai City, MH	India
S3-384543703	Haag	16450 56th Place, Phoenix, AZ	US
S3-371962894	Club de Departemental Groupe	(146) Rue De La Benauge, Bordeaux, Nouvelle-Aquitaine	France
S3-666389206	Solano'S Fisheries Llc	730 Locust Ave, PMB 8514, Eagle Mountain, Utah	US
S3-918532546	મા મેનેજમેન્ટ રેસ્ટોરન્ટ પ્રાઇવેટ લિમિટેડ	D-402, Madhuram Royal Cabin, Jivandhara Society, Near Aaditya Elite, Gandhinagar, Ahmedabad, GJ	India
S3-91880320	Clement Ltd Services	118, Rr Mall (Complex) Bhuktapur, Hyderabad Region, Adilabad, TG	India
S3-836087151	New Eastern Impex	No 2-22 Hara Ch Mallick Lane, Kolkata, Calcutta, WB	India
S3-122283256	First Solutions-Limited		India
S3-687163226	Osi-Compagnie SAS	No. 21 R. Jean Soula, Bordeaux	France
S3-48481697	Noviecto F/K/A Nafa & Fils SARL	5 Rue des Myosotis, Pornic, Pays de la Loire	France
S3-784374968	Group 20/20 Optical	114 Willomet Avenue, Dallas, Texas	US
S3-563604506	Chien Çollege SAS	8 Chemin De La Petite Pâture, Saint-nazaire, Pays de la Loire	France
S3-673165954	La Téste-de-Buch Club SAS	Nouvelle-Aquitaine, La Teste De Buch, Rue Des Maraichers	France
S3-707039118	Foundation Shubhlaxmi Technologies Co		India
S3-514698180	Noon LLC	550 Woodlawn Street, Hoffman Estates, Illinois	US
S3-267429625	coastal software co		US
S3-150980722	Accueil Club SAS	34 Rue Meste Verdie, Bordeaux	France
S3-780798911	Smt White Private Limited Center	No. #1, 18Th Cross, Kanaka Nagar, Rt Nagar Post, Bangalore, ಕರ್ನಾಟಕ	India
S3-406485295	A Cure 2 You Ínc		US
S3-56864689	బెస్ట్ హాస్పిటాలిటీ ఎల్‌ఎల్‌పీ	No. 283 4-35-225/1, Ground Floor, Bala Krishna Nagar, Kukatpally, Hyderabad, తెలంగాణ	India
S3-568167352	institut kick	383 R. Philippine De Hainaut, Calais	France
S3-869414132	Kordova formerly Clinique Cedille	346 Rue Raymond Telly, Dunkerque, Hauts-de-France	France
S3-720588717	Association des Espoir SAS	No 8 R Colbert, Calais, Hauts-de-France	France
S3-784046855	Centre Hospitalier  du Louis	10 Rue Abbe De L'epee, Nantes, Loire-Atlantique	France
S3-673126659	Eastern Infotech Private		India
S3-849164427	JA 5HAKTI PRIVATE LIMITED	701/702, Mumbai, Mumbai City, महाराष्ट्र	India
S3-825769280	Vijay Vijay Properties Private Ltd		India
S3-784421254	प्राइम सर्विसेज प्राइवेट लिमिटेड	0003 Gokul Dham Colony, Bareilly, UP, Bareilly	India
S3-783210476	Lakshmi Exports Private	#504 Bldg G Wing 13 Floor, 1343, Delta Vrindavan Phase Ii, Mira Midc Road N H No 8 Dahisar Check Naka Mira Road E, Thane, महाराष्ट्र	India
S3-775068423	Dovagild	Pays de la Loire, 53 Boulevard Pasteur, Nantes	France
S3-584091065	Pitnger Spa LLC	300 Nutt Road, Dayton, Ohio	US
S3-866085212	Enriquez Pfit [Group]	208 Arthur Drive, Thomasville, North Carolina	US
S3-790676277	ஏஸ் டெக் பிரைவேட் லிமிடெட்	9/110, L And T Nagar Moulivakam, Kanchipuram, Sriperumbudur, TN	India
S3-911402914	Chandler, Avivah Bluerock Partners	144 Pine Ave, Horsham Township, Pennsylvania	US
S3-251745781	Fédération  de Departementale	161 Bd La Fayette, Calais	France
S3-821678734	Edwards And Madan	4698 Loma Verde Ave, Eloy, Arizona	US
S3-642078591	शिवा कंसल्टेंट्स एलएलपी	B32 Plot No.16a, Dwarka, Sector 3, New Delhi, Chhawla, DL	India
S3-798435490	BORDEAUX CLUB SAS	Bordeaux, 210 Avenue Du Maréchal De Lattre De Tassigny, Nouvelle-Aquitaine	France
S3-323912178	Best Food Furniture Private Limited	H No 263 4Th Cross, Shahu Nagar, Belgaum, ಕರ್ನಾಟಕ	India
S3-765667690	CERCLE CULTURE SNC	Nº 29 Av. Roger Cohe, Pessac, Nouvelle-Aquitaine	France
S3-254999201	Nantes Atelier  SARL	6 R. Louis Marin, Nantes, Pays de la Loire	France
S3-803727521	Krishna Services Ltd Ltd	Door No 117/O/189Geeta Nagar Kanpur, Kanpur, Uttar Pradesh, UP	India
S3-724035576	Kent'S Cleaning Service Center | www.kentscle.com	New York, Mexico, 26 1/2 Phineas Davis Lane	US
S3-239005429	QWKP Ànciens EURL	Nantes, 26 Rue De La Michaudière	France
S3-209035595	Riverside Infra (India) Private	Stn. Jadcherla, TG, Old Bazar, Badepally, Village Jadcherla, Mandal, Mahabubnagar, Mahabub Nagar, 7-19	India
S3-617177109	institut saint robert	N° 24 Rue Jules Simon, Nantes, Pays de la Loire	France
S3-829968389	Main  Street Massage Inc		US
S3-290882539	Association Publique de	Nº 12 Rue André Maginot, Mérignac, Gironde	France
S3-719462279	Tavoavi	36 Rue Albert Dory, Nantes, Pays de la Loire	France
S3-726247037	Js Beverages Industries Private Limited	#52 C/o Ayodhya Singh Kanchan, Nager, Skg Unnao, Gangaghat, Unnao, UP	India
S3-493870940	Commercial Investment Industries Inc	Parnell Drive, Eugene, Oregon	US
S3-901922902	Bordeaux Primaire E.U.R.L.	57 Rue Leyteire, Bordeaux	France
S3-341534819	One Amicale-SARL		France
S3-77749237	GC	Nº 1 All. Marcel Legouey Cazaux, La Teste-de-Buch	France
S3-389009126	Smt >> Smj Di Pvt.	14, Sidhpura Co-op Industrial Estate, S.v. Road, Goregaon (West), Mumbai 4000, 62, Mumbai, Mumbai City, महाराष्ट्र	India
S3-536516376	Catarina H. Mason, P.C. M.D., CPA, Ltd	Illinois, LAG Range CDP, 17 Deercrest Ln	US
S3-503585099	Ss Anand कंस्ट्रक्शंस Hardware प्रा. लि.	B-45/4 Ratan Nagar, Jabalpur, MP	India
S3-136148429	Urgent Care Clínic LLC		US
S3-528542361	Tejjam  Experiences	#3-82- Seetha Nagar Tagarampudi T S Nagaram Anakapalle, Visakhapatnam Region, Vishakapatnam, ఆంధ్రప్రదేశ్	India
S3-713942139	Communaute Souverain àmis SARL	18 R. Nuyns, 33100 Bordeaux, Bordeaux	France
S3-473706701	Mufinella J. Welch, CPA, M.D.,	227 Lisha Kill Road, Colonie, New York	US
S3-902806125	Clean Cornerstone Auto Sales Corp	24994 Sunset Street, Paulden Townhip, Arizona	US
S3-430492307	Family Fedeaiton		US
S3-788680404	Hedy's Couture  LLC	24 1/23 Miller Street, null, Cortland, New York	US
S3-840589091	Loya, & Mckinney Lewis Opportunities LLC	2035 Evans Ave, Troutdale, Oregon	US
S3-206538801	Pornic Fetes	13 Rue Du Calvaire, Pornic, Pays de la Loire	France
S3-651434445	Urgent Care Atlantic Clinic Corp	502 Main Street, Wilson, New York	US
S3-357165721	Best Food Private Ltd	H No 2261 4Th Cross, Belgaum, Kangarali, ಕರ್ನಾಟಕ	India
S3-116345266	Opportunities Richardson Richardson & Walsh	Arkansas, Bono, 16926 Us 412 Highway	US
S3-815390856	Metro Institute IV Ce	18 Joelson Ct, Albany, New York	US
S3-297563505	Fil College SAS	No. 24 Rue Charles Longuet, Saint-nazaire	France
S3-400938708	Krn Ship-Private (Ltd)	C/o Wework Berger Delhi One, Sector 16B, C-001/a2, Noida, Gautam Buddha Nagar, UP	India
S3-386088096	LC	70 H Rue De La Pomme D'or, Calais, Hauts-de-France	France
S3-800961126	Protection (France) Amicale	Nantes, 11 R. De Douarnenez, Loire-Atlantique	France
S3-471420448	Institut Julien		France
S3-625424008	Somani  Ram (India) Private Limited	Jaipur, Riico Industrial Area, RJ, Mansarovar, E-1-93	India
S3-494603299	PVM CULTURELLE	41 Boulevard De La Moselle, Lille, Hauts-de-France	France
S3-708928467	Deltawex	714, 7Th Floor Tower A 1 Supertech Eco Village I, Greater Noida, Ghaziabad, Gautam Buddha Nagar, Uttar Pradesh	India
S3-682019929	Privée Club Distribution Sarl	(29) Imp. De Maître Jean, Bordeaux	France
S3-47204569	Cactus Limited Center	847/5, Howrah, পশ্চিমবঙ্গ	India
S3-595798736	Bordeaux Ecole	89 Rue Malbec, Bordeaux	France
S3-132442573	nantes pharmacie sarl Trading		France
S3-500533912	Federal Network  Partners	16 Cleveland Avenue, Wilmington, Massachusetts	US
S3-962870122	Comité De Forts	22 R. Des Vieux Murs, Lille	France
S3-305361262	ब्राइट प्रोजेक्ट्स प्राइवेट लिमिटेड	Flat No 402 4Th Floor Bldgno D-21 Sec-vii Of Shantinagr Mira Road Station (E), Thane, <NULL>, MH	India
S3-72955436	Nyladrexumbra formerly: Fast Strategic Fannie LLC	3684 Saddle Ridge Road, Town Of Deerfield, WI	US
S3-827041813	Dynamic Power Private Enterprises		India
S3-1656768	Arcdrex DBA Sce Ecole SAS	2565 c Avenue de Petite-Synthe, Dunkerque, Hauts-de-France	France
S3-118706119	Alpin Anciens	Nantes, No 2 Rue Léon Berard	France
S3-620624390	West Valley Cíty Interfaith Fell0wship		US
S3-606899629	PATRIOT SILVER ROCKET CARE CO	2786. Dutch Ridge Road, Portsmouth, Ohio	US
S3-67521113	Diamond Crown Llc	02021 Downey Street, Rock Hill, South Carolina	US
S3-719881627	Sweet Ice Cream  Group	Saint Paul, Minnesota, Glen Oaks Ave	US
S3-375917246	La Baule-Escoublac Maison Groupe SAS	39 Avenue Marcel Rigaud, La Baule Escoublac, Pays de la Loire	France
S3-684493689	Pi0neer High Foundation L.L.P.	No 878 7, Pushpanjali Vihar Market, Sikandra Bodla Road, Agra, UP	India
S3-140342511	M/s Big Exports Exports Limited Private	E-0102 Lajpat Nagar Inew Delhi-24 New Delhi-24, New Delhi, South Delhi, दिल्ली	India
S3-224172556	Deleves & Cie Distribution SARL	137 Route De Paris, Nantes, Pays de la Loire	France
S3-247474855	Global  Inc Services Enterprises		US
S3-179337342	Deltaevo t/a Cuttack Producer Pvt. Ltd.	#01, Dorada, Athgarh, Near Up School, Cuttack, Orissa	India
S3-188838937	Ambrosia Chemical Pvt [Ltd]	No. #956 P3a 162, Princeton Estate, Dlf City, Phase 5, Gurgaon, HR	India
S3-444856795	Comité  de Jaden	Pl Amelie Raba Leon, Centre Hospitalier Universitaire De Bordeaux - Groupe Hospitalier Pellegrin, Bordeaux, Nouvelle-Aquitaine	France
S3-809776320	Mondiale Societe	42 Rue Maryse Bastié, Pessac, Nouvelle-Aquitaine	France
S3-323765677	ELITE TRUSTED ARRAY LLC		US
S3-150455879	India Magic Buildcon  Ltd	No 2-6B/18 Sidco Industrial Estate, Pattaravakkam, Tiruvallur, TN	India
S3-252720971	Super It Priave (Límited)	Door No 6St Floor, Anand, F6-123, Gidc, Near Vidyanagar Road, ગુજરાત	India
S3-301177404	global wells corp	##2684 88rd Ave, Fargo, North Dakota	US
S3-906051412	Limited Ekaa Private Services	Smt. Anita Devi W/o Niraj Kumar Brahmsthan Kurthaul, Khemni Chak, Masauri, Patna, BR	India
S3-476433974	Lions Anciens	Pas-de-Calais, 46 Rue Phileas Reant, Calais	France
S3-832413320	CTO Park	C-501, Supreme Signature Chs, Union Park, Wadhavali, Mumbai, MH	India
S3-318193547	Smt Sanjay Brothers Group Limited	C-b3/207 Rohan Lehar Society Baner, Pune, महाराष्ट्र	India
S3-389723683	East Mnmipals PLLC	6012 Sailors Creek Drive, Chesterfield CDP, Virginia	US
S3-231792284	साउथ टेक एलएलपी	Hn 503/3 Room No 12, 2Nd Floor, Shankar Niwas, Road No 3 Dadasaheb Rege Marg, Shivaji Park, Dadar, Mumbai, MH	India
S3-730607118	TD	13 Avenue Marie-louise, La Baule-Escoublac	France
S3-987197472	Bhavani & Brothers Ltd	Villa No.52 Hanging Gardens Survey No:265/2, Manikonda Jagir Village, Rangareddy Distr, Ict., Hyderabad, Rangareddy, TG	India
S3-338425995	Martinez Máterials		US
S3-774431168	A Cure 2 You [LLC]		US
S3-503889409	École primaire Martin	Rue Kellermann, Hauts-de-France, Roubaix	France
S3-98215441	La Baule-Escoublac Snbte SA		France
S3-757342843	Center Congregation Holdings	2319. Gaston Ave, Texas, Tyler	US
S3-603235923	Sri Opus &  Brothers Pvt Ltd	A-305, Mantri Tranquil, Kanakapura Road Gubbalala, Bangalore, ಕರ್ನಾಟಕ	India
S3-638218600	[Co] Abney and Crum Meridian,	44. Baker Dr, Glen Dale, West Virginia	US
S3-381265041	Mr New Resorts	C/o P B Patil Phande, Anand Nagar, Osmanabad, महाराष्ट्र	India
S3-71523382	DY Theatre SA	3 Avenue Du General De Gaulle, Lège-cap-ferret	France
S3-557574105	OE RED	Virginia, Centreville, 5830 Saddle Downs Pl	US
S3-819244421	क्रिएटिव सुप्रीम मार्केटिंग प्राइवेट लिमिटेड	Flat No - 106 Kalpataru Harmony, Off Sion Circle Sion East, Mumbai, Mumbai City, महाराष्ट्र	India
S3-450353296	MUMBAI POLYTECHNIC LIMITED	#18 Shree Narayad Dham, Kothari Nadi, Sanganer Rd, Bhilwara, RJ	India
S3-520623911	Bay [Charities]	5009 John Hagar Rd, Hermiage CITY, Tennessee	US
S3-754165476	Lucienne Wigigneto,n Esq. Ltd	305 Chapelgate Ln, Baltimore, Maryland	US
S3-961386090	OSI Cie SAS	No. 21 Rue Jean Soula, Bordeaux	France
S3-893017642	Shyam Trading Private Ltd		India
S3-506202321	Premier LLP Center	D8-tf, Splendor Grande, Sector-19, Panipat, HR	India
S3-996613803	Hannon and Gmomssll Inc	1026 1/2 Koudsi Blvd NW, Cedar Rapidss CITY, Iowa	US
S3-226628183	Bordeaux Groupe SARL	N°16 Rue Edmond Labasse, Bordeaux, Gironde	France
S3-877336745	Edwards and Madan Llc		US
S3-268136359	Dau  Consultancy Pvt. Overseas (India) Ltd.	D.no. 1-3-68, Flat No.g-05, Bhargavi Residency Street No.6, Habsiguda, Hyderabad, తెలంగాణ	India
S3-600549873	Bernhardt Global Obic Eastgate Inc.	5654 Brookshire Dr, Jonesboo, Arkansas	US
S3-484671433	Vanguard Foundation Company	Fl A1403 Pl 14/15 Sec 29C Yashodeep Heights Ghansoli, Bombay, Mumbai City, महाराष्ट्र	India
S3-568880584	Company Arnav Cftigee	5-10-197/A1, Reliance Krishna Apts, Hills Fort Road, Adarshnagar, Hyderabad, TG	India
S3-610937252	NIB  College	17 R Du Pett Bel Air, Nantes, Loire-Atlantique	France
S3-430249124	Enfants Gestion Participations S.A.S	15 Rue Nungesser, Pessac, Gironde	France
S3-422658639	Amie Rencontres Sportive [SARL]	Saint-nazaire, 218 R De Trignac, Pays de la Loire	France
S3-528213784	Real-Technologies Pvt Ltd	Office No. F-110, Filkhana, Kanpur Nagar, उत्तर प्रदेश	India
S3-510938092	Etrier Union  SARL		France
S3-393888229	Ready India Private Limited	Raviraj Flat No 76Malavia Road Vile Parle East, Mumbai, MH	India
S3-728769060	Super Technologies Private Ltd Ltd	1St Floor, Anand, GJ	India
S3-842497810	Incorporated Deque	Killeen, Texas, 1312 Metropolitan Dr	US
S3-451732477	Complete Cfhesapebakse, Partners	5126- Curzon Avenue, FORT Woorth CITY, Texas	US
S3-849420442	AT Ladder Límíted		India
S3-409614194	private unique services limited	Survey 1 85 Door No 1 -55 1 1 Kj 3F, Serilingampally, K.v.rangareddy, తెలంగాణ	India
S3-215357960	Fayeyuma Sys	2 Rue du Danemark, Pessac, Nouvelle-Aquitaine	France
S3-198591290	The Office of Transportation	2422 Lazy Jd Rd, Dodson, Montana	US
S3-509910604	Sterling Piedmont Heritage LLC		US
S3-73501006	Lotus Comité	177 RUE Edouard Vaillant, Appartement 115 Residence Egide, Roubaix, Hauts-de-France	France
S3-566440347	Art Club  SAS	Caf2 Du Th2atre, Calais, Hauts-de-France	France
S3-285733076	Dill & Haflon Corp	3101 Grandview Street, Mesa, Arizona	US
S3-275364578	साउथ इन्वेस्टमेंट लिमिटेड	House No B-3-b1/22, DL, Delhi, North West Delhi	India
S3-125264463	#bhagyodaytechnology	950, Floor No 3, Balaji Homes Sec 48, Gurugram, Gurgaon, HR	India
S3-659130161	Mérignac Maternelle S.A.S	No. 1 R. Du Liveau, Mérignac	France
S3-113833705	Onyxorbi Formerly Espace Compagnie SARL	34 Rue Pigault Lebrun, Calais, Hauts-de-France	France
S3-859552322	Cure-Cagfe	Swing Road, Greensboro, North Carolina	US
S3-572307954	Jeune Ecole EURL	Bordeaux, Gironde, 34 R. Des Remparts	France
S3-573657858	श्री बिल्डर्स	Pune, Hissa No 2/1/1 Viman Naga, Ashok Plaza Sno C-32/2/1/1, MH, Pune	India
S3-670529375	Y 7 T LLC Precision	22275 Stottlemeyer Rd, Bldg. 171, Poulsbbo, Washington	US
S3-642915375	Ltd. C0ronation Agro Ventures	Srt-63 Sanath Nagar, Medchalmalkajgiri, Rangareddy, Andhra Pradesh	India
S3-28269629	ईस्टर्न इंफोटेक स्टोर्स प्रा. लि.	RJ, Udaipur, 480, Udaipur	India
S3-78795661	Communaute Souverain Amis SARL	18 R. Nuyens, 33100 Bordeaux, Bordeaux	France
S3-605525582	Brande Darden, Darden, DPM	6132 47th Pl, Marysville, Washington	US
S3-975764192	La Baule-Escoublac Fs	19 Avenue Raymond Lalande, La Baule Escoublac, Pays de la Loire	France
S3-999620347	Shri Disha Educational Society Infratech	G No 118 Phalane Maval, Phalane, Pune, MH	India
S3-493205602	Habitants Fetes Holding	30 R De La Cage Verte, Bordeaux	France
S3-336622806	Tarraita Equipments Private Limited	##419-431, Kaliandas Udyog Bhavan, Near Century Bazar, Mumbai, Prabhadevi, MH	India
S3-464433902	Salsa Musique Sarl	4 R. Du Liveau, Merignac, Nouvelle-Aquitaine	France
S3-336682942	Baba Galaxy Software Public Limited	10S Floor Koteshwar Ashibhpremises Pandit J N Road Nea R Bharat Boot Despot Mulund-w, Mumbai, MH	India
S3-80064817	ન્યૂ બિઝનેસ પ્રાઇવેટ લિમિટેડ	A-40 Sai Shristhi Residency Bs. Mathura Nagari, Surat, GJ	India
S3-462019505	Kuber Institute of Technology Group Prfvate Limited	No 96 C/o-sri Bindeshwari Prasad Azad, Arwal, Jehanabad, BR	India
S3-115523031	Ani Soluions Limited		India
S3-911225875	Mr Aadhav Trading	Scf-96 New Grain Market, Gill Road, Ludhiana, PB	India
S3-696125692	dactionclub.com	2 Rue Des Coudriers, Dunkerque, Hauts-de-France	France
S3-453562627	Ridge Dental Associates	14849- Stoneberg Avenue, Baton Rouge, Louisiana	US
S3-132323777	Bagwe GRC Limited	Patna, बिहार, null, Hanuman Nagar New Punaichak, Mumbai	India
S3-717124896	Haloxylo dba Supreme Solutions Limited	Ep-24, New Sidco Industrial Estate, Maraimalai Nagar, Chennai, Tamil Nadu	India
S3-268351565	Toomer Creative	104 Lombardy Dr, Middletown, Maryland	US
S3-696450142	Maa Raj Infrastructure Limited	Kolkata, WB, Gr Fl 160 Jodhpur Garden 86/2/15, Kolkata	India
S3-872063754	Anand  Exports		India
S3-198311910	Studio Partners	C-12 T Delhi Police Employers Cooperation Group Housing Soc Iety Mayur Vihar Phase-i, New Delhi, East Delhi, दिल्ली	India
S3-693092824	Pornic Comite Enterprises		France
S3-981241240	Baus Cuartcggll LLC		US
S3-348487677	Lille Anciens SAS	5 Rue Victor Tilmant, Nord, Lille	France
S3-218438615	AG Limited Partners	Shop No 001, MH, Thane, Highway Road, Chandanwadi, Jogila Market	India
S3-613868791	Rios,, Ninetta (CPA)	10944 61st St, # Apartment 717, Tulsa, Oklahoma	US
S3-435049804	Pornic  Fetes SARL	13 Rue Du Calvaire, Pornic, Pays de la Loire	France
S3-60754965	Elite Group Service	1426 Spring Mill Rd, Gladwyne, Pennsylvania	US
S3-969502660	Scs Scs Commodity	H.no 101, Mulashi, Pune, महाराष्ट्र	India
S3-72027665	Centre Hospitalier Sainte Groupe	80bis R. De La Haluchère, Nantes, Pays de la Loire	France
S3-344144845	சிவம் இன்டர்நேஷனல் பிரைவேட் லிமிடெட்	Virudhunagar, I Floor, Vivekanandar Street, Mallikittangi Road, Pandian Nagar, 1/1173, TN	India
S3-868287842	Calais Comite SNC	# 41 Boulevard Des Allies, Calais	France
S3-819067580	Association Des Droit Services	Nantes, 80 Rue De La Convention, Pays de la Loire	France
S3-439460579	Wexcira DBA Te & Frères	26 Rue Royer, Dunkerque, Hauts-de-France	France
S3-760556573	Bharathi Snacks	Door No 153 Joglekarwadi, Sion Fish M, Sion Chunabhatti Signal, Mumbai, MH	India
S3-909466748	Saint-Nazaire  Club SARL	Loire-Atlantique, (1) Rue De La Ville Eable, Saint-nazaire	France
S3-699488515	cure cafe co	400 Swing Raod, Greensboro, North Carolina	US
S3-791220851	Bordeaux Sportive Groupe S.A.	28 Rue Rene Magne, Bordeaux	France
S3-958496998	Bordeaux Amicale Sa	30 R. Feaugas, Bordeaux, Nouvelle-Aquitaine	France
S3-91691747	SIGNATURE DIAGNOSTIC GROUP	105 Woodlawn Avenue, Unit Apartment 2, Yonkers, New York	US
S3-83255570	Opus and Bohtres Group Pvt (Ltd)	#908 A-309, Mantri Tranquil, Kanakapura Road Gubbalala, Bangalore, KA	India
S3-25800194	Team çlub SARL	No 90 Abenue De Noès, Pessac, Nouvelle-Aquitaine	France
S3-480891964	Urban Developers Pvt	Azamgarh, UP, Azamgarh, Vill- Tarchha Post- Kanaila	India
S3-434978648	Trusted Ctompnlee Office	169- Harts Circle, # 16, Seneca, South Carolina	US
S3-721129851	#jzusociete	67 Rue D'allonville, Nantes, Pays de la Loire	France
S3-561535690	Gti çomite SARL	7 Rue Des Tonneliers, Saint-nazaire, Loire-Atlantique	France
S3-163207725	LAKSHMI POWER PVT LTD LTD		India
S3-980247562	Shree  Developers Private Limited		India
S3-189295743	Continental  Montessori School	3247 Austin Avenue, <NULL>, Hempstead, New York	US
S3-972490746	la baule-escoublac agricole sas	43 I Avenue Alfred Bruneau, La Baule-escoublac, Loire-Atlantique	France
S3-268040918	Maitrise SARL Groupe	0059 Rue Henri Bailleux, Lille, Hauts-de-France	France
S3-923007751	Adrienne Beckstrand Rivernorth Westgate	6106. Jamaica Circle, Cherry Creek, Colorado	US
S3-510450401	Ambattur Expo Private  Limited	TN, Tamarai Kulam, 3Rd Cross, Str, P. Thoppu Manali, Ambattur, B3/9	India
S3-247738748	Human (France) SARL Cie		France
S3-358498805	Dream Enherpriss		India
S3-903325587	DF	Lège-Cap-Ferret, Nouvelle-Aquitaine, 41 Avenue du General de Gaulle	France
S3-845507022	S.A.R.L. Etudiants Groupement	#5 All. Du Zépuir, Loire-Atlantique, Nantes	France
S3-927647879	Saint-Nazaire SARL  Services	6 Allée Des Primevères, Saint-nazaire, Pays de la Loire	France
S3-799927345	Culturelle Sainte SASU	103 Rue Jules Guesde, Appartement 55, Lille, Hauts-de-France	France
S3-743753035	Roca Sérvices North Kalindi	3129 Lincoln Way, Costa Mesa, California	US
S3-78155243	Aide Anciens Sàrl	38 R Charlemagne, Roubaix	France
S3-951897120	Cmes	Plot No. R-677, T.T.C. Indl. Area Midc, Rabale, Navi Mumbai, Maharashtra	India
S3-130986696	Heritage Realty  Partners LLC	2617 Commerce, Ardmore, Oklahoma, Unit Suite F	US
S3-643349990	Gym  Sportive	R. Champlain, Bordeaux	France
S3-201750614	Cs  College SAS		France
S3-499229982	Clubdedepartemental.Com	137 R. De La Benauge, Bordeaux, Nouvelle-Aquitaine	France
S3-836802887	Miller, Price Gropp &	Tempe, 1920 Cavalier Dr, Arizona	US
S3-254717285	Confrerie Phàrmacie SAS	20 Avenue Louis Braille, Tourcoing, Nord	France
S3-358646338	Colonial Value Alliancebernstein Inc	22044 Ethan Avenue, Forest Lake, Minnesota	US
S3-392362268	Sun Indutfrtfs Private Limited	Prestige Point, 283, Shukrawar Peth., Pune, Wagholi, Door No 34, MH	India
S3-721594941	Lopez Inc Services	18907 Bill Black Rd, Athens, Alabama	US
S3-885512864	Petits College SA		France
S3-13096945	Foundation Ann Exports Private Limited Center	H.no 1-98-9-12/A/1, Flat No 205, Jubilee Cyber Grand, Hyderabad, TG, Shaikpet	India
S3-942615354	Dr Global (Investment)		India
S3-223679845	Comité Minis	18 Rue Du Prieuré, Lille, Nord	France
S3-808846844	Miss Sôciete		France
S3-610517584	Guru Industries Limited		India
S3-662320123	Thomas and Li Massage Care (Corp)	011416 Pastini Circle, Manchaca, Texas	US
S3-12343046	Pessac Danse SAS	23 All Léopold Vigneau, Pessac	France
S3-688871476	Great Enterprises Pvt-Ltd Services	B/14, Bombay, Mumbai City, MH	India
S3-744238746	Private Taraita Equipments (Limited)	419-420, Mumbai, MH	India
S3-543971006	ZP SASU Groupe	4 Bis Rue De Monterey, Pessac	France
S3-646132892	Avizeta Series Llc	Abingdon, 3324 Berlin Court, Maryland	US
S3-938269930	QVW Limited Private (Syndicate)	Unit No.1107, 10Th Floor, Vasavi Mpm Grand, 11Th Level, Beside Metro Station, Yellareddyguda, Ameerpet, Khairatabad, Hyderabad, TG	India
S3-219441648	Uttar Pradesh Advisors Exports Ltd	Merut, 146E K Road Meerut, Uttar Pradesh, UP	India
S3-271180975	स्मार्ट इंफोटेक लिमिटेड	Vill- Hariraha, Rustampur Anchal- Laukahi, Narhaiya Bazar, BR	India
S3-582043273	Housing Brothers Private	Shop No.132, Faridabad, Huda Market, HR	India
S3-446289191	Sterling Beacon Acadia [P.C.]	6972 Bushy Tail Lane, San Tan Valley, Arizona	US
S3-477741377	Limited Aevum & Sons	Plot No. 111/P., G.i.d.c. Estate Odhav, Ahmedabad, GJ	India
S3-311572405	Evergreen Heavy [Limited]	8, New Delhi, DL	India
S3-440110698	Pacific  Fashion Ltd	00979 Lincoln St, Salt Lake City, Utah	US
S3-888713401	Shirdi Brothers	7-17, South Delhi, New Delhi, DL	India
S3-630553861	Bordeaux Çomite	20 Rue Maubec, Bordeaux, Gironde	France
S3-815886306	1851 1851 Center Blvd (Properties)	265-269 Sexton Street, Struthers, Ohio	US
S3-965579660	20/20  Optical Corp		US
S3-134824767	Union des Am SAS	15 Imp. Des Truquets, Lège-cap-ferret	France
S3-958109751	Retro çomite	22 Av. Pasteur, Pessac, Gironde	France
S3-17710345	Gyan Pantdi LLP	Bose Pukur Road, WB, B3/73a/3/12, Howrah, Kolkata	India
S3-455002629	KZK CLUB SARL		France
S3-939994342	Lepanouissement Jéunesse Parents SARL	31 R. Tourat, Bordeaux, Nouvelle-Aquitaine	France
S3-26046225	Habitants Fetes SCI	Gironde, No 29 Rue De La Cage Verte, Bordeaux	France
S3-291479322	स्मार्ट इंफोटेक फूड्स लिमिटेड	#68 Vill- Hariraha, Rustampur Anchal- Laukahi, Madhubani, BR	India
S3-823779322	Mumbai 8sk Pvt Ltd	Crasto Bldg Ii Floor294 Dr C H Street Marine Lines, Greater Mumbai, Mumbai City, MH	India
S3-616574298	de Union Evangelique	N° 40 Quai De Brazza, Bordeaux, Nouvelle-Aquitaine	France
S3-836502894	Solstice Pdbno Holdings	Michigan City, 2228 Rolling Meadows Dr, Indiana	US
S3-751966433	greenjewellers.com	Gandhi Chowk, Gurdaspur, Pathankot, PB	India
S3-17420092	Maddi Ulmer Convertible-Inc	Ohio, Wapakoneta, 1020- Auglaize Saint, # 3	US
S3-740733772	Nellai Pvt Ltd Services		India
S3-243478544	Harvey Advertising	4413 Taylor Blvd, Louisville, Kentucky	US
S3-624915777	Shri Deep Deep Pvt Cars Ltd	10, Bangalore Rural, Hosakote, ಕರ್ನಾಟಕ	India
S3-623424146	Vivien's Patriot		US
S3-196474042	यूनाइटेड एंटरप्राइजेज लिमिटेड	Huse No 496, Nandurbar, Navapur, MH	India
S3-681777746	DI  Mountain	30, Annexe Building Nizamuddin East, New Delhi, DL	India
S3-992012765	Value  Center	1321 Ferris Court, PO Box 5778, Spokane, Washington	US
S3-714336150	Gold Consultancy Private Ltd	Door No 807- Villa 30 Sbbha Gardenia, Kanniamman Kovil Street Vengaivasal, Chennai, Kanchipuram, Tambaram, TN	India
S3-799402955	Universal Laaednsu Services Private Limited		India
S3-156784261	Galaxy Conaultitg Private Private Limited		India
S3-991781028	ENI SARL Parents		France
S3-314921556	Wilson Patcie Cloud	Evergreen Cir, Ontario, New York	US
S3-434560922	Glad Hospital Ltd	H.no 261 Sh-106, N/A, Mumbai, Mumbai City, MH	India
S3-469327301	Sun Products Limited		India
S3-609365748	Surgical Inc Inc Partners	674 47, Saranaclake, New York	US
S3-889692293	France Tourcoing SAS	#11 Ipmasse De La Solidarite, Nord, Tourcoing	France
S3-822052720	Confrerie Comite	64 R De Libourne, Bordeaux, Nouvelle-Aquitaine	France
S3-162009737	Mishka Transport	Benipatti, Madhubani, 360 Vill-genaur, BR, Tola-genaur Panch-nahas, Rupauli North, Block-bisfi, Dist-madhubani	India
S3-784529604	OCEAN COMITE SARL	120 Avenue Gustave Dron, Tourcoing, Hauts-de-France	France
S3-586194580	Francois, Boswell & Frey Center (ID: 79538)	411 Main Street, Melbeta, Nebraska	US
S3-855891807	Laxmi Welfare Society Group	#0271 20, Siri Fort Road, New Delhi, New Delhi, South Delhi, DL	India
S3-340468618	Ariariza	Nº 33 Avenue Du General De Gaulle, Lège-Cap-Ferret, Nouvelle-Aquitaine	France
S3-359556644	Vivre & Cie SAS	146 Rue Paul Bellamy, Nantes	France
S3-886167763	Boye  Gravity LLC	2551 Eastchase Lane, # UNIT 3005, Montgomery, Alabama	US
S3-527521091	Eason Cion LLC	29451 New Fawn Trail, Elkhart, Indiana	US
S3-195563843	Limited Apex Finance Center	241, Kamalpur Pikar, Post Mubarkpur Pikar, Ambedkar Nagar, UP	India
S3-19775455	Sahil Hospital Ventures	Barberry / Bar 612, Omaxe Forest Spa Surajkund Road, Sector-43, Faridabad, HR	India
S3-758046118	Bordeaux Élémentaire SAS		France
S3-210427291	École	11 bis Avenue de Bordeaux, Lège-Cap-Ferret, Nouvelle-Aquitaine	France
S3-21829117	Pearson  Lake Inc	2494 Matchlock Ct, Battle Ground, Indiana	US
S3-743876695	Family Holdings Center	3569 Cline Rd, Corydon, Indiana	US
S3-747662783	Vng Transport Sas	2 Rue Jean Burguet, Bordeaux, Gironde	France
S3-666505547	LLC Mountain Vanguard Engineering	530 Shelton Beach Rd, Saraland, Alabama	US
S3-789011224	Surgical Clinic Of Inc. Center		US
S3-470594684	Heartlandmedicalcenter.Com	36384 Costa Blanca Dr, Maricopa Carrier Annex, Arizona	US
S3-227839346	Regional Holdings Partners	3030 Mountain View Dr, Bremerton, Washington	US
S3-942891101	Dynamic Poter Private Limited		India
S3-735266184	Comité Têam du	53 Rue Galilee, Nantes, Loire-Atlantique	France
S3-741816837	movieamicale.com	175 Avenue Du Truc, Mérignac, Nouvelle-Aquitaine	France
S3-405216788	DELPHINE CENTRE GROUPE	9 R. Condorcet, Roubaix, Hauts-de-France	France
S3-899104812	Pune Bkaagy (Ventures)	Officeno.502, Pune, MH	India
S3-81274132	श्री इंफ्रा प्राइवेट लिमिटेड	Block G-293 E-40, East Delhi, Delhi, दिल्ली	India
S3-260510036	Human (France) Amis SARL	146 R. Duguay Trouin, Calais	France
S3-127548800	comité du pole Enterprises		France
S3-544358227	Cochin Brothers Pvt (Ltd)		India
S3-858790939	United Enterprises Prívate Limited		India
S3-898672815	4l Primaire (France) SAS	Dunkerque, 2 Place Du Commandant Dewulf, Nord	France
S3-286302442	Physical Therapy Center Gróup	1324-A Shakerag Rd, Greeneville CITY, Tennessee	US
S3-698307055	Evergreen Heavy	Munirka Vihar New Delhi, New Delhi, DL, Door No ##424 5, Delhi	India
S3-981281034	Quality Diagnostic Ventures  Corporation	484 Texanna Way, Holly Springs, North Carolina	US
S3-350186790	Golden Industries Group Ventures Ltd	654 Shiv City Silver, Palda, MP	India
S3-240491456	Nantes Fëtes SARL	0036 Avenue René Bazin, Nantes, Loire-Atlantique	France
S3-78318809	Saint-Nazaire Sportive SCI	Saint-nazaire, 006 Rue Michel De Montaigne, Loire-Atlantique	France
S3-416834681	Interventions Hells Club SARL	37 Rue Pierre De Guethem, Tourcoing	France
S3-11239905	Financement (France) Federation Développement SARL	N°60 Rue Raspail, Lille	France
S3-767925847	eurl lille culturelle	51 Rue Edouard Vaillant, Hauts-de-France, Lille	France
S3-773593443	KAMLA DWELLERS PRIVATE LIMITED	Floor-3rd, Plot-24/26, Cama Building, Dalal Street, Bombay Stoc, K Exchange, Mumbai, Mumbai City, MH, Crd 5	India
S3-530841151	Berty Neal Best Nexus,	916A Longford Drive, Steubenville, Ohio	US
S3-733930223	Établissements Bais SAS France	1289 Grande R. Du Petit Courgain, Calais, Hauts-de-France	France
S3-453863603	Khatu Ltd. Pvt. Energy	301 Caprigreenfieldsestate A B Nair Road Juhu, Mumbai, महाराष्ट्र	India
S3-206805147	Siddipet International Group Ltd	Plot 613 Survey No- 392 And 208, Medak, Andhra Pradesh	India
S3-326090962	Golden Nutrition Advisors North  Corp	##108 Main Street, Fl 1, Rio, Illinois	US
S3-835410516	Cardiology Care L.L.C.		US
S3-706426935	École Massilia Cie	10 R Suzanne Lenglen, Saint-herblain, Pays de la Loire	France
S3-763110616	Locale Centre Distribution SARL	50 R. Négrier, Lille	France
S3-346579299	Collège du Caarud	8 Rue Cabanis, Lille, Nord	France
S3-540617118	Interstate Agricultural Brands		US
S3-288736372	Smt Sanskar Hcintl	1-43-17, Nazarpet, Revenue Ward No 16, Tenali, Guntur, AP	India
S3-384392489	Innovative Private Projects Limited		India
S3-942207336	Life Technology	Plot No -58 Industrial Area Phase 2, Panchkula, HR	India
S3-216843332	#Kanaiyaadvisors	Plot No 63A Surve Layout, Nagpur, MH	India
S3-767250756	coin ventures pvt ltd	Msb Mansion, Calicut Region, Kannur, Keralam	India
S3-283714025	Marche Culturel E.U.R.L.	53 R Championnet, Lille, Nord	France
S3-557552816	Orbivio Co formerly: Tone Mill Private Limited	Haryana, Gurgaon, A-50/4, Dlf Pahse-1	India
S3-92820008	Silver It  Private Limited		India
S3-913730162	Ecolesasu.Com	N°42 Rue Saint Luois, Tourcoing, Hauts-de-France	France
S3-203997959	Sri Om Systems Provision Private Ltd	No 32 Gr Flr, Mumbai City, Mumbai, MH	India
S3-98554951	Admr Plus Gàz	42 Rue Sauteyron, Bordeaux, Nouvelle-Aquitaine	France
S3-952040392	Pharmacie de la Deleves France	79 Rue Des Boureux, Roubaix, Nord	France
S3-932039838	EHPAD DE LA SAINTE Enterprises		France
S3-107557760	Miller Wrhfoks of Monroe Township (Holdings)	808 Shuler St, Monroe Township, Pennsylvania	US
S3-113304691	Fayecalo née Integrated Energetics LLC	490 Airport Road, Muscle Shoals, AL	US
S3-309518099	Union de Evangelique  Groupe	N° 40 Q. De Brazza, Bordeaux, Nouvelle-Aquitaine	France
S3-468663265	Nantes Pharmacie Distribution SARL	5 Place Clemence Lefeuvre, Nantes, Pays de la Loire	France
S3-717803744	Silver Supply	22-C Highwood Rd, Montgomery, Texas	US
S3-685546322	Pommiers Fetes (Frânce) EURL	30 R Morion, Bordeaux	France
S3-263084154	Urgent  Care Clinic LLC	114 Bee Balm Lane, Boone, North Carolina	US
S3-181265016	Lbm Lycee Groupe SAS	32 R Jean Bart, Maison Des Associations De Lille, Lille, Hauts-de-France	France
S3-989541897	Lège-Cap-Ferret Fôyer SARL	8 A Allee Des Grives, Lege-cap-ferret, Nouvelle-Aquitaine	France
S3-645512357	SCI Cercle Cctcgfer	24 Avenue Roger Cohé, Pessac, Nouvelle-Aquitaine	France
S3-477994729	Media Supply Group Private Limited	Shop Room No 8, Ernakulam, Keralam	India
S3-345671906	EHPAD Media Saint	22 Route De L'ocean, St-nazaire, Loire-Atlantique	France
S3-183617861	Starwing Developer Prfiaate Limited	C-42nariana. Vihar, New Delhi, South West, दिल्ली	India
S3-302060906	Ciraarc D.B.A. Modern Coastal Sun	201 Cherokee Boulevard, Unit 306, Chattanooga, TN	US
S3-131517102	Education  Icitctte		US
S3-462582520	CF	4 Rue du Maine, Saint-Nazaire, Pays de la Loire	France
S3-359830448	Verrify Keystone	784 Morris Park Avenue, Bronx, New York	US
S3-998833539	Center Patriot Family LLC	W215n5555 Kenmore Dr, Village Of Menomonee Falls, Wisconsin	US
S3-130591548	Dr Modex Trading Private	17/Q/479-Sharda Nagar, Kanpur, Naveen Nagar, Kanpur Nagar, UP	India
S3-454000390	Dental Silver  Health	13 Mary St, City Of Watertown, Wisconsin	US
S3-469583922	ఆనంద్ వెంచర్స్ స్టీల్ ప్రైవేట్ లిమిటెడ్	H No 2-56-9/3, Hyderabad, Shaikpet, Andhra Pradesh	India
S3-26710756	Catarina H Mason, CPA, PC Services	Illinois, 10 Dercrest Ln, LAG Range CDP	US
S3-769328873	শিব প্রজেক্টস প্রাইভেট লিমিটেড	Door No 8/1/F Baranashi Ghosh 2Nd Lane, Kolkata, Girish Park, পশ্চিমবঙ্গ	India
S3-216983234	Paper (ind Group	114, 'M' Square, B/h. City Centre, Nr. Swastik Cross Roads, Navrangpura, Ahmedabad, GJ	India
S3-486525818	Hitech Private Limited Services	O-215, Siddhraj Zori, Near Sargasan Cross Road, Gandhinagar, Gandhi Nagar, ગુજરાત	India
S3-868309989	Fortune Héalthcare Private Limited		India
S3-983104752	suryaprimeimpex.com	WB, Kolkata, Ac-90/a, Prafullakananeasbesideprafullakanandeshpriyabidyama, Ndir H.s., Kestopur, Howrah, Hn ##592 Upendrahouse	India
S3-356063628	Reseau Cie SA France		France
S3-155857425	YRG Societe SARL	3 Imp. Marie Laurencin, Saint-herblain	France
S3-442458688	Tourcoing Lycee SARL	46 Rue Saint Louis, Tourcoing, Hauts-de-France	France
S3-558616402	SREE SERVICES PRIVATE LIMITED	TG, Salarpuria Sattva Knowledge City, Hyderabad, Level 1, Unit 2, Sy. No. 83/1, Plot No. 2, Inorbit Mall R, Oad, Raidurg Village Hitech City	India
S3-297467520	Himland (India) Liquors L.L.P.	H.no 22 Shivam, Bangalore North, Basaveswaranagar, KA	India
S3-187036709	సెవెన్ ప్రాజెక్ట్స్ హోటల్ ప్రైవేట్ లిమిటెడ్	402.Happy Home. Castle11-5-19. Red Hills, Andhra Pradesh, Hyderabad, తెలంగాణ	India
S3-506480461	Mr Housing  Brothers Private Limited	Shop No.132, Om Shubham Plaza, Sector-16, Huda Market, Faridabad, हरियाणा	India
S3-725919832	Departementale Sportif SA		France
S3-981902902	Olympique Conseil [Sas]	015 Rue Veyssiere, Bordeaux, Gironde	France
S3-234626927	Maison Festive-Santé de	37 Rue Des Ayres, Bordeaux, Gironde	France
S3-319368997	Enfants Gstion (SAS)		France
S3-477231415	metropolitan analytics llc	Texas, 4404 Lafayette St, Bellaire	US
S3-497891083	Mountain	30, Annexe Building Nizamuddin East, New Delhi, Delhi	India
S3-735725011	Letoile  Compagnie SARL	No 23 Rue De Guyenne, Pessac, Gironde	France
S3-448450969	Southend Infratech Group	B-45, HR, Gurgaon	India
S3-487601836	মা Raj ইনফ্রাস্ট্রাকচার প্রাইভেট লিমিটেড	Gr Fl 160 Jodhpur Garden 86/2/2, Kolkata, Howrah, Kolkata, WB	India
S3-584214850	Technologies Guardian Private Limited Center Center		India
S3-604896799	Felicia Brthes Industries Ltd	Plot No Cb 0160A, Office No 701, 702, Sun Tower Gandhi Nagar Mode, Tonk Road, Jaipur, RJ	India
S3-326489431	rochresidenceeurl.com	37 R. Des Postes, Lille, Hauts-de-France	France
S3-772848896	Ekaa Investments Privae Limited	Smt. Anita Devi W/o Niraj Kumar Brahmsthan Kurthaul, Patna, Masauri, BR	India
S3-276279911	Horne  Silver		US
S3-68768758	Team Club SAS	92 Av De Noès, Pessac, Gironde	France
S3-403305183	Clery Jeunes	62 Rue Jean Saint-marc, Gironde, La Teste-de-buch	France
S3-851284905	Super [Foundation]		India
S3-509291981	Club des Gymnastique	289 Rue Des Cinq Voes, Tourcoing, Nord	France
S3-655776061	Lumonyx Ministries	914 1200 Rd N, Monticello, Illinois	US
S3-90042483	Roubaixamis.Com	26 R De Bouvines, Roubaix, Nord	France
S3-344192994	Premlata Forklift Private Limited	1-2-33/Me/30, Hyderabad, తెలంగాణ	India
S3-399181182	Karv Trust Memorial	Plot 00 A 11 Gelda Jyot Chs Ltd, Gelda Ngr Ghatkopar West, Mumbai, MH	India
S3-571436252	Classic Wholesale Systems,  Inc	209 Town Farm Rd, Litchfield, Connecticut	US
S3-893971929	Pineda Huntington of Queen	Kingbird Dr, Queen Creek, Arizona	US
S3-417849670	Hr (India) Technologies Overseas Limited	Himatnagar, Block No-13, Sabarkantha, ગુજરાત	India
S3-426156370	Ehpad Pierre SA	6 Cous D'albret, Bordeaux, Gironde	France
S3-779721961	TIMBER VII LTD	Enumclaw, Washington, #20329 416rd Street	US
S3-843717317	Hammond Federal  Taiwan Inc	Dallas, 300 Michigan Ave, Texas	US
S3-159008101	Deleves Centre (Frânce) SARL	00170 R Des Cinq Voies, Tourcoing, Hauts-de-France	France
S3-38460140	Baldridge Company Inc Partners	1248 Harmons Ferry Rd, Calhoun, Kentucky	US
S3-531778095	Cardiology  Specialists Inc		US
S3-18413720	Letoile Compagnie Sarl	No 23 Rue De Gyuenne, Pessac, Gironde	France
S3-261210954	École primaire Trou France  SARL	La Teste-de-buch, Gironde, 24 Rue Des Ecureuils Cazaux	France
S3-810730326	Investigation SA Et Fils	15 R Nungesser, Pessac, Gironde	France
S3-350841672	கோல்டு கன்சல்டன்சி ஃபுட்ஸ் பிரைவேட் லிமிடெட்	##177 Villa 34 Sobha Gardenia, Chengalpattu, Kanchipuram, TN	India
S3-244036483	(india) Srl Products Public Limited	#145 277, Rohini, DL	India
S3-751379243	Commercial Retail Alliance	8124 Larman Ct, Indianapolis, Indiana	US
S3-548754774	Nylaonyx One	58 Rue Malakoff, Hauts-de-France, Lille	France
S3-542482508	ईस्टर्न इंफोटेक एलएलपी	राजस्थान, Udaipur, 480, Udaipur	India
S3-474374487	Management Universal Concept Private Ltd		India
S3-761399946	Adrienne Beckstrand Center	006099 Jamaica Circle, Cherry Creek, Colorado	US
S3-481853481	Hali Bates, Ph.D. Corp	1909 R Street, Fort Smith, Arkansas	US
S3-338588262	kpr co &		India
S3-137385007	Atithi (India) Merch Private Ltd	Sf.nl.8/7a1, Kma Complex, Trichy Main Road, Seelnaickenpatti, Salem, TN	India
S3-686408296	Cure (Nails)		US
S3-530308609	Haloquoiri	No. S101 Door No. 769, Suite-280, Spencer Plaza, Chennai, Tamil Nadu	India
S3-376056686	Dynamic Financial Digital Highland Inc	1839 Mission Road, Birmingham, Alabama	US
S3-946074334	Krishidhan  6odavari	Plot No. 102 A/1, Industrial Area Govindpura, Bhopal, MP	India
S3-707421010	Royal Eocbel SCI	37 R. Camille Desmoulins, Nantes, Loire-Atlantique	France
S3-734080736	>> Paper Video Gróup	Hn 88 103, Navrangpura, Ahmedabad, GJ	India
S3-958912976	Shree Própérties Pvt Ltd		India
S3-291588953	Better Sdmsit Factory Inc	Nashville, 1035 Bradburn Village Dr, Tennessee	US
S3-779576677	Fayexylovantage trading as IQS Jeunes SARL	106 Rue du Docteur Schweitzer, Tourcoing, Hauts-de-France	France
S3-155019301	Nunez Keystone Law Group [LLC]	21450 12, # Unit 1619, Baldwin County, Alabama	US
S3-81317066	Union Du Futsal		France
S3-639262623	glidewellinnovation.com	470 Colony Drive, Jonesboro, Arkansas	US
S3-832985038	Radiant Comfort Public Limited	Buicding No.14, Maqbool Road, Anand Avenue, Amritsar -I, Amritsar, ਪੰਜਾਬ	India
S3-3312355	Virat-Charitable Trust	H.no 110 Sector C, Huzur, Bhopal, मध्य प्रदेश	India
S3-471924072	बेस्ट इन्वेस्टमेंट्स प्रा. लि.	#111, 1St Floor, Rajnagar, Ghaziabad, उत्तर प्रदेश	India
S3-801524112	Monster Club Sarl	# 8 Ave De La Foret, La Teste De Buch, Nouvelle-Aquitaine	France
S3-154697814	Bright Exports Private Ltd		India
S3-541612792	Lille Musique [SARL]	25 Rue Du Lieutenant Princeteau, Lille, Nord	France
S3-331600152	भारत कंस्ट्रक्शन प्राइवेट लिमिटेड	Ward No 005 Kasrawad Road, Gram Bedia, West Nimar, Khargone, MP	India
S3-46139057	etsgcssarl.com	37 R. Jacques Prévert, Mérignac	France
S3-723796100	LYRAN GREAT INC	13678 1911, Alto, Texas	US
S3-432824381	ಶ್ಯಾಮ್ ಪ್ರೊಡಕ್ಟ್ಸ್ ಪ್ರೈವೇಟ್ ಲಿಮಿಟೆಡ್	13, 14, Ramanjaneya Layout Kodichikkana Halli, Bannerghatta Road, Bangalore, KA	India
S3-991951499	Ruiz Cayson  Inc	1735 Pima Cir, Coolidge, Arizona	US
S3-626028623	Shree Builders Private	Gurgaon, हरियाणा, Plot 126 Unit No. 206	India
S3-425268264	Ivenex Greenfire L.L.C.	212 Central Avenue, Carmen, Oklahoma	US
S3-252395160	MIC	134 Rue Decrême, Roubaix, Hauts-de-France	France
S3-207968492	Bartram Osprey Inc	W558 Hoosier Rd, Town Of Spring Grove, Wisconsin	US
S3-515343942	Comité des  Organisme SA	1 Rue Frédcric Combemale, Lille, Hauts-de-France	France
S3-423151602	foods gúru engineering [limited]	No. 735, 13Th Cross 7Th Block, Jayanagar, Bangalore, ಕರ್ನಾಟಕ	India
S3-11891725	Club du Soc SARL	N° 9 All Lakanal, St-herblain	France
S3-408764468	Express Inc Services	118B Pine Haven Park, Rockingham, North Carolina	US
S3-909841341	globesecurity.com	Plot No- 177. Pole No 87, South West Delhi, New Delhi, दिल्ली	India
S3-22547493	6uru Marketing Pharmacy Pvt  Limited	Pl.no.47, Nagpur, MH, Nagpur	India
S3-937229063	Sun  Finance Bakery Pvt	Door No 238/L Manicktolla Main Road, Kolkata, WB	India
S3-395776257	Shree Ínfrastructure Private Limited	Howrah, WB, Fl-c, 106 Kiran Chandra Sinha Road, Lp-7/1, Bl-ga ##10, Domjur	India
S3-942054724	Land-(India) Shine Co		India
S3-552935510	Classic Marine-Diittal Marine-Diittal	3234 Yale Ave, Memphis, Tennessee	US
S3-856405760	A Cure You 2 Partners	1402 Franklin St, Rm ROOM 112, Elkhart Tonship, Indiana	US
S3-130298126	Fayelum	Hauts-de-France, Tourcoing, 198 bis Rue Achille Testelin	France
S3-84555512	global media private limited	No.b3/8, Sri Ramanuja Centre Commercial Complex, Station Road, Hubli, Dharwad, KA	India
S3-54015705	3477 Center Boulevard LLC	7331- Fourth St, Lubbock, Texas	US
S3-565770673	Raja  Exim LLP	#57 #Opp Post Office, Ambalpady Post Udupi, Udupi, KA	India
S3-912973369	Bordeaux Union	73 Rue Eguene Tenot, Bordeaux, Nouvelle-Aquitaine	France
S3-961592712	Nantes Parents EURL	Nantes, 19 R. Colonel Desgrées Du Lou, Loire-Atlantique	France
S3-197648435	signature diagnostic group		US
S3-571796050	Galaxy Media Private		India
S3-998254628	Ear Nsodcse + Throat Star Partners  Partners	2621 Enchanted Hills Drive, Tucson, Arizona	US
S3-105371565	White Foods Private Limited	H.no 326 B/9, Gandhinagar, Ahmedabad, GJ	India
S3-924165982	Interbtaioal Shah School	Andhra Pradesh, #7-4-421/1266 8 Th Incline Colony, Nellore, Santhosh Nagar	India
S3-547684700	Dream Private Impex Limited		India
S3-125382558	Judo Materne1le	278 R. Judaique, Bordeaux	France
S3-271785699	-- Rosales  Holdings	EAST Wemyouth, Massachusetts, 150 Lake Shore Dr	US
S3-956201784	TOURCOING FETES & Co		France
S3-319892597	Urgent (Specialists) Smcr Care	11318 Northtrail Dr, Peoria, Illinois	US
S3-899876197	Team Danse SCI	13 Avenue Marie-louise, La Baule-escoublac	France
S3-57675120	parker choice flexible	807 Road St, Elizabeth City, North Carolina	US
S3-907514513	Mcdaniel, Dory, Dory,		US
S3-866703634	Tourcoing SARL  Groupe	49 Rue Du Chêne Houpline, Tourcoing, Hauts-de-France	France
S3-265336400	Ambur Global Public Limited	No.c-70.oomer Road, Ambur, Vellore, TN	India
S3-402855770	NWO Ànciens SCI	3 Rue Barberousse, App 4, Lille, Nord	France
S3-762103472	Sunrise Estate Textiles Llp Llp #69937	Flat No-94, Delhi, East Delhi, DL	India
S3-221542902	Amicale Des Tennis France	76 Rue Pasteur, Dunkerque, Nord	France
S3-530903433	Clear Clear Roman (Clínic)	Rayne Church Rd, Rayne, Pennsylvania	US
S3-463503024	Private Krishna Tradecom Group Limited	North West, दिल्ली, Khasra No 96/17 Holambi Kalan, North West Delhi	India
S3-11673112	jennifer jennifer mccormick highland kensington	##1319 San Hsi Dr, East Ridge, Tennessee	US
S3-379814047	Metro Institute IV Care Corp	23 Joelson Ct, Albany, New York	US
S3-919297929	Fluxjaxzeph	64 Quai des Queyries, Bordeaux, Nouvelle-Aquitaine	France
S3-683390714	Sabots  Patrimoine EURL	009 Allée Des Albatros, Saint-nazaire, Pays de la Loire	France
S3-712961317	Sasvat Tech Holdings Private Ltd	No.972, Bangalore, null, KA	India
S3-218468246	Dodie'S Prairie Tax 5ervice Ltd	648 Il Hwy 148, Mount Vernon, Illinois	US
S3-997985702	Private Gold Global Motors Limited	H.no 40 Aurus Chambers, Worli, Mumbai, महाराष्ट्र	India
S3-127328703	Big Hair  Studio	15 Commercial Street, Baath, Maine	US
S3-535247979	Gulf  Institute Group	2322 Pecan Road, Phoenix, Arizona	US
S3-264146773	Ambrosia Agencies Ltd Pvt	Gurgaon, P03a 158, Gurgaon, HR	India
S3-77052734	Brooks, Dorotea,	73142 490nd Avenue, Jackson, Minnesota	US
S3-560506510	Atlantic Ctbiotizens Inc	2303 15th Street, Emmetsburg ITY, Iowa	US
S3-887023700	Tous Fils SAS Groupe	0134 Rue Berruer, Bordeaux	France
S3-911069384	बिग फाउंडेशन प्राइवेट लिमिटेड	D-29, Rear Lgf Jungpura Extension, New Delhi, South Delhi, DL	India
S3-140783340	ÉPG	57 R Achille Testelin, Tourcoing, Hauts-de-France	France
S3-83461385	Hdatlock + Kim Inc	00 Haven Cir, # 303, Belmont, North Carolina	US
S3-893556990	Umbradovavera D.B.A. Clea Miranda Peak Babcock LLC	19 Greene Street, New York, NY	US
S3-656371892	Hitech Services Private Limited		India
S3-212960317	East Systems Psctiaate Limited	N2/108, Irc Village, Nayapalli, Bhubaneswar, Khordha, OD	India
S3-881851409	Etudemedicosasu.Com	Gironde, Pessac, 48 Av Pasteur	France
S3-341134896	Bordeaux Club SCI	213 Ave Du Maréchal De Lattre De Tassigny, Bordeaux, Gironde	France
S3-614296996	Umbrafaye	5 Avenue Gustave Lemaie, Dunkerque, Hauts-de-France	France
S3-304117558	സെവൻ ടെക് പ്രൈവറ്റ് ലിമിറ്റഡ്	C/o Mathew Mathew, Kannur, KL	India
S3-638487628	Silver It Private	Plot No. 75, Dhar, Indore, MP	India
S3-909599018	Bharat Loistcis Private Limited		India
S3-436719975	JR Timber PVT. LTD.	Blcok G-823 356, Howrah, WB	India
S3-176371151	mji heartland apex, ltd	4489 Drum Castle Court, Virgiina Beach, Virginia	US
S3-284799203	My Heglhhcare  Private Limited	#91, Ambad Tq Ambad Dist. Jalna Ambad, Jalna, Thane, MH	India
S3-980965581	Clinique Du Jacques Enterprises		France
S3-15256266	Ruiz Prairie Real	7342 Eden Cir, Lino Lakes, Minnesota	US
S3-278768731	Premier Broadcast		US
S3-896391256	Keloflux	929 Broad Street, Wadsworth City, Ohio	US
S3-207237123	Funny Ecole SAS	55 R. Gantois, Lille, Nord	France
S3-654520238	Mission (India)-Technologies Ltd	Hn ##50 Ss - 1/579 Sector 7, Kopar Khairne, Greater Bombay, Thane, MH	India
S3-309547267	Sanchez Groifracdn Bancorporation	3959 Hunt Hwy, # 184, San Tan Valley, Arizona	US
S3-714610919	Locale Anciens		France
S3-295578611	Surgical Clinic	3830 Oak Grove, Unit Apartment 724, Midwest City, Oklahoma	US
S3-681750566	Kbs Culturelle	No. 4 Rue Du Chêne Lasse, Saint-herblain, Pays de la Loire	France
S3-330648195	Quintessence Pvt Ltd Partners	Door No 863 Behind Tezaji Temple, Chackwara Road, Jaipur, Phagi, RJ	India
S3-868196623	Nantes SARL & Fils	50 Quater Chemin De La Guiblinière, Nantes, Loire-Atlantique	France
S3-449979351	-- Sbeaaurities  Holdings LLP	No. 29, Bangalore South, Bangalore, KA	India
S3-744553767	बिग एक्सपोर्ट्स प्राइवेट लिमिटेड	E-0102 Lajpat Nagar Inew Delhi-24 New Delhi-24, New Delhi, South Delhi, DL	India
S3-208017617	Ridge Dgbntal Associates		US
S3-39935583	Ear Nose & Throat Care of Everson [LP]	6606 Goowdin Rd, Everson, Washington	US
S3-226748149	East Foundation Private Límited	T-373/1 Panchpara Road, Howrah, Kolkata, WB	India
S3-819113586	heckmanreynoldswallace.com	Smith Ridge Road, Garfield, Arkansas	US
S3-58504185	xoadvisors.com	Sh 10, Vasai, Thane, MH	India
S3-903100702	Unique Consultants Enterprises		India
S3-406426699	South  Projects Private Ltd	Flat ##110A, Mumbai, Est, MH	India
S3-935745826	Surgical Parmers P.C.	2125 Hunters Trail Dr, Indian Trail, North Carolina	US
S3-236219724	Nantes Sportive SARL Enterprises		France
S3-66329623	Inc Clean Healthcare, Elite	50 Brompton Rd, Unit Apartment 1U, Great Neck, New York	US
S3-179379377	GREAT ENTERPRISES HOTEL LIMITED	No 42 Shakti Prints Compond Chakala Bhd.bajsons Indl. Est, Andheri East, Mumbai, Mumbai City, MH	India
S3-943444316	funny maternelle	55 Rue Gatnois, Lille, Nord	France
S3-38288219	Nantes Groupement SARL	N°53 R. De Bel Air, Nantes, Pays de la Loire	France
S3-521527906	Scs Commodity	H.no 101, S. No. 123/1/1 W-biz Pune City, Mulashi, Pune, MH	India
S3-214993544	Brasserie Jeunes	14 Rue Des Freres Preeire, La Teste-de-buch, Nouvelle-Aquitaine	France
S3-170031833	Foot & Ankle	1597 47th St, Cleveland, Ohio	US
S3-579447588	శివ ఇంజనీరింగ్ ప్రైవేట్ లిమిటెడ్	H.no -5-101/1, Vivekananda Nagar Colony, Tirumalagiri, Hyderabad, Andhra Pradesh	India
S3-33734618	Apex Foundation Limited Partners		India
S3-519341815	Cleandesign.Com	14984 80st Place, Maple Grove, Minnesota	US
S3-223195351	Marnais FIL Lycée SASU	No 17 Av. Ocaéne, Nantes, Loire-Atlantique	France
S3-823202984	Maison Tsrbus EURL	214 Rue De Bgles, Bordeaux, Nouvelle-Aquitaine	France
S3-194976305	Down Rapid Heritage, (Inc)	192-D Lark St, Unit Suite 10, Albany, New York	US
S3-499276507	Clean Fields Partners	1400 Shetler Road, Bolivar, Ohio	US
S3-323541351	Solstice [Pono]	2227 Rolling Meadows Dr, Michigan City, Indiana	US
S3-851109288	Eastern Inc Services	013 Green Street, Norfolk City, Virginia	US
S3-773257739	Fluxsyniri D.B.A. Agra India Public Limited	Uttar Pradesh, Shop No. Lg-5, Agra, Glory Plaza Swadeshi Bima Nagar, Agra	India
S3-483578519	આણંદ એક્સપોર્ટ્સ ફૂડ્સ પ્રાઇવેટ લિમિટેડ	14- Ved Kutir Bunglows Nr. Sandipani School, Nava Naroda, Ahmedabad, GJ	India
S3-624007946	Mondiale Societe SARL	42 Rue Maryse Bastie, Pessac, Nouvelle-Aquitaine	France
S3-356304555	Comité Du Papiers Développement	63 Rue Henri Loridant, Tourcoing, Nord	France
S3-68368597	QU Initiatives Private Limited	2, Kolkata, Howrah, পশ্চিমবঙ্গ	India
S3-665772648	Pongiste Franco Sportive SASU	68 Ave De Bretagne, Lille, Nord	France
S3-829586568	École maternelle de la Michel	26 Rue De Beauvais, Tourcoing, Hauts-de-France	France
S3-999032180	Turbulence Federation (France) Holding SA	Lège-cap-ferret, 33 Avenue Des Catamarns	France
S3-376678556	Rym Fsen Ltd	Flat No. 83, Pocket-3, Sector-19, Dwarka, New Delhi, DL	India
S3-34992791	Hyderabad Centre	Plot 05 916, Ayyappa Society Madhapur, Hyderabad, TG	India
S3-704853362	Feller's Diner [Corp]		US
S3-177624201	Dr Double Venture Prlivsie Limited	Bangalore, ಕರ್ನಾಟಕ, F-703	India
S3-592549536	Shyam Industries Private Ltd		India
S3-909336465	bryna g. howell, p.a. co	6111 Universiyt Avenue, Cedar Falls, Iowa	US
S3-168661480	Royal Food Private (Limited)		India
S3-856336555	Omnisport Comite Holding SASU	20 Rue Du Viier, Roubaix	France
S3-272314947	M/s Digital Properties Enterprises		India
S3-749281873	XFX Telecom [Center]	Wildgrove Court, Nashville, Tennessee	US
S3-846478568	Bajrang Merchants (India) Overseas Prívate Limited	N-95-107, Second Floor, Munshi Lal Building N-block Cannaught Circus, New Delhi, Central Delhi, DL	India
S3-580329729	Re Çlasses Primaire SAS	9 Rue Des Erables, Saint-nazaire	France
S3-579908540	Arunachnam & Co	Office209 Mj Complex Buil, New Delhi, DL	India
S3-790364983	Keloquo	161 Rue Magnesia, Calais	France
S3-866095061	EHPAD Saint  Media	22 Route De Lrocean, St-nazaire, Loire-Atlantique	France
S3-605450358	Direct Security Concepts Holdings	660 Crist Rd, Town Of Beloit, Wisconsin	US
S3-696610716	Litchfield Coastal Coastal Wells Llc	501 Maple Saint, Unit Apt 419, Fayetteville, Arkansas	US
S3-370356677	Season Leather Exports [Limited]	P-12a Braja Mani Debba Roadbasudebpur Bakultala Behala, Kolkata, South 24 Parganas, WB	India
S3-980457643	SAS Phoceen Anciens	68 Avenue Atlantique Cap Ferret, Lège-Cap-Ferret, Nouvelle-Aquitaine	France
S3-541487246	VERRIO ALPINE INC	20065 Hickox Rd, Mount Vernon, Washington	US
S3-886887780	Reed, Libbi Certified Arrived, Ltd	Columbus, Indiana, 3722 1/2 Villa Drive	US
S3-192355436	Sas West & Cie	No 61 Rue Ernest Renan, Bordeaux, Nouvelle-Aquitaine	France
S3-838905788	Contribuables (France) Amicale Participations	140 Bis Boulevard Albert 1er, Bordeaux, Nouvelle-Aquitaine	France
S3-885755943	M/s Alpine Brothers	Door No 89 Bg-6 Ground Floor, West Delhi, New Delhi, DL	India
S3-182359941	Rubi F. Gibler, Esq., M.D., P.C. (Partners)	00332 Jackson Park Road, Kannapolis, North Carolina	US
S3-583361561	Private Modi (ggdita) Limited	#75 Plot No 36 Ajanta Cghs Patpar Ganj Delhi, Delhi, East Delhi, DL	India
S3-212837101	CC	2 Rue Thiers, Lille, Hauts-de-France	France
S3-925514403	Vision Limited Partners	B97a Lakda Wali Galli, Behram Nagar A K Marg, Mumbai, महाराष्ट्र	India
S3-221120954	des Club Gymnatisque	289 R. Des Cnq Voies, Nord, Tourcoing	France
S3-48112460	Centre Hospitalier Sainte & Fils	2 Quater Av Henri Dunant, Mérignac	France
S3-777217063	Vantageriza doing business as Complete Cargo Union Inc	9401 Globe Center Drive, Raleigh, NC	US
S3-767767290	Comité-des Aides & Fils		France
S3-430180360	Faridabad Properties Límited Partners	8/19 & 8/6A, Industrial Area, New Industrial Township, Faridabad, HR	India
S3-728243972	Relevant  Engineering Private Limited		India
S3-626999518	Apex Software		India
S3-823519597	Exports Vsn Road Limited	No G-2-9/9-11 Anjali Layout Khajaguda, Serlingampally, Hyderabad, Rangareddy, Andhra Pradesh	India
S3-905875373	Retro Club SARL	22 Ave Pasteur, Pessac, Gironde	France
S3-29008718	Private HOY Marine Ltd	601, Ashish, Farmland, Ramdaspeth, Nagpur, MH	India
S3-327321936	HOY  Marine Limited Private	601, MH, Ashish, Farmland, Ramdaspeth, Nagpur	India
S3-434589412	Mother & Patrgtenrs Private Limited	Door No 998 1002, Savannah Avalon, Makwana Road, Marol, Andheri East, Mumbai, महाराष्ट्र	India
S3-957056907	sibellesalinasdo.com	##7306 Limestone Rd, Pasons CITY, West Virginia	US
S3-604948677	Odell and Francisco LLC	Davenport, Iowa, ##5802 Stephen Cir	US
S3-967673950	Keystone Keystone Textile	1100 Thirteenth Street, Herrin, Illinois	US
S3-529830845	Thomas Vicente LLC-Fisheries	319 22nd Street, Arkadelphia, Arkansas	US
S3-909062203	RU	Hauts-de-France, 50 Rue Jules Michelet, Roubaix	France
S3-443948308	Sperling, Christopher & Farah LLC	1436 Twenty First Ave, FROT Dodge, Iowa	US
S3-983607321	Mirasol	32 Rue de la Papotière, Nantes, Pays de la Loire	France
S3-85218834	The Platinum Factory Ltd #12255	79946 Indian Spring Trail, N/A, Amarillo Townshp, Texas	US
S3-417944968	Centre Médical Papy SASU	N° 13 R. Du Noviciat, Bordeaux	France
S3-547683477	Evopyra	B-88 1St Floor, Defence Colony, South Delhi, DL	India
S3-945910002	PREMIER VALLEY INNOVATIONS GROUP	10953-10957 262nd Avenue, Zimmerman, Minnesota	US
S3-610718760	Mekaster Club Exports Pvt. Ltd.	#17/6 Bangur Avenue, Kolkata, Calcutta, WB	India
S3-470930716	Funny Maternelle SAS		France
S3-483049360	Preehpad.Com	16 Avenue Albert 1er, Merignac, Gironde	France
S3-274171619	Mcdaniel, Dory, P.A. Summit Inc	Unit 2308, Bloomington, Illinois, 2030 Lincoln St	US
S3-374186950	Sunrise Bombay Energy Pvt	Flat No. 0A, Lp Block Maurya Enclave, Pitampura, North Delhi, दिल्ली	India
S3-837094645	Ecuries Foyer S.A.S	74 Rue Des Plantes, Nantes, Loire-Atlantique	France
S3-647058935	medina diamond sun inc	8555 Main St, Unit 43, Reynoldsburg, Ohio	US
S3-298978287	Services Shree Modern Private Ltd	Kmc 14/1387, Kollam, Valakom, കേരളം	India
S3-83311187	Arc Affiliates Public Limited	Rajkot, Shree Vardhman Trade Centre Phulchhab Chowk, ગુજરાત, Rajkot, 312	India
S3-157266196	4206 church avenue associates partners	1836 East Ridge Drive, Blacksburg, Virginia	US
S3-46208589	Gt Srcvie EURL	69 R. Malakoff, Lille, Hauts-de-France	France
S3-175902518	Felicia Brothers Ltd.	Plot No Cb 158A, Office No 701, 702, Sun Tower Gandhi Nagar Mode, Tonk Road, Jaipur, RJ	India
S3-529244189	Him Sangh	House No G-319 Sector 12, Shakti Nagar, Derabassi, PB	India
S3-150177599	Rizahalonovi née Karam Lifestyle Pvt. Ltd.	432-435 Nilatechnopark, Trivandrum, Palakkad, Kerala	India
S3-599073753	Vivre Ecole	12 Cour Delatre, Lille, Nord	France
S3-990863357	Europeen SAS Club		France
S3-247854776	Demployeurs Federation  E.U.R.L.	8 Rue De La Digue, Lille, Nord	France
S3-564514372	VWF Fórtress	Mary Ln, Celina, Ohio	US
S3-595527014	Tourcoing Club SARL	51 Rue De Nancy, Tourcoing	France
S3-166136066	Maison Rpi Distribution SAS	70 R. Henri Terquem, Dunkerque, Hauts-de-France	France
S3-887606964	services dinesh technologies private limited	#8 18 Sukhvilas Ashwini Hsg Socpune-mumbai Road Shivajinagar, Pune, महाराष्ट्र	India
S3-159394679	Lège-Cap-Ferret Gestion		France
S3-857080948	Cs College Sas	14 R Prunier, Bordeaux, Gironde	France
S3-853039252	Lège-Cap-Ferret Parents Sàrl		France
S3-2258609	mcgeefortress.com	04477 30th Avenue, Fargo, North Dakota	US
S3-879337877	Common Ltd Pvt Traders	HR, Bahadurgarh, Haryana, Sector 6	India
S3-875262127	F/E Alto L.L.C.	5925 Lakestone Drive, Sacramento, California	US
S3-689707270	(S.A.R.L.) Arcadia Loisirs	43 Av. De L'harmonie, Nantes, Pays de la Loire	France
S3-544478382	White Energy		India
S3-704448113	Creative-Works Inc Services		US
S3-200753720	Schultz Co Services		US
S3-877424804	MC	54 Rue Henri Bailleux, Lille, Hauts-de-France	France
S3-618125055	PERSONNEL INDUSTRIES SASU	23 Rue Abraham Duquesne, Pessac, Gironde	France
S3-217325163	Downtown Bfire Shop		US
S3-235423369	SRG ENGINEERING PVT LTD	MH, Door No 3-10 A-1405, Thane	India
S3-505636582	Bombay Devellophrs Pvt Ltd		India
S3-965831821	Lumelle-Services		US
S3-412072987	Deep  Cars Pvt Ltd	Bangalore Rural, Hosakote, 10, KA, Whiteacres Channasandra Main Road, Ambedkar Nagar Whitefield	India
S3-682524663	Ziify Inc Scuti Preferred	15 Mentor Ave, Painesville, Ohio	US
S3-93475000	Bordeaux Ecole France	102 Rue Malbec, Bordeaux, Gironde	France
S3-878674891	Pediatric Dentistry Coastal-Care Associates	##2 South Street, Sherburne, New York	US
S3-345425722	D K & Q Gebmco L.L.C.	94 Taylor Rd, Stoneville, North Carolina	US
S3-399206877	First Galaxy Limited Private Industries	A-10, Ground And First Floor, New Delhi, South Delhi, DL	India
S3-807323432	Hunger Committee Inc	533 Echo Springs Road, Knxoville CITY, Tennessee	US
S3-585267715	Abu Packaging Overseas (Ltd)	H.no. 5/16, 3Rd Floor, Block B, Model Town Phase I, Delhi, North West Delhi, DL	India
S3-379406856	deleves club	338 Avemue Linné, Roubaix	France
S3-42481221	Pyranovi	Flat No 402 4Th Floor Bldgno D-21 Sec-Vii Of Shantinagr Mira Road Station (E), Thane, Maharashtra	India
S3-341172545	Sturges United Real LP	3428 Cr 2409, Barnsdall, Oklahoma	US
S3-67420706	Shri Ujjwala Trading Exports Límited	Kh No-a-22/15, 22/13, Plot.25/2, B-2/671, North East Delhi, DL	India
S3-216702160	Arc Budsiler Pvt Ltd		India
S3-497610688	Warner  Altenergy Of Harvey LP	3510 27th St, North Dakota, Harvey	US
S3-951841383	Wildlife Charities East	729. Golf Course Rd, Forest City, Iowa	US
S3-289695334	Deleves & Cie Groupe SARL	137 Rte De Psris, Nantes, Pays de la Loire	France
S3-951322872	Larios Sémiconductor LLC	337 Waterville Ave, Le Center, Minnesota	US
S3-876167541	Cane	H. No 11/1, Hans Enclave, Sector-33, Near Jain Mandir Wali Gali, Urban Estate, Gurgaon, Haryana	India
S3-934975814	Sauvegarde &-Fils	Calais, No. 27 R. Du Pont Lottin	France
S3-167342475	Rural	8 Rue Jean Jacques Rousseau, Tourcoing, Hauts-de-France	France
S3-769092908	S.A.S. Monet Sportive	128 Bis Rue De L'epinette, Tourcoing	France
S3-659260716	Feathers Chand (India) Overseas Private	Door No 60 Sheela Niwas, Mumbai City, Mumbai, MH	India
S3-755614724	Education Club (France)-SCI	Dunkerque, Nord, 35 R René Caillié	France
S3-74073635	Vivien's  Patriot Lending	19331 Red Brush Road, Rockingham County, Virginia	US
S3-596140115	Cruz's Manufacturing	23 120th Ave E, Tulsa, Oklahoma	US
S3-892949010	Family Federation	334 Baldinger St, Houston, Texas	US
S3-255306373	Trusted Mortgage  Laboratories Valley	6433 Cordelia Road, Williamsburg, Virginia	US
S3-704106169	रॉयल फूड प्राइवेट लिमिटेड	New Delhi, DL, North Delhi, Bo-72 Shalimar Bgah	India
S3-533263815	Centre Médical Jean Enterprises		France
S3-771477143	Deleves Maison Sarl	Gironde, Mérignac, 9 Impasse Maître Guy	France
S3-875364469	Onyxdelta	2025 Lincoln Street, Unit 3, Bloomington, IL	US
S3-649957900	CONFRERIE SECTION SAS	31 Aevnue Louis Braille, Tourcoing	France
S3-653635319	Etudiants 91 Amicale Développement EI	101 Rue Bir Hakeim, Dunkerque, Nord	France
S3-516787251	Co Russell & Maxwell	66 Brierwood Dr, Hinton, West Virginia	US
S3-496988839	Sunrise  Estate Pvt		India
S3-76511844	Gorkahpur Inrnda Ltd	House No #125K Mirihiriya Post Rigawali Bazar Campierganj, Gorkahpur, Gautam Buddha Nagar, उत्तर प्रदेश	India
S3-499013001	Gildvantage	1 Allée Léopold Vigneau, Pessac, Nouvelle-Aquitaine	France
S3-158043125	Bell Énergy	21204 113th Street Court, Bonney Lake, Washington	US
S3-753724004	trace agencies	481, Ghaziabad, Sahibabad, UP	India
S3-488978712	Jrt Amicale  SAS	35 R. Paul Doumer, Dunkerque	France
S3-409233710	deque llc		US
S3-834052680	India Scholar Network Private Limited	No 5 Hotel Beach Garden Juhu Beachjuhu, Mumbai, MH	India
S3-235779419	Aarvanth  Pvt Ltd Services	L-56, Mumbai, MH	India
S3-812648902	CENTRE MÉDICAL PILOTARI	La Teste-de-buch, 40 Allée Rive Gauche Canal Cazax, Gironde	France
S3-771356710	Modern Coastal Sun Ltd	210 Cherokee Bld, Tennessee, Chattanooga, # 306	US
S3-227023468	एपेक्स फाउंडेशन प्रा. लि.	D-41, Aditya Puram, Bhind Road, Gwalior, Gird, MP	India
S3-868178987	commissiononlabor.com	Norman, Oklahoma, 613 Coopers Hawk Drive	US
S3-491986835	Pune City Chemicals Holdings Private	Padmavati Shankarananda Society, Pune City, S No. 63 Fl No. 14, Pune, महाराष्ट्र	India
S3-196839478	Permisunion.Com	159 Rue Bele Rade, Dunkerque, Hauts-de-France	France
S3-584379300	Clinique du Jl		France
S3-946246764	Rayshell's Tnxtiles	93 Batchler Road, Red Oak, Texas	US
S3-754915126	Maison Montaigut SAS & Fils	30 R De Cahors, Dunkerque	France
S3-408671519	M 3 A Amc Eastgate Lp	4681 7, Nacogdoches, Texas	US
S3-289862342	Sarl Solidaire Sante	63 Avenue Jean Jaures, Pessac	France
S3-440062294	West & Cie SAS	No 61 Rue Ernest Renan, Bordeaux, Nouvelle-Aquitaine	France
S3-211501200	Shri Life Technology		India
S3-301875723	Mumbai Polytechnic Polytechnic Industries Private	No 18 Shree Narayad Dham, Kothari Nadi, Sanganer Rd, Bhilwara, RJ	India
S3-471096840	Mahakaal Institute of Technology Corporation	177/B C R Avenue, Kolkata, Calcutta, WB	India
S3-207911022	Saint-Nazaire Comite	12 All. Jean Beauvilain, St.-nazaire, Loire-Atlantique	France
S3-648303971	Ptits SARL Cie	113 Av Du Large, Dunkerque, Hauts-de-France	France
S3-701582060	Costieres Club S.A.R.L.	R Famatina, Bordeaux, Nouvelle-Aquitaine	France
S3-558706614	silversports.com	3251 Mountain Road, Prince William County, Virginia	US
S3-92596410	Institut Nicolas France	N° 29 R. Léon Blum, Roubaix	France
S3-899074441	Mayfield, Nadiote, Esq.	1520-1524 S 30th St, Louisville, Kentucky	US
S3-480376612	Transparence  Federation	2 Place Genevières, Lille, Hauts-de-France	France
S3-500666219	Lecole Centre SASU	685 Bd. De L’europe, Dunkerque, Nord	France
S3-760194822	Lart Holding SAS Cie	151 Rue Saint-druon, Lille	France
S3-674158333	Vantagecalofaye	39 Rue Aristote, Calais, Hauts-de-France	France
S3-998522073	Utilisateurs Pharmacie SA	16 R. Des Marchandises, Nantes, Loire-Atlantique	France
S3-19772203	Centre Hospitalier Louis International	11 Rue Abbé De L'epée, Nantes	France
S3-450469156	TZ  Smart	214 1/2 Ottawa Street, Leavenworth, Kansas	US
S3-309834674	Dorice Higa Ridge Partners Highland	147B Skiff Road, Northvilel, New York	US
S3-244832670	pitchounsmaternellesarl.com	Nantes, Nº 27 Aveiue Des Druides	France
S3-634937077	roofers supply	299, New Mahavir Colony, Sonipat, HR	India
S3-612907153	Wilson Prairie	##2120 Evergreen Circle, Ontario, New York	US
S3-699278617	RSP	A/504, Jayshree Krishna Darshan, Near Vedant High School, Gcc Club Road, Mira Road East, Thane, Thane, Maharashtra	India
S3-630154867	Fam Et-Fils	N° 102 Rue Fondadege, Bordeaux, Gironde	France
S3-985118094	Cosmic Public School Limited	700, Roopsagar Road, Ward No. 37, Udaipur, राजस्थान	India
S3-931222255	vivre section	12 Cour Delattre, Lille, Nord	France
S3-713879904	RH	No. 204, G Floor, Sobha, Deflower, Mg Garden, Bangalore South, Bangalore, Karnataka	India
S3-885373665	Nantes  Ateliers		France
S3-344305401	Pvt. Jr Timber Ltd	Block G-823 356, Howrah, পশ্চিমবঙ্গ	India
S3-892852384	Kundu Growth Pvt Ltd.	153, Pune, Budhwar Peth, महाराष्ट्र	India
S3-133126265	mssainte.com	44 Rue Du Cavaire, Tourcoing, Nord	France
S3-652827257	Services JK SARL	3 Rue Robert Planquette, Nantes	France
S3-222490536	Roubaix Maison SASU	Nord, Roubaix, 1 R. Du Sentier	France
S3-286541991	INSTITUT SAINT ROBERT		France
S3-627139232	Sas Communale Loisirs	Av Du Docteur Schweitzer, App 20 Residence Campusea, Pessac	France
S3-798877469	Ekaa Investments	Smt. Anita Devi W/o Niraj Kumar Brahmsthan Kurthaul, Patna, Masauri, BR	India
S3-77962846	Happy  Deie		US
S3-639930364	Unique कंसल्टेंट्स LLP	No. 1-59 Utopia A 501 Casa Bella Gold Kalyan Shil Road, Kalyan, Thane, MH	India
S3-899020269	La Baule-Escoublac Maison France Sarl	Loire-Atlantique, 11 Avenue Marcel Rigaud, La Baule-escoublac	France
S3-516153763	Bordeaux Ecole EURL	19 Imp Faure, Bordeaux, Nouvelle-Aquitaine	France
S3-204244940	Rizaxylo	No 3 Rue De L'epine, Tourcoing, Hauts-de-France	France
S3-326336387	Evince Wine	B-5, Patna, बिहार	India
S3-85824521	Red Bike Shop!		US
S3-920110625	Ets International 205 [EI]	079 R. De L'abbaye, Nantes, Pays de la Loire	France
S3-936968515	EHPAD Louis		France
S3-964158346	Association de Gobe SCI	#83 Rue Jeanne D'arc, Nord, Lille	France
S3-101601701	Ecuries Foyer SAS	74 Rue Des Plnates, Nantes, Loire-Atlantique	France
S3-655424897	Green  (India) Cnosuldtcy Private Limited		India
S3-863688111	tablissementsdetudeeurl.com	094 R Ferdinand Mathias, Lille, Hauts-de-France	France
S3-569430203	Ectozeph	Plot No. 1 To 4 Blgd. A&B, A.K. Road, Surat, Gujarat	India
S3-908271723	Collectif Madeleine SA	250 Rue Paul Langevin, Calais, Pas-de-Calais	France
S3-536505199	SARL Bordeaux Maternelle	37 Rue De La Devise, Bordeaux	France
S3-61255305	Apex Limited Private Foundation		India
S3-908246179	Shri @primebrothers	Bangalore, No 1458South End Amain Jaya Nagar9th Block, KA	India
S3-654619419	Eashwa Consulting Infratech  Private Limited	16 A Shivajinagar Khalwadi Near Of Badambai Highschool Newasa Tal Newasa, Pune, Ahmed Nagar, महाराष्ट्र	India
S3-665194004	RQ [Collectif]	42 R. Du Maine, Saint-nazaire, Loire-Atlantique	France
S3-372971479	Beacon Figx Service	583 Canton Ave, Tulsa, Oklahoma	US
S3-165475133	Favoriser	Hauts-de-France, Dunkerque, 66 Rue Louis Auguste Blanqui	France
S3-743525228	वन कंसल्टेंसी लिमिटेड	Hn ##389 Shop 273 Plot No.30 2 Flr, Delhi, New Delhi, DL	India
S3-721413973	International Industries [Center]	518 Hooper Lake Rd, Excelsior CITY, Minnesota	US
S3-825632830	INDIA KT INDIA PRIVATE LIMITED	Morbi, H.no 72 C/o Patel Machinery Stores Sardar Road, Rajkot, GJ	India
S3-420004326	Plateau Pharmacie Participations SARL	29 Rue Des Bonnets, Tourcoing, Hauts-de-France	France
S3-177542634	YRG Pharmacie	12 Impasse Marie Laurencin, Saint-herblain, Pays de la Loire	France
S3-716928850	Cozy Ice Cream Inc Service		US
S3-770108819	Flop Fetes [SASU]	Pessac, 45 R Du Merle	France
S3-24978700	Nantes  Atelier SARL	6 Rue Louis Marin, Nantes, Pays de la Loire	France
S3-156615545	Vivre Setin	12 Cour Delattre, Lille, Nord	France
S3-243761990	REGIONAL FELLOWSHIP HOLDINGS	2044 Lombardy Drive, PMB 5623, Fayetteville Ccity, North Carolina	US
S3-594594775	Bureau of Agiig Inc		US
S3-737633990	Maison Albigny	4 Place Bir Hakeim, Bordeaux, Nouvelle-Aquitaine	France
S3-663243562	QKP Amicale EURL	26 R. De La Michaudière, Nantes	France
S3-707991302	bordeaux culture sasu	Bordeaux, 13 B Rue Alfred Dalancourt	France
S3-720665564	Dunkerque  Et Fils	N°112 Rue Anciens Combattants D’afrique Du Nord, Dunkerque, Hauts-de-France	France
S3-909638180	Kimono Groupement (Fance) SAS	19 R Eugène Dumez, Dunkerque, Hauts-de-France	France
S3-457512219	Family Inc	##17674 103, Audubon, Minnesota	US
S3-105381532	Hanumat LLP Center	Off-50, Mumbai City, Bombay, महाराष्ट्र	India
S3-370430830	*** Shakti Exports Private-Ltd	Unit No ##102, G Wing, Udyog Bhavan 2, Plot No K-3, Near Anand Nagar, Midc, Ambernath East, Thane, MH	India
S3-103536177	Sabots Comite	16 Allée Des Albatros, St-nazaire	France
S3-818650577	Gurgaon Technologies Córp		India
S3-216574835	Saint-Herblain Prïmaire SAS	No. 21 Allée Mirabeau, Saint-herblain, Loire-Atlantique	France
S3-161116711	Je Lycee SARL	7 Rue Frédéric Mottez, Lille	France
S3-100173938	Summit Capital Wintergreen	Westport, 88 1/2 Benoit St, Massachusetts	US
S3-594466480	Brixkor	27, New Delhi, South Delhi, DL	India
S3-706603409	LILLE GROUPE	229 R. Solferino, Lille, Nord	France
S3-458905738	Bright Pvt Ltd Center	DL, No. 76 1459, J.j, Colony, Madanpur Khadar, Phase-iii, South Delhi, New Delhi	India
S3-985721751	LLP Hari Marktefng	H No - 4A, K-375 Siyaram Vihar Takrohi Indira Nagar, Lucknow, UP	India
S3-323379357	Mishka Transport Private Limited Limited	#360 Vill-genaur, Tola-genaur Panch-nahas, Rupauli North, Block-bisfi, Dist-madhubani, Madhubani, Benipatti, BR	India
S3-997617446	गोल्ड क्रिएटिव टेक प्राइवेट लिमिटेड	Door No 0037 L-51 A, Kh. No 672, Chanakya Palace-ii, Uttam Nagar, West Delhi, Delhi, दिल्ली	India
S3-409799537	Ets Teste [EURL]	1 Rue Du Marcéhal Lyautey, Tourcoing, Nord	France
S3-86497427	Clinique Saint Jacques SAS	14 R. Royale, Calais	France
S3-304704973	Safran Motors Limited	Door No 4/206 To 208, 2Nd Floor, Allayani Wadi, Begampura, Surat, Surat City, GJ	India
S3-54857948	Consumer & [Co]	Unit No A20, Regency Plaza, Kalyan-ambernath Road, Thane, MH	India
S3-672949697	Quintessenceinfrastructure.Com	H.no 863 Behind Tezaji Temple, Chackwara Road, Jaipur, Phagi, RJ	India
S3-364098858	Ekstrom Financial Northside LLC	1616 Chena Ridge Rd, Fairbanks, Alaska	US
S3-323926252	ఆల్ టెక్నాలజీస్ ఎల్‌ఎల్‌పీ	Anchorage, Visakhapatnam, Vishakhapatnam, AP	India
S3-654575927	Lège-Cap-Ferret EURL Groupe	Nº 1 Av. Du Monument Salins, Lège-cap-ferret	France
S3-123798561	DENTAL GROUP	104 9th St, Sarcoxie, Missouri	US
S3-937818223	Cercle Çulture SCI	24 Av Roger Cohé, Pessac, Nouvelle-Aquitaine	France
S3-636367322	Chemin & Cie	16 All Messidor, La Teste-de-buch, Gironde	France
S3-11797041	Empathy & Co Private Limited	No #17, Ambala, HR	India
S3-223292981	Couch Marshall  Group	102 Ewing Dr, Stoughton, Massachusetts	US
S3-775241909	Nickie Martinez Blue Capital Inc.	Salt Lake City, Utah, Unit 207, 36 2100	US
S3-458155503	साउथ बिजनेस लिमिटेड	House No. 220, Khed Shivapur, HR	India
S3-712602042	Products Panama Retina  Infratech Limited	H.no:-1-251/6/6, Bail Bazar Road, Near Gunj, Vikarabad, Rangareddy, TG	India
S3-249789273	Esprit Sportive		France
S3-279524846	morachamp.com	7 Duncklee Street, Brgihton CDP, Massachusetts	US
S3-225402075	barbershopliberty.com	Pelican Bass Ln, Pelican Rapids, Minnesota	US
S3-653780759	Crystal Transit Advisors  L.L.C.	6309 Cth Vv, Sun Prairie, Wisconsin	US
S3-512989234	Quality Seacsrcuiyt Holdings LLC	412 19th Street, Oklahoa City, Oklahoma	US
S3-341967098	Ets New Sas	Bordeaux, 15 Rue Poyenne	France
S3-370379582	Jai Marketing Sweets Limited	No 43. C/o Pandeypur, Mariahun, Rampur, उत्तर प्रदेश	India
S3-396418020	Ínc. Rodriguez Bay Trading	11833 Midhurst Dr, <NULL>, Farragut, Tennessee	US
S3-737678835	Martinez  Materials	1011 Belden Ave, Chicago, Illinois	US
S3-90752230	Arconyx d/b/a Foot & Ankle Clinic	178 Deer Drive, Prescott Valley, AZ	US
S3-850471681	silva, griswold bay braves, llc	#89 Panorama Drive, Asheville, North Carolina	US
S3-870031050	École maternelle Notre Cie		France
S3-888352457	হাইটেক সার্ভিসেস এজেন্সিজ প্রাইভেট লিমিটেড	Godrej Genesis 7-21-Floor, Room No 1201 Ep & Gpblock, Sech Bhawan, Saltlake, North 24 Parganas, West Bengal, India., North 24 Parganas, WB	India
S3-630022397	Britta C. Donovan, O.D. Inc	15 Chrisman Ave, London, Ohio	US
S3-424790047	Family [Trust]		US
S3-685433943	ZR Capital	Hn G-557 Sahyadri Nagar-b, Bombay, Mumbai City, महाराष्ट्र	India
S3-39750320	Tourcoing Club SA	125 Rue De La Tosése, Tourcoing, Nord	France
S3-856225545	Marinoise Sportive (France)	120 R. Carnot, Tourcoing	France
S3-954945323	लक्ष्मी बिल्डर्स प्राइवेट लिमिटेड	Office No. 15/E., 5Th Flr Commerce Centre, Tardeo Road, Mumbai City, Mumbai, MH	India
S3-654471612	Comité de Agissons International	29 Rue Des Douves, Bordeaux, Gironde	France
S3-664513879	Fortune Private Limited [Services]	C/o Smt Purnima Ghughu, Zinzira Pool (Bandal), Kolkata, Kolkata, Howrah, WB	India
S3-110501721	ROUBAIX MAISON		France
S3-206905437	Amicale De Ssiad	022 Ave Lddovic Cormerais, Nantes, Loire-Atlantique	France
S3-301816610	Couch Marshall  Group	Ewing Drive, Stoughton, Massachusetts	US
S3-250307721	LLC Twisted Ice Cream	Ridgepoint Dr, Irving CITY, Texas	US
S3-288334198	Pole Ècole SARL	01 R Du Port, Pornic	France
S3-86748408	CQ Àmis SARL	36 Rue Capal Francois De Ruat, La Teste-de-buch, Gironde	France
S3-344272571	Nantes Groupe	Nantes, Pays de la Loire, 4 Place Victor Mangin	France
S3-82465976	Downtown Tavern-LLC Services		US
S3-231904898	Gulati Steel Care		India
S3-710145160	DES Comité Montoise France	100 Rue Baptiste Marcet, Nantes	France
S3-363231068	Pornic  Fetes SARL Enterprises		France
S3-319682626	Shri Consumer Co &	Unit No A20, Regency Plaza, Kalyan-ambernath Road, Ulhasnagar, Thane, महाराष्ट्र	India
S3-625514886	Cascade Interstate Infrastructure		US
S3-689937681	Shri BALAJI INTERNATIONAL PRIVATE LIMITED		India
S3-570716515	Palmer Vision [Center]	1411-B Co Rd 2260, Stryker, Ohio	US
S3-997381625	Lège-Cap-Ferret SAS Parents	9 Ave De La Litorne, Lège-cap-ferret, Nouvelle-Aquitaine	France
S3-70541707	Anmol Tyres (India) Pvt Ltd	S No. 73/5, 73/4, Dhamote, Tal Karjat, Karjat, Raigarh, MH	India
S3-658368715	pjoseph.com	Tourcoing, 35 R De Riga	France
S3-523978691	Lille Amicale SAS	30 Rue Des Meuniers, Lille, Hauts-de-France	France
S3-666384641	Casey Society VI Holdings	600 222 Carmel Drive, # Suite, Carmmel, Indiana	US
S3-834189226	Punjab (India) Co Services	##690, Maszid Road, Honavar, Uttara Kannada, KA	India
S3-163094056	Galaxy Media Private Ltd	H.no 815 Sb-6 Krishna Complex, Vadodara, GJ	India
S3-74011754	Kestiq Sierra P.L.L.C.	0510 Harvest Ln, Sun Prairie, Wisconsin	US
S3-5879888	Shiv ಪ್ರೊಡಕ್ಟ್ಸ್ ಪ್ರೈವೇಟ್ ಲಿಮಿಟೆಡ್		India
S3-656381945	M/s 6rapes-Traders Overseas Private Limited	#7, Bangalore, KA	India
S3-951790580	SA Art Ateliers Distribution	43 Rue Fontaine Del Saulx, Lille, Hauts-de-France	France
S3-567119535	>> Ynez Koren, M.D. LLC	27 Cannon Street, Norwalk, Connecticut	US
S3-826904878	Best  Global Private Limited		India
S3-432856079	Studio Cóllege Group	C-14 T Delhi Police Employers Cooperation Group Housing Soc Iety Mayur Vihar Phase-i, New Delhi, East Delhi, DL	India
S3-127222738	Arm Sons Private	34 Model Town Iscon Road Mansarover, Sawai Madhopur, Jaipur, RJ	India
S3-327163832	Fil Services International SAS	35 Rue Charles Longuet, Saint-nazaire, Loire-Atlantique	France
S3-632261301	Juris + Frères SAS	5 Rue Roer Salengro, Dunkerque	France
S3-366464994	M/s Master + Partners Overseas (Company)	পশ্চিমবঙ্গ, Bally, 27/26. Kartick Chandra Ghosh Lane, Howrah	India
S3-766594495	Piedmont Ffnghaion	217 Shamrock Court, Eugene, Oregon	US
S3-925536043	Virinchi  Pvt India Ltd	Door No 1St Floor Velliapallil Bldgst B Road Pala, Kottayam, KL	India
S3-690406671	lecole pro amicale sa	(98) R. Aristide Briand, Saint-nazaire	France
S3-673002986	Rural Atelier SARL	8 R. Jean Jacques Rousseau, Tourcoing	France
S3-703166657	Ferrelle Net Inc	10405-A House Bend Road, # LOT 39, Northport, Alabama	US
S3-566753202	OAI Amicale	18 R De Cardurand, Saint-nazaire, Pays de la Loire	France
S3-778983681	Lille Amicale Sa	57 R Des Meuniers, Lille	France
S3-308335738	Womens Supreme Specialists Health Westgate	27 Oakvue Dr, Mchenry, Maryland	US
S3-54141929	Christ Minblhes | www.christmin.com	1623 Sycamore Dr, Dayton, Ohio	US
S3-157053358	Legionnaires (France) Club Sarl	44 Route Du Haut Rochre, Saint-nazaire	France
S3-287324990	Indian Trading  Pvt Ltd	Office No. #5, First Floor, Pinnac Apt, Erandwane, Pune City, Pune, महाराष्ट्र	India
S3-272035000	Ciramiravera	401/A, Pearl Arcade, Opp. P.k. Jewellers, Dawood Baug Lane, Off J.p. Road, Andheri, (W), Mumbai City, Mumbai, MH	India
S3-708175895	Sbs Satya Prtiivadbe Limited	A A-529, Aapli Ekta Chs Ltd., Navpada, Marol Naka A. K. Road, Near Continental Hotel, Andh, Eri (East), Mumbai, Bandra Suburban, MH	India
S3-213112516	École màternelle Sainte Team	3 Allee Des Dunes, Lège-cap-ferret	France
S3-636300114	Ruiz Prairie Real Holdings	7353 Eden Circle, Lino Lakes, Minnesota	US
S3-272287050	Nationale Comite SCI	23 Avenue Du Commandant Couseau, Saint-nazaire, Loire-Atlantique	France
S3-316317157	Nantes Grôupe SCI	4 Pl Victor Mangin, Nantes, Pays de la Loire	France
S3-246201605	Brixmiraaria	Fc 102 Salt Lake P S Bidhannagar, West Bengal, Kolkata, North 24 Parganas	India
S3-628919795	Francaise & Cie Participations	144 Rue Duguay Trouin, Calais	France
S3-666809250	East Systems Private Enterprises		India
S3-832229621	Mohan Institute Ventures	Door No 81 131-156, Trivandrum, KL	India
S3-790104618	Premier Traders Private Ltd		India
S3-125046946	South  Business Pvt Ltd		India
S3-587925938	Comité Du Accueil	137 Rue Pierre Mauroy, Lille	France
S3-61522340	COB PATRIMOINE SARL	26 Rue De Balaclava, Bordeaux, Gironde	France
S3-203551653	AO Starling LLC	#7 B Elmwood Terrace, Millbury, Massachusetts	US
S3-450807467	Gulf Secure Starling Corp	268 1825, Centerville, Utah	US
S3-494128885	grace chapel corp		US
S3-822958120	Ehpaddulaurent.Com	9bis Rue Du Virolois, Tourcoing	France
S3-598335767	Sree Exports Préivlgime Limited		India
S3-434985569	Zania Lab Co	2358 Baxter County 57 Road, Mountain Home, Arkansas	US
S3-28811667	Amie Rencontres Sportive Sarl	218 R De Trignac, Saint-nazaire, Pays de la Loire	France
S3-155778341	Huckabee	308 Orange Street, Manito, IL	US
S3-373882143	Life Investments Co		India
S3-271705623	The Internal Medicine Complete Group	11812 107th Ave Eaet, Owasso, Oklahoma	US
S3-807766663	Evm Const Public Limited	205-B, Raheja Solitaire, Udyog Nagar, Off S.v. Road, Goregaon (West), Mumbai City, Mumbai, महाराष्ट्र	India
S3-805294469	NWO  Anciens	3 Rue Barberousse, App 4, Lille, Nord	France
S3-697720584	[Limited] Sardar Brothers	Classic Pentagon, Western Express Highway, Nr. Bisleri, Andheri East, महाराष्ट्र, 7Th Floor, Mumbai, Mumbai Region	India
S3-73385317	Inc. Banuelos & Kunze Holding	Moorpark, 4535 Bella Vista Dr, California	US
S3-776688395	Technologies Gaurav-Centre Overseas Ltd	Door No 176 3-225/Sh/506, 2Fr, Sterling, Hgts, Mahendra Mind Space, Hyderabad, Shaikpet, TG	India
S3-676254093	Deleves Maison SNC	Gironde, 13 Impasse Maitre Guy, Merignac	France
S3-687020194	Nantes Ecole S.A.R.L.	Pays de la Loire, 36 Rue Des Chambelles, Nantes	France
S3-831317339	Trace Group Agencies	485, Niti Khand-1 Indirapuram, Ghaziabad, Ghaziabad, UP	India
S3-905800160	établissements Lets S.A.S		France
S3-967088981	LA Amicale	048 Rue Saint Louis, Roubaix, Hauts-de-France	France
S3-137993104	Lippman Perfect Lakeside LLC	426. 74st St, Chicago, Illinois	US
S3-262763246	Halofayeorbi	52 Rue Roger Salengro, Dunkerque, Hauts-de-France	France
S3-76617142	Vision Inc. Care		US
S3-565860356	Ifag Maison SARL	22 Allee Des Petits Brivins, La Baule-escoublac, Loire-Atlantique	France
S3-643347086	Danielle & Fïls SARL	17 Rue Des Fauvettes, Lège-cap-ferret, Nouvelle-Aquitaine	France
S3-638381212	Communaute  Ecole SARL	9 Rue Jean Bouin, Nantes, Loire-Atlantique	France
S3-976735556	Femmes Club E.I.	No. 132 Rue Mazarin, Nouvelle-Aquitaine, Bordeaux	France
S3-592270439	Singh & Hayes Ltd	Dallas, Texas, 11336 Flamingo Lane	US
S3-166758084	Minjarez Emera Inc	Maryland, 4415a Rena Rd, Suitland	US
S3-341303369	Drexmira	5 Rue de la Barre, Lille, Hauts-de-France	France
S3-618869039	हरि इम्पेक्स	A-54, New Delhi, South Delhi, DL	India
S3-239103550	Kestrel Asst Group	1009a Rodgers Road, Crossville, Tennessee	US
S3-671887173	எஸ்எஸ் செவன் சொல்யூஷன்ஸ் லிமிடெட்	Shakthi Towers, Ground Floor, Tower-i, 766, Anna Salai, Chennai, Chennai, தமிழ்நாடு	India
S3-35079560	లక్ష్మీ ఇండస్ట్రీస్ ట్రేడింగ్ లిమిటెడ్	3-30-20, Guntur, Krishna, AP	India
S3-790522373	POLE ECOLE SARL	01 R. Du Port, Pornic	France
S3-742850901	Lower Grand		US
S3-115257001	maa management private limited	D-402, Titanium Square, Nr. Thaltej Cross Road, Nr. B.m.w. Show Room, S. G. Highway, Tha, Ltej, Ahmedabad, ગુજરાત	India
S3-328187096	Saint-Herblain Primaire (SAS)	No. 21 All. Mirabeau, Saint-herblain, Loire-Atlantique	France
S3-336082516	Doa  Holdings	1320-1324 Trail Run Lane, Cordova, Tennessee	US
S3-948064896	Private Anand Dream Investments Motors Limited	17-Aradhana, Kastur Park, Shimpoli Road Near Suvarna Hospital, Borivali(w), Mumbai, Mumbai City, MH	India
S3-127533164	एसएस इंफ्रा प्राइवेट लिमिटेड	Fp150 1708/B, Shreeji Villa Chsl, T H Kataria Marg, Opp Ganga Vihar Hotel Mahim, Mumbai, Mumbai City, MH	India
S3-233348627	Powers,,-Andrea Esq. South LLC	13 Two Rivers Road, Saint Regis, Montana	US
S3-774513950	Democratie Parents	32 R. Poyenne, Bordeaux, Nouvelle-Aquitaine	France
S3-536171788	Eye Partners Center Corp.	##1751 Monroe St, Decatur, Illinois	US
S3-910580851	GI Comite	12 Boulevard Jules Verne, Nantes	France
S3-623498826	Childers Bright Financial Inc	001613 Hill Creek Drive, Garland, Texas	US
S3-798307181	Classic Wholesale Systéms, Inc	209 Town Farm Rd, Connecticut, Litchfield	US
S3-220647129	Pr0ducer Aashi Services	102/2, Hyderabad, Bangalore, KA	India
S3-447087343	Franco Parents Sas	4 - Rue De Lacanau, Bordeaux	France
S3-282701528	89 (France) Ecole SA	011 R Muabec, 3eme Etage, Bordeaux, Nouvelle-Aquitaine	France
S3-555157704	Commerce  Parents	13 Allee Adrienne Bolland, Nantes	France
S3-254660757	Socio SARL & Fils	54 Rue Albert Calmette, Tourcoing, Hauts-de-France	France
S3-780190727	5turges United Co Center	3435 Cr 2409, PMB 7137, Barnsdall, Oklahoma	US
S3-945772909	Pike & Stéphens Inc	#179 Avon Avenue, Northfield, Illinois	US
S3-772451964	Netherton Starry of Hnnry  County lnc	202 The Great Road, Fieldale CDP, Virginia	US
S3-814484911	Commercial Retail Álliance LLC	8124 Larman Court, # APT, Indianapolis, Indiana	US
S3-307975166	M/s Indian Limited Private Care		India
S3-428974792	Fayezeph	22 Rue de Berckem, Tourcoing, Hauts-de-France	France
S3-422360929	Dean  Hamilton Incorporated	##801 Spruce St, Sequim, Washington	US
S3-463233654	Jhansi Pvt Ltd [Center]		India
S3-990809380	Welspun Knoledge	Door No 36/1, Bhubaneswar, Khorda, OD	India
S3-198690928	QKP Anciens EURL	Pays de la Loire, No. 21 Rue De La Michaudiere, Nantes	France
S3-331794221	Association des Espoir	Calais, Hauts-de-France, No 8 R. Colbert	France
S3-502602948	Synariaquo Co dba Diamond Marine Innovations Inc	33698 Dutch Lane, Brighton, IL	US
S3-188314771	QUF Tours Limited	84 Sarai Sahjadi, Banthara Bazaar, Banthra, UP	India
S3-293271116	HUNGER FOUNDATION	431 Harvest Cir, Vacaville Citty, California	US
S3-562086194	Parti Parents SA	4 Rue Auguste Brizeux, Nantes	France
S3-956285296	Silver  Investments Private		India
S3-583432356	SNC Jmx Amis	N°36 Cours D'albret, Bordeaux	France
S3-629458621	New Business Trading Private	A-15 Sai Shristhi Residency Bs. Mathura Nagari, Surat, ગુજરાત, Surat	India
S3-825125922	FRENCH SOCIETE SAS	10 Nouvelle Imp. Des Salorges, Nantes, Pays de la Loire	France
S3-375350927	Moradabad-Prakash Enterprises Private	Moradabad, Mmgi H-0057 Kashiram Nagar, UP	India
S3-248020059	JARLYKS HARTFORD GROUP	New York, 044 Michael Douglas Dr, Clarence Center	US
S3-910092938	Fédération de  Sublime EURL	59 Rue Du Marécoal Joffre, Dunkerque, Hauts-de-France	France
S3-753533421	Ear Nose & Throat Care Of Everson	6606 Goodwin Rd, Everson, Washington	US
S3-434779764	Fleche École International SARL	55 Rue Montfaucon, Bordeaux	France
S3-819048601	South-Global Private Limited		India
S3-613561206	Om Technology		India
S3-531827638	foxgrandcollective.com	Tennessee, 72 MM I840, Lebanon	US
S3-769302660	albatrosclubsarl.com	94 R Du Loup, Bordeaux, Gironde	France
S3-351709912	Eastern Inc  Center	013 Green St, Norfolk, Virginia	US
S3-61064066	Corissa Walker First [Mercator]	6 Beth Ave, Leominster, Unit 124B, Massachusetts	US
S3-527617773	Maison Mel Participations SARL	N° 68 Rue Jacques Pitilion, Dunkerque	France
S3-219937241	Roubaix Centre Trading		France
S3-318398916	Baglamukhi Brothers		India
S3-780195546	Avimira DBA: Worth, Engel and Park LLC	1375 Mammoth Road, Hickory, NC	US
S3-318554378	1983 First Avenue  Company (ID: 38231)	4401 Sandstone Drive, Janesville, Wisconsin	US
S3-392531206	Deleves Club SASU	338 Av. Linné, Roubaix	France
S3-437874231	Vioflux	27 RUE Jean Bart, Maison des Associations, Lille, Hauts-de-France	France
S3-623293961	Silver Trading ലിമിറ്റഡ്	79 O/o M/s Paul Abrao & Sonssubramanian Road Willingdon Island, KL	India
S3-301141095	Hotel Care Private		India
S3-734804860	Maa Ágro Pvt Ltd		India
S3-79587688	Connell and Hiatt Partners	428 Harbor Pass Drive, Pearland, Texas	US
S3-150254448	Pyradelta formerly Creative Digital	928 Erb Farm Lane, Naperville, IL	US
S3-633266247	Enfance Scolaire	(20) R Du Général Dampierre, Tourcoing	France
S3-747681475	IDM Cdbllrtle SCI	7 Rue De La Cloche, Tourcoing, Nord	France
S3-319366207	Deltanyla	22 Avenue Ludovic Cormerais, Nantes, Pays de la Loire	France
S3-615998322	Peak Mountain Distribution [Inc]	3852 Harvey Avenue, Illinois, Berwyn	US
S3-537961772	Viodova	40 Rue Bertrand de Goth, Bordeaux, Nouvelle-Aquitaine	France
S3-25985614	BX Union	N° 6 Imp Lafargue, Bordeaux, Nouvelle-Aquitaine	France
S3-861621843	Saint-Nazaire Comite		France
S3-838956506	Fournitures Amicale  SARL	No 54 R De Lavaud, Bordeaux	France
S3-166457976	lvenent Mckinley	Missouri, 512 Oak Drive, Carterville	US
S3-162180411	Big Hypnosis! Group	Springfield, 612 Arlington Avenue, Ohio	US
S3-722845266	MQ Amis	36 Rue Captal Francois De Ruat, La Teste De Buch, Gironde	France
S3-605729220	Trottoirs Centre Sarl	225 Rue De La Blanche Porte, Tourcoing, Nord	France
S3-532525864	Centre Jean France	18T Av Du Prot Aerien, Pessac	France
S3-983992718	Rando (France) Ecole France SA	7 Rue Hippolyte Laurand, Lille, Nord	France
S3-288015064	École primaire Massilia Holding	19 Rue Suzanne Lenglen, Saint-herblain, Loire-Atlantique	France
S3-979803641	NANTES SERVICES	30 Avenue Du Clos Du Cens, Nantes, Loire-Atlantique	France
S3-413410235	Shri Manik (India) Scáffolding Centre	#G-604, Sr. No. 129, Cts-304 Plot No. 45, Pune City Pune(m Corp), Pune, MH	India
S3-81472746	ÉCOLE PRIMAIRE ROBERT INTERNATIONAL	26 Rue Du Nouveau Mnode, Roubaix	France
S3-766237782	Eastern Infotech Co		India
S3-814113077	Group Zeor Investments	82 Potter Mountain Rd, Gilboa, New York	US
S3-156964306	Athletique çonseil SARL	002 R Hector Malot, St.-herblain	France
S3-822977487	Urban Seafood!	California, Carmichael, 3913 Nicklaus Place	US
S3-625779378	Publique & Frères E.U.R.L.	36 R. Alfred Caulier, Dunkerque	France
S3-735600987	B1ue Charter	235. Davis Ave, Clemmons, North Carolina	US
S3-930616507	All Rny Company		US
S3-457564737	Family Ctre Coastal	1244 Montieri Dr, Centerton, Arkansas	US
S3-679996649	Proify Llc	518 Stoneybrook Lane, Leeds, Alabama	US
S3-934719701	Locataires Club SA		France
S3-249089199	Iriecto Co dba Jones Choice Institutions, L.L.C.	915 10th Street, Newton, IA	US
S3-24586951	Commercial Investment Industries	1433 Parnell Drive, Eugene, Oregon	US
S3-829193520	Mccaffery Smart Wireless Associates Co	9171  Coventry Circle, City Of El Paso, Texas	US
S3-464943355	A 2 Cure [You]	1398 Franklin St, Incorporated, Indiana	US
S3-559001340	bright exports private limited Enterprises		India
S3-927993379	AA	37 Rue Du Maréchal Kellermann, Calais, Hauts-de-France	France
S3-37237348	Jeevan (Índia) Slogtssn	G B3/111, Sector 20, Gautam Buddha Nagar, Noida, UP	India
S3-724416429	>> Ectokor	22479 Watauga Road, Washington County, Virginia	US
S3-378941753	sun projects private limited	Flat: 105, Hyderabad, Rangareddy, Andhra Pradesh	India
S3-328607368	Clear Clear Roman Clinic Co	Pennsylvania, 2576 Rayne Church Rd, Rayne	US
S3-412269340	Surgical Midtown Care (Inc)	2614-2616 Pleasant View Ave, Rockford, Illinois	US
S3-884375805	Memorial Charities North	30 Sandstone Court, South Elgin, Illinois	US
S3-397273388	Mr Media Supply Private Ltd		India
S3-493491173	RX Limited Center	405- Shilp Towe Tagoreroad, GJ, Rajkot	India
S3-282753467	Mumbai Impex Ltd Ltd	D/203 Janmabhoomi Chamberswalchand & Hirachand Marg Ballard Estate, MH, Mumbai	India
S3-178386560	Tressa Esq. Wright,	0204 Matthews Dr, Holly Springs, North Carolina	US
S3-540449076	Phylis's Htfleah	1000 Thistle Briar Pl, Cary, North Carolina	US
S3-4658441	Tennis (France) Centre-SA	21 R. De Wazemmes, Lille, Hauts-de-France	France
S3-847025223	Lille  Club	106 Rue Becker, Lille, Hauts-de-France	France
S3-85337552	Mayfield, Nadine, Esq. LP	1520-1524 S 30th St, Louisville, Kentucky	US
S3-350627726	Onyxzeph	3251 Washington St, Wisconsin, Unit Unit 1, City Of Wisconsin Rapids	US
S3-40300815	Products Panama Rétina Limited	H.no:3-1-251/6/1, NULL, Rangareddy, TG	India
S3-370703551	Bureau  of Health Inc.	511 Palmetto Ave, Unit UNIT 228, Ontario, California	US
S3-452292480	Seven Frst Tech		India
S3-438862499	Super Energy-Private Ltd		India
S3-576315592	Communal Union	11 R Des Roitelets, Lège-cap-ferret, Nouvelle-Aquitaine	France
S3-959292148	Phillips Rail Rail Corp	New Philadelphia, 3812 Seibert Hill Road, Ohio	US
