entity_id	business_name	business_address	country
S1-802731895	Bright Builders Private Limited	Karnataka, Bangalore, Plot No 115, Bangalore, 7Th Main, 3Rd Cross, 3Rd Phase, 1St Floor, Peenya Industrial Area	India
S1-32767080	Bagwe Grc Limited	Hanuman Nagar New Punaichak, Rajbanshi Nagar, Patna, Bihar	India
S1-477329215	Bangalore Securities Pvt Ltd	House No. 555Ka/Kv-203, Khushi Vihar Kanausi Kp, Lucknow, Uttar Pradesh	India
S1-76835099	Jams Diamond Pvt Ltd	Sr. No. 141/2, Halvad Road, B/H Phc Ghuntu, Morvi, Rajkot, Gujarat	India
S1-220552360	Celestial Educational Society	102, T 29, Nirala Estate, Plot No Gh04 Techzone Iv, Noida, Gautam Buddha Nagar, Uttar Pradesh	India
S1-387278254	True & Co	8, Amartalla Street 4Th Floor, Room No.407, Kolkata, Kolkata, Howrah, West Bengal	India
S1-564459570	Mt Aegis Limited	Plot No 14, Nawalgarh, Jhunjhunun, Ward No 06 Nansa Gate, Mahila College Ke Pass, Rajasthan	India
S1-928369840	Christ Ministries	1623 Sycamore Drive, Beavercreek, OH	US
S1-194414974	Ramseur Cornerstone Royalty Inc	800 Blackburn Court, Charlotte, NC	US
S1-804077430	Shyam Products Private Limited	13, 14, Ramanjaneya Layout Kodichikkana Halli, Bannerghatta Road, Bangalore, Karnataka	India
S1-398329141	Big Hypnosis!	607 Arlington Avenue, Springfield, OH	US
S1-620595269	Meyerson Value Financial LLC	211 N 38th St, Louisville, KY	US
S1-192895693	Jaipur Innovations Private Limited	Plot No. 199, Girraj Nagar, Khejaro Ka Bas, Jaipur, Rajasthan	India
S1-51516745	Rhines Pediatrics	216 Scioto Street, Circleville, OH	US
S1-71868418	Complete Chesapeake, LLC	5123 Curzon Avenue, Fort Worth, TX	US
S1-572586464	Athletique Conseil SARL	2 Rue Hector Malot, Saint-Herblain, Pays de la Loire	France
S1-118949031	Bureau of Health	CA, Unit UNIT 228, 511 Palmetto Avenue, Ontario	US
S1-662999816	Aditya Hospitality Private Limited	Bhagwanpur Kamla, Samstipur, Samastipur, Bihar	India
S1-894996149	Fédération des 4l	Saint-Nazaire, 16 Rue Alfred de Musset, Pays de la Loire	France
S1-738742900	Anjela's Insurance LLC	Fl 0, 8410 Engler Park Court, Saint Louis, MO	US
S1-7784077	Urban Industries Private Limited	Pune, Bhairavi, Fl 602, Pl 5A, Sr 132/B, Bhosale Ng, Maharashtra, Pune, A1	India
S1-133459203	Supreme Solutions Limited	Ep-24, New Sidco Industrial Estate, Maraimalai Nagar, Chennai, Tamil Nadu	India
S1-235523123	Bond Mountain Services	DE, Millsboro, 26605 Jersey Road	US
S1-325792164	Club de Dentraide	113 BD Robert Schumann, Nantes, Pays de la Loire	France
S1-393507437	KLM Culturelle SASU	Hauts-de-France, Roubaix, 59 Rue Daubenton	France
S1-761006417	Dental Metropolitan Clinic, LLC	7 C Premont Way, Malta, NY	US
S1-999476034	Fam Primaire	102 Rue Fondaudege, Bordeaux, Nouvelle-Aquitaine	France
S1-736339603	Gt Service SARL	56 RUE Malakoff, Lille, Hauts-de-France	France
S1-325947674	Aviators (India) Solution Ltd	2952 Buderhut Nayabad, Flat-2B, Eden Fresco Appt, Nayabad, Kolkata, Kolkata, Howrah, West Bengal	India
S1-102446552	Blue Shyam Consultancy Pvt Ltd	3Rd Floor, Gayatri Building Technopark Campus, Thiruvananthapuram, Trivandrum, Kerala	India
S1-204299297	Double College SCI	Lille, Hauts-de-France, 65 Rue Raspail	France
S1-466635914	YI Harbor Athena	1046 Vassault Street, Unit #2, Tacoma, WA	US
S1-553766874	Wilson Patriot Berto Inc.	204 164th Place, Glenpool, OK	US
S1-270582490	Ensemble (France) Federation SARL	251 Rue d'Ornano, Bordeaux, Nouvelle-Aquitaine	France
S1-328268468	Fédération de Lamitie	52 Boulevard de Belfort, Lille, Hauts-de-France	France
S1-260252970	National Quetta	LA, 17817 Doc Bar Avenue, St. George City	US
S1-356831033	Classic Management	155 A Thikakeravadi Thikekaravadi Junnar, Pune, Maharashtra	India
S1-344161263	Maia's Clean Transport	5417 Vern Holmes Drive, WI, City Of Stevens Point	US
S1-361932993	Ipr Services	Gat No. 390, Talawade Dehugaon Road, Talawade, Pune, Maharashtra	India
S1-81956613	Mumbai Projects Pvt Ltd	Mumbai City, Flox Chambers, Tata Road No:1, Near Roxy Cinema, Opera House, Maharashtra, M18, Mumbai	India
S1-503923682	École maternelle Miches	11 Rue de la Tour, Roubaix, Hauts-de-France	France
S1-648159935	Js Beverages Private Limited	Nager, Skg Unnao, Gangaghat, C/O Ayodhya Singh Kanchan, Unnao, Uttar Pradesh	India
S1-935278960	Jdc Trust	C/O Shree Kisan Kondiram Takali, Tq. Paithan, Dist. Aurangabad, Aurangabad, Maharashtra	India
S1-514793550	Pharmacie de la Source	22 Rue de l'Hermitage, Bordeaux, Nouvelle-Aquitaine	France
S1-364539503	Association du Boule	140 Avenue du Général Leclerc, Pessac, Nouvelle-Aquitaine	France
S1-540510495	YE Pharmacie SA	Nantes, 19 Rue du Fonteny, Pays de la Loire	France
S1-959366829	Shiv Projects Private Limited	8/1/F Baranashi Ghosh 2Nd Lane, Kolkata, Howrah, West Bengal	India
S1-950261834	Promotion Sport SARL	73 Bis Rue Edison, Nantes, Pays de la Loire	France
S1-324500508	Clinique Saint Visite	61 Rue de Lyon, Lille, Hauts-de-France	France
S1-713768229	Boye Gravity LLC	2551 Eastchase Lane, Unit UNIT 3005, Montgomery, AL	US
S1-743898659	Sunrise Fabricators Private Limited	H. No. 3-16-290/1, Hanamkonda Village, Hanamkonda, Warangal Urban, Telangana	India
S1-731275958	D/C Enterprise	WI, City Of Wisconsin Rapids, Unit Unit 1, 3251 Washington Street	US
S1-476802924	Smith Emera Inc	4415 Rena Road, Unit 201, Suitland, MD	US
S1-401162911	ONI Fashions Private Limited	3, City Light Residency, Akesan Road, Gujarat, Banas Kantha, Palanpur	India
S1-809112267	Ciel & Frères SAS	9 Rue Maurice Utrillo, Mérignac, Nouvelle-Aquitaine	France
S1-513309920	Nicola's Metro Farms Inc.	17580 Gelding Drive, Surprise, AZ	US
S1-191038093	Fab & Co	Plot No-1087, At-Sampur, Po-Ghatikia, Ps-Chandaka, Bhubaneswar, Khordha, Orissa	India
S1-249407891	Anupama Academy Private Limited	184-B, Maker Tower E, 18Th Floor, Cuffe Parade, Mumbai, Maharashtra	India
S1-119854313	Vantiq Nevada LLC	4611 Table Rock Road, Fl 1, Central Point, OR	US
S1-206784079	Montari Energetics L.L.C.	602 Mclane Street, Osceola, IA	US
S1-81849952	Pharmacie Saint Gens	30 Boulevard Maréchal Alphonse Juin, Nantes, Pays de la Loire	France
S1-615016386	Lower Food LLC	20121 Highway 22, Mckenzie, TN	US
S1-513785589	Divij Brothers LLP	Rampur, Lathiya Bachchhaon, Varanasi, Uttar Pradesh	India
S1-368040925	Big Foundation Private Limited	D-29, Rear Lgf Jungpura Extension, New Delhi, South Delhi, Delhi	India
S1-114754573	Calais Ehpad SAS	92 Boulevard Léon Gambetta, Calais, Hauts-de-France	France
S1-697378439	Grace Chapel	1638 Ashmont Court, Xenia, OH	US
S1-331263490	Premier Valley Innovations Inc	10948 262nd Avenue, Zimmerman, MN	US
S1-697378518	Mouette Amis SARL	2 Rue Croix de Seguey, Bordeaux, Nouvelle-Aquitaine	France
S1-969820600	Nagin Healthservices Private Limited	H. No.1-12-162/10/S2 Temple Alwal, Hyderabad, Telangana	India
S1-743213110	Red Bike Shop	601 10th Avenue, Fulton, IL	US
S1-933399969	Flamengo Section SAS	9 Rue Homère, Pessac, Nouvelle-Aquitaine	France
S1-220081843	Dhiti Industries Private Limited	Plot In Kh No. 421/1 G/F, Vill Rangpuri Near Old Shiv Mandir, New Delhi, South Delhi, Delhi	India
S1-236795964	Orbium Live LLC	Burlington, 6435 Todd Drive, KY	US
S1-95717695	CTO Park Private Limited	501, Supreme Signature Chs, Union Park, Wadhavali, Mumbai, Maharashtra	India
S1-929351044	Oreilles (France) Union SAS	38 Rue des Gobelets, Nantes, Pays de la Loire	France
S1-274836841	Ets 205 EI	75 Rue de l'Abbaye, Nantes, Pays de la Loire	France
S1-71331555	Village & Frères	9 Bis Rue d'Erlon, Nantes, Pays de la Loire	France
S1-210025998	Smith Briacell	486 Prospect Avenue, Village Of Brownsville, WI	US
S1-718506314	Locale Comite EURL	11 Rue de la Halle, Lille, Hauts-de-France	France
S1-612985099	Association du Vie	37 Rue Aristote, Calais, Hauts-de-France	France
S1-728306429	Harvey Toyo LLC	4408 Taylor Blvd, Louisville, KY	US
S1-142140093	New Delhi Solutions Private Limited	Block G- 41, Double Storey Qrts West Patel Nagar, New Delhi, Central Delhi, Delhi	India
S1-219785348	Cancer Foundation	MA, 278 Railroad Avenue, Norwood	US
S1-19621072	Calais Union SA	80 Rue Monseigneur Piedfort, Calais, Hauts-de-France	France
S1-852089178	Loco Culture EURL	70 h Rue de la Pomme d'Or, Calais, Hauts-de-France	France
S1-737062237	Unique Consultants LLP	Utopia A 501 Casa Bella Gold Kalyan Shil Road, Kalyan, Thane, Maharashtra	India
S1-240958421	Digital Properties Private Limited	S-557, First Floor, Hira Complex, Shop No.11 School Block, Shakarpur, Near Bank, Delhi, East Delhi, Delhi	India
S1-963196939	Roquette (France) Societe SA	60 Rue Jules Guesde, Roubaix, Hauts-de-France	France
S1-239863411	Nickie Martinez Blue Triton Inc	423 2100, Unit 207, Salt Lake City, UT	US
S1-593460706	Ets New SAS	15 Rue Poyenne, Bordeaux, Nouvelle-Aquitaine	France
S1-213861077	Evo & Co	Sh - 007 Ashley Garden Chs.Ltd., Beverley Park, Nr. Gaurav Residency Mira Road East, Thane, Maharashtra	India
S1-143112679	Ear Nose & Throat Empire Medicine Partners	62 Skilton Lane, Burlington, MA	US
S1-536005230	Chrysalide Centre (France) SASU	3 Rue d'Enghien, Tourcoing, Hauts-de-France	France
S1-396410443	Gv Lycee EURL	14 Rue du Duc de Guise, Calais, Hauts-de-France	France
S1-846975082	Sree Builders	Ashok Plaza Sno 32/2/1/1, Hissa No 2/1/1 Viman Naga, Pune, Maharashtra	India
S1-504568076	Nantes Musique EURL	30 Rue Salles de l'Eraudière, Nantes, Pays de la Loire	France
S1-76689043	Hudson Optimal Landscaping Inc.	19818 N Cove Road, Unit A, Cornelius, NC	US
S1-273083491	Digital Consultants Private Limited	C/O M Bapu Rao 1-21 Sunkidi Talamadugu, Adilabad, Telangana	India
S1-335202369	Bordeaux Culture SAS	11 B Rue Alfred Dalancourt, Bordeaux, Nouvelle-Aquitaine	France
S1-621607982	Modi (india) Private Limited	Flat No 75 Plot No 36 Ajanta Cghs Patpar Ganj Delhi, Delhi, East Delhi, Delhi	India
S1-559317149	Tinley Park Literacy Ministries	IL, Tinley Park, 18424 Lakeview Circle	US
S1-628286845	Kuber Institute of Technology Private Limited	C/O-Sri Bindeshwari Prasad Azad, Vill-Kemdarchak Post-Manikpur, P.S-Kurtha, Arwal, Jehanabad, Bihar	India
S1-731828705	Deo Inc	405 Main Street, Durand, IL	US
S1-105014917	Mohan Institute	131-135, Ist Floor, Nila, Technopark, Thiruvananthapuram, Trivandrum, Kerala	India
S1-166192305	Juris & Frères SAS	5 Rue Roger Salengro, Dunkerque, Hauts-de-France	France
S1-67047153	Black Infra Private Limited	Plot No. 645, Hal Colony, Shapur Nagar, Tirumalagiri, Hyderabad, Telangana	India
S1-64060757	Big 60 Tavern LLC	96 Dolan Avenue, Hoosick, NY	US
S1-192225561	Beat Maternelle	35 Rue Edouard Doyennette, Lille, Hauts-de-France	France
S1-382554367	Ear Nose & Throat Physicians of Nectar LLC	95 Old Walker Road, AL, Nectar	US
S1-55277481	Raven Pioneer Clinic	4401 Mabry Court, Fort Carson, CO	US
S1-691094641	Ace It Private Limited	122-128 Nawab Yusuf Roadcivil Lines Allahabad, Utter Pradesh, Allahabad, Uttar Pradesh	India
S1-961179170	Shana Hughes Cascade Universal	1251 Western Avenue, Unit Apartment 1, Guilderland, NY	US
S1-700246988	Lepanouissement Jeunesse Parents SARL	31 Rue Tourat, Bordeaux, Nouvelle-Aquitaine	France
S1-494783944	Sasvat Tech Private Limited	No.967, St Bed, 3Rd Floor Koramangala 80 Feet Road, Bangalore, Karnataka	India
S1-245620960	Dooars (India) Systems Pvt Ltd	S No. 97/8, A-2, Fl.No. 3, Dhanalaxmi Park, Paud Road, Pune City, Pune, Maharashtra	India
S1-634998142	Gulley Industries LLC	96 Ripple Road, Troy, MT	US
S1-917910281	Ishwar Connections Limited	5-B, Hemleela Society, Mahatma Phule Road, Mulund East, Mumbai, Mumbai City, Maharashtra	India
S1-219424817	Communale Primaire SAS	21 Boulevard de la Moselle, Lille, Hauts-de-France	France
S1-20598527	Amigos Loisirs EURL	118 Rue Léonard de Vinci, Calais, Hauts-de-France	France
S1-142454563	First Technology Private Limited	Bihar, Gaya, M/S Sri Om Sai Auto, Gaya, Sidhnath Vishwakarm College Road Near Honda Car Agency	India
S1-113669768	Nerd Consultants Public Limited	B-57, Vishwakarma Colony, Pul Prahaladpur, Mehrauli Badarpur Road, Delhi, South Delhi, Delhi	India
S1-111548275	Pitchouns Maternelle SARL	Nantes, 27 Avenue des Druides, Pays de la Loire	France
S1-340625745	Real Technologies Pvt Ltd	Uttar Pradesh, Office No. F-110, Kanpur Nagar, First Floor, City Center The Mall, Filkhana	India
S1-903232999	Mekaster Club Pvt. Ltd.	17/1 Bangur Avenue, Kolkata, Calcutta, West Bengal	India
S1-529108585	10 Redonner Ehpad EI	56 Rue Achille Testelin, Tourcoing, Hauts-de-France	France
S1-769855133	Eleves Culturel SAS	117 Rue Étienne Dolet, Dunkerque, Hauts-de-France	France
S1-294633841	4-Corners LLC	321 28th Street, Unit 6203, Charlotte, NC	US
S1-989239914	Silver It Private Limited	Plot No. 75, Scheme No. 102 Manik Bagh, Chouraha, Indore, Madhya Pradesh	India
S1-275377588	Voix Sportive SARL	144 Route de la Villes-Bousseau, Saint-Nazaire, Pays de la Loire	France
S1-244821221	Mukund Trading Limited	Bangalore North, Karnataka, 3Rd Floor, Baba, Saheb Colony, 15Th Main, Bangalore, No.70/B	India
S1-644166083	Gold Global Private Limited	Worli, C.S. No. 286(Part), S.S. Amrutwar Marg, Behind Mahindra Towers, Aurus Chambers, Mumbai, Maharashtra	India
S1-249636147	Amenagement Institut SAS	15 Rue la Mothe, Bordeaux, Nouvelle-Aquitaine	France
S1-119910544	Limior Star LLC	138 Hanover Court, Wilson's Mills, NC	US
S1-611154546	Commodity (India) Publishing LLP	3/715, Jaldha Nagar, C N Puram, Palakkad, Kerala	India
S1-632463340	Vmt Works Private Limited	H No. Wz-H-36 F/F, Arya Samaj Road, New Delhi, West Delhi, Delhi	India
S1-668315520	Torres Hamilton Inc.	801 Spruce Street, Sequim, WA	US
S1-485386778	Chavez, Oliver and Ray Bread LLC	4922 Seminary Road, Godfrey, IL	US
S1-684422165	Feathers Chand (India) Private Limited	Sheela Niwas, Pranjpe A Scheme Road No 1, Opp Parleshwar Post Office, Vile Parle E, Ast., Mumbai, Mumbai City, Maharashtra	India
S1-273123278	Ananda Foods Private Limited	Block No.188/A, Ahmedabad-Mehsana Highway Po Jamiyatpura, Gandhinagar, Gandhinagar, Gandhi Nagar, Gujarat	India
S1-378396217	Hopkins Quasaredge	200 Third Street, Bangs, TX	US
S1-904782629	Peniche Atelier SCI	21 Bis Rue du Fresche Blanc, Nantes, Pays de la Loire	France
S1-619540167	Ets Aikido SAS	87 Avenue du Bois d'Amour, La Baule-Escoublac, Pays de la Loire	France
S1-101664935	Etudiants Ateliers SA	50 RUE du Mirail, Bordeaux, Nouvelle-Aquitaine	France
S1-243023971	Silver Investments Private Limited	H.No.1 S/F Kh No.65/1, Village Bagdolla N.D.-1, New Delhi, South West Delhi, Delhi	India
S1-2616214	Swastik Traders Private Limited	Shop No. 47, Jain Market, Kem Road, Bikaner, Rajasthan	India
S1-555387545	JA Shakti Private Limited	701/702, B Wing, Kailash Tower, Opp. Odeon Cinema, Ghatkopar (East), Mumbai, Mumbai City, Maharashtra	India
S1-432213617	India Vaishnavi (india) Ltd	Shri Jadhav Ashok Raghunath Fl No B1-59 S No 32/4 Swapnashilp Society Nr Ingale, Pune, Maharashtra	India
S1-362141892	(india) Srl Products	256, Ii Floor, Plot No 4, Dda Community Centre Sector 14, Delhi, Rohini, Delhi	India
S1-502343358	Amicale de Corps	19 Rue Abraham Duquesne, Pessac, Nouvelle-Aquitaine	France
S1-861007291	All Consultancy Private Limited	Shop No. 3, 2Nd Floor, Mitra Sankul Shraogi Plot, Near Chiraniya Hospital, A, Kola, Akola, Maharashtra	India
S1-17611330	Amicale du So	8 Rue de Bel Air, Saint-Nazaire, Pays de la Loire	France
S1-866819737	Lille Amicale	6 Rue Tribourdeau, Lille, Hauts-de-France	France
S1-366573028	Lakshmi Products Private Limited	3740, Opp. Alankar Lodge, Navi Peth, Ahmednagar, Ahmednagar, Maharashtra	India
S1-394599244	Ketech Egh LLC	304 14th Street, Saint Charles, IL	US
S1-400089522	Cozy Ice Cream	274 Raptor Beak Way, Cedar Creek, TX	US
S1-871858141	Horstman Safe Transalta Corp	4570 Somerset Boulevard, Bellevue, WA	US
S1-912980330	Direct Security Concepts Inc	655 Crist Road, Town Of Beloit, WI	US
S1-759813304	Lecole Pro Amicale SA	98 RUE Aristide Briand, Saint-Nazaire, Pays de la Loire	France
S1-616899880	Établissements Enfants SAS	Pays de la Loire, 17 Allée Henri Lavenant, Saint-Nazaire	France
S1-755650214	Ganga Investment LLP	5 Midc Pl No A57, Tal Kagal, Kagal, Kolhapur, Maharashtra	India
S1-345598645	Centre Hospitalier Jean	9 Passage Brémontier, Bordeaux, Nouvelle-Aquitaine	France
S1-631190190	Season Leather Limited	P-10A Braja Mani Debba Roadbasudebpur Bakultala Behala, Kolkata, South 24 Parganas, West Bengal	India
S1-233229970	Gonzales, Smith & Villa Inc	320 Volanta Avenue, Unit Unit C4, Fairhope, AL	US
S1-938059287	New Delhi Enterprises	A-3 Second Floor Neeti Bagh, New Delhi, South Delhi, Delhi	India
S1-592213793	Cg Research Limited	#1002, 1003 & 1003/A, 2Nd Main, 4Th Cross, Vidyaranyapuram, Mysuru, Mysore, Karnataka	India
S1-166324806	Royal Aerospace Labs LLC	42018 11, Valley Head, AL	US
S1-49634803	Womens Health Medicine L.L.C.	2192 High Lakes Loop, Bend, OR	US
S1-56350558	Esparza Runway	7917 33rd Street, Rosedale, MD	US
S1-528819914	Lucknow Metal Limited	450/670 Peepal Wali Gali, Mufti Ganj, Lucknow, Uttar Pradesh	India
S1-545929978	Delta Investments LLC	5711 Dimes Road, Derwood, MD	US
S1-595923842	Rubi F. Gibler, Esq., M.D., P.C.	NC, Kannapolis, 323 Jackson Park Road	US
S1-573814958	Departementale Parents SARL	65 Rue Jouffroy, Roubaix, Hauts-de-France	France
S1-607506835	Maison de Santé Notre	71 Rue Parmentier, Dunkerque, Hauts-de-France	France
S1-340986255	Enchantez Sport SAS	76 Cours d'Ornano, Mérignac, Nouvelle-Aquitaine	France
S1-310396275	Family Metropolitan Health	335 Paradise Acres Road, Oakland, MD	US
S1-252175184	Clement Creative Ltd	118, Rr Mall (Complex) Bhuktapur, Adilabad, Telangana	India
S1-449607208	Creative Supreme Power Private Limited	Flat No - 103 Kalpataru Harmony, Off Sion Circle Sion East, Mumbai, Mumbai City, Maharashtra	India
S1-582551011	Elite Cloud Concepts Corp	3222 Massaponax Church Road, Spotsylvania County, VA	US
S1-641211488	Jaya & Brothers Private Limited	77, Dharmi Niwas, Ram Krishna Mission Marg, Mumbai, Maharashtra	India
S1-319511908	Devine, Torres & Avery	4027 Rocky Springs Road, Hiddenite, NC	US
S1-654049395	Loya, Mckinney & Lewis Opportunities LLC	Troutdale, 2035 Evans Avenue, OR	US
S1-62857902	Clou Foyer SCI	154 COUR2 du Medoc, Bordeaux, Nouvelle-Aquitaine	France
S1-319026113	Pornic Ecole SAS	40 Rue de Bellevue, Pornic, Pays de la Loire	France
S1-321917098	Calais Amis	Calais, Hauts-de-France, 134 Rue Dolain	France
S1-300801920	Enterprises Sk Servicesprivate Care	H.No.9, Haryana, Palam Vihar, Gurgaon, Flat No. 101, Savitri Sadan, Palam Vihar Ext, Near Geeta Property	India
S1-149489220	Centre Hospitalier Sainte François	80 Rue de la Bourgeonnière, Nantes, Pays de la Loire	France
S1-211232894	Tud Élémentaire	Lille, 72 Rue Ratisbonne, Hauts-de-France	France
S1-780291187	TH Construction Private Limited	B310, Sumadhura Acropolis, Nanakramguda, Gachibowli, Serilingampally, K.V.Rangareddy, Telangana	India
S1-11421157	Topflow Environment (India)	53/A Daihitta Road, P.O-Khagra, Berhampore, Berhampore, Murshidabad, West Bengal	India
S1-206678431	Oh, Sakai and Boughton	412 Castleview Place, Wenatchee, WA	US
S1-846475118	Thane Solar Pvt Ltd	Office No. 702, 7Th Floor, Haware Infotech Park 39/3, Thane, Maharashtra	India
S1-275668850	Starks Communities LLC	S3528 Pine Knoll Court, Town Of Fairfield, WI	US
S1-918241532	Mard Residence	113 Rue Notre Dame, Bordeaux, Nouvelle-Aquitaine	France
S1-468425719	DI Mountain Care	30, Annexe Building Nizamuddin East, New Delhi, Delhi	India
S1-679079838	Galaxy Media Private Limited	Sb-6 Krishna Complex, Sardar Bhuvan'S Khancho, Raopura, Vadodara, Gujarat	India
S1-742062860	4206 Church Avenue Associates LLC	1827 E Ridge Drive, Montgomery County, VA	US
S1-417414898	Maille Cafe SARL	81 Rue Dupuy de Lôme, Roubaix, Hauts-de-France	France
S1-5815167	Bay Pioneer Developments	10 Pembrooke Road, Montgomery, IL	US
S1-192873125	Fortune Healthcare	Office 510 5Th Floor, Regus Grandeur Offices Private Limited, Caddie Commercial Tower, Aerocity (Dial), New Delhi, South West Delhi, Delhi	India
S1-222264837	Real Trading Private Limited	5-4-156, 157, Unit No. 604, 6Th Floor, T-19 Towers, Secunderabad, Hyderabad, Telangana	India
S1-562719954	Choice Frontier Beijing	765 La Cresta Court, Salem, OR	US
S1-879553250	Maddox, Estrada and Burger	1760 Monrovia Avenue, Unit A1, Costa Mesa, CA	US
S1-860292033	Benchmark Agents Private Limited	No. 128, Malapuram, Meppurath Building, Puthiyiruthy Swamipadi, Post Palapetty, Ponnani, Malappuram, Kerala	India
S1-397150783	Velez, Emmi, DMD, M.D., P.C.	1522 Vigilant Street, Upland, CA	US
S1-618190984	Cure Nails LLC	3940 81, Danville, AL	US
S1-604982809	Lycée Sainte	25 Avenue Édouard Trabaud, La Baule-Escoublac, Pays de la Loire	France
S1-18786712	Behavioral Health Medicine LLC	6638 Lake Helen Drive, Theodore, AL	US
S1-436554003	Gym Sportive	7 Rue Champlain, Bordeaux, Nouvelle-Aquitaine	France
S1-519480179	Anand Ventures Pvt Ltd	H No 2-56-9/1, Chandra Naik Thanda, Shaikpet, Hyderabad, Telangana	India
S1-362812980	Solutions Addplus Technologies Private Limited	#147, 9Th Cross, 1St Phase J P Road, Bangalore, Karnataka	India
S1-13779986	Centre Médical Pastels	132 Rue de Menin, Tourcoing, Hauts-de-France	France
S1-426595446	Interventions Hells Primaire SARL	28 Rue Pierre de Guethem, Tourcoing, Hauts-de-France	France
S1-162721386	Jagson Fusions (India) Pvt. Ltd.	C-24, Anand Vihar, Delhi, East Delhi, Delhi	India
S1-747924677	Savante Centre	10 AV Jany, Nantes, Pays de la Loire	France
S1-668465749	Maison Sud	26 RUE Leon Jamin, Nantes, Pays de la Loire	France
S1-660178136	Foot & Ankle Partners of Carterville	300 Olive Street, Carterville, IL	US
S1-46093209	Pulido Zhejiang	639 Blackthorne Circle, Calabash, NC	US
S1-965796469	FTM Club SAS	106 B Rue Gambetta, Nantes, Pays de la Loire	France
S1-469255146	Back Alley Grill! LLC	13999 Crown Court, Prince William County, VA	US
S1-32487413	Retraite & Fils SARL	71 Rue Lucien Rambout, Dunkerque, Hauts-de-France	France
S1-555836987	Silver Book Store!	52915 131st Avenue, Eatonville, WA	US
S1-438414334	Dill & Hanlon Corp	Mesa, AZ, 3101 Grandview Street	US
S1-485861145	U+ Iii LLC	IL, Evanston, 1334 Main Street	US
S1-236945229	Établissements Fadas SAS	81 Rue Marsan, Bordeaux, Nouvelle-Aquitaine	France
S1-15378664	Stark Brothers	Block No.510, 237 Sadodayaplaza, Opp.Mayo Hospital, Central Avenue Road, Nagpur, Maharashtra	India
S1-164342416	Indica Networks Private Limited	194, Samuel Street, Mumbai, Maharashtra	India
S1-830634825	Williams Optimal Industrials	6259 Traci Joyce Lane, Fairfax County, VA	US
S1-228846275	Q N Snyder White Inc.	186 Jacksonville Road, Spring Twp, PA	US
S1-125042541	Beth Methodist Church	Burnsville, NC, 96 Pheasant Run Drive	US
S1-294056774	G & T Urban Inc	N2708 G, Town Of Lindina, WI	US
S1-840526983	Dunkerque Loisirs SARL	15 Rue Frédéric Chopin, Hauts-de-France, Dunkerque	France
S1-363113975	Lille Club	81 Rue du Maire Becquart, Lille, Hauts-de-France	France
S1-779829451	Royal Foundation	Shree Nilaya, No 626, Ground Floor Old Madaras Road, Vp Layout, Medahalli, Bengaluru, Bangalore, Karnataka	India
S1-555461926	Best Food Private Limited	H No 2261 4Th Cross, Shahu Nagar, Belgaum, Karnataka	India
S1-800039173	Bombay Consulting Private Limited	21 Thillainagardharapuram Road Tirupur, Coimbatore Dist, Tamil Nadu	India
S1-641194092	NX Club SAS	56 Rue Jeanne la Corsaire, Nantes, Pays de la Loire	France
S1-622915718	Laxmi Services Pvt Ltd	46 Jawra Road, Behind Mpseb Khachroud, Ujjain, Madhya Pradesh	India
S1-301108874	Apex Foundation Pvt Ltd	D-41, Aditya Puram, Bhind Road, Gird, Gwalior, Madhya Pradesh	India
S1-323491547	Offshore Patent (India) Co	S.No. 84, Motha Maroti, Sandas Road, Tq. Kalamnuri, Dist. Hingoli, Kalamnuri, Hingoli, Maharashtra	India
S1-33449923	Sabots Patrimoine EURL	9 Allée des Albatros, Saint-Nazaire, Pays de la Loire	France
S1-823482597	HZT Parents SARL	370 Avenue du Parc des Expositions, La Teste-de-Buch, Nouvelle-Aquitaine	France
S1-864000857	Confrerie Pharmacie SAS	20 Avenue Louis Braille, Tourcoing, Hauts-de-France	France
S1-794691533	Manik (India) Scaffolding Center	Flat No. 604, Sr. No. 129, Cts-304 Plot No. 45, Pune City Pune(M Corp), Pune, Maharashtra	India
S1-171265647	Warner Altenergy of Harvey	3510 27th Street, Harvey, ND	US
S1-217982194	Kestrel Arts LLC	1007 Rodgers Road, Crossville, TN	US
S1-130742562	Giono Section EURL	14 RUE Sante Garibaldi, Bordeaux, Nouvelle-Aquitaine	France
S1-971970979	Dynamic Power	2Nd Floor Thorat Estate1275 Decon Gymkhane, Pune, Maharashtra	India
S1-703644902	Établissements Csapa EI	20 RUE Jean Moulin, Lille, Hauts-de-France	France
S1-849499029	Evergreen Heavy Private Limited	5, Munirka Vihar New Delhi, New Delhi, North West, Delhi	India
S1-384163523	Orissa & Sons Private Limited	S-17/314-D, Nadesar, Varanasi, Uttar Pradesh	India
S1-976463423	Sibelle Salinas, D.O., DDS PC	7306 Limestone Road, Parsons, WV	US
S1-484465383	Marzec Steers	1403 Cherry Street, Red Oak, IA	US
S1-208162450	Lamelioration Ecole (France) SAS	76 Rue Descartes, Roubaix, Hauts-de-France	France
S1-792346563	Rishita Law Chambers Private Limited	Padra, Jambusar Road, Padra, Vadodara, Gujarat	India
S1-298134861	Calais Union SARL	14 Rue de Casablanca, Calais, Hauts-de-France	France
S1-275739949	Vigilante Club SARL	15 rue des Augustins, Bordeaux, Nouvelle-Aquitaine	France
S1-920915824	Delacy Rapid Sunrise	Simpsonville, KY, 1780 Webb Road	US
S1-789956877	First Agro Private Limited	D 172, Gali No 7 D- Block, Bhajan Pura, Delhi	India
S1-221214170	RX Association Limited	405 Shilp Towe Tagoreroad, Rajkot, Gujarat	India
S1-73707242	Southern Solutions Private Limited	C/203, Laxmi Residency, Opposite Aplab, Wagle Estate, Thane, Maharashtra	India
S1-690181631	Electricians Union Local No 661	112 Carnation Street, Lake Jackson, TX	US
S1-390747637	Laxmi Builders LLP	Plot No. 10 Taj Nagar, Near Rakshak Super Bazar, Nagpur, Maharashtra	India
S1-568329721	Fortune Developers Private Limited	C/O Smt Purnima Ghughu, Zinzira Pool (Bandal), Kolkata, Kolkata, Howrah, West Bengal	India
S1-580369507	Lane Assets Inc	23940 Skyview Lane, Rogers, MN	US
S1-13078054	Centre Hospitalier Pierre	230 Avenue Alfred Motte, Roubaix, Hauts-de-France	France
S1-62942386	Simmons and Meneses Karman L.L.C.	47 Terri Sue Court, Hampton City, VA	US
S1-807479459	IQS Jeunes SARL	106 Rue du Docteur Schweitzer, Tourcoing, Hauts-de-France	France
S1-149723772	Metro Institute IV Care	18 Joelson Court, NY, Albany	US
S1-136575438	Judo Amicale	17 Allée Edward Jenner, Saint-Nazaire, Pays de la Loire	France
S1-384398061	North Impex Pvt Ltd	D No: 30-15-194, Shakti House Dabagardens, Visakhapatnam, Vishakhapatnam, Andhra Pradesh	India
S1-871047021	Pharmacie du Voiture	Hauts-de-France, Roubaix, 7 Rue Berthollet	France
S1-37589530	Bharat Sky Care Private Limited	402, Valeram, Evershine Nagar Link Road, Malad (W), Mumbai, Maharashtra	India
S1-983781853	Sai Global Private Limited	A-118Q Sector-35, Noida, Gautam Buddha Nagar, Uttar Pradesh	India
S1-279337536	Saj Advisors Private Limited	Room No. 10, Satpute Chwal, Dr. Ambedkar Road, Shivaji Chowk, Kalyan West, Kalyan, Thane, Maharashtra	India
S1-485122782	Venerate Industries Group	74/276, 2Nd Floor Vijaya Bank Building, Halsay Road, Kanpur, Uttar Pradesh	India
S1-430490444	Humanitair Groupe (France) SAS	37 Rue Saint-François, Bordeaux, Nouvelle-Aquitaine	France
S1-40378666	Surgical Care Inc	Rockford, IL, 2612 Pleasant View Avenue	US
S1-870503408	United Enterprises Limited	House No 496, Sardar Chowk, Navapur, Nandurbar, Maharashtra	India
S1-930009368	Montic Copper LLC	2246 Wilhurt Avenue, Dallas, TX	US
S1-72055299	Hinson Holdco LLC	307 Linda Street, Ambrose, ND	US
S1-367202493	Moore Health Center	3585 Aurora Drive, Clarksville, TN	US
S1-325088982	Ashraya Industries Limited	14/14A, Current Colony B Kothakota, Chittoor, Andhra Pradesh	India
S1-800195261	YLI Precision Cslm LLC	65 Asher Avenue, CT, Stonington	US
S1-717952195	Royal Marine Laboratories Inc	2015 Morrison Street, Kokomo, IN	US
S1-718963786	Mcdowell and Perry Technologies	8108 859, Mckinney, TX	US
S1-889444476	WOE Ecole SASU	5 Avenue du Maréchal de Lattre de Tassigny, La Baule-Escoublac, Pays de la Loire	France
S1-402699993	Womens Health Specialists	1112 River Road, Grand Island, NY	US
S1-840006273	Johnson, Thakkar & Guity LLC	140 Harvard Avenue, Boston, MA	US
S1-166731994	Larche & Cie SARL	225 RUE Sainte Catherine, 2eme etage, Bordeaux, Nouvelle-Aquitaine	France
S1-465962457	Bel Sportive SARL	539 AV des Nations Unies, ESAAT, Roubaix, Hauts-de-France	France
S1-754704853	Hadlock & Kim Inc	900 Haven Circle, Unit 303, Cramerton, NC	US
S1-509485178	Thompson Manufacturing	431 Branch Street, Strasburg Town, VA	US
S1-597171023	Division of Aging	MO, 25 85th Terrace, Kansas City	US
S1-540590227	Buonocore, Mejia and Patteson LLC	4050 33rd Avenue, Phoenix, AZ	US
S1-316923981	ZP Union SASU	4 bis Rue de Monterey, Pessac, Nouvelle-Aquitaine	France
S1-964715929	Vandyke, Pratt & Haddad	7498 Conner Whitefield Road, Ripley, TN	US
S1-292570663	India Kt Tradelinks Private Limited	C/O Patel Machinery Stores Sardar Road, Morbi, Rajkot, Gujarat	India
S1-91250914	Karate Parents SAS	2 Rue des Urbanistes, Lille, Hauts-de-France	France
S1-639881664	Gt Jeunes SCI	18 Rue de la Joselière, Pornic, Pays de la Loire	France
S1-600347963	Hurley Morgan	1435 Rollins Drive, Allen, TX	US
S1-184571550	Medley Traders Private Limited	C/O Bashir, Naglatashi, Knkrmrt, Meerut, Uttar Pradesh	India
S1-198151525	Saint-Herblain Culturelle SARL	12 Allée des Platanes, Saint-Herblain, Pays de la Loire	France
S1-907521864	Cercle (France) College SAS	Mérignac, Nouvelle-Aquitaine, 67 Avenue Aristide Briand	France
S1-465192067	Nantes Atelier SARL	6 Rue Louis Marin, Nantes, Pays de la Loire	France
S1-808315871	Ss Solutions Private Limited	Plot No.11, Syno.73, 74, 75, 71 Flat No.401, 4Th Floor Vision Arcade, Jaihind Gandhi Road, Madh, Apur, Hyderabad, Rangareddy, Telangana	India
S1-327379134	Yoga Amicale (France) SAS	112 Boulevard d'Armentières, Roubaix, Hauts-de-France	France
S1-229867863	Jhs Trading Private Limited	111 Champaklal Ind Estatekoliwada Road Sion (E), Mumbai, Maharashtra	India
S1-70669493	Greenstar Public School Private Limited	214, Jaganath Salai, Srp Colony Madras - 82, Tamilnadu, Chennai, Tamil Nadu	India
S1-87728923	Andrea Powers, Esq. LLC	11 Two Rivers Road, Saint Regis, MT	US
S1-381473238	Pharmacie Joseph	35 Rue de Riga, Tourcoing, Hauts-de-France	France
S1-451329078	Mots (France) Culture	1741 Avenue de Petite-Synthe, Dunkerque, Hauts-de-France	France
S1-677708708	Carter Piedmont Royalty LLC	204 Three Springs Drive, Weirton, WV	US
S1-551333254	Bloch Modern Legato Inc.	721 Strawfield Lane, Fairfax County, VA	US
S1-609187101	Catarina H. Mason, CPA, M.D., P.C.	10 Deercrest Lane, Indian Head Park, IL	US
S1-106886029	Childers Bright Financial, Inc	1613 Hill Creek Drive, Garland, TX	US
S1-280214532	Lycée Sainte Francoise	14 Rue Louis Gaume Grand Piquey, Lège-Cap-Ferret, Nouvelle-Aquitaine	France
S1-718710149	Caldus Health, Inc	2501 Oakes Plantation Drive, Raleigh, NC	US
S1-914362548	Comites Ecole SARL	Nouvelle-Aquitaine, Pessac, 93 Avenue du Docteur Nancel Pénard	France
S1-66607671	The Dent Grill	1141 Vincent Avenue, Bronx, NY	US
S1-399239323	Producteurs College SAS	15 Avenue François Rude, Pays de la Loire, La Baule-Escoublac	France
S1-125522269	Pharmacie Bureau	9 Rue de Port Maria, Nantes, Pays de la Loire	France
S1-286950343	Tucson Eye Medicine Inc	11039 Ava Marie Place, Tucson, AZ	US
S1-346346058	LSV Muniholdings Inc	6501 Airport Boulevard, Unit 346, Mobile, AL	US
S1-259792963	Crystal Transit Advisors Inc	6305 Cth Vv, Town Of Sun Prairie, WI	US
S1-799136631	Comité des Horizon	3 Avenue de l'Arche, Nantes, Pays de la Loire	France
S1-351701277	Ekstrom Financial	1603 Chena Ridge Road, Chena Ridge, AK	US
S1-467419229	HTO Compagnie SAS	35 Rue Durieu de Maisonneuve, Bordeaux, Nouvelle-Aquitaine	France
S1-522641552	Rand Élémentaire SAS	51 Rue d'Oran, Calais, Hauts-de-France	France
S1-236699316	Golden Nutrition Advisors	105 Main Street, Rio, Fl 1, IL	US
S1-254707928	Creative Defense Co	2525 Caspian Drive, Knoxville, TN	US
S1-196277587	Comité de Lotus	Hauts-de-France, 177 RUE Edouard Vaillant, Roubaix, Appartement 115 Residence Egide	France
S1-759616954	Prime Industries Private Limited	Gurgaon, 102 Astha Apptt Soc268812 The Crew Bos Cghs Society Sector 1D Gh 50 Imt Manesar, Haryana, Gurgaon	India
S1-78580562	Chiropractic Midwest Medicine LLC	6225 Pershing Avenue, Downers Grove, IL	US
S1-686794068	Comité des Montoise	87 Rue Baptiste Marcet, Nantes, Pays de la Loire	France
S1-138625562	American American Siddhi, LLC	1609 Windsor Drive, Harrison, AR	US
S1-436472335	Best Hospitality LLP	4-35-225/1, Ground Floor, Bala Krishna Nagar, Kukatpally, Hyderabad, Telangana	India
S1-860122665	Genesis Marine Private Limited	House No. 569/135/5 Opposite Pcf Godown Bargawan, Lda Colony, Lucknow, Uttar Pradesh	India
S1-471757333	Herrera and Perkins Cell	9743 Crabapple Court, Bon Aqua, TN	US
S1-854683249	Patriot Market Inc.	5575 Farm Road 171, Springfield, MO	US
S1-493304639	Media Supply Private Limited	Shop Room No 3, Door No Xxi 1700, First Floor Valentines Estate, Palachuvadu Vennala Road, Ernakulam, Kerala	India
S1-485298967	Pacific Charter School Group	450 4th Street, Bldg Building 16, Lewiston, NY	US
S1-99176734	Dental Platinum Care Inc	60 Park Drive W, Vernon, CT	US
S1-489191137	Kimono Groupement (France) SAS	Hauts-de-France, Dunkerque, 19 Rue Eugène Dumez	France
S1-868611439	Verne Entre Societe EURL	7 Rue Charles Marionneau, Bordeaux, Nouvelle-Aquitaine	France
S1-722325176	Ambition Club SCI	Roubaix, 350 Rue Ingres, Hauts-de-France	France
S1-515064838	Integrated Energetics LLC	Muscle Shoals, AL, 490 Airport Road	US
S1-520496267	Maon Metropolitan Printing	13010 31st Avenue, Lynnwood, WA	US
S1-636061897	Goodman Grand Andretti	4544 Woodgrove Drive, West Valley City, UT	US
S1-715814579	Aadhav Trading Private Limited	Scf-96 New Grain Market, Gill Road, Ludhiana, Punjab	India
S1-390128899	Jonquille Maternelle SAS	Hauts-de-France, 16 Rue Alexandre Lambert, Calais	France
S1-628927898	Parcel Trading Private Limited	A21 B, Ricco Ia, Behror, Bahror, Alwar, Rajasthan	India
S1-350406435	Phylis's Health	1002 Thistle Briar Place, Cary, NC	US
S1-170893452	Varanasi Shows Private Limited	Raghuvansh Kuti, B1/3, Fatman Road Gulab Bagh, Cantt., Varanasi, Uttar Pradesh	India
S1-266444757	Wee Development	18-B, Janyug Apartments, Sector 14, Extn. Rohini, New Delhi, Delhi	India
S1-699581211	Nisha Purification Private Limited	Hyderabad, 5A-79, Hyd, Telangana, Kousalya Enclave, Chowdariguda	India
S1-983395003	Modern Technologies Private Limited	C/O Rajendra Chauhan, Hajipur Milki, Warisaliganj, Nawada, Bihar	India
S1-207350802	Iris & Frères SARL	22 Rue de Chevreul, Tourcoing, Hauts-de-France	France
S1-773379740	Grandes (France) Amicale SASU	131 Rue Magnesia, Calais, Hauts-de-France	France
S1-868513788	Atlantic Citizens Inc	2303 15th Street, Emmetsburg, IA	US
S1-968823273	A Diamond Metal LLC	1058 550, Lehi, UT	US
S1-115256087	Nantes Services	30 Avenue du Clos du Cens, Nantes, Pays de la Loire	France
S1-276435544	Rencontres Maison	4 Rue de la Couleuvrine, Calais, Hauts-de-France	France
S1-609446142	Shah International School	H.No.7-4-421/1266 8 Th Incline Colony, Santhosh Nagar, Nellore, Telangana	India
S1-450785829	Ear Nose & Throat Harbor Medicine LLC	3 Jericho Road, Woburn, MA	US
S1-228090188	Modern Liberty Solar Inc	7034 Oregon Avenue, Washington, DC	US
S1-546349190	Pharmacie Jeanne	4004 Rue des Carrières, Calais, Hauts-de-France	France
S1-41389380	Hunter & Drew	NC, Apex, 104 Lynnhaven Drive	US
S1-721602470	Odell and Francisco LLC	5802 Stephen Cir, Davenport, IA	US
S1-940989202	Valley Northern Inc	8818 Hwy 26, Crowheart, WY	US
S1-383982639	Bombay It Private Limited	H-No-6-9, Thorrur, Renuka Nagar Colony, Rangareddy, K.V.Rangareddy, Telangana	India
S1-615762073	Ville Arts Amicale SAS	14 Rue des Hannetons, Lille, Hauts-de-France	France
S1-551516006	Southern Estate Private Limited	47East Arokiasamy Road R S Puram, Coimbatore, Tamil Nadu	India
S1-982464012	HA Osisko LLC	4706 Pacific Avenue, OR, Dunes City	US
S1-483636989	Products Panama Retina Limited	H.No:4-1-251/6/1, Bail Bazar Road, Near Gunj, Vikarabad, Rangareddy, Telangana	India
S1-77640643	Office of Consumer Affairs	Southern Pines, 5502 1 Highway, NC	US
S1-656542097	Anjali & Brothers Private Limited	Office No.205, Master Mind Iv Royal Palms Aarey Colony Road, Goregaon(E, ), Mumbai, Mumbai City, Maharashtra	India
S1-671375532	Arc Affiliates Private Limited	301, Shree Vardhman Trade Centre Phulchhab Chowk, Rajkot, Gujarat	India
S1-526368004	Rodriguez Bay Berto Inc.	11824 Midhurst Drive, Farragut, TN	US
S1-300082537	Shree Professionals Private Limited	B-88 1St Floor, Delhi, Defence Colony, South Delhi	India
S1-875361844	Communale Loisirs SAS	80 AV DU DOCTEUR SCHWEITZER, APP 20 RESIDENCE CAMPUSEA, Pessac, Nouvelle-Aquitaine	France
S1-316523195	American Fellowship	6 Whitten Drive, Saco, ME	US
S1-532345729	Gignac Médico (France) SARL	20 rue Charles Martin, Bordeaux, Nouvelle-Aquitaine	France
S1-183769596	Tuljai & Co Kota Ltd	729, Pratap Nagar Kota, Rajasthan, Kota, Rajasthan	India
S1-110056960	Pessac Centre SARL	Pessac, 34 Rue de Romainville, Nouvelle-Aquitaine	France
S1-114447946	Bordeaux Groupe SARL	16 RUE EDMOND LABASSE, Nouvelle-Aquitaine, Bordeaux	France
S1-733252088	Williams Vance LLC	3956 Cactus Wren Drive, Phoenix, AZ	US
S1-72017612	NMC Primaire SAS	40 Avenue des Cols Verts le Pyla, La Teste-de-Buch, Nouvelle-Aquitaine	France
S1-121105832	Suchana (India) Spices Private Limited	Pathri, C/O. Prashant B. Deshmukh, H No.24, At Sagar Colony, Maharashtra, Parbhani	India
S1-643219621	Oneiro Brothers Private Limited	No. 13/13, 3Rd Floor, Srirampura, Bangalore, Karnataka	India
S1-439213392	Fultz Rithm	2310 Northwestern Ave, Ames, IA	US
S1-306763286	Baumgardner Heritage Enterprise Inc	501 Everglow Lane, Garner, NC	US
S1-89928909	Irby, Ormiston and Orama Rush Inc	40 Bridle Lane, Stonefort, IL	US
S1-257183006	Locale Centre SARL	Lille, 37 Rue Négrier, Hauts-de-France	France
S1-431478348	Maison International SARL	19 RUE de conde, Lille, Hauts-de-France	France
S1-623220152	Rajeswari Engineers Limited	Pitaura Kaimaganj Disttfarukhabad Farukhabad, Uttar Pradesh, Farrukhabad, Uttar Pradesh	India
S1-696503029	Rhino Club SARL	15 Chemin des Grillons, Nantes, Pays de la Loire	France
S1-645575693	Radiant Comfort Private Limited	Building No.7, Maqbool Road, Anand Avenue, Amritsar -I, Amritsar, Punjab	India
S1-690753862	Wilbur's Advertising	23 Woodcrest Drive, Prospect, CT	US
S1-664341095	Physical Therapy Golden Clinic LLC	36 Main Street, Norwood, NY	US
S1-33866754	Crystal Certified Fargo, LLC	76 Winter Street, Natick, MA	US
S1-216369314	Aniket Protech Private Limited	Smt Jira Devi, W/O Prameshwar Yadav Unta Madarpur, Jehanabad, Bihar	India
S1-953311599	Seniors Comite SARL	17 Rue Etienne Larchey, Nantes, Pays de la Loire	France
S1-261996352	090 Design	362 Granville Road, Unit 212, Westfield, MA	US
S1-664254456	Epperson, Walker and King LLC	5474 1175, Wheatfield, IN	US
S1-628349605	Dorice Higa Ridge Partners	134 Skiff Road, Northville, NY	US
S1-230238742	Laffaire Comite SAS	64 RUE des Sarrazins, Lille, Hauts-de-France	France
S1-490447261	EP Ehpad SA	8 bis Avenue de la Marne, Tourcoing, Hauts-de-France	France
S1-63229507	Shiv Products Private Limited	Wilson House 1St Floornagardas Road Andheri (E), Mumbai, Maharashtra	India
S1-276595186	Modern Technologies Private Limited	Thakur Compound, Sanjay Gandhi Colony 119, Aligarh, Uttar Pradesh	India
S1-366304430	Chemin & Cie	16 ALL Messidor, Pyla-sur-Mer, La Teste-de-Buch, Nouvelle-Aquitaine	France
S1-494998140	Ravinder Vidyalaya	Off 2037 B Bhima Complex, Steel Market Kalamboli, Panvel, Raigarh(Mh), Maharashtra	India
S1-23222506	Établissements Fl EURL	138 Rue Ferdinand Mathias, Lille, Hauts-de-France	France
S1-927050101	Confederation Parents SASU	240 Avenue Antoine de Saint Exupéry, Calais, Hauts-de-France	France
S1-109301424	Dotcom & Sons Private Limited	B-1404, Gunina Chs, Plot No 2/3 Sector 16A, Sanpada, Navimumbai, Thane, Maharashtra	India
S1-295973603	Bordeaux Ecole SARL	8 Impasse Faure, Bordeaux, Nouvelle-Aquitaine	France
S1-748134262	Michaelina's Desert Hospitality P.C.	607 Coralview Terrace, Chesterfield County, VA	US
S1-583194098	Sun Foods Private Limited	Khasra No. 1004, Lal Dora Village Rithala, Delhi, North West, Delhi	India
S1-979462770	Black Technologies Limited	Door No 160A, Padmalaya, Room No 104, First Floor, Coimbatore South, Coimbatore, Tamil Nadu	India
S1-942391939	Cayetano Anchor Briacell LLC	15 Stratford Road, West Hartford, CT	US
S1-68140239	Amicale des Eleves	101 Avenue Pasteur, Pessac, Nouvelle-Aquitaine	France
S1-1620936	Coronation Agro Ltd	Srt-60 Sanath Nagar, Hyderabad, Rangareddy, Telangana	India
S1-549848818	Luchon Groupe SCI	18 Avenue Chambrelent Pyla, La Teste-de-Buch, Nouvelle-Aquitaine	France
S1-678268438	École maternelle Saint Montagnes	14 Rue Vulcain, Nantes, Pays de la Loire	France
S1-827198831	EHPAD Notre	26 Avenue des Ormes, La Baule-Escoublac, Pays de la Loire	France
S1-330990568	Megalith Resorts Pvt Ltd	A-109, Ansa Indl. Estate, Saki Vihar Road, Andheri (E), Mumbai, Maharashtra	India
S1-180674988	Velo Comite SARL	33 Rue de la Moissonnière, Dunkerque, Hauts-de-France	France
S1-405051612	Z/H Aegon LP	6604 Kerby Avenue, Portland, OR	US
S1-494443936	Comité du Pole	4 Impasse des Lavandieres, Pornic, Pays de la Loire	France
S1-341616151	Select Atlantic Industries	187 Brooksbank Road, Oxford, NY	US
S1-882500157	Utilisateurs Pharmacie	16 Rue des Marchandises, Nantes, Pays de la Loire	France
S1-548425996	Smart Pacific Metals Co	1901 F, Hawarden, IA	US
S1-890206191	Cornerstone Chemical Collective	3011 Wade Road, Durham, NC	US
S1-933820918	Mot Club SARL	12 RUE Paul Bourget, Appartement 4, Lille, Hauts-de-France	France
S1-572655629	Custom Broadcast Advisors LLC	625 Pike Street, Covington, KY	US
S1-272288642	Anmol Tyres (India) Limited	S No. 73/2, 73/4, Dhamote, Tal Karjat, Karjat, Raigarh, Maharashtra	India
S1-503952883	Socio Ecole SARL	54 Rue Albert Calmette, Tourcoing, Hauts-de-France	France
S1-7053246	Literacy Project Inc	11000 College Lane, Kansas City, MO	US
S1-66304402	AJ Ecole SARL	6 Allée Anne Pageau, Nantes, Pays de la Loire	France
S1-82695271	Pearson Lake Inc	Battle Ground, IN, 2494 Matchlock Court	US
S1-77425171	Sun Industries Private Limited	Pune, Prestige Point, 283, Shukrawar Peth., Pune, Maharashtra, Shop No. 34	India
S1-831315957	La Baule-Escoublac Fetes	19 Avenue Raymond Lalande, La Baule-Escoublac, Pays de la Loire	France
S1-795919012	Apex Healthcare Private Limited	D-549, Qutub Vihar -2, Goyela Dairy South West Delhi, Delhi, South West Delhi, Delhi	India
S1-416003216	Vision Partners	100 Laurel Lane, Etowah, NC	US
S1-789220453	Thrissur Constructions Pvt Ltd	Ix/627A, Panattuparambil Complex Irinjalakuda Road, Nandikkara Post, Thrissur, Kerala	India
S1-880627915	Atlantic Cleaning Service Inc	1236 Kelly Court, Franklin, TN	US
S1-183478181	Maid Tavern	581 State Fair Boulevard, NY, Geddes	US
S1-502388826	Magic Industries Private Limited	Chennai, Tamil Nadu, P.No. 3A & 3B, S.No 442/1A & 1B(Part) Micr House, Ekambaram Naicker Indust Est, Alapakkam, Chennaitn	India
S1-844105436	Femmes Club	12 Rue des Bouvreuils, Pessac, Nouvelle-Aquitaine	France
S1-363686004	Mi & Frères EURL	Mérignac, 2 Impasse Geometre, Nouvelle-Aquitaine	France
S1-375205938	Innovative Projects Private Limited	Wavebouy Logistics, Logistics, Thiruvananthapuram, Thiruvananthapuram, Trivandrum, Kerala	India
S1-795629002	Main Street Massage	32110 Jacket Factory Road, Moniteau, MO	US
S1-271056155	Peppy Plastics Private Limited	No.S101, No.769, 2Nd Floor, S-No.366, Spencer Plaza, Chennai, Tamil Nadu	India
S1-879209922	Dream Enterprises Limited	S No. 59, H. No. 1/4/2, Flat No. 201, Om Siddhi Bldg, Nr. Gajanan Maharaj Naga, ., Pune, Maharashtra	India
S1-116042905	Physical Therapy Care Associates of Fort Mill Corp	635 Cheval Drive, Fort Mill, SC	US
S1-156540022	Vishwas Academy	127 B, Savitri Nagar Malviya Nagar, Delhi	India
S1-528781033	Martinez Materials	1011 Belden Avenue, Chicago, IL	US
S1-60919485	Constancia Smith Grayscale LLC	194-37 115 Avenue, Saint Albans, NY	US
S1-78051368	Trusted Complete Office	169 Harts Circle, Unit 16, Seneca, SC	US
S1-679670387	My Healthcare Private Limited	91, Ambad Tq Ambad Dist. Jalna Ambad, Jalna, Maharashtra	India
S1-820912420	Express Printing Innovations LLC	22 Summit Pass, Galena, IL	US
S1-323209429	Lycée Sainte Cluster	8 Rue Romain Rolland, Pessac, Nouvelle-Aquitaine	France
S1-27447644	Melodee Blackburn, Esq.	30 Straton Court, Shenandoah County, VA	US
S1-654990809	Jones Choice Institutions, L.L.C.	915 10th Street, Newton, IA	US
S1-948082520	Srg Engineering Pvt Ltd	A-1405, Flr-14Th, Plot-370, Awing, Shreepati Jewels, Tatya Gharpure, Marg, Pimpalwadi, Girgaon, Mumbai City, Maharashtra	India
S1-28937337	AR Primaire SASU	5 Rue Meste Verdie, Bordeaux, Nouvelle-Aquitaine	France
S1-831187642	Établissements Fil SAS	5 Cité Saint Louis 85bis Rue Cuvier, Hauts-de-France, Tourcoing	France
S1-4100991	EHPAD Saint Media	22 Route de l'Océan, Saint-Nazaire, Pays de la Loire	France
S1-875757034	Adrienne Beckstrand Rivernorth	6099 Jamaica Circle, Cherry Creek, CO	US
S1-133309903	Geste (France) Primaire SARL	2 Rue Bir Hakeim, Dunkerque, Hauts-de-France	France
S1-365306971	Centre Médical Dame	195 RUE Georges Mandel, Bordeaux, Nouvelle-Aquitaine	France
S1-271456099	Empire Trusted Douglas	16 Dallas 170, Fordyce, AR	US
S1-973122713	Lille Maison SAS	24 Rue Princesse, Lille, Hauts-de-France	France
S1-617811608	Croix Federation (France) SARL	74 Rue Delaroche, Calais, Hauts-de-France	France
S1-236023461	White Forms (India) Co	Flat No 103 1St Floor Ankesh Complex Appt Mahilla Collage Road, Patna, Bihar	India
S1-680000134	Maison Rie	Lille, Hauts-de-France, 36 Rue Léon Crépy	France
S1-938448906	NWO Anciens SCI	3 RUE Barberousse, Appartement 4, Lille, Hauts-de-France	France
S1-105965183	Experience Parents SARL	47 Cours Victor Hugo, Bordeaux, Nouvelle-Aquitaine	France
S1-650475691	Mérignac Maternelle SAS	1 Rue du Liveau, Mérignac, Nouvelle-Aquitaine	France
S1-399334133	Établissements Generations EI	Calais, 83 Rue Van Grutten, Hauts-de-France	France
S1-386810568	Pediatric Dentistry Piedmont Physicians Inc	1243 Belmont Avenue, Kansas City, MO	US
S1-556698336	Confection Club EURL	32 Avenue du Cap Fréhel, Nantes, Pays de la Loire	France
S1-286884205	Sun Services Private Limited	Hyderabad, Navyas Enclave Block A, Kukatpally, Flat: 101, Rangareddy, Telangana	India
S1-490112791	Centre Médical Sainte François	2 Rue du Danemark, Pessac, Nouvelle-Aquitaine	France
S1-565942917	Ets Maladies SAS	11 Rue du Maréchal Lyautey, Tourcoing, Hauts-de-France	France
S1-367596840	Ardyth Garcia Vanguard Canadian LLC	14013 5th Place, Everett, WA	US
S1-987368048	Lucky Auto Body Inc.	218 Selby Ranch Road, Unit APT 3, Sacramento, CA	US
S1-308619054	Maison Horizons SASU	48 BD de la Prairie au Duc, Nantes, Pays de la Loire	France
S1-541325354	Francois, Boswell and Frey	411 Main Street, Melbeta, NE	US
S1-162704577	Admr Plus Gaz	42 Rue Sauteyron, Bordeaux, Nouvelle-Aquitaine	France
S1-74718811	3e & Cie SARL	90 Rue Famatina, Bordeaux, Nouvelle-Aquitaine	France
S1-476936488	Shyam Trading Pvt Ltd	New Delhi, Delhi, Dda Flats, Kalkaji, South Delhi, 11/321	India
S1-510218539	Comité du Agence	101 Rue Paul Machy, Dunkerque, Hauts-de-France	France
S1-612497050	Mumbai Polytechnic Private Limited	Kothari Nadi, Sanganer Rd, Rajasthan, Shree Narayad Dham, Bhilwara	India
S1-208553177	Proprietaires & Cie SAS	5 Rue des Pénitentes, Lille, Hauts-de-France	France
S1-126429639	Gangan Engineering Private Limited	Gujarat, Ra, Shree Kashiparekh Complex, B/H, Bhagwati Chambers, Swastik Cross Raods, Navrangpu, 204, Ahmedabad	India
S1-193308059	1377 Madison Ave Properties, LLC	301 Twilight Drive, Taylor, AL	US
S1-313852330	Atlas Flagstar Inc	4216 Red Pine Drive, IN, Bloomington	US
S1-310628704	Funny Maternelle	55 Rue Gantois, Lille, Hauts-de-France	France
S1-540958678	LHZ Institute Pvt Ltd	Villa 125 Peninsula, Parkville Thindlu Main, Anekal, Bangalore, Karnataka	India
S1-362325463	IDM Culture SCI	7 Rue de la Cloche, Tourcoing, Hauts-de-France	France
S1-345675493	Bordeaux Service	13 RUE du Chai des Farines, Bordeaux, Nouvelle-Aquitaine	France
S1-474645992	Esprit Sport	8 Rue du Général Anne de la Bourdonnaye, Lille, Hauts-de-France	France
S1-976509544	Helge's Valley Plumbing	166 Duffy Road, Milton, VT	US
S1-192930802	Domicile Bureau Culturelle SARL	1 Allee des Merles, Lège-Cap-Ferret, Nouvelle-Aquitaine	France
S1-951581436	Association de Gobe	Hauts-de-France, 83 Rue Jeanne d'Arc, Lille	France
S1-304938641	QX Auto Glass LLC	60 Bay Road, Whitehall, MT	US
S1-329160135	Peridic Gesher Inc	2235 C St SW, Cedar Rapids, IA	US
S1-351292806	Zeor Investments Inc	569 Potter Mountain Road, Conesville, NY	US
S1-76115330	Coronation & Sons Limited	Mustafapur Pargana-Phulwari P.Op.S-Khagaul, Patna, Bihar	India
S1-76238086	Metro Health Center	21 Brooks Park, Medford, MA	US
S1-174319067	Pike & Stephens Inc	179 Avon Avenue, Northfield, IL	US
S1-467845122	Kashvi Hospitality LLP	B 708, Shri Saibaba Society Sector 9, Rohini, North West, Delhi	India
S1-311569875	Roubaix Amicale EURL	12 bis Rue de la Conférence, Roubaix, Hauts-de-France	France
S1-135640361	Gangraj Management Private Limited	5Th Floor, Roms Code-1, I.T.Park, Ansal Api Sushant Golf City, Lucknow, Uttar Pradesh	India
S1-737267438	Pre Ehpad	16 Avenue Albert 1er, Mérignac, Nouvelle-Aquitaine	France
S1-569954597	Deque Inc	1312 Metropolitan Drive, TX, Killeen	US
S1-220300554	Wise Vidyalaya	Door No. 16/268F, Karuvankunnu, Mukundapuram, Thrissur, Kerala	India
S1-799189769	Cornerstone Biomedical Services	740 Michael St, Iowa City, IA	US
S1-397620792	AE Fairs Private Limited	C/O Shashank Chaudhary, Ghaziabad, Chipyana B Chipyan Bujarg, Uttar Pradesh	India
S1-31140903	Patton Pacific Beverage LLC	172 Pitard Loop, Mountain View, AR	US
S1-449621607	Amicale des Tennis	63 Rue Pasteur, Dunkerque, Hauts-de-France	France
S1-721433715	Baba Galaxy Software Private Limited	1St Floor Koteshwar Ashibhpremises Pandit J N Road Nea R Bharat Boot Despot Mulund-W, Mumbai, Maharashtra	India
S1-250841833	Bay Center	929 Lorenza Ridge Road, Smoot, WV	US
S1-869858129	Faith (France) Club SCI	1839 Rue du Banc Vert, Dunkerque, Hauts-de-France	France
S1-843512294	Metropolitan Payroll Concepts, LLC	5612 Airline Road, Silsbee, TX	US
S1-977423613	Lalatech Communications LLC	407 Second Avenue, Siler City, NC	US
S1-309520811	Best Consultants Private Limited	Plot No. 17/18, Vijay Park Near Lord Jesus School, Gurugram, Gurgaon, Haryana	India
S1-568255090	Club du Sad	86 Avenue de la Mer, Hauts-de-France, Dunkerque	France
S1-476732309	Lantern LLC	MN, 819 5th Street, Moorhead	US
S1-128074875	Glaneuses Atelier	16 Rue Frère Louis, Nantes, Pays de la Loire	France
S1-692422753	Trusted Mortgage Laboratories	6428 Cordelia Road, James City County, VA	US
S1-947340885	Hunger Foundation	431 Harvest Circle, Vacaville, CA	US
S1-624767801	Grand Automation Brands LLC	4511 Rocky River Drive, Cleveland, OH	US
S1-974098552	Coin Ventures Pvt Ltd	Msb Mansion, Building No. Tmc-22/406(Tmc-15/119-1) 7Th Mile, Kuttikkol, Taliparamba, Kannur, Kerala	India
S1-970330376	Lakshmi Producer Private Limited	Shop No-02, Sai Srushti Appt, Pl No. 41 S No. 315/2A, Nandanwan Colony, Pathardi, Nashik, Maharashtra	India
S1-500080185	Agnes Nelson Cayman LLC	12 Birch Crescent, Unit Unit 3, Rochester, NY	US
S1-952227795	Shiva Softtech Limited	2-A/10, Geebee Chs Ltd, Sai Baba Nagar Borivali West, Mumbai, Mumbai City, Maharashtra	India
S1-511122142	Premier Traders Private Limited	22 Antrikdh Bhawankasturba Gandhi Marg, New Delhi, Central Delhi, Delhi	India
S1-976779512	Ferray Sound Inc	TX, Cypress, 16122 Ranch Meadows Road	US
S1-784197057	Zaa LLC	2788 Knott Road, Town Of Omro, WI	US
S1-399999269	Tova Colonial Aspen L.L.C.	222 Davis Avenue, Elkins, WV	US
S1-673925616	Eason Cion LLC	29451 New Fawn Trail, Elkhart, IN	US
S1-768680597	Saint-Nazaire Gestion SCI	2 Rue Michel de Montaigne, Saint-Nazaire, Pays de la Loire	France
S1-819392225	Deep Cars Pvt Ltd	10, Whiteacres Channasandra Main Road, Ambedkar Nagar Whitefield, Hosakote, Bangalore Rural, Karnataka	India
S1-401198054	Renault Clinique SA	8 Impasse des Villas, 37 rue alfred de musset, Roubaix, Hauts-de-France	France
S1-291464303	Atlantic Learning Laboratories LLC	2410 Rosewood Way, Louisville, KY	US
S1-352620980	Agg Liability Private Limited	Maharashtra, Navi Mumbai, 56, Mumbai City, Kuber Co Op Hsg. Soc, Sector 17, Vashi.	India
S1-399915925	Bordeaux Ecole	89 Rue Malbec, Bordeaux, Nouvelle-Aquitaine	France
S1-682833498	Thomas and Li Massage Care	TX, 11414 Pastini Circle, Manchaca	US
S1-669349473	Real Technology Private Limited	House No. 7A, Ground Floor Block Ia Ashok Vihar Ph-I, Delhi, North West, Delhi	India
S1-236800466	Foundation Shubhlaxmi Technologies Company	Kalpauk, Tamil Nadu, 190/A, Chennai, First Floor, Pettukola Towers Poonamallee High Road	India
S1-946791764	41 Danse SARL	116 Rue ma Campagne, Roubaix, Hauts-de-France	France
S1-706507205	Comité du 3eme	42 Boulevard Jean Moulin, Nantes, Pays de la Loire	France
S1-312249591	Gsb Trading Private Limited	202 Utkarshnr Centre Point Sangrampura Ring Road, Surat, Gujarat	India
S1-270625445	Pivoine Patrimoine SASU	5 Avenue Ellen MacArthur, La Baule-Escoublac, Pays de la Loire	France
S1-530140189	Mission & Cie SARL	63 Rue Ratisbonne, Lille, Hauts-de-France	France
S1-907148727	Beacon Marketing Labs Inc	Village Of Birchwood, 309 Balsam Avenue, WI	US
S1-828110240	Heritage Guild Clinic	325 Weston Street, Rensselaer, IN	US
S1-643188249	LF Origin, LLC	40 Horsepond Road, Madison, CT	US
S1-379124235	Chretienne Comite SARL	5 Rue Galilée, Lille, Hauts-de-France	France
S1-825408542	Northern Centurion	1421 Jefferson Avenue, Jonesboro, AR	US
S1-466777966	Sun Consultants LLP	1456/2, Sector-3C, Sector-3, Gandhinagar, Gandhinagar, Gandhi Nagar, Gujarat	India
S1-947466299	MPM Parents SARL	20 Chemin de Gravelais, La Baule-Escoublac, Pays de la Loire	France
S1-623168051	Bright Exports Private Limited	Flat No.F-405, Janki Appartment Nandanvan, Nagpur, Maharashtra	India
S1-982249066	Lumieres Club SARL	328 e Avenue Antoine de Saint Exupéry, Calais, Hauts-de-France	France
S1-289491837	Memorial Charities	23 Sandstone Court, South Elgin, IL	US
S1-640310098	Lumelle Rmg	31925 Outer Highway 10, Redlands, CA	US
S1-297938148	Maison Cercle SAS	15 Rue Sainte Catherine, Lège-Cap-Ferret, Nouvelle-Aquitaine	France
S1-522366458	The Dent Bike Shop	103 Tallman Street, Wildrose, ND	US
S1-563912440	Complete Apparel Collective Inc	4270 Ventana Loop, Tucson, AZ	US
S1-627491390	GF Centre SAS	11 Allée Jeanne, La Baule-Escoublac, Pays de la Loire	France
S1-679089750	Box India Private Limited	1St Floor, C-49, Road No: 10Film Nagar, Jubileehills, Hyderabad.., Hyderabad, Telangana	India
S1-681995503	Nantes Comite EURL	9 Avenue Emile Bardoult, Pays de la Loire, Nantes	France
S1-655265786	Anvil Blue	Unit 2, MA, Malden, 27 Thacher Street	US
S1-922752160	Prasad & Trump Inc	718 Brandenbush Lane, Bldg 7, Columbus, OH	US
S1-222932432	Godbee and Sawyer Liberty Inc	61-44 82 Street, Middle Village, NY	US
S1-297414006	Sai Software Private Limited	Hno 1015-B Kh.No 1536, Blk Wz Vil Basai Darapur, New Delhi, West Delhi, Delhi	India
S1-25560573	Pediatric Dentistry Specialists Group	107 Westwood Drive, Troup, TX	US
S1-311128386	Trichem Energy LLP	Nandanam Mra A 31/1Maruthankuzhi Kanjirampara P O, Thiruvananthapuram, Trivandrum, Kerala	India
S1-94757698	RJ Superior Eastern	7057 Copperwood Way, Columbia, MD	US
S1-828112745	Biseva	5505 Chester Lane, Indianapolis, IN	US
S1-113450052	Walsh Nuveen LLC	4455 Alliquipa Street, Baton Rouge City, LA	US
S1-542467871	Wade Flagstar Inc	501 University Way, Unit 128A, Ellensburg, WA	US
S1-475061173	3477 Center Boulevard Holdings	7331 4th Street, Unit 84, Lubbock, TX	US
S1-182548425	Commercants Maison EI	1 RUE de la Noe, Nantes, Pays de la Loire	France
S1-11296311	Guru Industries Pvt Ltd	D-901, Tulip Ivory Rwa, Sector-70, Badshahpur, Gurgaon, Haryana	India
S1-492333447	Miller, Price and Gropp	1920 Cavalier Drive, Tempe, AZ	US
S1-259245450	Womens Health Supreme Specialists	24 Oakvue Drive, Mchenry, MD	US
S1-133599173	Kore Harris Royal Tailwind, PC	3906 Trimble Road, Nashville, TN	US
S1-652737164	Beauquesne Chasse Medico SAS	60 Rue Bertrand de Goth, Bordeaux, Nouvelle-Aquitaine	France
S1-618634427	Life Investments Private Limited	Gujarat, Godhra, Ganesh Nagar, Godhra, Panch Mahals, B 8	India
S1-200629160	AT Ladder Limited	1St Floor, Dalal House, 6 Pandita Ramabai Marg, Mumbai, Maharashtra	India
S1-491621319	Daniels Nevada	3781 Nebraska Drive, Ottawa, KS	US
S1-549231569	Nanas Cheap Culture	21 Rue de Saintonge, Bordeaux, Nouvelle-Aquitaine	France
S1-819455051	Nashik Bhumi Private Limited	Nashik, Office No 605, Shree Ganesh Galaxy, Near Nakshatra Lawns, Nashik, Maharashtra	India
S1-144984438	Carpenter House LLC	45 Kate Hollow, Whitesburg, KY	US
S1-848599059	Taraita Equipments Private Limited	419-420, Kaliandas Udyog Bhavan, Near Century Bazar, Prabhadevi, Mumbai, Maharashtra	India
S1-325174572	Laxmi Welfare Society	17, Siri Fort Road, New Delhi, New Delhi, South Delhi, Delhi	India
S1-446254480	Reed College LLC	1421 13th Street, City Of Menomonie, WI	US
S1-897078240	Fortune Trading Pvt Ltd	2-3-61, Nallagutta Ramgopalpet, Secunderabad, Hyderabad, Telangana	India
S1-768043553	Club du B2b	20 Allée Edith Piaf, Saint-Nazaire, Pays de la Loire	France
S1-745132174	Mérignac Maternelle SA	17 Rue Jules Ferry, Mérignac, Nouvelle-Aquitaine	France
S1-908737790	Ets Rando SAS	48 RUE Robert Schuman, Saint-Herblain, Pays de la Loire	France
S1-252266590	Herrera and Santos	2161 Meyer Place, Costa Mesa, CA	US
S1-687658178	Amicale du Bureau	21 Rue du Bois d'Annappes, Lille, Hauts-de-France	France
S1-78252507	Team Club SARL	90 Avenue de Noès, Pessac, Nouvelle-Aquitaine	France
S1-782026544	Amie Rencontres Sportive SARL	Saint-Nazaire, 218 Rue de Trignac, Pays de la Loire	France
S1-310059663	Nantes Amis SAS	16 Bis Boulevard Emile Romanet, Nantes, Pays de la Loire	France
S1-823635420	Magnum Comite SARL	14 Rue d'Espagne, Roubaix, Hauts-de-France	France
S1-645858045	Quintessence Infrastructure Pvt Ltd	Behind Tezaji Temple, Chackwara Road, Phagi, Jaipur, Rajasthan	India
S1-42987358	Shiva Consultants Private Limited	B32 Plot No.5A, Dwarka, Sector 3, New Delhi, South West Delhi, Delhi	India
S1-2807435	Nama Consultants	13052, Prestige Wellington Park, Near Gangamma Circle, Jala Halli, Bangalore, Karnataka	India
S1-984251495	Kataria Agri Private Limited	#4, Maruthi Nagar Road, Maruthi Nagar, International Airport Road, Yelahanka, Bengaluru, Bangalore, Karnataka	India
S1-664474459	Universal Management Pvt Ltd	No. 388, Yoginath Nawle Nivas, Lakhegaon Road, Karkin, Paithan, Aurangabad, Maharashtra	India
S1-187275294	Marche Culturel EURL	Lille, 53 Rue Championnet, Hauts-de-France	France
S1-912229618	Centre Hospitalier du Louis	10 Rue Abbé de l'Epée, Nantes, Pays de la Loire	France
S1-500070957	Shivhare Charitable Trust	19/521, Kerala, Mozhikal House, Ernad, Malappuram, Malapuram	India
S1-137445113	Nantes Amis SAS	9 Rue de Savenay, Nantes, Pays de la Loire	France
S1-462042062	Clean Fields L.L.C.	11396 Shetler Road, Bolivar, OH	US
S1-631938560	Libertes & Fils	3 Rue d'Epinal, Roubaix, Hauts-de-France	France
S1-941992903	Wealth Healthcare Private Limited	Plot No 209, Sai Ram Township, Ramachandrapuram, Medak, Telangana	India
S1-928083961	Shree Agency Corp	C/O Zakheer P A, Puzhankaraillath House Elinjipra, Canalpalam, Chalakudy, Thrissur, Kerala	India
S1-217281345	Lg Pradesh LLP	Chennai, Tamil Nadu, Angappa Naicker Street 2Nd Floor, Old #101/207, Chennai	India
S1-777253433	Bordeaux Parents SARL	37 Rue Bauducheu, Bordeaux, Nouvelle-Aquitaine	France
S1-721438951	Coastal Software L.L.C.	4002 Kites Lane, Bismarck, ND	US
S1-5533700	Freudenburg Logistics	184 Reserve Court, Elizabethtown, KY	US
S1-269802844	Lotus & Brothers Private Limited	H No 4935, Murud, Latur, Maharashtra	India
S1-782569173	Smj Di Pvt. Ltd.	14, Sidhpura Co-Op Industrial Estate, S.V. Road, Goregaon (West), Mumbai 4000, 62, Mumbai, Mumbai City, Maharashtra	India
S1-936407495	Nantes Conseil EI	53 Boulevard Saint Aignan, Nantes, Pays de la Loire	France
S1-289237661	Solidus Marketing Pvt Ltd	2322/3, Gali No. 3 Behind Shivam Battery Rajeev Nagar Old Delhi Road, Sector 14, Gurgaon, Haryana	India
S1-211591210	Dsj Star Private Limited	Plot No. P1-03, Ground Floor, Block-P, Sector-75, Parklands, Faridabad, Haryana	India
S1-248545418	Jyestha Foundations Private Limited	Ground Floor, 116/Sp, Chandradeepa, Sadar, Mirzapur, Uttar Pradesh	India
S1-395531085	Ziraesh Advances Limited	31, Mangal Vihar, Swej Farm, Sodala, Jaipur, Rajasthan	India
S1-873148886	Pornic Ecole SAS	1 Rue Jacqueline Auriol, Pornic, Pays de la Loire	France
S1-124334259	Aurilia E. Gannon, M.D.	8206 Beagle Drive, Henrico County, VA	US
S1-360412504	Collège Saint Marie	19 TER Route du Fort de l'Eve, Saint-Nazaire, Pays de la Loire	France
S1-458701839	Fédération du Rover	Bordeaux, 51 Rue Mazarin, Nouvelle-Aquitaine	France
S1-112124325	Global Care Private Limited	803 Sears Towrs Gulbai Tekraellisbridge, Ahmedabad, Gujarat	India
S1-465104755	Maitreyee Services Private Limited	Green View, U/Bhanu Nagar, F No-D, 1St Flr, Blk-3, Siliguri, Darjiling, Darjeeling, West Bengal	India
S1-795971965	Novex Alliance	933 Edwards Avenue, Fairhope, AL	US
S1-259434525	Femmes Eau SARL	50 Rue Jean Castandet, La Teste-de-Buch, Nouvelle-Aquitaine	France
S1-674658540	Surajmal Electronics Private Limited	Flat -156, Sector -4, Plot No.19, Delhi Epdp Cghs Ltd, Dwarka, New Delhi, Delhi	India
S1-370668060	Reed Allied Research	153 Jefferson Street, Mooresville, IN	US
S1-294934043	West Holding Group	110 Goldcrest Lane, Bozeman, MT	US
S1-648416356	Akp India Pvt. Ltd.	Kottayil House Kundaliyur P O, Thrissur, Kerala	India
S1-268854220	Nolting, Graham and Lyons Development LLC	5717 Tuckerman Street, Riverdale, MD	US
S1-701156490	Chemins Theatre SAS	50 ter Rue de Malbos, Mérignac, Nouvelle-Aquitaine	France
S1-833242543	Starwing Developer Private Limited	Delhi, C-42Nariana Vihar, New Delhi, West Delhi	India
S1-286609413	Hunger Committee	512 Echo Springs Road, Knoxville, TN	US
S1-140554523	Tirupati Investment Private Limited	Gond Plot 01, Wardha, Maharashtra	India
S1-553620359	Beaurepaire Amicale SAS	11 Rue Pierre Léostic, Dunkerque, Hauts-de-France	France
S1-332823244	Clinique Saint Marie	21 Rue Henri Bergson, Tourcoing, Hauts-de-France	France
S1-85209209	India Hcs Multi Co	No.1664 K.No-3716/1664, Hsr L/O 2Nd Sector, Bangalore South, Bangalore, Karnataka	India
S1-819955026	Tejam Experiences	3-73 Seetha Nagar Tagarampudi T S Nagaram Anakapalle, Vishakapatnam, Vishakhapatnam, Andhra Pradesh	India
S1-352200763	BYH Premier LLC	266 Shadowbrooke, Troy, IL	US
S1-138851899	Teum Education LLC	6 Kelly Circle, Greenbrier, AR	US
S1-148291762	Ferrelle Net LLC	10384 House Bend Road, Unit LOT 39, Northport, AL	US
S1-169475607	Picon Theatre SAS	18 Rue Dupaty, Bordeaux, Nouvelle-Aquitaine	France
S1-63651679	ZR Capital LLP	Sahyadri Nagar-B, R.C Marg, Mahul Rd, Nr Shivsena Maidan, Chembur, Mumbai, Mumbai City, Maharashtra	India
S1-442569950	First Investment LLP	I- 502 Arohi Elegance Village Bopal; Taluka : Daskroi, Ahmedabad, Gujarat	India
S1-209902796	Better Automation Partners LLC	11A 196 Tournament Lane, Apple River, IL	US
S1-442723232	Lopez Sizzle Inc	Athens, 18682 Bill Black Road, AL	US
S1-459030117	Jumelage (France) Soins SARL	26 Rue de Tourcoing, Dunkerque, Hauts-de-France	France
S1-392014643	Wilcox Optics Inc.	2210 Coronation Boulevard, Charlotte, NC	US
S1-359584912	Us Sante EURL	Hauts-de-France, Roubaix, 31 Rue Ternaux	France
S1-925099257	Wilson Strategies LLC	4915 Swegle Road, Unit 51, Marion County, OR	US
S1-181800283	Lbm Lycee SAS	27 RUE Jean Bart, Lille, Maison des Associations de Lille, Hauts-de-France	France
S1-817323364	Pediatric Dental Clinic of Tucson LLC	434 Columbia Street, Tucson, AZ	US
S1-309206354	Colonial Coalition III	12411 8th Avenue, Unit 8, Spokane Valley, WA	US
S1-19264697	Sterling Freight Concepts	Dallas, TX, 7188 Envoy Court	US
S1-320159939	Institut de Style	100 RUE de Lille, Tourcoing, Hauts-de-France	France
S1-546798692	South Enterprises Private Limited	Surat, Desai Faliyu, Kadod Near Gandhi Ground, Gujarat, Bardoli, 1369	India
S1-135152376	Grange (France) Médico SARL	105 Rue de la Garonne, Hauts-de-France, Lille	France
S1-471947168	Straight Edge Tattoo	255 Stream Road, Bennington, VT	US
S1-904503225	Comité des Tous	45 Rue de l’Espérance, Dunkerque, Hauts-de-France	France
S1-837943242	13 Daffaires Atelier EURL	122 Grande Rue, Roubaix, Hauts-de-France	France
S1-476838465	Democratie Parents	32 Rue Poyenne, Bordeaux, Nouvelle-Aquitaine	France
S1-973326077	La Baule-Escoublac Centre SASU	5 Avenue des Ibis, La Baule-Escoublac, Pays de la Loire	France
S1-608577424	Beth Emanuel	10 Wellspring Drive, Stafford County, VA	US
S1-74092403	Centre Médical Cds	141 Route de Gachet, Nantes, Pays de la Loire	France
S1-908938159	Amar Educational Society Co	Delhi, E-88/10, Gali No- 5 Mukund Vihar, Karawal Nagar, North East	India
S1-426192064	Si Club SARL	23 Rue Oscar et Jean Auriac, Bordeaux, Nouvelle-Aquitaine	France
S1-715038514	HOY Marine Private Limited	601, Ashish, Farmland, Ramdaspeth, Nagpur, Maharashtra	India
S1-292688998	Shree Food Pvt Ltd	Mumbai, 204/205, Maharashtra, Konark Shram Behind Everest Building	India
S1-997120270	Luna Reserve Inc.	614 Eagle Cir, Underwood, IA	US
S1-964486542	Subal & Brothers Pvt Ltd	Flat F4, Plot 54&55, Sy.No 60/B, Kompally Dundigal-Gandimaisamma, Medchalmalkajgiri, Hyderabad, Telangana	India
S1-575779099	Consultancy Bt Logistics Private Limited	Ashraya Building, Kerala, 68/2045B, Kozhikode	India
S1-288627057	Namdev Ventures	325/2, Pandya Niwas, 17Th Road, Jawahar Nagar, Goregaon (West, ), Mumbai, Mumbai City, Maharashtra	India
S1-101503859	Jaishree Flavours Ltd	502, Bldg No-3, Aroma Co-Op Hsg Soc Ltd Opp.Oshiwara Police Station, Andheri(West, Mumbai, Mumbai City, Maharashtra	India
S1-652435719	Pediatric Dentistry Group	1011 Minnette Circle, NC, New Bern	US
S1-836473375	Enriquez Planet LLC	201 Arthur Drive, Thomasville, NC, Unit G	US
S1-738603405	Flying Export Private Limited	Shivratna Bangola, Shankarnagar Malshiras, Malsras, Solapur, Maharashtra	India
S1-7309442	Gujarat Food Private Limited	Central Delhi, Delhi, New Delhi, Double Storey, New Rajinder Nagar, 329	India
S1-863552734	Delphine Centre	7 Rue Condorcet, Roubaix, Hauts-de-France	France
S1-861289411	JJ Maison SARL	Nantes, Pays de la Loire, 11 Rue du Bois Fleuri	France
S1-366282879	Schumacher Royal Fresenius Inc	17692 Wildwood Street, Surprise, AZ	US
S1-462278155	Pineda Huntington of Queen Creek	744 Kingbird Drive, Queen Creek, AZ	US
S1-639231519	Kd Vidyalaya	21 Jia Sarai, Near Iithauz Khas, New Delhi, Delhi	India
S1-612291933	Ambattur Expo Private Limited	Tamarai Kulam, 3Rd Cross, Str, P. Thoppu Manali, Tamil Nadu, Ambattur, 9, Tiruvallur	India
S1-96853518	Rocha Piedmont Safe Partners	1755 Larkin Williams Road, Fenton, MO	US
S1-154759204	Garima Developers (India) Private Limited	C/O Shakuntala Devi Mukhdumpur, Sadakat Ashram, Patna, Bihar	India
S1-812287203	Hyderabad Foundation Public Limited	Telangana, Krishna Apartments, M.I.G. 192, 193, Road No.1, Kbhp Colony, Hyderabad, Flat. No. 403, Hyderabad	India
S1-734686919	VNZ Research Private Limited	#57/5, 2Nd Floor Ejipura Bus Stop, Vivekanagar Post, Bangalore, Karnataka	India
S1-776753085	4351 Madison St Partners	40 Oak Point Road, Hammond, NY	US
S1-979984570	Maa Raj Infrastructure Private Limited	Kolkata, Gr Fl 160 Jodhpur Garden 86/2/2, West Bengal, Howrah, Kolkata	India
S1-700643453	Shiv Infra LLP	Uttar Pradesh, C/O Mankunwar Lalitpur, Lalitpur, Hasrajijyawan Lalitpur, Lalitpur	India
S1-851610709	3958 Third Lane Holdings	1200 Carlos Drive, Unit 232, Raleigh, NC	US
S1-308233757	New (France) Amicale EURL	15 Avenue des Ormes, La Baule-Escoublac, Pays de la Loire	France
S1-476451568	Laxmi Finserv Pvt Ltd	Old No 126A, New No 72 Periyar Nagar, Puliyakulam, Coimbatore, Tamil Nadu	India
S1-826242595	Foot & Ankle Clear Specialists LLC	4250 Morse Road, Unit SB1, Columbus, OH	US
S1-335769919	IG Groupe SARL	44 Rue Blanche, Lille, Hauts-de-France	France
S1-679146832	Urban Developers Pvt Ltd	Vill- Tarchha Post- Kanaila, Azamgarh, Uttar Pradesh	India
S1-17228633	Thomas Legacy Preferred Inc	Clinton, UT, 2224 2290	US
S1-278370769	White Servicesprivate Private Limited	Bundi, C/O Bhanwar Lal Gopal Lal Jain, Rajasthan, Hindoli, Bundi	India
S1-901327830	Kammer, Pryor and Sanchez Acquisitions	Charlotte, NC, 2020 Morehead Street, Unit 233	US
S1-668257355	Calais Sportive	Hauts-de-France, 65 Rue des Fleurs, Calais	France
S1-833340335	Celeste (France) Sportive SARL	9 Rue Bossuet, Roubaix, Hauts-de-France	France
S1-668410195	Foods Guru Engineering Limited	13Th Cross 7Th Block, Jayanagar, No. 735, Bangalore, Karnataka, Bangalore	India
S1-861632188	Premier Broadcast Group	109 Quaker Lane, West Hartford, CT	US
S1-793406235	Bordeaux Institut EURL	11 Rue André Caverne, Nouvelle-Aquitaine, Bordeaux	France
S1-521004422	New Business Private Limited	Surat, Palanpur Gam, A-404 Sai Shristhi Residency Bs. Mathura Nagari, Surat, Gujarat	India
S1-916522596	JFY Comite	62 Avenue de la Marne, Mérignac, Nouvelle-Aquitaine	France
S1-389275552	ISP Comite EI	3 Avenue de l'Alcyon, Nantes, Pays de la Loire	France
S1-276706993	Bharat Education Private Limited	27, Shree Rang Villa Raw, House, Nr Mahavirnagar So, Ahmadabad City, Ahmedabad, Gujarat	India
S1-178218283	Vishwanath Land Corp	Plot No. Iid/31/1 Street No.1111 (Major Arterial Road), A.A, -Iid, New Town, Kolkata, Howrah, West Bengal	India
S1-373021067	First Network Dynamics	11766 77th Avenue E, Bixby, OK	US
S1-111401672	École primaire du Paul	106 Boulevard de Sarrebruck, Nantes, Pays de la Loire	France
S1-379529771	Spear Custom Energia PLLC	503 Porch Swing Place, Durham, NC	US
S1-117887851	Professionnel Sportive (France)	13 Square Pierre de Ronsard, La Teste-de-Buch, Nouvelle-Aquitaine	France
S1-999167506	Thompson Advisors LLC	5263 78, Cordova, AL	US
S1-531124115	Nsd Foundation	580 Atal Bihari Bajpai, Ward 1 Sewai, Lucknow, Uttar Pradesh	India
S1-950535757	Lenseignement Patrimoine	2 PL des Martyrs de la Resistance, ENSAIT de Roubaix, Roubaix, Hauts-de-France	France
S1-610841869	Amicale du Varoise	213 Rue de la Latte, Tourcoing, Hauts-de-France	France
S1-839283180	Ets Lecole SARL	Bordeaux, 18 RUE Planterose, Nouvelle-Aquitaine	France
S1-149855792	Big Hair Studio	Bath, ME, 15 Commercial Street	US
S1-575701949	Una Compagnie EURL	4 Rue Georges Bizet, Calais, Hauts-de-France	France
S1-925168333	Vie Centre SARL	23 Route de Toulouse, Bordeaux, Nouvelle-Aquitaine	France
S1-867825975	First International Private Limited	Bhopal, Madhya Pradesh, H.No. E-7/641, Bhopal, First Floor Arera Colony	India
S1-844704255	Blue Tavern! Inc.	3652 Olinville Avenue, Bronx, NY	US
S1-802998808	Wagner Horizon Neighborhood Inc	4950 Skyline Drive, Depauw, IN	US
S1-743994203	Fresh Tavern Inc	385 Front Street, Braidwood, IL	US
S1-689041316	Pommiers Amis (France) EURL	25 Rue Morion, Bordeaux, Nouvelle-Aquitaine	France
S1-297336105	Best Global Private Limited	I-301, Karampura, Delhi, West Delhi, Delhi	India
S1-700701342	Exports Vision Road Limited	Telangana, Rangareddy, Serlingampally, 2-9/9-11 Anjali Layout Khajaguda, Hyderabad	India
S1-123497114	Punjab Management (India) Co	Honavar, Maszid Road, Uttara Kannada, Karnataka, No 690	India
S1-266519293	Dispositif Sportive (France) SA	79 Rue Raymond Lavigne, Bordeaux, Nouvelle-Aquitaine	France
S1-224239887	Chakradhar Realtors Private Limited	512-514, Antriksh Bhawan, 22Kg Marg, Connaught Place, Delhi, Delhi, Central Delhi, Delhi	India
S1-91642478	Up Bureau Club SARL	7 Rue Edgar Quinet, Saint-Nazaire, Pays de la Loire	France
S1-887262490	TT Earth Pvt Ltd	1-Aryaman Bunglow, 10, Hira Baug Society, Opp. Ambawadi Municipal School, Ahmedabad, Gujarat	India
S1-180478966	Mishka Transport Private Limited	Vill-Genaur, Tola-Genaur Panch-Nahas, Rupauli North, Block-Bisfi, Dist-Madhubani, Benipatti, Madhubani, Bihar	India
S1-972488382	Amicale des Lorganisation	7 Rue Auguste Blanqui, Roubaix, Hauts-de-France	France
S1-729437945	India Greentower Marbles Corporation	Plot No 204 Floor Upper Ground Tagrore Park, Newdelhi, North West, Delhi	India
S1-327416109	Balaji Marketing Private Limited	H No 5653, Kh No 104-6, G No-116-123, B-Block, Sant Nagar, Burari, Delhi, North Delhi, Delhi	India
S1-75260682	Anilesh Services Private Limited	Maharashtra, Bldg. No. B-6, Sector-6, Flat No. 001, Shantinagar Miraroad(E), Thane	India
S1-606263323	Custom Bay Nova, LLC	201 4th Street, Unit 9, Danville, KY	US
S1-866953155	Libbi Reed Certified Arrived, Inc	3711 Villa Drive, Columbus, IN	US
S1-66322738	Morton Hospitality LLC	6 Jefferson Road, Wakefield, MA	US
S1-302207267	Best (India) Services Limited	No.109, Sannathi Street Thirubuvanam, Thiruvidaimarudhur, Thanjavur, Tamil Nadu	India
S1-832519522	Heritage Consumer Industries	4504 Crestway Drive, Austin, TX	US
S1-25254290	Barnes Gulf Sea L.L.C.	6959 Harper Avenue, Chicago, IL	US
S1-493013197	Sirocco Auto Private Limited	Plot No 13 Second Floor Situated At Patparganj Industrial Area, Delhi, East Delhi, Delhi	India
S1-743852191	RFZ Estate Private Limited	Sivaganga, Tamil Nadu, No. 51 Gokhalae Hall Street, Sivaganga	India
S1-941098394	Safe Spacsphere LLC	2960 Mills Avenue, Unit B, Washington, DC	US
S1-817044886	Straight Edge Cleaning Service LLC	637 Sudderth Drive, Ruidoso, NM	US
S1-756497398	La Baule-Escoublac Maison SARL	8 Avenue Marcel Rigaud, La Baule-Escoublac, Pays de la Loire	France
S1-20179255	Fortune Services Limited	Flat No 163, Ground Floor Pocket 7, Sector 2, Rohini, North Delhi, Delhi	India
S1-195932989	Codynis Partners	2795 221A, Mooresboro, NC	US
S1-676481330	Dream Infrastructure Private Limited	Maharashtra, Korpana, 49, Chandrapur, Korpana	India
S1-562054778	Turner Encore	442 1640, Orem, UT	US
S1-873225189	QUF Energy Limited	Sarai Sahjadi, Banthara Bazaar, Lucknow, Uttar Pradesh	India
S1-230732153	Aquino Venture	1405 Blazing Star Trail, Burleson, TX	US
S1-956437413	Flop Fetes SASU	45 Rue du Merle, Pessac, Nouvelle-Aquitaine	France
S1-672236747	Minda's American Cleaning Service LLC	17767 Larchmont Terrace, Gaithersburg, MD	US
S1-30212391	Solutions Dasaprakash Construction Pvt. Ltd.	Flat No.G-2, Utkarsha Sheetal Plot No.33, Ambazari Layout, Nagpur, Maharashtra	India
S1-435239986	Nantes Parents	19 Rue Colonel Desgrées du Lou, Nantes, Pays de la Loire	France
S1-629855023	Kolkata Agriculture Private Limited	Fc 102 Salt Lake P S Bidhannagar, Kolkata, North 24 Parganas, West Bengal	India
S1-58765809	Dental Green Partners	216 Walnut Street, Osceola, AR	US
S1-294741669	Global Shree Chemicals Pvt Ltd	C/O Amit Kumar L201, Tower 1, Ghaziabad, Uttar Pradesh	India
S1-400771802	E T Buffington Rithm LLC	1539 Woodford Place, Unit I, Decatur, IL	US
S1-964564371	Main Street Barbershop	10 Washington Street, Middletown, MD	US
S1-133058318	Arihant Infra Pvt Ltd	Plot No. 1 To 4 Blgd. A&B, A.K. Road, Surat, Gujarat	India
S1-996931567	Meris's Healthcare LLC	1782 Bethel New Richmond Road, New Richmond, OH	US
S1-575853280	Ram Industries Pvt Ltd	Door No.1, Plot No.6, 3Rd Cross Street Dr. Seethapathy Nagar Extn, Velachery, Chennai, Tamil Nadu	India
S1-72587246	Boules & Frères EURL	Hauts-de-France, 225 Rue Achille Testelin, Tourcoing	France
S1-218237210	Krishna Products Private Limited	Room No-205, 2Nd Floor, Matrix Towr, Plot No 24, Block-Dn, Sector V, Saltlake, North 24 Parganas, West Bengal	India
S1-237968589	Pinnacle Hospitality Solutions	6280 Clydes Road, Indianapolis, IN	US
S1-978700115	Chhindwara Trading	No.6-1, Thondamuthur Road, Coimbatore North, Coimbatore, Tamil Nadu	India
S1-777893247	Dd Technologies	Hyderabad, D.No 1-58, A Block, F.No 505, Fortune Heights, Madeenaguda, Miyapur Main Road, Viswaswara Nagar Colony, Tirumalagiri, Telangana	India
S1-497193773	Amicale de Ssiad	22 Avenue Ludovic Cormerais, Nantes, Pays de la Loire	France
S1-392401975	Avenir Anciens SAS	Calais, Hauts-de-France, 37 Rue du Maréchal Kellermann	France
S1-77223267	N/S Foods Inc	1721 4th Avenue, Nashville, TN	US
S1-881085896	Ekta Foundation LLP	L-202, Lake Paraside, Opp Crpf, Mawal, Pune, Maharashtra	India
S1-246086405	Gyan Pandit Private Limited	73A/3/1, Bose Pukur Road, Kolkata, Howrah, West Bengal	India
S1-260801152	Chappell and Sabia Generation Inc	125 Stoughstown Road, South Newton Township, PA	US
S1-986274919	Financement Restaurant SASU	8 Rue des Girondins, Nantes, Pays de la Loire	France
S1-142393700	West Valley City Interfaith Fellowship	4475 3240, West Valley City, UT	US
S1-909720754	HEY Colombier Inc	1809 Badger Lane, Town Of Monroe, WI	US
S1-932774811	Liberer Centre SARL	71 rue de Chantilly, Calais, Hauts-de-France	France
S1-584833105	Petits College SAS	15 Rue du Pourtalet, Saint-Herblain, Pays de la Loire	France
S1-119976972	Olympique Conseil SAS	15 Rue Veyssière, Bordeaux, Nouvelle-Aquitaine	France
S1-521159409	Ruiz Cayson LLC	1727 Pima Circle, Coolidge, AZ	US
S1-198058527	East Foundation Private Limited	Howrah, Kolkata, T-373/1 Panchpara Road, West Bengal, Kolkata	India
S1-316970804	Hitech Services Private Limited	C/O Rameswar Titrod, Mandsaur Madhya Pradesh, Sitamau, Mandsaur, Madhya Pradesh	India
S1-212314692	Wind and Rodriguez Inc.	6208 Cannes Circle, Austin, TX	US
S1-458745570	Dynamic Financial Digital	1832 Mission Road, Vestavia Hills, AL	US
S1-529022629	Fisher Worldwide Inc	1513 Virginia Avenue, Kingsville, TX	US
S1-960290521	Prabhat Exports	A 152 / A153, Road No. 22 Wagle State, Thane West, Maharashtra	India
S1-263651449	Table Club SAS	83 Avenue Léon Blum, Pessac, Nouvelle-Aquitaine	France
S1-277486210	Est (France) Ecole SAS	8 Rue Balzac, Lille, Hauts-de-France	France
S1-566750489	Etudiants Sportive SARL	58 Rue Thérésia Cabarrus, Bordeaux, Nouvelle-Aquitaine	France
S1-597308757	Will Societe SARL	3 RUE Saint Vincent, Nantes, Pays de la Loire	France
S1-965639172	Bureau of Aging	247 Hearthstone Drive, Bartlett, IL	US
S1-570883433	Ventures Vmr Properties	44 Ahilya Nagar Extension, Scheme Number 97 Part 4, Main Service Road, Indore, Madhya Pradesh	India
S1-513432776	Pharmacie de la Deleves	58 Rue des Bourleux, Roubaix, Hauts-de-France	France
S1-952742010	M R Montgomery Fortress	118 Manor Drive, Madison, AL	US
S1-917932579	Margarethe Root Rapid Platinum, LLC	233 Luxapalilla Avenue, Winfield, AL	US
S1-749569301	Green Jewellers Private Limited	Gandhi Chowk, Pathankot, Gurdaspur, Punjab	India
S1-910426112	VV Lycee SARL	78 ter Rue du Jard, Mérignac, Nouvelle-Aquitaine	France
S1-199267766	Classic Financial	3815 Kenmore Avenue, Chicago, IL	US
S1-949038340	Pornic Fetes SARL	13 Rue du Calvaire, Pornic, Pays de la Loire	France
S1-256524370	East Midnapore Jaivik Private Limited	Kashberia, Bardhanyaghata Debhog, Haldia, East Midnapore, Midnapore, West Bengal	India
S1-877568034	Centre Hospitalier du Racing	11 c avenue de l'océan, Lège-Cap-Ferret, Nouvelle-Aquitaine	France
S1-387170025	Barr, Palacios and Albers	4180 Rich Fork Road, Charleston, WV	US
S1-65175791	Arcadia Danse SARL	40 Avenue de l'Harmonie, Nantes, Pays de la Loire	France
S1-3320724	Bordeaux Amicale EURL	Nouvelle-Aquitaine, 31 BD Albert 1er, Bordeaux	France
S1-274695034	Alpine Brothers Company	Shiv Mandir Paschim Vihar, Delhi, New Delhi, Bg-6 Ground Floor, West Delhi	India
S1-595974471	Cactus Enterprises Limited	847/5, Sarat Chatterjee Road Belepole, Post - Santragachi, Howrah, West Bengal	India
S1-154525529	Lège-Cap-Ferret Societe	6 Allee des Poetes, Lège-Cap-Ferret, Nouvelle-Aquitaine	France
S1-6099129	Ninetta Rios, CPA	10944 61st Street, Unit APARTMENT  717, Tulsa, OK	US
S1-17900436	Ets Movimiento SAS	48 Rue du Merle, Pessac, Nouvelle-Aquitaine	France
S1-655067941	Baldridge Holding Company	1235 Harmons Ferry Road, Calhoun, KY	US
S1-401874565	Red Investments Private Limited	217, Adani, Inspire-Bkc, Situated G, Bkc Main Road, Bandra Kurla Complex, Mumbai, Maharashtra	India
S1-887081846	Batavia Cultural All Committee	IL, Batavia, Unit F, 1107 Wilson Street	US
S1-537295276	Tennis Amicale SAS	Pays de la Loire, 27 RUE du Casterneau, Nantes	France
S1-160957294	Maison Uni SAS	25 Rue de la Plaine, Dunkerque, Hauts-de-France	France
S1-560860019	Tri-State Capital Partners LLC	311 3rd Street, Hominy, OK	US
S1-893026133	Colonial Value Alliancebernstein	22044 Ethan Avenue, Forest Lake, MN	US
S1-197036776	Enfance Scolaire Sportive SA	20 Rue du Général Dampierre, Tourcoing, Hauts-de-France	France
S1-73121055	Om Systems Private Limited	Gr Flr, Ladak Developers, Chincholi Bunder Rd, Malad (West), Next To Garden View, Mumbai, Mumbai City, Maharashtra	India
S1-719400873	Office of Transportation	2422 Lazy Jd Road, Dodson, MT	US
S1-159154081	Arc Bullion Private Limited	486 Sadashiv Peth Agarkarbhavan Shop No 1, Pune, Maharashtra	India
S1-122508634	Huckabee Capital Starlink	308 Orange Street, Manito, IL	US
S1-635118972	D/P Prudential PLLC	2100 108th Street, Bloomington, MN	US
S1-664201567	Bright Cornerstone Made Corporation	2144 600, Rochester, IN	US
S1-452292327	RCI Solutions Private Limited	No.78, Sree Villa, Chathamkulam Gardens, 3Rd Phase, Kadumthuruthi, Kannadi, Palakkad, Kerala	India
S1-373826977	Centre Médical Pilotari	Nouvelle-Aquitaine, 40 Allée Rive Gauche Canal Cazaux, La Teste-de-Buch	France
S1-190699682	Classic Marine Digital	3234 Yale Avenue, Memphis, TN	US
S1-490796436	WV Garage SARL	Lille, 58 RUE de la Barre, Hauts-de-France	France
S1-313402430	Microvision Infra Private Limited	Flat No:21112 11Th Floor, Nikoo Homes, Tower 2, Bangalore North, Bangalore, Karnataka	India
S1-971171880	Favreau, Hawley & Mooney Muniholdings	8116 Demui Way, Elk Grove, CA	US
S1-451094745	Universal Infotech Private Limited	Haryana, Sector 21 Pocket E Industrial Complex, Gurgaon, Daundahera, 771	India
S1-871840159	Satyam Consultancy Pvt Ltd	Shop No 4, Ground Floor, N-7, Block-N Laxmi Nagar, New Delhi, Delhi	India
S1-748282025	Goethe Ehpad SAS	21 Rue du Plateau des Glières, Nantes, Pays de la Loire	France
S1-531601231	Jumelage Sportive SARL	Nouvelle-Aquitaine, Bordeaux, 30 RUE de Nuits	France
S1-135759092	Dynamic Health Solutions Partners	9232 1st Street, Ridgefield, WA	US
S1-488143005	Lille Musique SARL	25 Rue du Lieutenant Princeteau, Lille, Hauts-de-France	France
S1-126174961	Hunger Coalition LLC	6 Gikas Lane, Marlborough, MA	US
S1-685179063	Nasik Technologies Corp	Sf 2 144 & 145 Slv Noble Embassy Nava India, Peelamedu, Coimbatore, Tamil Nadu	India
S1-177117579	Solutions Gujarat Cold Private Limited	New Delhi, West Delhi, C-3-A-133-A Janakpuri, Delhi	India
S1-242571325	Cercle & Cie SAS	111 Rue Anciens Combattants d’Afrique du Nord, Dunkerque, Hauts-de-France	France
S1-908857839	Quality Security Holdings	401 19th Street, Moore, OK	US
S1-86728118	Salem Ear Nose & Throat Continental Specialists LLC	Salem, 3873 Rinkers Creek Road, IN	US
S1-310891187	Howard Medical Center	1221 Ogreeta Road, Murphy, NC	US
S1-150129250	Tourcoing Fetes EURL	3 Allée Clara Leplat Whelan, Tourcoing, Hauts-de-France	France
S1-482645601	Midwest Harbor Digitalbridge LLC	1108 Lawn Lane, Ramsey, IL	US
S1-920379377	Electronic Business Technologies Inc.	6546 Santa Ana Lane, Indianapolis, IN	US
S1-963872524	Georgette Hoffman Cornerstone Malt LLC	1436 Lowell Avenue, Lima, OH	US
S1-722724433	Joli Mccardell Highland Architecture LLC	11549 Bertram Street, Prince William County, VA	US
S1-883765234	Sky Industries Private Limited	V Mamur Ganj, Po Mohani, Kasganj, Etwah, Uttar Pradesh	India
S1-527137846	Epic Trimpex Private Limited	401, Ankita Apartment, Janki Devi School Road, Mhada, Andheri West, Mumbai, Mumbai City, Maharashtra	India
S1-610348681	Club des Rsjam	Hauts-de-France, 54 Rue de Béthune, Roubaix	France
S1-581491622	City Of Waukesha Interfaith Federation LLC	407 Sheffield Road, Unit Apartment 101, City Of Waukesha, WI	US
S1-275482424	Mcdaniel, Dory, P.A. Inc	2025 Lincoln Street, Unit 2308, Bloomington, IL	US
S1-867711997	Producer Aashi Services Ltd	Karnataka, Bangalore, Bangalore South, 102/2	India
S1-169250614	Bombay Exports Private Limited	Mig 18, A P Housing Board Medchal, Ranga Reddy (Dist), Secunderabad, Hyderabad, Telangana	India
S1-719728777	Perfect It	Flat No. A-104, Padmavilas Apartments Baner Pashan Link Road, Athashri Pashan, Pune, Maharashtra	India
S1-262731905	Pronoor Interstate Purpose	52 Honeysuckle Drive, Silver Spring Township, PA	US
S1-364598377	Rudolph & Yingling Services, PLLC	4325 Wilson Chapel Road, Sharon, SC	US
S1-666289505	Bhumika & Co Limited	C-55/C-1 G/F Kh No-396/2 Gali No-1 Bhajanpura Delhi, Delhi, North East, Delhi	India
S1-210222291	École maternelle de la Michel	26 Rue de Beauvais, Tourcoing, Hauts-de-France	France
S1-339676294	Upper Complete Wellness LLC	2480 41, Unit F, Henderson, KY	US
S1-943397767	Value Realty Digital, Inc	NC, 3311 Bay Drive, Kill Devil Hills	US
S1-269541062	Safe Automotive PC	9451 Harvard Avenue, Chicago, IL	US
S1-386365245	École maternelle Henri	11 bis Avenue de Bordeaux, Lège-Cap-Ferret, Nouvelle-Aquitaine	France
S1-289767768	Continental Committee Inc	444 52 Street, New York, NY	US
S1-22609267	Ridge Dental Associates	14849 Stoneberg Avenue, Baton Rouge, LA	US
S1-616515225	Paper Video Group	103, 'M' Square, B/H. City Centre, Nr. Swastik Cross Roads, Navrangpura, Ahmedabad, Gujarat	India
S1-201603151	Tourcoing Club SARL	Tourcoing, Hauts-de-France, 151 Rue de la Tossée	France
S1-253233149	QPA Fine	No.192/200, First Floor, Annur Road, Nadur, Mettupalayam, Coimbatore, Tamil Nadu	India
S1-175201016	Amoureux Comite EURL	10 Avenue Pierre Cérésole, Pessac, Nouvelle-Aquitaine	France
S1-195982634	Connell and Hiatt LLC	2407 Harbor Pass Drive, Pearland, TX	US
S1-130077568	PK Section SAS	12 Rue du Bois de la Musse, Nantes, Pays de la Loire	France
S1-56917368	Miller Works of Monroe Township P.C.	804 Shuler Street, Monroe Township, PA	US
S1-208264310	École primaire Notre	2 Cité Souriaux, Bordeaux, Nouvelle-Aquitaine	France
S1-997640903	Nantes Primaire SAS	6 Avenue Jean Paty, Nantes, Pays de la Loire	France
S1-232856161	Future Consulting Private Limited	Bandra Suburban, 501, Maharashtra, Swan Lake Chs Ltd, 14Th Road, Plot No. 396, Nr Iob Bank, Khar (W), Mumbai	India
S1-302130818	Family Center	1231 Montieri Drive, Centerton, AR	US
S1-110096110	MG Club SAS	29 Route de Bordeaux, Lège-Cap-Ferret, Nouvelle-Aquitaine	France
S1-555448688	Custom Electronics Advisors LLC	14900 Broadway Street, Unit APARTMENT 312, Glenpool, OK	US
S1-667655652	Rural Amicale SCI	25 Rue des Roitelets, Lège-Cap-Ferret, Nouvelle-Aquitaine	France
S1-483243951	Indo Industries Private Limited	Shop No 402, Sanskar Heights, Nr. Radhe Circle, 150 Feet Ring Road, Rajkot, Gujarat	India
S1-767238749	Fifloex Express Trust LLC	2090 Cheaneys Bridge Road, Essex County, VA	US
S1-264097942	Ear Nose & Throat Care of Everson	Everson, 6606 Goodwin Road, WA	US
S1-960314922	JZU Societe SARL	67 Rue d'Allonville, Nantes, Pays de la Loire	France
S1-807258	Upper Safe Sab Corp	24 Michigan Street, KS, Oswego	US
S1-648160949	Hari Impex	A-54, New Delhi, South Delhi, Delhi	India
S1-192181432	Mel (France) Federation SAS	1 Cité Sereine, Tourcoing, Hauts-de-France	France
S1-600094352	Baba Power Pvt Ltd	Unit No Iv Survey No 224, N.H. No 8 Village Nandigram, Umargam, Valsad, Gujarat	India
S1-826571884	Faridabad Mercantile Private Limited	Faridabad, Plot No. 8/6 & 8/6A, Industrial Area, New Industrial Township, Haryana, Faridabad	India
S1-236634282	One Amicale SAS	3 rue des Villas, 59200 TOURCOING, Tourcoing, Hauts-de-France	France
S1-249759308	Smithfield Town Anchor Development Inc.	104 Cattail Lane, Unit 1, Smithfield Town, VA	US
S1-67251699	Departementale Club SAS	20 Rue de la Boulotte, Pornic, Pays de la Loire	France
S1-5443896	Amicales Amicale SAS	3 RUE Alfred de Musset, Nantes, Pays de la Loire	France
S1-208398599	Abu Packaging Ltd	H.No. 5/14, 3Rd Floor, Block B, Model Town Phase I, Delhi, North West Delhi, Delhi	India
S1-89699797	Bs Logistics Pvt. Ltd.	Ahmedabad, Dada Estate Sanand Chokdi, Sarkhej, Gujarat, Plot No.70	India
S1-44685640	Strickland's Cleaning Service	98498 4611 Road, Marble City, OK	US
S1-405648006	Apple Foundation Private Limited	No.1A, State Bank Colony, Meena Estate Main Street, Sowripalayam, Coimbatore, Tamil Nadu	India
S1-747041696	Centre Hospitalier Saint Martin	1 RUE de la Tranquillite, Tourcoing, Hauts-de-France	France
S1-829598331	Phillips Rail	OH, New Philadelphia, 3812 Seibert Hill Road	US
S1-903458737	First Yorkville Inc.	7509 Shore Drive, Town Of Siren, WI	US
S1-16980329	Quinze Service SAS	70 Rue Guynemer, Bordeaux, Nouvelle-Aquitaine	France
S1-730459315	Prabha Social Pvt. Ltd.	93/9, Varthur Main Road Munnekolalu Marathalli, Bangalore, Karnataka	India
S1-116017454	Saint-Nazaire Club SARL	Pays de la Loire, Saint-Nazaire, 13 Rue Pierre Waldeck-Rousseau	France
S1-872466356	Seven Projects Private Limited	402.Happy Home. Castle11-5-8. Red Hills, Hyderabad, Andhra Pradesh, Telangana	India
S1-42566489	Dream & Cie	17 Allée des Lierres, Saint-Nazaire, Pays de la Loire	France
S1-877912061	Glad Hospital	Sh-106, Floor-1, Plot-26/30 Doongersey Building, Kala Ghoda Fort, Mumbai, Mumbai City, Maharashtra	India
S1-415698120	Tara Centre Private Limited	125, Maharana Pratap Nagar Khatipura, Jaipur, Rajasthan	India
S1-782531898	Comité des Espace	22 RUE du Pontereau, Ecola maternelle Maurice Mace, Nantes, Pays de la Loire	France
S1-205849967	Lyndsie's Homecare Inc	562 Bays View Court, Kingsport, TN	US
S1-558172879	Empire Fellowship LLC	11900 Main Street, Unit STE 124, Spotsylvania County, VA	US
S1-248908234	Bernhardt Global Obic	5633 Brookshire Drive, Jonesboro, AR	US
S1-410898373	Services Dinesh Technologies Private Limited	8 18 Sukhvilas Ashwini Hsg Socpune-Mumbai Road Shivajinagar, Pune, Maharashtra	India
S1-562848561	Pioneer Aerospace Group	11005 Cross Drive, Unit APT 4, Eagle River, AK	US
S1-439332995	Terri Davis Blueport LP	98 Tappan Street, Brookline, MA	US
S1-996019859	Nantes Pharmacie SARL	4 Place Clémence Lefeuvre, Nantes, Pays de la Loire	France
S1-235193306	Tone Mill Private Limited	A-50/4, Dlf Pahse-1, Gurgaon, Haryana	India
S1-936482280	Choice Payroll Technologies	195 Capitol Road, Lee County, VA	US
S1-527561480	Federal Network	3 Cleveland Avenue, Wilmington, MA	US
S1-607265936	G/G Lease Inc	43 Norfolk Avenue, Swampscott, MA	US
S1-52433399	Cpts & Frères	198 Boulevard de l' Egalité, Tourcoing, Hauts-de-France	France
S1-551604744	Storm's Clean Media	428 Bluff Meadow Drive, Ballwin, MO	US
S1-584197265	Tressa Wright, Esq.	204 Matthews Drive, Holly Springs, NC	US
S1-729581455	Jeevan (India) Solutions	G 111, Sector 20, Noida, Gautam Buddha Nagar, Uttar Pradesh	India
S1-487505842	Culver Canada	Unit G, MD, 201 Burkwood Court, Bel Air	US
S1-947212708	Solutions Posh Project Private Limited	Sf. No. 543/3A, Chinnamaddampalayam Bilichi Post, Coimbatore, Tamil Nadu	India
S1-35396950	Js & Brothers Private Limited	Indore, Common Passage Robert Sq., Madhya Pradesh, Indore, Ed86 Sector D Scheme No94	India
S1-865810194	Comité de Deleves	220 Rue Ferdinand Mathias, Lille, Hauts-de-France	France
S1-662514233	Empire Cascade United, LLC	Los Banos, 22759 165, CA	US
S1-467017349	Ghaziabad World Corp	Ug -101, Plot No -169 Gyan Khand -4, Indra Puram, Ghaziabad, Uttar Pradesh	India
S1-958959499	Delores Quilici Crystal Taiwan	WA, Spokane, 1715 Bismark Avenue	US
S1-550279526	Linsertion Detudes Amicale SAS	36 b Rue de l’Oustalet, La Teste-de-Buch, Nouvelle-Aquitaine	France
S1-743027874	Kbs Culturelle SCI	4 Rue du Chêne Lasse, Saint-Herblain, Pays de la Loire	France
S1-365497051	Club du Penchak	54 Rue Malesherbes, Lille, Hauts-de-France	France
S1-898364931	Superlative Ananya	A-62/A, Plot No.62 S/F, Joshi Colony, Mandawali, East Delhi, Delhi	India
S1-265656282	Real Law Chambers Limited	No. 341/1, New Colony Road, 15 Velampalayam, Tirupur Tn, Chennai, Tamil Nadu	India
S1-735750270	OAI Amicale SARL	Pays de la Loire, Saint-Nazaire, 18 Rue de Cardurand	France
S1-588036223	PVM Culturelle	41 Boulevard de la Moselle, Hauts-de-France, Lille	France
S1-648503479	DY Comite SA	3 Avenue du General de Gaulle, Lège-Cap-Ferret, Nouvelle-Aquitaine	France
S1-12512934	Technology Karunadu Solutions Pvt Ltd	100, I-Floor, South Car Street, Tiruchengode, Namakkal, Tamil Nadu	India
S1-970908714	Technologies Gaurav Centre	3-225/Sh/501, 2Fr, Sterling, Hgts, Mahendra Mind Space, Shaikpet, Hyderabad, Telangana	India
S1-238187319	Hutchison and Hartt Altisource, LLC	Clarkstown, NY, 3 Tramquill Avenue	US
S1-722772985	Maison Montaigut SAS	30 Rue de Cahors, Dunkerque, Hauts-de-France	France
S1-145790799	Ynez Koren, M.D. LLC	27 Cannon Street, Norwalk, CT	US
S1-819116455	In Marcheurs Agricole SAS	11 Allée du Pont de Madame, Mérignac, Nouvelle-Aquitaine	France
S1-450255443	Smart Impex Private Limited	8-3-222/1/S/204, Madhura Nagar, Hyderabad, Telangana	India
S1-745907971	Safran Technologies Ltd	Gujarat, 2Nd Floor, Allayani Wadi, Begampura, Surat, H. No 4/205 To 208, Surat City	India
S1-492789578	Emc Groupe SAS	31 Rue Jean Hameau, Bordeaux, Nouvelle-Aquitaine	France
S1-343001041	Modern Meridian LLC	6 Windsor Court, Guilderland, NY	US
S1-188906845	Melpomene College SARL	53 Rue Saint Roch, Tourcoing, Hauts-de-France	France
S1-849731295	Raghunandan Traders Private Limited	Andhra Pradesh, Kancharapalem, Visakhapatnam, D No. 57-1-29, Vishakhapatnam	India
S1-254769489	Warden Mid	5532 Koenen Road, Town Of Oakland, WI	US
S1-542957527	Moto Societe SARL	22 Rue de la Dette, Pornic, Pays de la Loire	France
S1-116141238	Clinique Saint Vacances	Nouvelle-Aquitaine, Bordeaux, 21 Rue Tastet	France
S1-851569372	Housing Initiative II Inc.	SC, 110 Duffie Street, Westminster	US
S1-14545498	Urban Seafood!	3913 Nicklaus Place, Carmichael, CA	US
S1-387451020	Roofers Estates	296, New Mahavir Colony, Sonipat, Haryana	India
S1-299236164	Opus & Brothers Pvt Ltd	A-305, Mantri Tranquil, Kanakapura Road Gubbalala, Bangalore, Karnataka	India
S1-884470867	Club des Team	146 Avenue Aristide Briand, Mérignac, Nouvelle-Aquitaine	France
S1-933079434	A & M Federal Inc	6802 Wayne Avenue, Chicago, IL	US
S1-609117068	Bordeaux Sportive SA	23 Rue René Magne, Bordeaux, Nouvelle-Aquitaine	France
S1-30334515	Yerres (France) Maison EURL	30 Rue Kervégan, Nantes, Pays de la Loire	France
S1-449152567	Gita Trading Pvt Ltd	No 9 Muda Employees, Layout Dattagalli, Mysore, Karnataka	India
S1-493806390	Noida Catalysts Private Limited	Kd-2, 405 Sector 134, Jaypee Greens Wish Town, Noida, Gautam Buddha Nagar, Uttar Pradesh	India
S1-722657574	Investigation Amis SA	15 Rue Nungesser, Pessac, Nouvelle-Aquitaine	France
S1-863368977	Pornic Constructions SARL	114 La Baconnière, Pornic, Pays de la Loire	France
S1-181957526	Bureau of Public Works	448834 965 Terrace, Vian, OK	US
S1-616081483	Wadsworth City Horizon Pharma	Wadsworth City, 1300 Coalridge Parkway, OH	US
S1-492237080	Pedagogie Anciens EURL	2 Bis Boulevard de Chantenay, Nantes, Pays de la Loire	France
S1-759921237	Faucett System LLC	1172 Bedford Road, Masury, OH	US
S1-991251054	A Cure 2 You	1400 Franklin Street, Rm ROOM 112, Elkhart, IN	US
S1-386624437	Shae J. Martinez, D.O.	MD, 6303 47th Avenue, Riverdale	US
S1-844397714	Bharat Logistics Private Limited	Madhya Pradesh, Gram Bedia, Khargone, Ward No 4 Kasrawad Road, West Nimar	India
S1-535830233	North Builders Pvt Ltd	B-203, Keshav Residency, Janki Path, Lekha Nagar, Dinapur-Cum-Khagaul, Patna, Bihar	India
S1-773439928	Lehpad Institut	1 Rue des Frères Amieux, Nantes, Pays de la Loire	France
S1-108872342	Fast Strategic Fannie LLC	WI, 3684 Saddle Ridge Road, Town Of Deerfield	US
S1-502643232	Ani Solutions Limited	Ajay Verma Singh S/O Ram Singh Majhila, Khudaganj, Shahjahanpur, Uttar Pradesh	India
S1-893556182	Solola Series LLC	3313 Berlin Court, Abingdon, MD	US
S1-241000633	Clean Cornerstone Auto Sales LLC	24985 Sunset Street, Paulden, AZ	US
S1-813003239	Contribuables (France) Amicale SARL	139 bis Boulevard Albert 1er, Bordeaux, Nouvelle-Aquitaine	France
S1-223304886	Big Investments Private Limited	Avani Oxford-Ii Bl-3, 1-Fr, Fl-3/1C, 136, Jessore Road, Jessore Road, North 24 Parganas, West Bengal	India
S1-830506198	Terres Boule Services SAS	5 Rue des Cigognes, Dunkerque, Hauts-de-France	France
S1-673030152	Allied Alliance	243 Hidden Lagoon Place, UT, Saratoga Springs	US
S1-354047337	Etude Medico SASU	48 AV PASTEUR, Pessac, Nouvelle-Aquitaine	France
S1-957834452	Anim Anciens SAS	4 Avenue des Prés de Toctoucau, Pessac, Nouvelle-Aquitaine	France
S1-539469990	3307 Lincoln Drive Associates PLLC	VA, Newport News City, 127 Riverview Parkway	US
S1-90623784	Mountain Vanguard Engineering	521 Shelton Beach Road, Saraland, AL	US
S1-97297704	India Anukool Foundation Pvt Ltd	B-43, Delhi, West Delhi, Wz-87 Vishnu Garden, West Delhi	India
S1-931885242	Demoiselle Foyer	164 Boulevard Robert Schuman, Nantes, Pays de la Loire	France
S1-207880577	Ruiz Prairie Real LLC	7342 Eden Circle, MN, Lino Lakes	US
S1-234716830	Pune City Developers	Neha Ii, Flat 1, Plot No 16, Sector 20, Krishnanagar, Pune City, Pune, Maharashtra	India
S1-765717197	Elite Maritime	1405 Spring Mill Road, Lower Merion Township, PA	US
S1-377562905	Pearson Holding, Inc	519 Cynwyd Circle, Lower Merion Township, PA	US
S1-258925382	Cherplasserry Solar Private Limited	13/1669, Pvn Towers Cherplasserry - Pattambi Road, Nr Govt H, Ospital, Cherplasserry, Ernakulam, Kerala	India
S1-474060530	Integrated Industrial Innovations LP	1804 Franklin Avenue, Mount Vernon, IL	US
S1-643292659	Schellenberg Beijing Corp	9471 Covey Trail, Fl 1, Scottsdale, AZ	US
S1-227953507	Gulf Fuels	1258 Halter Place, Calabash, NC	US
S1-991789137	98 Comite (France) SAS	4 Allée de Montréal, Pessac, Nouvelle-Aquitaine	France
S1-190968701	YN Finance Ltd	76/77, Shere Punjab Colony, Barewal Awana, Ludhiana, Punjab	India
S1-473349472	United Silver Apex Inc	4675 Ridgecrest Drive, Springfield, MO	US
S1-689642458	Felicia Brothers Ltd	Plot No Cb 158A, Office No 701, 702, Sun Tower Gandhi Nagar Mode, Tonk Road, Jaipur, Rajasthan	India
S1-635835519	Harvin Green Pvt Ltd	Flat No-49, Plot No-30 Sect-10, Iv/F, Dwarka, New Delhi, Delhi	India
S1-587006494	Lakshmi Exports Private Limited	Bldg G Wing 13 Floor, 1343, Delta Vrindavan Phase Ii, Mira Midc Road N H No 8 Dahisar Check Naka Mira Road E, Thane, Maharashtra	India
S1-474784715	Udyambag Value Pvt Ltd	Survey No. 329, Khanapur Road, Majgaon Cross, Udyambag, Plot No. B - 25, Karnataka, Belgaum	India
S1-494823549	Ss Infra Private Limited	Fp150 1708/B, Shreeji Villa Chsl, T H Kataria Marg, Opp Ganga Vihar Hotel Mahim, Mumbai, Mumbai City, Maharashtra	India
S1-534090237	Mitchell, Williams & White Center	8038 Innsdale Avenue, Cottage Grove, MN	US
S1-779015889	Good Craft (India) Pvt. Ltd.	New No.234, Old No.217, Thambu Chetty Street, Ist Floor, Chennai, Tamil Nadu	India
S1-932467648	Departemental Amis SAS	5 RUE des Ajoncs, Saint-Nazaire, Pays de la Loire	France
S1-895115729	Locataires Pharmacie SARL	3 Rue Guerin, Bordeaux, Nouvelle-Aquitaine	France
S1-933472834	International Energy LLP	3/1506, Mundath Multispeciality Clinic, Koppam, Pulassery, Palakkad, Kerala	India
S1-887890881	Global Agro Private Limited	Bangalore, B.S.R.Memoirs, 2Nd Floor New Bel Main Road, Chikkamaranahalli, No.15 & 16, Karnataka	India
S1-295925698	Toomer Creative Biotech LLC	104 Lombardy Drive, Middletown, MD	US
S1-933682144	Gorkahpur India Ltd	Gorkahpur, Uttar Pradesh, Gautam Buddha Nagar, House No 125K Mirihiriya Post Rigawali Bazar Campierganj	India
S1-283275347	Brown Stores L.L.C.	10 Lovell Street, Somers, NY	US
S1-665364350	Ihnim Medical EURL	128 Rue de Lannoy, Lille, Hauts-de-France	France
S1-312798547	Sai Software Private Limited	Suraj Deep Iind Floor1-Jopling Road Lucknow, Uttar Pradesh, Lucknow, Uttar Pradesh	India
S1-919093211	Riia	302 1st Street, Muenster, TX	US
S1-757276308	Polaris Triton LLC	425 Main Street, Warwick, ND	US
S1-651330390	Sean's Liberty Barbershop	23116 Pelican Bass Ln, Pelican Rapids, MN	US
S1-787647315	Iqbal Wealth Private Limited	J-72 1St Floor Saket, Delhi, New Delhi, South Delhi, Delhi	India
S1-537929665	Marudhar Hospitality Private Limited	G Block, Sambhaji, Nagar, Chinchwad Midc, Maharashtra, Rl190, Pune, Pune City	India
S1-302004869	Bajrang Merchants (India) Private Limited	Central Delhi, New Delhi, Delhi, N-95-94, Second Floor, Munshi Lal Building N-Block Cannaught Circus	India
S1-939837962	Fatehabad Garg Pvt Ltd	124-B Anaj Mandi Bhattu Kalan Tehsil, Fatehabad, Haryana	India
S1-569176125	Prairie Reliable Rocky	4207 El Sereno Circle, Mesa, AZ	US
S1-62701837	Super Technologies Private Limited	1St Floor, F6-123, Gidc, Near Vidyanagar Road, Anand, Gujarat	India
S1-473572447	Sky Marketing Limited	Flat No. A 502, Kumar Pinakin, Mohan Nagar, Near Bitwise, Baner, Pune, Maharashtra	India
S1-814087499	Al Investment Private Limited	C-78, Sector-2 Noida, Gautam Budh Nagar, Gautam Buddha Nagar, Uttar Pradesh	India
S1-452899260	Dago Ecole SARL	Lille, 112 Rue Meurein, Hauts-de-France	France
S1-232656230	American Engineering, Inc.	TN, 118 Lovell Road, Unit 402, Knoxville	US
S1-274565632	Collège Airs	34 Avenue des Deux Ponts, Pessac, Nouvelle-Aquitaine	France
S1-400604195	Yamuya India Private Limited	Kolkata, J1-14, Ep&4P Block Sector-V, Salt Lake City, West Bengal, Howrah	India
S1-880270598	Agra India Public Limited	Agra, Glory Plaza Swadeshi Bima Nagar, Agra, Shop No. Lg-5, Uttar Pradesh	India
S1-331015181	JSC International LLP	R/O.6-180/Sa102, Flat No.102, Srujana Avenue, Road No.5, Ktr Colony, Nizampet, Quthbul, Lapur (M), Hyderabad, Rangareddy, Telangana	India
S1-419829658	Cruz's Manufacturing	23 120th Avenue E, Tulsa, OK	US
S1-654693651	Properties Chit Pvt Ltd	Vill - Manasadanga, National Highway - 6 P.O. Bankra, Nibra, Howrah, Kolkata, Howrah, West Bengal	India
S1-80023857	TM Club SA	1 h Quai du Jonc, Lège-Cap-Ferret, Nouvelle-Aquitaine	France
S1-134314503	NB Plus LLC	TX, Fort Worth, 8300 Monterra Ranch Circle	US
S1-585633586	Baumgartner Nippon, PLLC	15830 91st Way, Redmond, WA	US
S1-273577728	Associated At Private Limited	1/293, Saket Nagar, Beawar, Ajmer, Rajasthan	India
S1-834266615	Decision Laboratory Limited	Tamil Nadu, Door No: 5/643, Dharmapuri, Krishnagiri, Anantha Nagar, Sipcot - Post, Hosur, Hosur	India
S1-448662176	Clinique Saint Jacques	14 Rue Royale, Calais, Hauts-de-France	France
S1-712870171	Yash & Associates Pvt Ltd	Plot No 156 Janki Nagar, Pipala Road, Nagpur, Maharashtra	India
S1-845187192	Cs College SAS	Nouvelle-Aquitaine, 14 RUE Prunier, Bordeaux	France
S1-347406104	Balaji International Private Limited	34-B, Sy, No. 11/26, Khanamet, Hitech-City Main Rd Hitech-City, Hyderabad, Telangana	India
S1-471674045	Schmidt Trust IV Inc	520 3rd Street, Crowell, TX	US
S1-633128695	20/20 Optical Inc	110 Willomet Avenue, Dallas, TX	US
S1-682468027	Family Federation PLLC	334 Baldinger Street, Houston, TX	US
S1-324160399	Arcadie Elementaire EURL	40 Rue de Solférino, Bordeaux, Nouvelle-Aquitaine	France
S1-806606416	Lycée Sainte Cmp	22 Allée Charles Dickens, Saint-Nazaire, Pays de la Loire	France
S1-853618717	WES Comite	Hauts-de-France, 5 Rue Tom Souville, Calais	France
S1-58725847	FO Apogee L.L.C.	8152 Black Canyon Access Road, Unit 414, Phoenix, AZ	US
S1-4049418	Airsoft Centre (France) SARL	26 Rue de la Maison Blanche, Nantes, Pays de la Loire	France
S1-905994249	École maternelle International	26 Rue de Marengo, Lille, Hauts-de-France	France
S1-539961871	Aileen Moye, O.D. P.C.	20 Craighead 367 Road, Jonesboro, AR	US
S1-350922668	Mission (India) Technologies Ltd	Ss - 1/579 Sector 7, Kopar Khairne, Thane, Maharashtra	India
S1-296977872	Shakti Exports Pvt Ltd	Shop No.G-16, Ground Floor, Ripplez Mall Plot No. 6A, Sector-6, Airoli, Navi Mumbai, Thane, Maharashtra	India
S1-867735788	Mora Champ, DMD, M.D., P.C.	7 Duncklee Street, Boston, MA	US
S1-131947883	Institut Marie	1 Rue des Pecheurs, Lège-Cap-Ferret, Nouvelle-Aquitaine	France
S1-733232627	PXB Techinfra Associates	Flat No 1401, Building No 4/B, Bhandup (W), Mumbai, Dheeraj Dreams Apl Mill, Mumbai City, Maharashtra	India
S1-638109309	White, Johnston and Smith Inc	219 Sun Valley Circle, AL, Sterrett	US
S1-72026334	Karine Amicale SARL	Hauts-de-France, Lille, 11 RUE des debris St Etienne	France
S1-837637885	Bright Ice Cream	IN, Haubstadt, 501 Eighth Avenue	US
S1-758217560	Familles Collège SARL	29 Rue André, Bordeaux, Nouvelle-Aquitaine	France
S1-814082573	Association de Garches	88 Rue Saint-Luc, Lille, Hauts-de-France	France
S1-368710733	Woodard & Heiser, LLC	MO, Lake Saint Louis, 2818 Estates Court	US
S1-354972330	Clout Tracon Private Limited	1St Floor, House No-263, Ward No-08 Tarachak, Danapur Cantt, Near Blue Bird School, Dinapur-Cum-Khagaul, Patna, Bihar	India
S1-52248889	Jai Consultants Private Limited	No. 98/10, Ii Street, Ramanathapuram, Salem, Tamil Nadu	India
S1-900503997	Q 3 E Agriculture	Amityville, 108 Broadway, Unit Apartment 5B, NY	US
S1-827273352	Initiative & Brothers Limited	Ahmadabad City, E-18, Gujarat, Vishala (East) Ind, Nava Nikol, Near-Madhuram, Ahmedabad	India
S1-967702289	Didwana Business Private Limited	House No 8 Jorawarpura, Post Palot, Didwana, Nagaur, Rajasthan	India
S1-367793992	Anny's Select Design Inc.	11903 Snapping Turtle Lane, Huntersville, NC	US
S1-605849538	Clinique Jean	4 Impasse du Clos de Maugis, La Teste-de-Buch, Nouvelle-Aquitaine	France
S1-816314184	Centre Hospitalier Sainte Sainte	2 quater Avenue Henri Dunant, Mérignac, Nouvelle-Aquitaine	France
S1-252823359	GJ Conseil SARL	24 bis Rue Jean Lavigne, La Teste-de-Buch, Nouvelle-Aquitaine	France
S1-511800355	Jouer & Cie SARL	1 Venelle Françoise d'Eaubonne, Nantes, Pays de la Loire	France
S1-485445585	Allied Sterling Johnson LLC	2233 Flora Drive, Peru, IN	US
S1-202383232	Calais Sportive SARL	10 rue claude monet, Hauts-de-France, Calais	France
S1-27695201	Adelle Brice Premier, Inc	1103 35th Street, Unit Apartment 206, Fargo, ND	US
S1-856743766	Surya Prime Impex Pvt Ltd	Upendrahouse, Ac-90/A, Prafullakananeasbesideprafullakanandeshpriyabidyama, Ndir H.S., Kestopur, Kolkata, Howrah, West Bengal	India
S1-669109165	Combelles College (France) EURL	95 Rue de Mouvaux, Roubaix, Hauts-de-France	France
S1-111081400	Cadence & Cie SARL	Nouvelle-Aquitaine, 221 RUE Achard, Bordeaux	France
S1-585240487	Carma Andrews, O.D.	18195 Montoya Drive, AZ, Surprise	US
S1-731355557	Mots Club SARL	6 Rue de la Rosière d'Artois, Nantes, Pays de la Loire	France
S1-718599566	Confrerie Pharmacie	Nouvelle-Aquitaine, Bordeaux, 64 Rue de Libourne	France
S1-249674908	Drayex Heritage Partners	6009 Birdcage Street, Unit APT 120, Citrus Heights, CA	US
S1-80100632	Kannan Buildwell Pvt Ltd	69, Church Avenue Road, Ollur P O, Thrissur, Kerala	India
S1-593900719	Institut de la Pierre	55 Rue Vivant Lacour, Saint-Nazaire, Pays de la Loire	France
S1-212672365	Baa LLC	3520 Lincoln Avenue, Unit 4, Ogden City, UT	US
S1-258958794	Blue Bakery	2160 Heron Haven Lane, Gloucester County, VA	US
S1-536103465	Roch Residence EURL	37 RUE des Postes, Lille, Hauts-de-France	France
S1-38067849	Vision Consultants Limited	B97A Lakda Wali Galli, Behram Nagar A K Marg, Mumbai, Maharashtra	India
S1-102265854	Bordeaux Club SAS	210 Avenue du Maréchal de Lattre de Tassigny, Bordeaux, Nouvelle-Aquitaine	France
S1-293192625	South Investment Private Limited	North West Delhi, Delhi, House No B-3-B1/1, Landmark Gupta Tower, Commercial Complex, Azadpur, Delhi	India
S1-978118110	Kaverva Solutions Private Limited	E-172 A, Ramesh Marg, C-Scheme, Jaipur, Rajasthan	India
S1-95542925	Wilson Choice Chs LLC	3604 Eagle Pass Road, Manchaca, TX	US
S1-624649079	Million (India) Works Corp	104, Wadala Udyog Bhavan, Naigaon Cross Road, Wadala, Mumbai, Mumbai City, Maharashtra	India
S1-628843515	Evince Wine LLP	B-5, C.D.A.Colony Shastri Nagar, Patna, Bihar	India
S1-311470734	Pessac Ecole	7 AV de lIle de France, Pessac, Nouvelle-Aquitaine	France
S1-330186949	White Projects Private Limited	No. 1, 18Th Cross, Kanaka Nagar, Rt Nagar Post, Bangalore, Karnataka	India
S1-295756298	Miss Fetes SAS	102 Rue Franklin, Roubaix, Hauts-de-France	France
S1-724229526	SAV Diamond American P.C.	27807 Pinpoint Crossing Drive, Katy, TX	US
S1-177405280	Ets Zero EI	5 Rue Emile-Antoine Bourdelle, Mérignac, Nouvelle-Aquitaine	France
S1-615648766	Red Developers Limited	O-20/A-2 Dilshad Garden, Delhi, East Delhi, Delhi	India
S1-402579180	Lycée Saint Jean	134 Rue du Chêne Houpline, Tourcoing, Hauts-de-France	France
S1-714151473	Établissements Leman SARL	51 Avenue de la Chapelle Forestière Pyla, La Teste-de-Buch, Nouvelle-Aquitaine	France
S1-106182354	Team Danse SCI	13 Avenue Marie-Louise, La Baule-Escoublac, Pays de la Loire	France
S1-900930223	Gvk Designing Private Limited	Flat No. 302, Omkar Chs, Plot No. 78B, Sector-5, Koparkhairane, Navi Mumbai, Navi Mumbai, Thane, Maharashtra	India
S1-906743581	Jones Rocky Charter	14212 Pony Hill Court, Fairfax County, VA	US
S1-282709411	Maitrise Club SARL	59 Rue Henri Bailleux, Lille, Hauts-de-France	France
S1-864834951	Nationale (France) Club	45 Rue Breau, Bordeaux, Nouvelle-Aquitaine	France
S1-444012954	Frontier Institute	Roy, MT, 27906 191	US
S1-210070631	TE Club SAS	2 Le Bois Macé, Pornic, Pays de la Loire	France
S1-600054081	Hibbert & Sparkman LLC	447 Vanderbilt Road, Biltmore Forest, NC	US
S1-533651977	ECG Club SARL	6 Rue Voltaire, Mérignac, Nouvelle-Aquitaine	France
S1-245081409	Empathy & Co	Shop No. 15, Extention 1, New Grain Market Hissar Road, Ambala City, Ambala, Haryana	India
S1-571295933	Oncology Physicians of Colonie	4 Sharon Drive, Colonie, NY	US
S1-491230205	Superior Hospitality Services LLC	1206 Grandview Avenue, Ojai, CA	US
S1-305538232	Doa Inc	1316 Trail Run Lane, Cordova, TN	US
S1-538831486	Silver (india Private Limited	Lucknow, Uttar Pradesh, Baikunth- 5 Sapru Marg, Lucknow	India
S1-884975191	Nantes Residence EI	264 Route de Vertou, Nantes, Pays de la Loire	France
S1-213927440	Comité du Accueil	137 Rue Pierre Mauroy, Lille, Hauts-de-France	France
S1-510107436	Petits Groupement SAS	118 Rue Etienne Dolet, Lille, Hauts-de-France	France
S1-70559223	Helenka Almanza Research, Inc	820 Woodrow Avenue, Essex, MD	US
S1-303014769	Citoyennete Maternelle	21 BIS Rue Adrien Pichon, Saint-Nazaire, Pays de la Loire	France
S1-706172531	4l Primaire (France) SAS	2 Place du Commandant Dewulf, Dunkerque, Hauts-de-France	France
S1-714073805	Welspun Knowledge	Plot No 36/1, Brahmeswar Patana, Bhubaneswar, Khordha, Orissa	India
S1-796001029	Gonzalez Health Center	226 Zabriskie Drive, Bryce Canyon City, UT	US
S1-780553613	La Baule-Escoublac Parents EURL	16 Avenue de l'Usté, La Baule-Escoublac, Pays de la Loire	France
S1-525268440	Amicale de Corbeau	4 Impasse Barbot, Bordeaux, Nouvelle-Aquitaine	France
S1-162925899	Pacific Workshop, Inc.	2480 Roosevelt Avenue, Cincinnati, OH	US
S1-556910492	Sult Kodiak Inc.	4 Church Lane, Unit Unit D, Clarkstown, NY	US
S1-3760435	Siddhi Storage Private Limited	Flat No C16-2103, 20Th Floor, Tower C 16, Prateek Grand City, Siddharth Vihar, Ghaziabad, Uttar Pradesh	India
S1-256799929	Kundu Growth Pvt Ltd	153, Budhwar Peth, Pune, Maharashtra	India
S1-845101584	Madelina Duffield, DPM	800 Elliott Road, Texarkana, TX	US
S1-370591739	Digital Swastik Foundation LLP	Splendor Complex Andheri, Maharashtra, Jogeshwari East, Flat-C/2601 Oberaoi, Mumbai	India
S1-905398438	Red It Private Limited	House No 16/297, G/F, Sangam Vihar, Delhi, New Delhi, Delhi	India
S1-364335580	Cercle Culture SCI	24 Avenue Roger Cohé, Pessac, Nouvelle-Aquitaine	France
S1-584664924	Enterprises Magpie Constructionprivate Private Limited	Rz-22, Roshan Garden, New Delhi, Delhi	India
S1-268586305	Pornic Sport SARL	5 Rue des Buissonnets, Pornic, Pays de la Loire	France
S1-626919561	Oncology Care Inc	1 Fawn Hill Drive, Airmont, NY	US
S1-369228417	Jmx Amis SAS	33 Cours d'Albret, Bordeaux, Nouvelle-Aquitaine	France
S1-10250554	Iolanthe Seat Choice Mozayyx LLC	1624 Estate Avenue, Bismarck, ND	US
S1-538939599	Iris Jeunes SARL	5 Rue Guépin, Pays de la Loire, Nantes	France
S1-438315837	Eastern Infotech Pvt Ltd	469, Bhupalpura, Udaipur, Rajasthan	India
S1-415381794	REB Consultancy LLP	House No 542 1St Floor, Shahbad Daulatpur, Khatu, Delhi, North West Delhi, Delhi	India
S1-745489398	Union du Defense	3 Rue du Mascaret, Bordeaux, Nouvelle-Aquitaine	France
S1-433201778	Ahmadabad City Marketing Private Limited	Behind Iscon Temple, Bopal-Ambli Road, S.G. Highway, Bodakdev, Ahmedabad, Gujarat, Gujarat, Ahmadabad City, A2302 Privlon, Ahmedabad	India
S1-943518680	Comité du Low	38 Boulevard de la Solidarité, Nantes, Pays de la Loire	France
S1-787346450	Beautiful Solutions LLP	8Th Flr Flat804 Fpno29, Saffronskywingccausewayrd, Surat City, Surat, Gujarat	India
S1-761722461	EEZ Solutions Private Limited	Hc 122-A, Hamilton Court, Dlf Phase 4, Galleria Dlf-Iv, Gurgaon, Haryana	India
S1-829121076	Super Foundation Private Limited	Ranveer Colony Gole Ka Mandir, Bhind Road, Gwalior, Madhya Pradesh	India
S1-616840572	Bartram Osprey LLC	W551 Hoosier Road, Town Of Spring Grove, WI	US
S1-902992201	Studio College	C-12 T Delhi Police Employers Cooperation Group Housing Soc Iety Mayur Vihar Phase-I, New Delhi, East Delhi, Delhi	India
S1-882378235	Big Projects Private Limited	Urja 11, Plot No. 4, Shanti Dham Veraval, Kotda Sanghani, Rajkot, Gujarat	India
S1-145321625	Calderon Preparatory Academy, Inc	Norman, 1730 Zayden Lane, OK	US
S1-769429901	Lipscomb Gamco	38287 Valley Ridge Place, Loudoun County, VA	US
S1-760415700	Eastern Entrepreneurs Pvt. Ltd.	A/302 Aaradhya Tower, Pipe Line Rd, Ghatkopar W, Mumbai, Maharashtra	India
S1-919034396	Medina Diamond Sun Inc	8555 Main Street, Unit 43, Reynoldsburg, OH	US
S1-526046906	Ericson Textiles	2130 Black Bridge Road, City Of Janesville, WI	US
S1-299009134	Silver Media Private Limited	2Nd Floor, To Rzg-5, Kh.No.-82/23 Mahavir Enclave, New Delhi, South West Delhi, Delhi	India
S1-371765394	Lille Anciens SCI	4 Rue Victor Tilmant, Lille, Hauts-de-France	France
S1-899446086	Prudence Reed Diversified LLC	1230 Oak Ridge Road, Botetourt County, VA	US
S1-136546648	Rural Atelier SARL	8 Rue Jean Jacques Rousseau, Tourcoing, Hauts-de-France	France
S1-971967440	Quality Diagnostic Ventures Corp	484 Texanna Way, Holly Springs, NC	US
S1-44240699	Real Pioneer Producer Private Limited	C/O Chhotelal Prajapati, Shanti Nagar Colony, Chhatarpur, Madhya Pradesh	India
S1-154531204	Dau Consultancy (India) Pvt. Ltd.	D.No. 1-3-67, Flat No.G-05, Bhargavi Residency Street No.6, Habsiguda, Hyderabad, Telangana	India
S1-319771126	Des Impex Private Limited	House No 821, Tower B Tulip Orange, Sector-70, Gurugram, Gurgaon, Haryana	India
S1-401015610	Bright Services Private Limited	No.134, Annai Indira Nagar, Mettu Annex Road Puthagaram Surapet, Chennai, Tamil Nadu	India
S1-881347062	Developpement Solart Club	6 Square du Beau-Bouquet, Lille, Hauts-de-France	France
S1-561392311	Hitech Finance Private Limited	Malda, Vill- Shreerampur, Po- Dhumadighi, Ps- Malda, C/O- Durjodhan Singha, Old Malda, West Bengal	India
S1-811615741	Maison Mille SARL	47 Rue Jacques Pitilion, Dunkerque, Hauts-de-France	France
S1-195435806	Killeen Community Center	4300 Lake Road, Unit G, Killeen, TX	US
S1-121776324	Twisted Ice Cream PC	7232 Ridgepoint Drive, Irving, TX	US
S1-156549052	Locataires Club SAS	24 Rue du Général Laperrine, Tourcoing, Hauts-de-France	France
S1-876094940	Express Staffing Technologies Inc.	1003 Sunny Brae Court, Apex, NC	US
S1-622786671	Centre Hospitalier Issue	39 Rue du Manège, Bordeaux, Nouvelle-Aquitaine	France
S1-326727898	Rockhold, Bracey and Corona LLC	League City, 2455 League City Parkway, TX	US
S1-595454597	Corps Pharmacie SARL	Bordeaux, 7 RUE Tiffonet, Nouvelle-Aquitaine	France
S1-650906454	Mountain Noble LLC	Pinetop-lakeside, AZ, 1407 Encanto Drive	US
S1-734270685	Nantes Fetes SARL	36 Avenue René Bazin, Nantes, Pays de la Loire	France
S1-653968722	Arihant Care Private Limited	T.C. 41/114(3), Jupiter Lane Attakulangara, Manacaud P.O, Thiruvananthapuram, Thiruvananthapuram, Trivandrum, Kerala	India
S1-845137885	Anand Dream Investments Private Limited	Mumbai City, Maharashtra, Kastur Park, Shimpoli Road Near Suvarna Hospital, Borivali(W), 6-Aradhana, Mumbai	India
S1-633932385	Lège-Cap-Ferret Gestion SARL	1 Avenue de la Reousse Dune l'Herbe, Lège-Cap-Ferret, Nouvelle-Aquitaine	France
S1-562480231	People Dalmia Private Limited	No. 337/14, 2Nd Floor, 10Th Main, 2Nd Block Banashankari 1St Stage, Bangalore, Karnataka	India
S1-947346353	Modex Trading Private Limited	117/Q/479-Sharda Nagar, Kanpur, Naveen Nagar, Kanpur Nagar, Uttar Pradesh	India
S1-894132102	Fédération des Bouge	9 Rue du Chêne Vert, Pessac, Nouvelle-Aquitaine	France
S1-281736960	Hari Marketing LLP	H No - 14A, K-375 Siyaram Vihar Takrohi Indira Nagar, Lucknow, Uttar Pradesh	India
S1-644787798	Generale Agricole SARL	8 Avenue Marcel Doret, Mérignac, Nouvelle-Aquitaine	France
S1-902851379	Elly Hughey Cascade Cloud LLC	500 89 Street, NY, New York	US
S1-3187858	Piedmont Foundation	Eugene, 217 Shamrock Court, OR	US
S1-48172615	Usha (India) Swad Private Limited	Pt No 10 Kadu Layout, Mhada Colony, Nari Road, Nagpur, Maharashtra	India
S1-691591846	Highland (india) Pvt Ltd	Office No 318, 3Rd Floor, Bgta Ganga Premises Bldg No A/3, Wadala Truck Terminal, Wada, La East, Mumbai, Mumbai City, Maharashtra	India
S1-515759479	Classic Wholesale Systems, Inc	209 Town Farm Road, Litchfield, CT	US
S1-931022589	Crossman, Brynne R., D.O.	3140 Saunders Settlement Road, Cambria, NY	US
S1-573080619	Evm Const	201-B, Raheja Solitaire, Udyog Nagar, Off S.V. Road, Goregaon (West), Mumbai, Mumbai City, Maharashtra	India
S1-900609232	Silver Sports, Inc	VA, Prince William County, 3251 Mountain Road	US
S1-297441798	3r Coiffeurs Collectif EURL	92 Boulevard Auguste Caillaud, La Baule-Escoublac, Pays de la Loire	France
S1-784755065	Centre Médical du Ape	7 Rue des Bigarreaux, Pornic, Pays de la Loire	France
S1-581151566	North Infrastructure Private Limited	728, Iv Street, Anna Nagar West Extension, Anna Nagar West Extension, Chennai - 600 101., Tamil Nadu	India
S1-81386572	Eye Partners	199 Lilly Trail, Lexington, NC	US
S1-856099383	Developers Godrej Rise Limited	108, 2Nd Floor, 27Th Main Road, Hsr Layout, Sector 2, Opposite T, Bangalore, Karnataka	India
S1-647020676	Convenient & Partners	No. 204, G Floor, Sobha, Deflower, Mg Garden, Bangalore South, Bangalore, Karnataka	India
S1-253022375	Nationale Gaz SARL	16 Rue du Maréchal Joffre, Dunkerque, Hauts-de-France	France
S1-687250436	Francais Societe SAS	182 Route de Gravelines, Calais, Hauts-de-France	France
S1-423519500	Basoft	121 Pine Street, Unit Lot 8, Nashville, AR	US
S1-83805074	Gardiens Restauration	1 Rue Max Linder, Nantes, Pays de la Loire	France
S1-380350236	Proify LLC	518 Stoneybrook Lane, Leeds, AL	US
S1-213953260	Publique & Frères SARL	35 Rue Alfred Caulier, Dunkerque, Hauts-de-France	France
S1-270093443	Voie Groupement EURL	Unite centralisee dendoscopie, Calais, Hauts-de-France	France
S1-814939648	Pollard's Pioneer Salon	3827 Milwaukee Avenue, Unit E, Chicago, IL	US
S1-820513013	École maternelle Sainte Creusot	27 Avenue des Chevreuils, Lège-Cap-Ferret, Nouvelle-Aquitaine	France
S1-667001270	Nantes Parents SAS	6 Promenade Europa, Nantes, Pays de la Loire	France
S1-472087049	Griffith, Jyoti, DMD	105 School Street, Springfield, MA	US
S1-615647719	Bordeaux Culture SARL	Bordeaux, 47 Cours de la Martinique, Nouvelle-Aquitaine	France
S1-272733295	Chasse Comite SAS	21 Avenue des Abeilles, Lège-Cap-Ferret, Nouvelle-Aquitaine	France
S1-895400040	Prakash & Brothers Private Limited	Banskopa Industrial Area, Block Gopalpur, P.S. Kanksa, Durgapur, Kanksa, Bardhaman, West Bengal	India
S1-938367853	Lueck Currencyshares LLC	508 61st Street, Chicago, IL	US
S1-215959876	Berty Neal Best Nexus, LLC	Steubenville, 916 Longford Drive, OH	US
S1-662833817	Comité de Anatolie	25 Rue de La Boétie, Bordeaux, Nouvelle-Aquitaine	France
S1-211273190	Gulf Secure Starling	268 1825, Centerville, UT	US
S1-137086222	Shree Shakti Engineering Private Limited	87/28, Raja S.C, Mullick Road, Kolkata, Kolkata, Howrah, West Bengal	India
S1-976490720	Potins Culture SAS	10 Bis Allée de l'Ile Gloriette, Nantes, Pays de la Loire	France
S1-876736829	Blue Charter School LLC	235 Davis Avenue, Clemmons, NC	US
S1-311904329	Base Trading Private Limited	11/34, Main Road, Municipal Office Town Bus Stand, Dindigul, Tamil Nadu	India
S1-584395895	Precision Morgan Co	50-07 65 Street, Woodside, NY	US
S1-518558182	Action Industrial Private Limited	Nf 909, 910, 911 Pehel Lakeview, Khoraj Gandhinagar, Gandhinagar, Gandhi Nagar, Gujarat	India
S1-910068840	Shakti Care Limited	Shree Mira Co-Op Hsg Societyltd Akurli Road Kandivali East, Maharashtra, Mumbai	India
S1-986878951	Bigway Educational Society	207, D-323, 2Nd Floor, Balajicomplex Laxmi Nagar, East Delhi, Delhi	India
S1-89885076	Vivien's Patriot Lending	Rockingham County, 19331 Red Brush Road, VA	US
S1-229358424	Hyderabad Partnership Limited	8-2-684/1/B, Durga Enclave, Road No - 12 Banjara Green Colony, Banjara Hills, Hyderabad, Telangana	India
S1-434619110	Association des Droit	Nantes, 80 Rue de la Convention, Pays de la Loire	France
S1-97114725	Bordeaux Maternelle SARL	Nouvelle-Aquitaine, Bordeaux, 37 Rue de la Devise	France
S1-412391458	Pharmaceuticals Vanijya	Plot No. Fp 46/47, Food Park, Midc, Nagpur (Rural), Nagpur, Maharashtra	India
S1-827464095	Jay Logistics Private Limited	2, 1St Main Road, Someswaranagara, Bengaluru, Bangalore, Karnataka	India
S1-490201675	Raymond (France) Primaire EI	5 Rue Gustave Lefrançais, Dunkerque, Hauts-de-France	France
S1-242258271	Biswas Electronic Private Limited	J 1003, 10Th Floor, Tower J, Amrapali Zodia, Sector 120, Noida, Gautam Buddha Nagar, Uttar Pradesh	India
S1-70127986	Solano's Fisheries LLC	7300 Locust Avenue, Eagle Mountain, UT	US
S1-812582293	Gpl Institute LLP	Shop No 39 40 41 Ashokamall S No 49/A2 47 1/A, Bund Garden Road, Opp And Sand Hotel, Pun, E., Pune, Maharashtra	India
S1-589029583	Ss Constructions Pvt Ltd	H No.31-8-64/12, Flat No.403 Near Nelamma Vepachettu, Assam Gardens, Bangaramma Metta, Vishakhapatnam, Andhra Pradesh	India
S1-765586993	Cornerstone Clough	VA, Lynchburg City, 4710 Greenwood Drive, Unit UNIT 3-4	US
S1-654861800	Technique Amis SAS	64 Quai des Queyries, Bordeaux, Nouvelle-Aquitaine	France
S1-222618478	Krishna Marketing Pvt Ltd	Rajkot, C/Ochauhan Dineshbhai, Nanalal, Bhagvatipara Road, Gujarat	India
S1-83483967	Dental Group	104 9th Street, Sarcoxie, MO	US
S1-675028431	Colin Sante SARL	19 Rue de la Birochere, Pornic, Pays de la Loire	France
S1-852488738	3638 Church Avenue Owners Corp Inc.	Carrington, 1075 3rd Street, ND	US
S1-927365711	Fédération de Bureau	85 Rue Princesse, Lille, Hauts-de-France	France
S1-17164831	Brooks, Dorotea, MD	73142 490th Avenue, Jackson, MN	US
S1-500204841	Ladiescircle (France) Residence SA	11 Boulevard de Lyon, Roubaix, Hauts-de-France	France
S1-653865433	NIB College	17 RUE du Petit Bel Air, Batiment B1, Nantes, Pays de la Loire	France
S1-915213087	Shree Sangh	C-601 Gardenia Glamour Phase-2 Maharaja Agarsain Marg, Sector-3, Vasund, Hara, Ghaziabad, Uttar Pradesh	India
S1-391281896	Kylynn Ryman Classic Keen	2913 Virginia Street, Paducah, KY	US
S1-539038924	Great Smart Illinois LLC	2155 Cr 305, Port Alto Community, TX	US
S1-542494124	Global Wells LLC	2673 88th Avenue, Fargo, ND	US
S1-406808787	Caldelle Liberty LLC	Unit 25, MA, Hanover, 295 Winter Street	US
S1-321040238	Sunrise Red Logistics Private Limited	58 A, Pokharpur Jajmau, Kanpur, Uttar Pradesh	India
S1-443365696	Vivre Élémentaire SARL	3 RUE de la Madeleine, 11 residence St Florent entree B, Lille, Hauts-de-France	France
S1-180188788	Total Marketing, LLC	1228 Kennedy Drive, City Of Hartford, WI	US
S1-442379950	Ra Sante SAS	9 Rue Capitaine Philippe Koenigswerther, Bordeaux, Nouvelle-Aquitaine	France
S1-167159911	Anchor LLC	16 Fuller Street, Unit B, Lee, MA	US
S1-55090358	Silver Heartland Freight Inc	19 Cardinal Lane, Barnstable, MA	US
S1-686475707	Peridex Focus	22086 Homer Smith Road, Babbie, AL	US
S1-893919982	Caldon Innovation	414 Sweetheart Dr Drive, Rogersville, MO	US
S1-440872116	Dream Care Private Limited	D6, Ii Floor, Maruthi Plaza, Dvg Road, Opp: To Vodafone Office, Basav, Anagudi, Bangalore, Karnataka	India
S1-927670110	Urban Ice Cream	18 Evers Street, Worcester, MA	US
S1-261196318	Bsl Future Corporation	West Bengal, Howrah, C/O. Aero Agro Chemical Industries Ltd, Unit-7/7 1858/1, Rajdanga Main Road, Merlin Acrop, Olis Build, Kolkata, Kolkata	India
S1-755175144	Hedda Schreffler Clear Polska	Bronx, 3 Stanton Court, NY	US
S1-462368008	Urgent Care Clinic LLC	114 Bee Balm Lane, Boone, NC	US
S1-97272878	Indian Capital	House No. 258, Bharat Nagar, Huzur, Bhopal, Madhya Pradesh	India
S1-430116176	A Cure 4 All	5343 Holmes Street, Kansas City, MO	US
S1-667749763	Hu Élémentaire SAS	2 Rue de la Barbinais, Nantes, Pays de la Loire	France
S1-976280753	Happy Pilates	1425 17th Street, Unit 705, Washington, DC	US
S1-925441994	Primary Care Partners LLC	Columbus, OH, 820 Hampton Road	US
S1-857758576	South Global Pvt Ltd	5-9-191, First Floor, Brindavan Commercial Complex Chirag Ali Lane, Abids, Hyderabad, Telangana	India
S1-34323125	École primaire Combattants	16 RUE de France, Pessac, Nouvelle-Aquitaine	France
S1-522516216	Shree Infrastructure Private Limited	Bl-Ga 10, Fl-C, 106 Kiran Chandra Sinha Road, Lp-7/1, Domjur, Howrah, West Bengal	India
S1-528352321	Lille Primaire SAS	18 Jetée de la Gare d'Eau, Lille, Hauts-de-France	France
S1-940991757	Établissements Happy EI	1 Impasse des Galips, Lège-Cap-Ferret, Nouvelle-Aquitaine	France
S1-778251172	City Foundation Pvt Ltd	Srikant Chamber G-7 B-Wing Chembur, Nr R K Studio Purav Marg, Mumbai, Maharashtra	India
S1-385404218	Sperling, Christopher & Farah LLC	1436 21st Avenue, Fort Dodge, IA	US
S1-452197215	Seattle Cotton (India) Private Limited	A-1601/1602, Lake Pleasant Lake Home Phase- 2, Off. A S Marg, Powai, Mumbai, Mumbai City, Maharashtra	India
S1-608663341	Express Exchange	111 Pine Haven Park, Rockingham, NC	US
S1-585300635	Maison Rpi SAS	61 Rue Henri Terquem, Dunkerque, Hauts-de-France	France
S1-110426464	Établissements Animation	51 Rue François Marceau, Bordeaux, Nouvelle-Aquitaine	France
S1-736524130	Shuster Liquor of East Peoria	322 Woodlawn Boulevard, East Peoria, IL	US
S1-521719459	Collège du Caarud	8 Rue Cabanis, Lille, Hauts-de-France	France
S1-638251402	Fédération de Drones	77 Rue de la Contrie, Nantes, Pays de la Loire	France
S1-255007532	Vaayuavi Real Pvt. Ltd.	No.1, Kk Road, Opp Nenepu Building Behind St Mary'S School, T Dasarahalli, Bangalore, Karnataka	India
S1-576885244	Smart Infotech Limited	Vill- Hariraha, Rustampur Anchal- Laukahi, Madhubani, Bihar	India
S1-61765280	MTO Farm Limited	Ahmednagar, Maharashtra, Ahmednagar, Bhushan Nagar Kedgaon, Charch Road	India
S1-485929093	Team Anciens SAS	appartement 5, Nouvelle-Aquitaine, 16 RUE Marengo, Bordeaux	France
S1-371289961	Établissements Sauce SAS	34 Rue de la Halle, Lille, Hauts-de-France	France
S1-29004532	Violences Supporter Maison SASU	1 Rue Alfred Delattre, Lille, Hauts-de-France	France
S1-576692237	Cobalt LLC	5219 Parkview Avenue, OH, Cincinnati	US
S1-569249104	Pharmacie Personnel	13 Rue Bernard Roy, Nantes, Pays de la Loire	France
S1-544154260	Pitts Income Inc	525 Cherry Street, Dunlap, TN	US
S1-443881705	Vivre Section	12 Cour Delattre, Lille, Hauts-de-France	France
S1-698048240	Personne Centre SARL	43 Boulevard Bénoni Goullin, Nantes, Pays de la Loire	France
S1-746831297	Anjana Park Private Limited	Plot No.11, Sector-15 A, Faridabad, Haryana	India
S1-330179362	Down Rapid Heritage, Inc	Unit Suite 10, 192 Lark Street, NY, Albany	US
S1-772455449	Brasserie Jeunes SASU	14 Rue des Frères Pereire, La Teste-de-Buch, Nouvelle-Aquitaine	France
S1-347809843	SON Amis	25 Rue de Grillaud, Nantes, Pays de la Loire	France
S1-594645901	Glyphiq Joint LLC	178 Wilson Street, Bridgeport, CT	US
S1-564162972	École primaire Trou	11 Rue des Ecureuils Cazaux, La Teste-de-Buch, Nouvelle-Aquitaine	France
S1-182340176	Good Infrastructure Limited	Shop No. 4, Ground Floor, Plot 58/68 Forjett House Vasantrao Naik X Lane August Kranti Marg, Mumbai, Mumbai City, Maharashtra	India
S1-442096133	Association des Janville	102 Rue Nicolas Poussin, Calais, Hauts-de-France	France
S1-580912572	Maison de Santé Festive	37 Rue des Ayres, Bordeaux, Nouvelle-Aquitaine	France
S1-721807329	Établissements Djs SAS	22 Rue Maisdon Pajot, Nantes, Pays de la Loire	France
S1-496573855	Fédération du Atout	39 Cours de l'Intendance, Bordeaux, Nouvelle-Aquitaine	France
S1-213422733	Trusted Broadcast Worldwide LLC	2815 Hart Street, Dyer, IN	US
S1-621656050	Casey Society VI Inc.	600 217 Carmel Drive, Unit SUITE, Carmel, IN	US
S1-524669141	Economique Congregation Theatre SARL	57 Avenue de l'Océan Cap Ferret, Nouvelle-Aquitaine, Lège-Cap-Ferret	France
S1-10425446	Marche Comite SAS	16 RUE des Freres Amieux, Nantes, Pays de la Loire	France
S1-230403847	Fdc Group	S/O Sk Islam Uddin, Villandp.O Kalindi, P.S Mandarmoni, Coastal, Midnapore (E), Midnapore, West Bengal	India
S1-803173186	Wildlife Charities	725 Golf Course Road, Forest City, IA	US
S1-337384358	Sardar Brothers Limited	Classic Pentagon, Western Express Highway, Nr. Bisleri, Andheri East, Mumbai, Maharashtra, Mumbai, 7Th Floor	India
S1-449253286	Bordeaux Élémentaire SAS	11 Avenue d'Arès, Bordeaux, Nouvelle-Aquitaine	France
S1-798017783	Association de Petits	35 Rue Abel Martin, Tourcoing, Hauts-de-France	France
S1-582765337	Club de Departemental	137 Rue de la Benauge, Bordeaux, Nouvelle-Aquitaine	France
S1-655937291	Ephemeres Amicale SARL	6 Impasse Pierre Loti, Dunkerque, Hauts-de-France	France
S1-633803758	Nationale Federation SAS	96 bis RUE de Paris appt B02, Tourcoing, Hauts-de-France	France
S1-29086989	Britta C. Donovan, O.D.	4 Chrisman Avenue, London, OH	US
S1-533009813	Etrier Union SARL	RUE du Plessis-Bouchet, Circuit Christian Bageot, Saint-Herblain, Pays de la Loire	France
S1-165852947	Bundick's Premier Family Practice	10605 Red Robin Road, Albuquerque, NM	US
S1-286371860	Creative Digital	928 Erb Farm Lane, Naperville, IL	US
S1-939678805	Ear Nose & Throat Star Partners Partners	2621 Enchanted Hills Drive, Tucson, AZ	US
S1-199974384	YW Primaire SAS	72 Rue Saint-Sauveur, Lille, Hauts-de-France	France
S1-157172479	Alpha Services Pvt Ltd	C 354 Basement, Defence Colony, New Delhi, South Delhi, Delhi	India
S1-403479156	Skylark Solutions Public Limited	102, Phanse Avenue, 30, Patel Nagar, Indore, Madhya Pradesh	India
S1-553492801	Speck Institutions Inc	100 Kimbell Road, Unit APT 84, Yukon, OK	US
S1-825310422	Team Culturelle (France) EURL	29 Rue des Bleuets, Bordeaux, Nouvelle-Aquitaine	France
S1-851934895	Commission on Labor	WA, 6624 179th Street Court, Puyallup	US
S1-561201794	Lille Groupe	229 RUE Solferino, Lille, Hauts-de-France	France
S1-83346906	Dentraide Groupement	Bordeaux, Nouvelle-Aquitaine, 19 Rue Binaud	France
S1-156252069	Solstice Pono LLC	Michigan City, IN, 2227 Rolling Meadows Drive	US
S1-257603292	Star It Private Limited	Spacelance 39, Ngef Lane 2Nd Floor Indiranagar, Bangalore, Karnataka	India
S1-415430672	Vaex Family Office Inc	OH, 5090 Nature Trail, Cincinnati	US
S1-547505716	Wilson and Mcsweeney	300 12th Street, Unit 731, Washington, DC	US
S1-620719461	Ets Fjt	4017 Place Sillery, Dunkerque, Hauts-de-France	France
S1-994956652	International Investment Industries	5180 Hooper Lake Road, Deephaven, MN	US
S1-809501717	Permis Union	159 Rue Belle Rade, Dunkerque, Hauts-de-France	France
S1-5991359	UAA Pharmacie	33 Rue de Guirauton, Mérignac, Nouvelle-Aquitaine	France
S1-732573027	Wagner, Reagan & Heather Computing, Inc	81 Roundtop Road, Yonkers, NY	US
S1-188423221	UYS Agencies Private Limited	C-449, Ground Floor Sector-10, Noida, Gautam Buddha Nagar, Uttar Pradesh	India
S1-648185390	Arihant Healthcare Limited	#12, Sanjeevappa Layout, 10Th E Cross Nagavarpalya, C V Raman Nagar, Bangalore, Karnataka	India
S1-604504963	Dreamcatcher Coiffure SASU	18 Rue Mondenard, Bordeaux, Nouvelle-Aquitaine	France
S1-482372717	Rayshell's Textiles	937 Batchler Road, TX, Red Oak	US
S1-852273610	Scs Commodity Limited	Shop No. 101, S. No. 123/1/1 W-Biz Pune City, Mulashi, Pune, Maharashtra	India
S1-782059004	Savs Section SAS	11 Rue Jacques Jollinier, Saint-Nazaire, Pays de la Loire	France
S1-254236448	Premlata Forklift Private Limited	1-2-33/Me/30, Merdian Enclave Prashant Nagar, Hydernagar, Nizampet Roa, D, Hyderabad, Telangana	India
S1-605893637	Shiva Engineering Private Limited	H No 3-5-101/1, Vivekananda Nagar Colony, Tirumalagiri, Hyderabad, Telangana	India
S1-591492230	Surgical Ace Clinic	461 Johnson Branch Road, Bryson City, NC	US
S1-68043646	Bright Cascade Pimco LLC	305 2nd Ave SW, Cedar Rapids, IA	US
S1-690186349	AO Starling	Millbury, 7 B Elmwood Terrace, MA	US
S1-792667758	Tirupati Land Private Limited	Maharashtra, Pune, S. No.6 Royal Tranquil, Pune, Office No. 104, Kokne Chowk	India
S1-815150823	East Municipals PLLC	6012 Sailors Creek Drive, Chesterfield County, VA	US
S1-89977800	Foot & Ankle Group	111 107th Street, MN, Bloomington	US
S1-734525620	Shree International School	C/O Soumik Laha, Shripur, Hugli, Goghat-Ii, Hooghly, West Bengal	India
S1-753708234	SAY Institute	Rajkot, Kalawad Road, 29-B, Gujarat, Sharda Nagar Society, Krupa	India
S1-187403537	Roxanne Rodriguez, MD	Dayton, OH, 8875 Winston Farm Lane	US
S1-195790214	Lille Energie SARL	3 Boulevard Jean-Baptiste Lebas, Lille, Hauts-de-France	France
S1-932175064	Physical Therapy Center Inc	2946 Blue Lake Drive, Pinetop, AZ	US
S1-600744313	Jhansi Paul Limited	House No.1527-C-3 Near Janki Puram Civil Lines, Jhansi, Uttar Pradesh	India
S1-196391001	Whiteley School of Medicine	10718 Red Lion Place, Chesterfield County, VA	US
S1-521141677	Roubaix Amis	26 Rue de Bouvines, Roubaix, Hauts-de-France	France
S1-280268910	Ajay Charitable Trust	C - 501 Gtb Nagar, Allahabad, Uttar Pradesh	India
S1-439945018	Union de Evangelique	40 Quai de Brazza, Bordeaux, Nouvelle-Aquitaine	France
S1-249431490	Silva Group	41 Camino De Golondrina, Ranchos De Taos, NM	US
S1-225603086	Woltman Aria Inc.	412 Arrowhead Drive, Allen, TX	US
S1-505501462	Sonakshi Trading Private Limited	Chennai, Old No 5, Kanniah Street, Off North Usman Road, T.Nagar, New No. 4, Tamil Nadu	India
S1-770293898	Pediatric Dentistry Coastal Care Associates LLC	2 South Street, Sherburne, NY	US
S1-636522861	Share Jeunes (France) SAS	135 Rue Arsène d' Arsonval, Saint-Nazaire, Pays de la Loire	France
S1-130196805	Atithi (India) Merch Private Limited	Salem, Sf.No.38/7A1, Tamil Nadu, Kma Complex, Trichy Main Road, Seelnaickenpatti	India
S1-527306901	Mots & Frères SCI	137 Boulevard de l'Egalité, Calais, Hauts-de-France	France
S1-150354724	Villalobos Purpose LLC	360 Daffodil Lane, Matteson, IL	US
S1-195793594	Alpha Properties Private Limited	401, Devkrupa, 28, Raichur Street, Masjid (E), Mumbai, Maharashtra	India
S1-33183453	Krishna Guru Enterprises Private Limited	Shop No. 2, Site No.26, 27, Vinayakanagar, 1St Cross Devasandra Main Road, K.R. Puram, Bangalore, Karnataka	India
S1-361003424	Pacific Holding Company L.L.C.	228 Irving Avenue, Bend, OR	US
S1-626962031	Établissements Dutilisation SARL	15 Rue du Comptoir Linier, Dunkerque, Hauts-de-France	France
S1-266323977	Gonzalez Managed	2002 Farnham Court, Schaumburg, IL	US
S1-417778949	Behavioral Health Associates Lexington	Lexington, TX, 232 Nursery Drive	US
S1-282881921	Trophy & Cie SARL	Roubaix, Hauts-de-France, 11 Rue Michel Ange	France
S1-698561653	Ets Communale SARL	1 Avenue de la Presqu'Île, Lège-Cap-Ferret, Nouvelle-Aquitaine	France
S1-821255371	Apex Finance Private Limited	Ambedkar Nagar, Uttar Pradesh, 241, Ambedkar Nagar, Kamalpur Pikar, Post Mubarkpur Pikar	India
S1-478999574	Établissements Nou SARL	Nouvelle-Aquitaine, Pessac, 15 Rue du Transvaal	France
S1-446359489	South Tech LLP	Room No 12, 2Nd Floor, Shankar Niwas, Road No 3 Dadasaheb Rege Marg, Shivaji Park, Dadar, Mumbai, Mumbai City, Maharashtra	India
S1-20836554	Trottoirs Centre SARL	225 Rue de la Blanche Porte, Tourcoing, Hauts-de-France	France
S1-697529143	Ziify Preferred Scuti Inc	15 Mentor Avenue, Painesville City, OH	US
S1-266394753	Bharathi Snacks Company	Maharashtra, Sion Fish M, Sion Chunabhatti Signal, Mumbai, Joglekarwadi	India
S1-104749084	Centre Médical Papy	13 Rue du Noviciat, Bordeaux, Nouvelle-Aquitaine	France
S1-793634854	Ocean Comite SARL	120 Avenue Gustave Dron, Tourcoing, Hauts-de-France	France
S1-401484658	Royal Ecole SCI	37 Rue Camille Desmoulins, Nantes, Pays de la Loire	France
S1-1127494	Edwards and Madan LLC	4698 Loma Verde Avenue, Eloy, AZ	US
S1-220361456	Surgical Partners P.C.	2125 Hunters Trail Drive, Indian Trail, NC	US
S1-242963716	Powercon Global Pvt. Ltd.	4378/4B, Murari Lal Stree, New Delhi, Central Delhi, Delhi	India
S1-421034085	Global Media Private Limited	No.8, Sri Ramanuja Centre Commercial Complex, Station Road, Hubli, Dharwad, Dharwar, Karnataka	India
S1-805997797	South Business LLP	House No. 211, Gali No. 5 Shakti Park, Gurugram, Gurgaon, Haryana	India
S1-734429435	Ets Droopy SAS	23 COUR2 Louis Fargue, Residence les Attiques - Appt. 103 - Bat. B, Bordeaux, Nouvelle-Aquitaine	France
S1-226094783	Crayons Rental Limited	Lalita Mansion, Flat No. 01, Road No.-03, Priyadarshi Nagar, Near Dps(Junior Wing) Opposite To Prachi Car Washing, P.S- Rupaspur, Bailey Road, Danapur, Patna, Dinapur-Cum-Khagaul, Patna, Bihar	India
S1-694724503	Bombay Hospitality Private Limited	Shop No 1 Panchsheelapartment 213 Waterfield Rd Bandra (W), Mumbai, Maharashtra	India
S1-629316336	Roex LLC	850 611, Rotan, TX	US
S1-117129391	Jai Impex Private Limited	S.No.67/13, Yashal Tower, Chavindra, Nashik Road, Bhiwandi, Thane, Maharashtra	India
S1-523828154	Thiruvananthapuram Agro	Assarieth Building, T.C- 26/1119, Kunnukuzhy, Pattom, Thiruvananthapuram, Thiruvananthapuram, Trivandrum, Kerala	India
S1-285044881	Pcr (India) People Private Limited	Radha Swami Samyak, Nr. Jk Light, Lambhvel Rd, Anand, 305, Gujarat	India
S1-120999861	Creative Logistics Pvt Ltd	Desk No Ckod-28, Sy No 15, H No 7-107, Gandipet, Narsingi, K.V.Rangareddy, Rajendranagar, K.V.Rangareddy, Telangana	India
S1-449954998	Downing Services	637 Road 660, Dayton, TX	US
S1-754982029	École primaire du Jeanne	34 Rue de la Passerelle, Tourcoing, Hauts-de-France	France
S1-390867028	Al Properties Limited	House No 101A, Sainik Kunj Kunraghat, Gorakhpur, Uttar Pradesh	India
S1-494529793	Autism Assistance Initiative	1400 7th Street, Unit APT 103, Hopkinsville, KY	US
S1-800307097	Etudiants 91 Amicale EI	Dunkerque, 92 Rue Bir Hakeim, Hauts-de-France	France
S1-919745953	Dart Anciens	102 Rue Henri Ghesquière, Lille, Hauts-de-France	France
S1-762621427	Upper Epr	272 Pinners Cove Road, Asheville, NC	US
S1-231907401	Kerala Ice Private Limited	5/185 Ii Cross St, Venkateshwara Nagar, Polichalur, Chennai, Tamil Nadu	India
S1-738171269	Financement & Cie SAS	28 Rue du Jardin Public, Bordeaux, Nouvelle-Aquitaine	France
S1-108899220	Brande Darden, DPM	6132 47th Place, Marysville, WA	US
S1-156117351	Shirdi Brothers Limited	717, Dlf Tower B, Jasola District Centre, Jasola, New Delhi, South Delhi, Delhi	India
S1-735661730	Institut Saint Locale	34 b Rue Jean Moulin, Pornic, Pays de la Loire	France
S1-551822444	Alpha (France) Club EURL	72 RUE Royale, Cafe de Paris, Calais, Hauts-de-France	France
S1-323605361	Bracken Select Made LLC	914 Larchmont Avenue, Capitol Heights, MD	US
S1-896064942	Ariela Stevens Dynamic Roman LLC	Baton Rouge City, 5400 Florida Boulevard, LA	US
S1-135004526	Institut de la Education	7 Allée Jean Mace, Mérignac, Nouvelle-Aquitaine	France
S1-952011336	Aakriti Heaven (India) Private Limited	H.No. 42, Nashik, Satana, Maharashtra, Mahalpatane, Tal Deola	India
S1-427398801	Sai North Consultants Private Limited	Shabari Cottons Private Limited Door No Ep-1 524F Po. Attadappa, Kannur, Taluk, Kannur, Kerala	India
S1-360477636	Real Finance Private Limited	170, Bose Pukur Road Kasba, Howrah, West Bengal, Kolkata	India
S1-941050706	Fous & Frères SAS	5 Avenue de la Terre Rouge, Nantes, Pays de la Loire	France
S1-955404235	Sun Products	C-29, 3Rd Floor, Malabar Gate Ram Mohan Road, Calicut, Kerala	India
S1-513971854	Établissements Reagir SARL	34 Rue Constant Guillou, Pornic, Pays de la Loire	France
S1-216503889	East Global Pvt Ltd	9 And 10 Sukh Shanti, Nutan Chs, North South Rd-8 Plot-65, Jvpd Scheme, Vile Parle(W), Mumbai, Mumbai City, Maharashtra	India
S1-329292426	Bright Medical Brands LLC	W4174 Haddick Road, Town Of Gull Lake, WI	US
S1-941731749	Life Healthcare LLP	C/O Shankar Lal Paliwal, Lolawas, Jodhpur, Banar, Jodhpur, Rajasthan	India
S1-150951648	Palmer Vision Center	1411 Co Rd 2260, Stryker, OH	US
S1-490778865	CAX Club	Lille, Hauts-de-France, 311 Avenue de Dunkerque	France
S1-330049372	Roubaix Medico SAS	2 a Rue de Courtrai, Roubaix, Hauts-de-France	France
S1-123262522	Heritage Realty Partners LLC	2617 Commerce, Unit SUITE F, Ardmore, OK	US
S1-503324082	Saint-Herblain Primaire SAS	21 Allée Mirabeau, Saint-Herblain, Pays de la Loire	France
S1-616950806	Vision Center of Ramsey	IL, Ramsey, 15283 Oak Valley Road	US
S1-684069867	Great Bain	Claremore, 20854 4180 Road, OK	US
S1-210954434	EHPAD du Laurent	9 bis Rue du Virolois, Tourcoing, Hauts-de-France	France
S1-181292786	Cessenon Alaji Ecole SAS	19 Allée des Dunes Cap Ferret, Lège-Cap-Ferret, Nouvelle-Aquitaine	France
S1-326792739	Big Ice Cream	91 Sumner Avenue, Unit 7, Springfield, MA	US
S1-305866279	Sanskar Hospital	1-43-17, Nazarpet, Revenue Ward No 16, Tenali, Guntur, Andhra Pradesh	India
S1-463747984	Foot & Ankle Clinic	178 Deer Drive, Prescott Valley, AZ	US
S1-732011952	Rapid Payments Inc	2011 15th Street, Unit 108, Washington, DC	US
S1-344629790	Nunez Keystone Law Group LLC	21450 12, Unit Unit 1619, Foley, AL	US
S1-98281228	Green Brothers Pvt Ltd	H. No. 1196, Gali Chowkidar Wali, Pajabi Phatak, Balli Maran, Chadni Chowk, New Delhi, Delhi	India
S1-603805780	#2 National PC	10632 Alice Avenue, Peoria, AZ	US
S1-100864056	Family Group	17674 103, Audubon, MN	US
S1-777199825	Prime Services Private Limited	03 Gokul Dham Colony, Bareilly, Uttar Pradesh	India
S1-979629134	Monk Food	No.6/2, Rajagopalan St, West Mambalam, Madras-33, West Mambalam, Madras-33, Chennai, Tamil Nadu	India
S1-435981383	Orion Kgaa	345 Adams Street, Georgetown, TX	US
S1-694790944	Art Ateliers SA	Lille, 36 Rue Fontaine Del Saulx, Hauts-de-France	France
S1-532320973	Infra Backbone Limtied	Sector -45, Haryana, B100 Block B Sushant Lok, Gurgaon, Iii Sec. 57 Sl3 Gurugram	India
S1-944881427	Great Logistics Private Limited	37 Bedford Circle Mount Road, Coonoor, Tamil Nadu, Nilgiris	India
S1-164327542	All Rain PLLC	Vass, NC, 253 Pats Road	US
S1-603526305	Habitants Fetes SCI	29 Rue de la Cage Verte, Bordeaux, Nouvelle-Aquitaine	France
S1-931804625	Total Danse	10 Avenue Eugène Delacroix, Mérignac, Nouvelle-Aquitaine	France
S1-68151226	M 3 A Amc LP	4679 7, Nacogdoches, TX	US
S1-205684439	Nationale Comite SCI	23 Avenue du Commandant Cousteau, Saint-Nazaire, Pays de la Loire	France
S1-443164714	Femmes Club EI	132 Rue Mazarin, Bordeaux, Nouvelle-Aquitaine	France
S1-451976184	EHPAD de Combat	22 Rue du Docteur Verhaeghe, Lille, Hauts-de-France	France
S1-332654510	Jain Builders Private Limited	5/10 Ashoka Road, Indrapuram Gzb. Ghaziabad, Ghaziabad, Uttar Pradesh	India
S1-820207268	Perez Old Inc	2900 Vale Avenue, Kannapolis, NC	US
S1-548940210	Eclipse Solutions Private Limited	H.No 14, Srisai Nagar Uppal, Hyderabad, Telangana	India
S1-222552393	UZP Club SAS	2 Impasse d'Epernon, Mérignac, Nouvelle-Aquitaine	France
S1-389283347	Green (India) Cloud Private Limited	Pl.No.3 Sjs Cottage, Kolar, 1St Flr, Bharath Ngr Extension Dk Halli Main Road, Beml Nagar, Karnataka	India
S1-479180350	Metropolitan Analytics LLC	4404 Lafayette Street, Bellaire, TX	US
S1-47373801	Media Kamra Interiors LLP	Flat 1303, Malaxmi Heights Chs, Plot 62-66 Sector 20, Roadpali, Kalamboli, Taluka, Panvel, Navi Mumbai, Raigarh, Maharashtra	India
S1-773912730	Supreme Technologies Private Limited	Kerala, Nemom, Tc-52/1134 Kodivila House Studio Road, Thiruvananthapuram, Trivandrum	India
S1-827059907	Franken Safe Freedom Ltd	615 Spectator Avenue, Hyattsville, MD	US
S1-605464056	Nantes Sportive SAS	Pays de la Loire, Nantes, 10 RUE Jean-Emile Laboureur	France
S1-177934996	General Education Partners Corp	Greensboro, Unit 308, NC, 5202 Lightfoot Trail	US
S1-333759891	Sai Management Limited	C/O Anita Sahu, H No 1508, Siddheshwar Nagar, Harishan Road, Suiti Mill, Jhansi, Uttar Pradesh	India
S1-63001287	Institut Jacques	66 Rue du Grand Maurian, Bordeaux, Nouvelle-Aquitaine	France
S1-295457739	Kpr & Co	B-6/48, Upper Ground Floor Safdarjung Enclave, New Delhi, South Delhi, Delhi	India
S1-940727541	Karam Lifestyle Pvt. Ltd.	Palakkad, Trivandrum, 432-435 Nilatechnopark, Kerala	India
S1-93099025	Patna Escalators Private Limited	C/O Parwez Hussain 49, Grand Square, Companybagh, Danapur, Patna, Bihar	India
S1-753456266	Reunis Defense Sport	47 Rue du Ferry Nord-Pas-de-Calais, Dunkerque, Hauts-de-France	France
S1-348880471	Bordeaux Union SA	Bordeaux, Nouvelle-Aquitaine, 73 Rue Eugène Ténot	France
S1-22261439	Comité des Organisme	1 Rue Frédéric Combemale, Lille, Hauts-de-France	France
S1-740478081	RQ Club SASU	41 Rue du Maine, Saint-Nazaire, Pays de la Loire	France
S1-849873777	Cherry Northern Care	185 Little County Road, East Bernstadt, KY	US
S1-773658449	Ridge Network Corporation	11822 Wayland Street, Fairfax County, VA	US
S1-628291859	Developers Lighting Mart Private Limited	Mg 523A, The Magnolias, Dlf Golf Links Dlf City Phase-5, Gurgaon, Haryana	India
S1-41911952	Roca, Kalindi, Esq.	3124 Lincoln Way, Costa Mesa, CA	US
S1-831170406	Commercants Parents (France) EURL	185 Rue J Francois Vincent Raspail, Calais, Hauts-de-France	France
S1-47875800	Mahesh Marble Pvt Ltd	Plot No 678-J Kh No. 1493, G-Blk F/F Ph-6, Aya Nagar, South Delhi, Delhi	India
S1-388363421	Comité des Montagne	26 Rue Louis Armand, Pessac, Nouvelle-Aquitaine	France
S1-921845510	Cason Trust Corp	500 Elmwood Avenue, Unit 4, Upper Allen Township, PA	US
S1-117057103	Ss Anand Constructions Pvt Ltd	B-45/1 Ratan Nagar, Jabalpur, Madhya Pradesh	India
S1-893900483	Shiv Services Private Limited	Akr Vo 267, Bhive, No.112, Akr Tech Park, B Block, Bangalore South, Bangalore, Karnataka	India
S1-605918723	Faus LLC	VA, 1347 Gate Post Lane, Albemarle County	US
S1-856556980	Obrien American Securities LLC	345 Hartman Court, South Elgin, IL	US
S1-733773396	Comedia Club SARL	18 Rue du Marais, Dunkerque, Hauts-de-France	France
S1-542721506	Himland (India) Liquors Pvt Ltd	Bangalore North, Karnataka, Shivam, Bangalore, 13/2, Ground Floor, 4Th I Cross, Vrushabhavati	India
S1-316760995	Dusek Atlantic Synchrony	536 South Street, Portsmouth City, VA	US
S1-376976202	Patterson Ventures Co	1805 Lincoln Drive, Fl 0, Annapolis, MD	US
S1-942309788	Table Aupres Musique SARL	33 Rue Beethoven, Dunkerque, Hauts-de-France	France
S1-494590295	Établissements Mine SARL	Hauts-de-France, Roubaix, 24 AV Gustave Delory	France
S1-527067616	Moye & Bolan Developments LLC	778 Arbury Avenue, North Canton, OH	US
S1-440443997	Internal Medicine Trusted Care Associates Inc	25 Executive Drive, Unit 302, Stoneham, MA	US
S1-212621139	Internal Medicine Complete Group	11812 107th Avenue E, Owasso, OK	US
S1-386861183	Lium Smart Solution PC	Lexington, 361 Sundial Drive, NC	US
S1-86565084	Communale Loisirs SARL	39 Avenue du Docteur Nancel Pénard, Pessac, Nouvelle-Aquitaine	France
S1-783585390	Sunrise Bombay Energy Pvt Ltd	North Delhi, Pitampura, Flat No. 60A, Delhi, Lp Block Maurya Enclave	India
S1-858271893	Eashwa Consulting Private Limited	156 A Shivajinagar Khalwadi Near Of Badambai Highschool Newasa Tal Newasa, Ahamadnagar, Pune, Maharashtra	India
S1-736598710	Cob Patrimoine SARL	26 Rue de Balaclava, Nouvelle-Aquitaine, Bordeaux	France
S1-531043165	Olanelle Total	90 Alley Street, Unit 1, Lynn, MA	US
S1-760766364	Ela Autolink LLP	Flat No 303, Bldg No 1, Asha Park Pandurang Wadi, Dombivli, Dombivli, Thane, Maharashtra	India
S1-570655028	Sorcha Vicente Fisheries LLC	306 22nd Street, Arkadelphia, AR	US
S1-928553055	Tourcoing Club	107 Rue de Gand, Tourcoing, Hauts-de-France	France
S1-39919658	Ets Deleves	Pays de la Loire, 12 Rue de la Patouillerie, Nantes	France
S1-962016685	Alpha Sun Software Private Limited	3 Floor, Block A Jmd Regent Arcade Mall, Phase-1, Sector-28, Mg Road, Dlf Qe, Gurgaon, Haryana	India
S1-347332540	Summit Capital Wintergreen Inc.	88 Benoit Street, Westport, MA	US
S1-812148702	White Foods Private Limited	B/9, Krishna Apartment B/H. Arihantnagar, Nikol, Naroda, Gandhinagar, Ahmedabad, Gujarat	India
S1-506779375	Établissements Abracadabra EURL	15 Rue Clément, Bordeaux, Nouvelle-Aquitaine	France
S1-343540739	Happy Ecole	121 Rue de Nancy, Dunkerque, Hauts-de-France	France
S1-871992207	Pessac Danse SARL	14 Allée Léopold Vigneau, Pessac, Nouvelle-Aquitaine	France
S1-325369517	Globe Power	Tower-5, 804, L And T Raintree Boulevard Hebbal, Sahakarnagar Main Road, Bangalore North, Bangalore, Karnataka	India
S1-763615026	Niveau & Fils	1 Rue Jean Richepin, Saint-Nazaire, Pays de la Loire	France
S1-427320940	Consumer & Co	Ulhasnagar, Unit No A20, Thane, Regency Plaza, Kalyan-Ambernath Road, Maharashtra	India
S1-668090883	Veracious Himalayan Limited	Naidupalem, Pullalacheruvu, Yerragondapalem, Prakasam, Andhra Pradesh	India
S1-477260850	Alta Societe SARL	5 Rue Georges Thuaud, Saint-Nazaire, Pays de la Loire	France
S1-717622304	Mkiri Comite SAS	22 RUE de lAllouee, Nantes, Pays de la Loire	France
S1-743455584	Wasan (India) Sales Private Limited	51 Golam Jilani Khan Road, Kolkata, Howrah, West Bengal	India
S1-257095408	Ambrosia Agencies Pvt Ltd	P3A 158, Princeton Estate, Dlf City, Phase 5, Gurugram, Gurgaon, Haryana	India
S1-339209843	Carmody Hills Center	Fort Worth, TX, 4621 Wheatland Drive	US
S1-732191825	Khodiyar Distributors (India) LLP	Telangana, Hyderabad, B-88 Varnika Arcade, Madhura Nagar, Flat No.303, Hyderabad	India
S1-957117181	Piedmont Vernal Inc	1370 W Meadows Drive, Salem, OR	US
S1-601395432	Orion Trade Limited	1404 Bwing Evergreenbldg, Hiranandaniestate Gbroad, Thane, Maharashtra	India
S1-111226205	Hines, Witzel and Munson LLC	104 Turquoise Drive, Lewistown, MT	US
S1-446278180	Cosmic Public School Pvt Ltd	Udaipur, Teh. Girwa, Roopsagar Road, Ward No. 37, 687, Rajasthan	India
S1-540373444	Bordeaux Conseil SAS	19 RUE Etienne Duperat, Bordeaux, Nouvelle-Aquitaine	France
S1-773732337	Schultz Holdings	3221 Eagle Ridge Drive, Harker Heights, TX	US
S1-463651000	Lyran Great Inc	TX, Alto, 13678 1911	US
S1-713010467	Feller's Diner LLC	1007 Eickhof Boulevard, Crookston, MN	US
S1-379769406	HSB Cleaning Private Limited	228/A, A.J.C.Bose Road, 9Th Floor, Kolkata, Howrah, West Bengal	India
S1-314354506	Pediatric Dental Physicians Inc.	1505 Martin Street, Peoria, IL	US
S1-435545985	Ashore Vidyalaya	C/O Jugal Kishor Singh, At Vill & Tola- Ramsapur, Siwan, Bihar	India
S1-134235569	Ch Maternelle EURL	Lille, Hauts-de-France, 17 Rue du Maire Becquart	France
S1-89049449	Liberty Initiative	49 Maxwell Drive, Southington, CT	US
S1-170236853	AG Software Limited	Highway Road, Chandanwadi, Jogila Market, Thane, Shop No 001, Maharashtra	India
S1-305514916	Global Investment Limited	603 A Wing, Emporio, Irla S. V. Road, Vile Parle (West), Mumbai, Mumbai City, Maharashtra	India
S1-28932366	Coline Foyer SAS	52 Avenue du Vallon, Pessac, Nouvelle-Aquitaine	France
S1-77767992	Sutton Capstone Care	304 Wilma Avenue, Unit LOT 118, Louisville, KY	US
S1-250307719	Standard, LLC	3495 N Winn Road, Decorah, IA	US
S1-909209776	Empire Montessori School LLC	CA, 1502 Blossom Street, Dos Palos	US
S1-134745402	Comité des Minis	18 Rue du Prieuré, Lille, Hauts-de-France	France
S1-608253339	Sauvetage Élémentaire SARL	279 Chemin du Banc Vert, Dunkerque, Hauts-de-France	France
S1-260465690	Tous & Fils SARL	26 Avenue du Docteur Nancel Pénard, Pessac, Nouvelle-Aquitaine	France
S1-47986551	Apollo Infosystems Private Limited	H-0749, Republic Of Whitefield, Divyasree Techpark, Epip Zone, Bangalore, Karnataka	India
S1-688345271	BA Overseas Pvt. Ltd.	No 7, 6Th Cross, Borewell Rd, Palm Meadows, Bangalore South, Bangalore, Karnataka	India
S1-463518511	Sascha A. Miller, D.C., M.D., P.C.	447 Cove Canal Road, Sevier, UT	US
S1-686982143	Best Investments Pvt Ltd	Shop No. 111, 1St Floor, Rajnagar, Ghaziabad, Uttar Pradesh	India
S1-95415435	Hotel Care Private Limited	G-7, Ground Floor, Vardhman Fashion Mall Road No.43, Pitampura, New Delhi, North West, Delhi	India
S1-342801324	Clea Miranda Peak Babcock LLC	19 Greene Street, New York, NY	US
S1-301945287	Dynamic & Cie SARL	249 RUE Sainte-Catherine, Bordeaux, Nouvelle-Aquitaine	France
S1-570980654	Natixis Federation SAS	20 Rue de Grassi, Bordeaux, Nouvelle-Aquitaine	France
S1-415708456	EHPAD de Passerelle	37 Rue des Vosges, Mérignac, Nouvelle-Aquitaine	France
S1-110857585	Unique Consultants	At.Po. Suradgaon, Tal. Parli, Suradgaon, Maharashtra	India
S1-284774357	Everest Village	1908 Furnace Road, Jarrettsville, MD	US
S1-712435466	ZSZ Club SARL	22 Rue Victor Hugo, Lille, Hauts-de-France	France
S1-767756817	Sree Constructions Private Limited	9024, Sobha Royal Pavilion, Chikkakannalli, Bangalore South, Bangalore, Karnataka	India
S1-868893167	Lower Great Data	388 Venture Drive, Smithfield, NC	US
S1-879213145	Retro Comite	22 Avenue Pasteur, Pessac, Nouvelle-Aquitaine	France
S1-653520412	Fleche Ecole SARL	53 Rue Montfaucon, Bordeaux, Nouvelle-Aquitaine	France
S1-581480639	Francais Ecole SAS	230 Boulevard Gambetta, Roubaix, Hauts-de-France	France
S1-179447887	Hotels Trading Public Limited	150P, Sector 5, Behind, Kings Collage School, Rohtak, Haryana	India
S1-236598507	GGS Parents SASU	46 Rue Georges Mandel, Bordeaux, Nouvelle-Aquitaine	France
S1-140890409	Charlotte American Partners	6410 Dupont Drive, NC, Charlotte, Unit 1F	US
S1-725490001	Nmc Memorial Trust Co	Hno 53, 2/F, Pocket A2, Inderprath Enclave, South West Delhi, New Delhi, Delhi	India
S1-185004470	Institut du Julien	Hauts-de-France, 276 f Avenue de la Gironde, Dunkerque	France
S1-943909424	Gretta Ramirez Special LLC	4424 93rd Street, Sioux Falls, SD	US
S1-364610574	Goenka Foundry Limited	Kerala, Kozhikode, 949, Pandikasala Malayil House, Kozhikode	India
S1-977220719	ZU Amicale SARL	25 Rue Teulere, Bordeaux, Nouvelle-Aquitaine	France
S1-116273906	Gulf Institute Group	2322 Pecan Road, Phoenix, AZ	US
S1-193709108	Naitre Compagnie (France)	14 Rue des Pyramides, Lille, Hauts-de-France	France
S1-888039764	Orbent Mellon LLC	Manhattan, Unit 5, KS, 715 Allison Avenue	US
S1-908761747	Transparence Federation SARL	2 Place Genevières, Lille, Hauts-de-France	France
S1-37860196	Ekaa Investments Private Limited	Smt. Anita Devi W/O Niraj Kumar Brahmsthan Kurthaul, Khemni Chak, Masauri, Patna, Bihar	India
S1-764899999	TW Club SASU	11 Rue Fernand Guilbert, Hauts-de-France, Lille	France
S1-113786601	Anabelle Hernandez Safe LLC	6000 62nd Avenue, Unit Apt 314, Johnston, IA	US
S1-943110223	Downtown Barbershop	8421 Timber Trail, Brecksville, OH	US
S1-739426239	Cane (India) Agro Group	H. No 11/1, Hans Enclave, Sector-33, Near Jain Mandir Wali Gali, Urban Estate, Gurgaon, Haryana	India
S1-926827290	Comité du Sapeurs	108 Rue de Maubeuge, Roubaix, Hauts-de-France	France
S1-661333884	Amabelle Becker Nexus	200 Riley Street, Beckley, WV	US
S1-68451171	Associated & Brothers Private Limited	Sjr Complex, N H 45 Road, Kolampakkam Maduranthakam Taluk, Chengalpattu, Kancheepuram, Tamil Nadu	India
S1-159655414	TGH Groupement SARL	416 Rue de Tunis, Calais, Hauts-de-France	France
S1-588644362	Commercial Retail Alliance LLC	Unit APT, IN, Indianapolis, 8124 Larman Court	US
S1-702445655	Empire Crystal Nippon	160 Gulph Road, Unit Unit 1645, Upper Merion Township, PA	US
S1-433615662	Ur Welfare Society	815, 3Rd Cross, 1St Block, Hrbr Layout, Kalyan Nagar, Bangalore, Karnataka	India
S1-81112964	HEO Advisors	6998 Robert Breen Parkway, Lockport, NY	US
S1-864625634	Parker, Bryan & Blazer Security Corp	2202 Cedar Crest Boulevard, Dallas, TX	US
S1-952577606	Anand Finance Private Limited	401/A, Pearl Arcade, Opp. P.K. Jewellers, Dawood Baug Lane, Off J.P. Road, Andheri, (W), Mumbai, Mumbai City, Maharashtra	India
S1-86618489	Barksdale Array LLC	1014 Kite Road, Mineral Wells, TX	US
S1-687853584	Textiles (France) Maternelle	10 Rue du Rossignol, Pessac, Nouvelle-Aquitaine	France
S1-377342568	Ceva Valley Holdco Inc.	32 Meadow Way, Unit D, Scotts Valley, CA	US
S1-768716661	Deco Comite	78 RUE des Martyrs, Tourcoing, Hauts-de-France	France
S1-934132953	Ess Sport EURL	19 Rue de Valenciennes, Lille, Hauts-de-France	France
S1-598644582	We Amicale (France) SASU	3 RUE Gantois, Lille, Hauts-de-France	France
S1-943086391	Park Broadband of Knoxville	5000 Inskip Road, Knoxville, TN	US
S1-45863162	Hitech Infra Private Limited	O-215, Siddhraj Zori, Near Sargasan Cross Road, Gandhinagar, Gandhi Nagar, Gujarat	India
S1-238053589	UQU Initiatives Private Limited	2, Draper Lane, Kolkata, Kolkata, Howrah, West Bengal	India
S1-242492071	Honey & Brothers Pvt Ltd	Monoranjan Mondal #201 Nonakuri Kaktia Bazar, Dis-Purba Medinipur, Tamluk, Wb, Tamluk, Midnapore, West Bengal	India
S1-676998151	Md Retail Private Limited	Gujarat, Vadodara, Saffron Complex, Opp. Camps Corner, Fatehgunj, Vadodara, S. F. 220	India
S1-697447352	Commission on Veterans Affairs-Tucson	5514 Maaso Voo'd, Tucson, AZ	US
S1-456894040	Raj Technologies Private Limited	C-204, Aditya Parivesh, Nr. Uma Darshan Bungalows Bh Krishnafarm Partyplot, Vandematram Ci, Rcle, Gota, Ahmedabad, Gujarat	India
S1-945876819	Tierney Wroblewski, P.A., M.D., P.C. PC	7022 Petty Lane, Dallas, TX	US
S1-319208943	East International Private Limited	Gandhi Murti Compound Patel Nagar, Patna, Bihar	India
S1-341206164	Dunkerque Comite SAS	Hauts-de-France, 16 Rue des Frères Lumière, Dunkerque	France
S1-318265941	Savoirs Culturel	7 Place de la Révolution Française, Saint-Herblain, Pays de la Loire	France
S1-842350625	Socio Ecole SARL	21 Rue de Denain, Roubaix, Hauts-de-France	France
S1-572020933	Quis L.L.C.	1266 Eufaula Heights Road, Longview, WA	US
S1-370412356	Forte & Strong LLC	2600 Germann Road, Unit 392, Chandler, AZ	US
S1-48763189	Centre Médical Jean	18 TER AV du Port Aerien, Pessac, Nouvelle-Aquitaine	France
S1-563366440	Karan (India) Eretail Pvt Ltd	Plot No 16-150, (10-A2), Shivalli Industrial Area, Udupi, Karnataka	India
S1-332715169	Nsl Sportive SARL	114 Rue Gustave Carde, Bordeaux, Nouvelle-Aquitaine	France
S1-735414743	Mumbai Impex Limited	203 Janmabhoomi Chamberswalchand & Hirachand Marg Ballard Estate, Mumbai, Maharashtra	India
S1-348219866	Allee & Fils SARL	93 RUE Stehelin, Bordeaux, Nouvelle-Aquitaine	France
S1-697871552	Dorian's Highland Studios Inc	17311 Us 40 Highway, Unit B87, Independence, MO	US
S1-129829007	MI Sportive SASU	21 Route du Radeau, La Baule-Escoublac, Pays de la Loire	France
S1-397253896	Cure Cafe	387 Swing Road, Greensboro, NC	US
S1-112362432	Gilbert, Jolynn, DPM, PC	2828 900, South Salt Lake City, UT	US
S1-858878060	Prime Brothers Ltd	Karnataka, 1458South End Amain Jaya Nagar9Th Block, Bangalore	India
S1-648757303	Fédération des Deleves	1 RUE Leon Buerne, Nantes, Pays de la Loire	France
S1-401480990	Flip Memorial Trust	House No. 60 Bhevtadwadi, At Post Salgaon, Kudal, Sindhudurg, Maharashtra	India
S1-115423901	Lmx Maison SARL	Pays de la Loire, 6 Allée du Clos de Kerquessaud, La Baule-Escoublac	France
S1-854369224	Texel Multiverse Private Limited	C-7/8 Model Town-Iii, Delhi	India
S1-949994634	Jori Smith Unified Homes, LLC	2757 Hopkins Avenue, Redding, CA	US
S1-633483021	Te Cafe EURL	104 AV du Peuple Belge, Iae de Lille, Lille, Hauts-de-France	France
S1-916250513	Blue Hospitality Private Limited	Smr Vinay Acropolis Flat No. 201 Iib, Whitefields, Kondapur, Hyderabad, Telangana	India
S1-361058559	Rudraksh Bio	C/O Mohd. Mansoor Near Hdfc Bank Munshiganj Road, Amethi, Sultanpur, Uttar Pradesh	India
S1-553621667	Whitesnow Supportservices Private Limited	B/11, Kamalpushpa Appartment, Memnagar Road, Navrangpura, Ahmedabad, Gujarat	India
S1-711484274	Jain Enterprises Pvt Ltd	Sno.S101, No.769, 2Nd Flr, Suiteno.383, Spencer Plaza, Chennai, Tamil Nadu	India
S1-313278975	Dora Cannon Arch LLC	7727 Maple Road, Van Buren, NY	US
S1-559435076	Digital Pressing (India) Clinic	8-1-366/A, Masjid Road, Nexttomaliksuzuki Adjacent Tolichowki Flyover, Tolichowki, Hyderabad, Telangana	India
S1-496059030	Cercle Centre SARL	1 Rue Ambroise Paré, Pessac, Nouvelle-Aquitaine	France
S1-938876192	Symposium Ecole SAS	5 Avenue Pierre de Coubertin, Pessac, Nouvelle-Aquitaine	France
S1-457365200	J & Z Index LLC	Hamden, 175 E Railroad Street, OH	US
S1-594669505	Tous & Fils SAS	Nouvelle-Aquitaine, 134 Rue Berruer, Bordeaux	France
S1-891833528	Club des Cultuelle	Nouvelle-Aquitaine, 57 Rue de Garies, Mérignac	France
S1-914214546	Hr (India) Technologies Limited	Sabarkantha, Block No-11, Gujarat, Himatnagar, Mahavir Nagar	India
S1-166107416	Pongiste Franco Sportive SASU	68 Avenue de Bretagne, Lille, Hauts-de-France	France
S1-654501124	Clos (France) Comite SARL	17 Rue Murat, Bordeaux, Nouvelle-Aquitaine	France
S1-664648201	Tashjian Value Plumbing	1875 N Bear Creek Court, Merced, CA	US
S1-913747874	YB Federation SAS	41 Rue de Dieppe, Lille, Hauts-de-France	France
S1-773566336	Grigny Centre SARL	Nantes, 7 Rue Jean Jacques Rousseau, Pays de la Loire	France
S1-517066677	La Teste-de-Buch Club SAS	18 bis Rue des Maraichers, La Teste-de-Buch, Nouvelle-Aquitaine	France
S1-704566684	Keystone	7 Beach Lane, Westhampton Beach, NY	US
S1-456953793	Sunrise Engineering Private Limited	24, 25Th Cross Street Besant Nagar, Chennai, Tamil Nadu	India
S1-610722924	EHPAD Louis	10 Chemin du Merle, Mérignac, Nouvelle-Aquitaine	France
S1-528619491	Amicale du Dopale	Nouvelle-Aquitaine, 66 Rue Kléber, Bordeaux	France
S1-688360981	Legionnaires (France) Elémentaire SARL	43 Route du Haut Rocher, Saint-Nazaire, Pays de la Loire	France
S1-358321032	Lecole Centre SAS	674 Boulevard de l’Europe, Dunkerque, Hauts-de-France	France
S1-85984113	Association de Communale	Roubaix, Hauts-de-France, 4 Rue de Rocroi	France
S1-236634066	Delta Partners Inc	822 Banton Street, Channelview, TX	US
S1-569821243	Complete Cargo Union Inc	9401 Globe Center Drive, Raleigh, NC	US
S1-656264743	Institut du Nicolas	22 Rue Léon Blum, Roubaix, Hauts-de-France	France
S1-498492393	Pune City Chemicals Private Limited	S No. 63 Fl No. 7, Padmavati Shankarananda Society, Pune City, Pune, Maharashtra	India
S1-895436182	Advanced Frontier Source LLC	601 Rock Crusher Road, Steele, AL	US
S1-379702433	Gwalior Estates	Madhya Pradesh, Gwalior, Ground Floor, Dainik Bhaskar Lane, P.S. Jayendraganj, Udaygiri Apartment	India
S1-644462586	Urgent Care Silver Specialists	11318 Northtrail Drive, Peoria, IL	US
S1-92311870	Vaayuika Metalfab Private Limited	92-Shri Keshav Sadan, Shanti Nagar, Nai Sadak, Lashkar, Gwalior, Madhya Pradesh	India
S1-915285386	Bard Holding Company LLC	916 1st Street, Linton, IN	US
S1-75726547	Zay Union SARL	46 Rue Malesherbes, Lille, Hauts-de-France	France
S1-765955635	Ape Parents SAS	51 Rue Clémenceau, Dunkerque, Hauts-de-France	France
S1-383584363	Land (India) Shine Private Limited	14/291, A Square Building Kuzhivelipady, Kangarappady, Ernakulam, Kerala	India
S1-921980097	Clean Supreme For	2636 Prospect Church Road, Mooresboro, NC	US
S1-726480657	Human (France) Soins SARL	137 Rue Duguay Trouin, Calais, Hauts-de-France	France
S1-384529711	Vijay Infotech Private Limited	B 303, Water'S Edge, Next To Nandavan, New D P Road, Pimple Nilakh, Pune, Maharashtra	India
S1-902676391	Somani Ram (India) Private Limited	E-193, Riico Industrial Area, Mansarovar, Jaipur, Rajasthan	India
S1-261776428	Dmef (France) Patrimoine SARL	22 Avenue de l'Armistice, Pessac, Nouvelle-Aquitaine	France
S1-994224494	Maison de Santé Purotu	19 Avenue de la Presqu'Île, Lège-Cap-Ferret, Nouvelle-Aquitaine	France
S1-880374146	Tourcoing Parents SARL	78 Rue Delespaul, Roubaix, Hauts-de-France	France
S1-723268648	ENI Parents SARL	4 Rue des Arbousiers Cap Ferret, Lège-Cap-Ferret, Nouvelle-Aquitaine	France
S1-353519908	Coastal Inpoint LLC	Mooresville, NC, 345 Alexander Street	US
S1-185218003	Beijing Educational Society	The Oraneram Nagar, Wadgaonsheri, Shop No. 1, Pune, Maharashtra	India
S1-375704618	IR Solutions-Mumbai	Jogeshwari (W), Mumbai, Mumbai City, Maharashtra	India
S1-476767278	Yellowstone (India) Consultancy Limited	135L, Model Town, Sonipat, Haryana	India
S1-25105310	Shiv Food Limited	10, Govinddham Society, Rampark, Ajwa Road, Vadodara, Gujarat	India
S1-950003555	Vijaya Care Pvt Ltd	1245, 27Th Main, Sector 2 Somsundrapalya, Hsr Layout, Bangalore, Bangalore, Karnataka	India
S1-197952575	Pediatric Health Center	Woodinville, WA, 23611 49th Avenue	US
S1-642136448	Services Shree Modern Private Limited	Kmc 14/1387, Melathil Complex, Asramam, Kollam, Kerala	India
S1-845744411	HIP Tech Group	Plot No.46 &47, 2Nd Floor, Survey No.152, 153&154, 155 Blockno.167, Pragathinagar, Bachpally, Malk, Ajgiri, Hyderabad, Telangana	India
S1-337478298	D K & Q Gamco L.L.C.	694 Taylor Road, Stoneville, NC	US
S1-727899374	Raja Steel LLP	#Opp Post Office, Ambalpady Post Udupi, Udupi, Karnataka	India
S1-991463120	Verrio Alpine Inc	20065 Hickox Road, Mount Vernon, WA	US
S1-517194582	Re Classes Primaire SAS	9 Rue des Erables, Saint-Nazaire, Pays de la Loire	France
S1-905849524	Karuna Institut (France) SARL	19 Rue Jacques Daguerre, Saint-Nazaire, Pays de la Loire	France
S1-414009923	Black Developers Private Limited	89B 89C Ff, Rhs Mahender, Singh Park Nangli, New Delhi, South West Delhi, Delhi	India
S1-570508930	Royal Logistics Private Limited	A 502 Mantra Luxuria, Beside Tapti Greens, Chorasi, Surat, Gujarat	India
S1-124553210	Autonome Section	50 Rue des Pélicans, Pessac, Nouvelle-Aquitaine	France
S1-49462714	ISR Estateprivate Private Limited	Villa No.35, Casa Grand Eternia, Sf No.33, Kalapatti - Kurumbapalayam Mail Road, Ka, Lapatti, Coimbatore, Tamil Nadu	India
S1-452967853	Shanti Finance Pvt Ltd	Block No 26D, Kurla Kamgar Chs Ltd Kamgar Nagar, S G Barve Marg, Kurla East, Mumbai, Mumbai City, Maharashtra	India
S1-297234478	Blanc Conseil SA	3 Route de l'Ile de Leaufouis, Saint-Nazaire, Pays de la Loire	France
S1-402220337	Bordeaux Amicale SA	30 RUE Feaugas, Bordeaux, Nouvelle-Aquitaine	France
S1-610191466	Kofoed Biotechnology	2361 Gemini Drive, Splendora, TX	US
S1-816991435	Relais Culturelle SARL	4 Cour Lebrun 230bis Rue de Fleurus, Tourcoing, Hauts-de-France	France
S1-84682253	Ellora Consultancy LLP	2Nd Floor Meher Chambersr Kamani Marg, Mumbai, Maharashtra	India
S1-125864552	Uttar Pradesh Advisors Ltd	125E K Road Meerut, Uttar Pradesh, Meerut, Uttar Pradesh	India
S1-705359734	Benjamin Chicago Inc	241 Cotton Drive, Mansfield, TX	US
S1-803501693	Ajay Products Private Limited	Flat No.202, Mahavir Kunj Chsl, Navghar, Near Engg. College, Vasai West, Palghar, Vasai, Thane, Maharashtra	India
S1-518632363	7-Sons	102 Karin Court, Chapel Hill, NC	US
S1-636380305	Star System Corporation	F209/4, Adiyta Plaza Karkardooma Community Centre, Delhi, New Delhi, Delhi	India
S1-52511593	Calais Ecole SARL	142 Rue de Panama, Calais, Hauts-de-France	France
S1-606637316	Quillous Conseil SCI	18 Rue du Plessis Allais, Pays de la Loire, Pornic	France
S1-355232525	Lakshmi Power Private Limited	H. No. 825/2 Arihant Compund, Purna Village, Bhiwandi, Thane, Maharashtra	India
S1-494689126	Vijay Hospitality Pvt Ltd	30, Seat No.2, Cantt Road, Near Dayanand Chowk, Garha, Jalandhar -Ii, Jalandhar, Punjab	India
S1-637174379	Nantes Club EURL	13 Avenue de Locronan, Nantes, Pays de la Loire	France
S1-284748442	Departementale Sportive SARL	18 Avenue du Bassin Cap Ferret, Lège-Cap-Ferret, Nouvelle-Aquitaine	France
S1-314128290	Jasmina Aaron, DDS	2819 Honor Court, Phoenix, AZ	US
S1-300809136	Advanced Cloud Worldwide	1251 Mason Lane, Winchester, IL	US
S1-513023954	Ling Caisse Conseil EURL	102 Rue d'Artois, Lille, Hauts-de-France	France
S1-110293727	Able Institute of Technology Private Limited	H-562, Nand Nagri Extn Sunder Nagar, Delhi	India
S1-40063888	Institut du Roller	11 Rue du Docteur Germain Vaneecloo, Dunkerque, Hauts-de-France	France
S1-487057698	Lumio Iron Works LLC	4328 Latona Avenue, Seattle, WA	US
S1-573639191	Larine Morris Sprott Inc	196 Harvard Avenue, Unit 2, Boston, MA	US
S1-596518887	Hanumat Spinners Pvt Ltd	Off-502, Aditya Banarasi Heritage Chincholi Bunder Road, Malad West, Mumbai, Mumbai City, Maharashtra	India
S1-691808980	Trans Collectif SAS	182 Passage de la Chataigneraie, Dunkerque, Hauts-de-France	France
S1-792150889	Life Technology Pvt Ltd	Plot No -58 Industrial Area Phase 2, Panchkula, Haryana	India
S1-200823306	Heed Foundation (India) Private Limited	A 703 Karam Hi Dharam Apartments Sector 55 Plot Number 84, Gurgaon, Haryana	India
S1-864651356	Clean Design Corporation	14984 80th Place, Maple Grove, MN	US
S1-955855158	Daction Club SA	Hauts-de-France, Dunkerque, 2 Rue des Coudriers	France
S1-954575275	Navi Mumbai Dyes Private Limited	Office No. 312, Plot No. 78/79, Bawa Tower, Sector 17 Washi, Navi Mumbai, Thane, Maharashtra	India
S1-869551241	Super Energy Private Limited	Hn.C 54-A T/F, South Extn. Part-2, Delhi, South Delhi, Delhi	India
S1-400064683	K/P Alpex LLC	607 23rd Street, Unit H202, Washington, DC	US
S1-655962223	Goel Credits Private Limited	1011, Sector-31, Gurgaon, Haryana	India
S1-816980350	Demployeurs Federation EURL	Hauts-de-France, Lille, 91 RUE dArras	France
S1-566308079	Deleves Soins SARL	2 Rue Auguste Comte, Saint-Nazaire, Pays de la Loire	France
S1-419470044	Him Sangh	House No 319 Sector 12, Shakti Nagar, Derabassi, Mohali, Punjab	India
S1-968898684	Common Traders Pvt Ltd	1388 Sector 6, Bahadurgarh, Haryana	India
S1-751982732	Magana Advanced Evolution Inc	Unit A, 248 Lake Avenue, CA, Watsonville	US
S1-235849170	"Clinique ""ehpad"	Hauts-de-France, Roubaix, 58 Rue Jouffroy	France
S1-395927439	Bharat International Private Limited	5/409, 2Nd Street, Rajiv, Ngr S.Kolathur, Sholinganallur, Tamil Nadu, Kanchipuram	India
S1-103057498	Comité du Papiers	62 Rue Henri Loridant, Tourcoing, Hauts-de-France	France
S1-158806540	Aide Anciens SARL	38 Rue Charlemagne, Roubaix, Hauts-de-France	France
S1-153895260	Foods Safex Investments Pvt Ltd	New No 78, Old No 30 Giri Road T Nagar, Chennai, Tamil Nadu	India
S1-779066623	Nantes Anciens	68 RUE de la Durantiere, Nantes, Pays de la Loire	France
S1-762091502	VW Commerce Limited	Flat No- 823, Tower-6, Royal Lagoon Apartment, Raghunathpur, Patia, Bhubaneswar, Khordha, Orissa	India
S1-264956225	Gym College EURL	21 Rue du Beau Laurier, Tourcoing, Hauts-de-France	France
S1-848840763	Equipments Projects Pvt. Ltd.	19 Parsi Panchayat Road1St Floor, Harish Textiles Compound, Andheri E, Mumbai, Maharashtra	India
S1-625274163	First Energy Private Limited	House No. 1, Siddharth Garden Bawadia Kalan, Bhopal, Madhya Pradesh	India
S1-61533579	Heaven Clinic	Building No. 17(E Type), Flat No 1901, Haware City, Boriwada, Gb Road, Thane, Maharashtra	India
S1-27730419	Bordeaux Club	99 Rue Mouneyra, Bordeaux, Nouvelle-Aquitaine	France
S1-7133482	Cmes Traders Private Limited	Plot No. R-677, T.T.C. Indl. Area Midc, Rabale, Navi Mumbai, Maharashtra	India
S1-353164592	RA Sport SARL	27 Rue Beaufleury, Bordeaux, Nouvelle-Aquitaine	France
S1-284856521	Diamond Crown LLC	2021 Downey Street, Rock Hill, SC	US
S1-784643477	Innovative Jain Software Private Limited	Raj Mohan Kapoor 2/26, Shanti Niketan, New Delhi, Delhi	India
S1-130106008	Golden (India) Art	10/128J Hilwana Building, Alappuzha, Kerala, Ambalappuzha	India
S1-15771094	Deleves Centre (France) SARL	Tourcoing, 170 Rue des Cinq Voies, Hauts-de-France	France
S1-206041864	Tous Ecole SA	11 Rue Jean Paul Sartre, Saint-Herblain, Pays de la Loire	France
S1-167030809	Jr Timber Pvt. Ltd.	356, Kendua Main Road, Kolkata, Kolkata, Howrah, West Bengal	India
S1-340784703	Ets Systeme SAS	9 Rue de Romainville, Pessac, Nouvelle-Aquitaine	France
S1-574891571	Clean Wellness Industries LLC	715 County Down Drive, Fl 1, Chandler, AZ	US
S1-156796959	Collège de Michel	51 Impasse Frédéric Mistral, Calais, Hauts-de-France	France
S1-480382606	Nellai Technologies (India) Pvt. Ltd.	Shop Number 1-2, Vijay Plaza, Greater Noida West, Bishrakh, Gautam Buddha Nagar, Uttar Pradesh	India
S1-403264787	Global Clear Canada LLC	3115 4650, Ogden Valley, UT	US
S1-69203567	BX Union SAS	47 AV Emile Counord, Appt 232, Bordeaux, Nouvelle-Aquitaine	France
S1-616935893	Tech Foods Pvt Ltd	#1719, 6Th Cross, 6Th Main, Judicial Layout, Bangalore North, Bangalore, Karnataka	India
S1-321098966	Lille Club SARL	0 L3 Rue Pierre de Geyter, Lille, Hauts-de-France	France
S1-290326197	Crumpton Horizon Aegon Partners	1001 Fair Oaks Lane, Apex, NC	US
S1-681748456	Chen Jaws LLC	Unit 3206, NC, 3315 Davidson Street, Charlotte	US
S1-466214845	Eye Cornerstone Clinic	OH, Akron, 998 Nevin Street	US
S1-923146081	Carmon & Weaver	12 Mcgibbon Avenue, Amsterdam, NY	US
S1-402166413	Professional Agricultural Solutions LLC	1986 State Highway 181, Osceola, AR	US
S1-623831917	Clery Jeunes	La Teste-de-Buch, 62 Rue Jean Saint-Marc, Nouvelle-Aquitaine	France
S1-564888519	Jl Culturelle EURL	8 Rue des Richolets, Nantes, Pays de la Loire	France
S1-494514728	VI Amicale SARL	7 Rue d'Orléans, Tourcoing, Hauts-de-France	France
S1-10133804	Global Infotech LLP	No. 711, 7Th Main Road, J.P. Nagar, 3Rd Phase, Bangalore South, Bangalore, Karnataka	India
S1-801471751	Ets Gcs SARL	37 Rue Jacques Prévert, Mérignac, Nouvelle-Aquitaine	France
S1-911810101	WBE Centre SAS	37 Rue de la Vigne, Tourcoing, Hauts-de-France	France
S1-577670620	Patriot Family Practice LLC	W215N5555 Kenmore Drive, Village Of Menomonee Falls, WI	US
S1-570016627	Kozhikode Texofab Private Limited	Door No 9/204 C, D, Koolimadu, Kozhikode, Kerala	India
S1-395250350	Legacy Industrial Products	310 Blaine Avenue, Marion, OH	US
S1-102290746	Rs Group of Companies Private Limited	North Delhi, Delhi, Block D New Subji Mandi Azadpur, House No. 1382	India
S1-338636013	Mentors Technologies Private Limited	Tamil Nadu, Bazzar, Street, Mulanur, Erode, Drno 193H, Dharapuram	India
S1-962073289	Silver Bistro	2929 Lincoln Avenue, North Riverside, IL	US
S1-243030366	Uptown Coffee!	917 Western Avenue, Village Of Holmen, WI	US
S1-241568244	Solomon & Garza Inc.	501 Arcade Street, Maquoketa, IA	US
S1-94884455	Madhushree Brothers Private Limited	Maharashtra, Pune, Flat No A 1, 1101 S. No. 46/52, Near Saundraya Hotel, Waka, D, Atlanta	India
S1-196162971	Fennel Services Ltd	Shop No.412, 4 Flr, Shyam Sangini Textile Mkt, Choryasi, Surat, Gujarat	India
S1-139312885	Seven Software LLP	Dpt 502, Dlf Prime Towers, New Delhi, South Delhi, Delhi	India
S1-757289791	Tourcoing College SAS	15 Chaussée Marcelin Berthelot, Tourcoing, Hauts-de-France	France
S1-939451633	Singh & Hayes	11332 Flamingo Lane, Dallas, TX	US
S1-431121260	Silver Supply	22 Highwood Road, Montgomery, TX	US
S1-668518540	Global Constructions Pvt Ltd	Rajasthan, Chittorgarh, Housing Board, Kumbha Nagar, 21-K, Chittorgarh	India
S1-503881244	Promotions African Amis SASU	12 Rue Pierre Joseph Colin, Nantes, Pays de la Loire	France
S1-985948627	Eastern Pediatrics Inc	1013 Green Street, Norfolk City, VA	US
S1-496506048	Elles Amicale SARL	66 Rue de Valenciennes, Calais, Hauts-de-France	France
S1-220220133	Creative Great Marketing Private Limited	Bda Site No. 316, 2Nd Floor, 7Th Main Road 16Th Cross, Hsr Layout, Sector-6, Bengaluru, Bangalore, Karnataka	India
S1-343309467	Obsidian LLC	97 Stonefly Trail, Banner Elk, NC	US
S1-579701814	La Baule-Escoublac Soins SCI	22 Avenue Louis Pasteur, La Baule-Escoublac, Pays de la Loire	France
S1-896931274	Rajendra & Sons Private Limited	H. No. 6-3-596/103, Telangana, Naveen Nagar, Behind Taj Krishna, Adjacent Lane To Iipm, Hyderabad	India
S1-427072432	Shakti Exports Private Limited	Unit No 102, G Wing, Udyog Bhavan 2, Plot No K-3, Near Anand Nagar, Midc, Ambernath East, Thane, Maharashtra	India
S1-733809615	Zania Lab Inc	Mountain Home, AR, 2351 Baxter County 57 Road	US
S1-842647695	Khandelwal Welfare Society	Manshidham, Nr. Aurbindo Ashram Dandia Bazar, Vadodara, Gujarat	India
S1-219685008	Titan	33 Briscoe Avenue, Unit Apartment 1, Buffalo, NY	US
S1-254387201	Francaise & Cie SARL	141 Rue Duguay Trouin, Calais, Hauts-de-France	France
S1-328690457	HLR Holiday Ltd	No 10B First Floor Mohamed Abdullah 2Nd Street, Chepauk, Chennai, Tamil Nadu	India
S1-279971799	Baxter Broadband Inc	1608 Legacy Crossing, Georgetown, TX	US
S1-433002121	Marigot Ecole	32 Rue de la Pavotière, Nantes, Pays de la Loire	France
S1-619301213	Gurgaon Technologies Corp	Second Floor, House No-116/5 Hans Enclave, Gurgaon, Haryana	India
S1-145381859	Corissa Walker First Mercator	Unit 124B, Leominster, 6 Beth Avenue, MA	US
S1-909088107	Operating Engineers Union Local No 514	298 Main Street, Unit Apartment 4S, Yonkers, NY	US
S1-341129014	Sanjay Management (India)	1/53/1, Nursery Bagan, Nager Bazar, Kolkata, Kolkata, Howrah, West Bengal	India
S1-659312341	Star South Consulting Private Limited	Kp.4/74.J, Second Floor, Vallathaipara Juma Masjid, Kozhikode, Kerala	India
S1-472851278	Walsh & Collier Bnb	38 Wyndmoor Place, Unit APARTMENT D, Gwynn Oak, MD	US
S1-363660036	Southern Finance Private Limited	Sankhar Sankool Shivajinagar N Tanajiwadi, Pune, Maharashtra	India
S1-319619810	Comité de Forts	22 RUE des Vieux Murs, Lille, Hauts-de-France	France
S1-259423131	Blue Learning Center	21840 Mt Olive, Elkins, AR	US
S1-491854064	Collective Appliances (India) Private Limited	15-14-16/F Gf 110, Pravallika Residency, Krishna Nagar, Visakhapatnam (Urban), Visakhapatnam, Vishakhapatnam, Andhra Pradesh	India
S1-248630617	Virat Charitable Trust	Bhopal, Plot No 110 Sector C, Huzur, Madhya Pradesh, Indrapuri	India
S1-705172638	Usep Savs Parents SAS	9 Rue Francisco Ferrer, Lille, Hauts-de-France	France
S1-818451912	Sree Services Private Limited	Raidurg Village Hitech City, Hyderabad, Level 1, Unit 2, Sy. No. 83/1, Plot No. 2, Inorbit Mall R, Oad, Salarpuria Sattva Knowledge City, Telangana	India
S1-10530708	South Builders Private Limited	West Bengal, Tapas Kumar Das, Midnapore, Rajpura P.O -Rakhajungle, Kharagpur, Kharagpur	India
S1-621689828	Shivam International Private Limited	1/1173, I Floor, Vivekanandar Street, Mallikittangi Road, Pandian Nagar, Virudhunagar, Tamil Nadu	India
S1-497087203	Gold Creative Tech Private Limited	L-51 A, Kh. No 672, Chanakya Palace-Ii, Uttam Nagar, Delhi, West Delhi, Delhi	India
S1-979807454	Eye Partners Center	1744 Monroe Street, Decatur, IL	US
S1-176538076	Gurukul (India) Science Pvt Ltd	Mig-2, H-1, Chak Nauniya, Ada Colony Naini, Allahabad, Uttar Pradesh	India
S1-182564248	Chasse Top Ecole SARL	3 Impasse du Petit Rochalot, La Baule-Escoublac, Pays de la Loire	France
S1-142385217	Alvarez and Hardin Dental LLC	TN, 317 Spring Street, Jonesborough	US
S1-652824240	École primaire Laurent	9 Rue Louis Gaume Grand Piquey, Lège-Cap-Ferret, Nouvelle-Aquitaine	France
S1-275266101	Lège-Cap-Ferret Compagnie SAS	8 a Allee des Grives, Lège-Cap-Ferret, Nouvelle-Aquitaine	France
S1-256622353	Clean Elite Healthcare, Inc	50 Brompton Road, Unit Apartment 1U, Great Neck Plaza, NY	US
S1-329637129	Ontiveros Block LLC	336 Foreman Road, Highlands, NC	US
S1-157612549	Watts Securities Inc	402 Sand Bank Road, South Middleton Township, PA	US
S1-685893754	Hj Amicale SCI	Pays de la Loire, Nantes, 43 BD Jules Verne	France
S1-423228363	Bright Projects Private Limited	Flat No 402 4Th Floor Bldgno D-21 Sec-Vii Of Shantinagr Mira Road Station (E), Thane, Maharashtra	India
S1-730347587	Aia Poulbots Jeunes SAS	604 RUE Henri Dunant, Dunkerque, Hauts-de-France	France
S1-912212304	Erickson, Cervantez & Mitchell	1319 Northern Parkway, Baltimore, MD	US
S1-65508685	Silver Food Limited	Kerala, Cochin, O/O M/S Paul Abrao & Sonssubramanian Road Willingdon Island	India
S1-133307486	Fédération du Etudiant.e.s	Pays de la Loire, 9 Rue des Ajoncs, Saint-Nazaire	France
S1-339891248	Brackett Gulf Qdro LLC	MD, Ocean City, Unit 3C, 9500 Coastal Highway	US
S1-940250874	Dispositif Jeunes SAS	1 AV Pierre de Coubertin, Pessac, Nouvelle-Aquitaine	France
S1-936276729	GI Comite SASU	12 Boulevard Jules Verne, Nantes, Pays de la Loire	France
S1-533273819	Perfect Trading	D-54, Midc Area, Jalgaon, Maharashtra	India
S1-667635904	Kundan Infotech Limited	F-5B, Saket New Delhi, New Delhi, Delhi	India
S1-777862951	Nagendra Structurals Private Limited	Flat No 603, 6Th Floor, F Wing, Insignia Chsl, Cst Road, Bks Kalina, Santacruz East, Mumbai, Maharashtra	India
S1-451930845	Letoile Compagnie SARL	23 Rue de Guyenne, Pessac, Nouvelle-Aquitaine	France
S1-648927512	Linh Compagnies Amicale SARL	3 Allée Pénélope, Pessac, Nouvelle-Aquitaine	France
S1-949894771	Tanishq Public School Ltd	31, Golden Lotus, Nr. Manav Bunglow, Science City Road, Sola, Ahmedabad, Gujarat	India
S1-705505106	Nan Moore Bright Circle Inc.	340 Cave Run Lake Road, Unit 84, Salt Lick, KY	US
S1-271093283	Davis Convertible LLC	1434 Prince Street, Unit A, Houston, TX	US
S1-196871212	T+ Triumph Inc	6417 Gainsborough Road, Fl 1, Scottsdale, AZ	US
S1-853397040	Ventures Ultimate Studios Pvt Ltd	1502 Synergy Business Park Sahakar Wadi Off Aarey Road Behind Virwani Industrial Estate Go, Regaon E, Mumbai, Mumbai City, Maharashtra	India
S1-489637357	Reseau Linformation Service EURL	3 Rue Pierre Gicquiau, Saint-Herblain, Pays de la Loire	France
S1-313098838	Annemarie K. Allen, D.C.	4915 Withrow Road, Charlotte, NC	US
S1-986931134	Shyam Infrastructure Private Limited	A-1/167, 3Rd Floor, Janakpuri, New Delhi, West Delhi, Delhi	India
S1-516531454	South Projects Private Limited	Flat 110A, Hill View No 1, Hill Heaven Chs, Opp Mehboob Studios, Hill Road, Bandra W, Est, Mumbai, Maharashtra	India
S1-884913007	Om Technology Private Limited	H.No. 3-147/20/B/401, Flat No.401/B.M.S Estates Balaji Nagar Near Ravindra Bharathi Scho, Ol, Nizampet, Hyderabad, Telangana	India
S1-948790814	Maison de Santé de Antoine	8 Rue des Prés, Saint-Herblain, Pays de la Loire	France
S1-943418264	Padma Hospital Pvt Ltd	C/O T. Mani S.F No. 1-306/9 Sholurmattam, Nilgiris, Tamil Nadu	India
S1-512123101	Dream Business Limited	502, Blg 51, Evershine, Millenium Paradise, Kandivali East, Mumbai, Maharashtra	India
S1-818940591	Club du Satourne	1 Rue Jean-Renaud Dandicolle, Bordeaux, Nouvelle-Aquitaine	France
S1-740441902	Interstate Investment Systems	1330 Travis Boyd Road, TN, Mansfield	US
S1-619027241	Interior Academy	148, Sukhdev Nagar, Panipat, Haryana	India
S1-271602374	Lotus Projects Private Limited	173 Mahatma Gandhi Road 3Rd Floor, Kolkata, Howrah, West Bengal	India
S1-996785825	Perinatalite Maternelle SARL	Tourcoing, Hauts-de-France, 27 Rue Jean Monnet	France
S1-291773785	Phoceen Maison SAS	64 Avenue Atlantique Cap Ferret, Lège-Cap-Ferret, Nouvelle-Aquitaine	France
S1-457234505	Mountain Shreya	1023 G Street, San Bernardino, CA	US
S1-579427674	Julina Fitz Hospitality Inc.	111 Friendly Drive, Unit 855, Raleigh, NC	US
S1-143909261	Kalinda Stumpf Ridge Dynamix	1714 Robin Circle, Ashtabula, OH	US
S1-474454437	Jb Global Public Limited	Fl. A-2 -1101 Brookefield, Willows S No 6/1/14 And, Pune City, Pune, Maharashtra	India
S1-643563024	Arts Guild	316 8th Street, Fl 0, Grants Pass, OR	US
S1-762968997	Gulf Renaissancere LLC	411 Clover Lane, Raleigh, NC	US
S1-413082916	Marylin's Clear Systems Corp	280 Twin Creeks Drive, Chagrin Falls, OH	US
S1-776572667	Open (India) Services Private Limited	A-402 Satpushp Grandeur, 18-Tashkand Marg, Allahabad, Uttar Pradesh	India
S1-932058348	Harbor Learning Center	277 Cranes Hollow Road, Amsterdam, NY	US
S1-623778542	American Global Inc	190 Fahi Pond Road, Anson, ME	US
S1-326778950	Sterling Beacon Acadia P.C.	6972 Bushy Tail Lane, San Tan Valley, AZ	US
S1-98948031	École maternelle du Notre	3 Place Ferdinand Schipman, Dunkerque, Hauts-de-France	France
S1-781735471	Silver Enterprises Pvt Ltd	No.4 & 5, 5Th Cross, Old Bank Colony, Konanakunte, Bangalore, Karnataka	India
S1-161366163	Lien Club SAS	12 Rue des Montagnards, Lille, Hauts-de-France	France
S1-37582704	QVW Syndicate Private Limited	Khairatabad, Telangana, 10Th Floor, Vasavi Mpm Grand, 11Th Level, Beside Metro Station, Yellareddyguda, Ameerpet, Hyderabad, Unit No.1107	India
S1-363649391	Sree Management Private Limited	Plot No Eg03 Gr Floor, Sanjay Gandhi Nagar Ph Ii, Delhi, North West Delhi, Delhi	India
S1-443017410	Hotel Software Private Limited	1St Floor, Regency House, Nr Tele Exch, Opp Vishnu Dars, Kalyan, Thane, Maharashtra	India
S1-358172525	Hitech Properties Private Limited	House No. 619/97, C/O Avdhesh Kumar Gupta, Huseriya Vineet Khand, Lucknow, Uttar Pradesh	India
S1-969617990	Balaji White Constructions Limited	27 Halwaikhana Behind Mishra Market, Auraiya, Uttar Pradesh	India
S1-994717905	Sauvegarde & Fils	27 Rue du Pont Lottin, Calais, Hauts-de-France	France
S1-724722825	Mi Comite SARL	21 Boulevard des Alliés, Calais, Hauts-de-France	France
S1-63940013	Maison Attitude SARL	92 Rue Émile Fourcand, Bordeaux, Nouvelle-Aquitaine	France
S1-50405816	Patriot Trust	1021 Sunset Road, Wheaton, IL	US
S1-888508583	Investment (India) Care Care	#7-62/362-363, Flat No. 2, 2Nd Floor, Ivory Woods Apartment, Prashanth Hills Colony, Raidu, Rgam, Hyderabad, Telangana	India
S1-453334086	IMN Ecole SAS	Hauts-de-France, 7 Boulevard Carnot, Lille	France
S1-732548811	Marinoise Sportive (France) SARL	120 Rue Carnot, Tourcoing, Hauts-de-France	France
S1-513801034	Creative Industries Limited	D-11/42 Sector-8, Rohini, North West, Delhi	India
S1-149649751	Lyra Oriental LLC	69 Madison Avenue, Asheville, NC	US
S1-435137248	Campbell Rapid Brookfield Co	800 Lassen Volcanic Drive, Pflugerville, TX	US
S1-582713032	Coolhut Track	Villa 184, Geown Oasis, V Kalahalli, Sarjapur Main Road, Anekal, Bangalore, Karnataka	India
S1-827913689	RMA Valley Plus LLC	2472 Melrose Court, Gilbert, AZ	US
S1-185803303	Indo Power Limited	Delhi, East Delhi, A-137-A New Ashok Nagar	India
S1-416355529	Dodie's Prairie Tax Service	6473 Il Hwy 148, Mount Vernon, IL	US
S1-141768735	Clinique de Jennifer	110 Boulevard Jacquard, Calais, Hauts-de-France	France
S1-193953973	Ram Food Private Limited	11T4 And 11T1, Road 13, Block 11, Zone 1, Sez-Pa, Gandhinagar, Gandhi Nagar, Gujarat	India
S1-375518715	EHPAD Pierre	6 Cours d'Albret, Bordeaux, Nouvelle-Aquitaine	France
S1-150717179	Omega & Co	09 1St Floor Jay Bhavani Nagar Rd No.32, Wagle Estate, Thane, Maharashtra	India
S1-776233325	Association des Espoir	8 Rue Colbert, Calais, Hauts-de-France	France
S1-291788971	Salsa Musique SARL	Mérignac, 4 Rue du Liveau, Nouvelle-Aquitaine	France
S1-589647119	Catholique Creatifs Ecole SA	1 Rue Jules Guesde, Lille, Hauts-de-France	France
S1-838669661	Children's Network	3608 Tyson Place, Albuquerque, NM	US
S1-997309009	Piedmont Initiative	34405 Red Horn Road, St Ignatius, MT	US
S1-612054324	Dorganisation Sportive SA	Pays de la Loire, Saint-Nazaire, 44 Rue de Kerbrun	France
S1-406880405	Hyderabad Centre LLP	916, Ayyappa Society Madhapur, Hyderabad, Telangana	India
S1-455455722	Siddhi Solutions Private Limited	T11 K G Plaza 3Rd Floor 41-44 G P Raod, Chennai, Tamil Nadu	India
S1-263556845	Defense (France) Culturelle EURL	Mérignac, Nouvelle-Aquitaine, 83 Rue Émile Combes	France
S1-786643019	1851 Center Blvd Properties Inc	265 Sexton Street, Struthers, OH	US
S1-38508487	Developers Smp Websolutions Private Limited	H.No. 103, Vill. Post Gauwapar, Ballia, Uttar Pradesh	India
S1-348207869	Gold Consultancy Private Limited	Villa 30 Sobha Gardenia, Kanniamman Kovil Street Vengaivasal, Chennai, Tambaram, Kanchipuram, Tamil Nadu	India
S1-392740539	Urgent Care Health LLC	6725 Bowie Drive, Fairfax County, VA	US
S1-639166525	Moore Integrated Orange	412 Hawthorne Loop Road, Unit 206, Leland, NC	US
S1-490818408	ZBV Parents SAS	3 Ter BD Michelet, Nantes, Pays de la Loire	France
S1-477992548	LZE Comite SCI	Lille, 6 RUE AUBER, Hauts-de-France	France
S1-370801870	Socioculturelle & Cie SARL	Pays de la Loire, 42 Boulevard Pasteur, Nantes	France
S1-716250424	Behavioral Health Valley Care Associates Inc.	265 Homestead Lane, Albemarle County, VA	US
S1-642296933	Roland School of Medicine, LLC	408 149th Place, Glenpool, OK	US
S1-891544380	Maison Riverains SAS	42 Rue Jean Haas, Saint-Nazaire, Pays de la Loire	France
S1-468593406	Noon LLC	550 Woodlawn Street, Hoffman Estates, IL	US
S1-892005821	Accros & Cie	48 Rue d'Italie, Roubaix, Hauts-de-France	France
S1-851083889	Monet Sportive SAS	128 bis Rue de l'Epinette, Tourcoing, Hauts-de-France	France
S1-331593197	Teitelbaum, Park and Santana Cal Inc	14617 42nd Place, Yuma Foothills, AZ	US
S1-673314247	Golden Shore Inc.	385 Coe Avenue, CT, East Haven, Unit Unit 2	US
S1-353120324	Gymnastique Ecole SARL	64 Allée des Peupliers, Bordeaux, Nouvelle-Aquitaine	France
S1-395493599	Built Electronics	Akanchan Nagari, Maharashtra, Pune City, Shop No 4 New Sr No 136/2, Pune	India
S1-9988149	Kamla Dwellers Private Limited	Mumbai, Mumbai City, Maharashtra, Crd 5, Floor-3Rd, Plot-24/26, Cama Building, Dalal Street, Bombay Stoc, K Exchange	India
S1-721222783	Etoile Fetes SASU	Nantes, Pays de la Loire, 18 Avenue de Corfou	France
S1-776881472	Ets Decibel SAS	40 Rue des Hippocampes, Nouvelle-Aquitaine, La Teste-de-Buch	France
S1-278760423	Litchfield Coastal Wells LLC	501 Maple Street, Unit Apt 419, Fayetteville, AR	US
S1-392555925	MC Green Pennymac	1029 9th Street, Lockport, IL	US
S1-268619671	Krn Ship Private Limited	C/O Wework Berger Delhi One, Sector 16B, C-001/A2, Noida, Gautam Buddha Nagar, Uttar Pradesh	India
S1-358984943	Balaji Trading Private Limited	C/O Brajpal Singh, Gandhariya Sitapur, Sidhauli, Sitapur, Uttar Pradesh	India
S1-38208164	Riverside Infra (India) Private Limited	7-19, Old Bazar, Badepally, Village Jadcherla, Mandal, Mahabubnagar, Stn. Jadcherla, Mahabub Nagar, Telangana	India
S1-706509749	Aili Rulli Highland Environmental Services	5500 Whitman Avenue, Fort Worth, TX	US
S1-526647196	Coleman, Celinka W., L.C.S.W., M.D., P.C.	229 Private Road 6136, Jasper, TX	US
S1-479176601	Holy Builders Private Limited	Jay Kay Complex 91Vadiyann Street Virudhunagar, Virudhunagar, Tamil Nadu	India
S1-804587443	Biify Clinic	20 Wittjen Court, Wetumpka, AL	US
S1-947426959	Allied Network II	126 Nottingham Drive, Stafford County, VA	US
S1-694233184	Turbulence Federation (France) SA	22 Avenue des Catamarans, Lège-Cap-Ferret, Nouvelle-Aquitaine	France
S1-9587318	Blue Pub LLC	600 Eagle Road, Unit 1E, Greensboro, NC	US
S1-684802370	Kreutzer Great Industrial LLC	333 Lindy Boulevard, Ballwin, MO	US
S1-414743632	Southern Business Pvt Ltd	36, Samridhi, Behind Mall 21, Rajeev Gandhi Parisar Near Panch Batti, M.I Road, Jaipur, Rajasthan	India
S1-273167159	Etudiants Groupement SARL	5 Allée du Zéphir, Nantes, Pays de la Loire	France
S1-820311060	N 6 Apex Berkley LLC	1500 Dun Loggin Drive, Mckinney, TX	US
S1-80404981	Star Global Private Limited	S-73 K.P.Vill, Gokuldham Vill. Santhal, Gujarat, Sanand, Ahmedabad	India
S1-568413927	Elsa Gassendi Parents EURL	11 Rue Masséna, Lille, Hauts-de-France	France
S1-672489200	City Technology Private Limited	53-17-52/16/1. Near V. S. Krishna College, Maddilapalem, Visakhapatnam, Telangana	India
S1-569248644	Fédération de Departementale	161 Boulevard la Fayette, Calais, Hauts-de-France	France
S1-686059652	Internet Mining Private Limited	56 Taltala Ln, Kolkata, Howrah, West Bengal	India
S1-542051983	Maddi Ulmer Convertible Inc	1020 Auglaize Street, Unit 3, Wapakoneta, OH	US
S1-661012151	EHPAD de la Sainte	62 Boulevard de la Prairie au Duc, Nantes, Pays de la Loire	France
S1-476719822	Great Enterprises Limited	Shakti Prints Compond Chakala Bhd.Bajsons Indl. Est, Andheri East, Mumbai, Mumbai City, Maharashtra	India
S1-659965581	Dent (France) Danse SAS	70 Boulevard Joliot-Curie, Bordeaux, Nouvelle-Aquitaine	France
S1-785759288	Vijay Healthcare Private Limited	Kamptee, Shop No. 218, Nagpur, G-14, Kambhale Tower, Mahadula, Maharashtra	India
S1-640153826	Bombay City Constructions Pvt Ltd	E-103, Elite Anmol, Bicholi Hapsi Road, Bangali Square, Indore, Madhya Pradesh	India
S1-886435431	Tourcoing Comite EI	19 Rue Jacques Cartier, Tourcoing, Hauts-de-France	France
S1-553665438	Club des Communale	47 Bis Rue du Plessis Tison, Nantes, Pays de la Loire	France
S1-210042084	Swastik Global Pvt Ltd	4541 Jai Maya Market Tri Nagar, Delhi, North Delhi, Delhi	India
S1-656619460	Teamsters Union Local No 590 Center	Forest Lake, 19830 Forest Road, MN, Unit Unit 202	US
S1-621104167	Vr Agro	39/2475-B1, Suite J67, Lr Towers, Sjrra 104, South Janatha Road, Ernakulam, Kerala	India
S1-599887765	Oasis Danse SAS	4 Rue Saint Vincent de Paul, Tourcoing, Hauts-de-France	France
S1-21151701	Harris Delta Spring Inc	NY, Sanford, 265 Lumber Road	US
S1-343238726	Chien College SAS	8 Chemin de la Petite Pâture, Saint-Nazaire, Pays de la Loire	France
S1-747636823	Ivenent Mckinley Inc	512 Oak Drive, Carterville, MO	US
S1-147518575	Baus PLLC	81 King Cotton Lane, Wetumpka, AL	US
S1-838419834	Mcgee Fortress Inc	4477 30th Avenue, Fargo, ND	US
S1-753629720	Maa Management Private Limited	D-402, Titanium Square, Nr. Thaltej Cross Road, Nr. B.M.W. Show Room, S. G. Highway, Tha, Ltej, Ahmedabad, Gujarat	India
S1-337797749	Dental Silver Health	13 Mary Street, City Of Watertown, WI	US
S1-494065422	Lee Next LLC	448 Midlothian Boulevard, Youngstown, OH	US
S1-369607460	YRG Societe	3 Impasse Marie Laurencin, Saint-Herblain, Pays de la Loire	France
S1-963468511	Tutelaire Club (France)	20 Avenue de Magonty, Pessac, Nouvelle-Aquitaine	France
S1-184291789	Anchor Consumer LLC	1935 Willetts Bottom Road, Battletown, KY	US
S1-228048717	Lart Sante SAS	140 Rue Saint-Druon, Lille, Hauts-de-France	France
S1-674296529	Fédération de Lescadron	46 Rue de Berckem, Tourcoing, Hauts-de-France	France
S1-832992912	Dynamic Infotech Private Limited	Telangana, Hyderabad, Flat No 801 & 802 Manjeera Majestic Commercial Complex, Kp, Hb Colony, Hyderabad, Sy No 1051/P & 1060	India
S1-528770608	Maison 2m	Roubaix, 43 Rue Jean Macé, Hauts-de-France	France
S1-414897154	Pediatric Dentistry Choice Associates, LLC	944 Beaverbrook Drive, Atlanta, GA	US
S1-330111203	Precise Advisors	Natunpally, Morepukur Near Bharti Sangh Club, Fair Price Shop, Rishra, Hooghly, West Bengal	India
S1-217190951	Lotus Consultants LLP	44 Shubh Sampda Nipaniya, Indore City North, Madhya Pradesh, Indore	India
S1-384200195	Collins Elite Freight LLC	515 Husband Street, Unit # 10, Stillwater, OK	US
S1-949604292	Communal Anciens SA	11 Rue des Roitelets, Lège-Cap-Ferret, Nouvelle-Aquitaine	France
S1-304277254	Ets Clos SARL	12 Rue de Floride, Nantes, Pays de la Loire	France
S1-140420032	QKP Anciens EURL	Nantes, 21 Rue de la Michaudière, Pays de la Loire	France
S1-655269404	Maison Stephane	329 Rue Pierre Legrand, Lille, Hauts-de-France	France
S1-837691846	India Magic Buildcon Ltd	Plot No. 26B/18 Sidco Industrial Estate, Pattaravakkam, Ambattur, Tiruvallur, Tamil Nadu	India
S1-517988001	Royal Food Private Limited	Bo-72 Shalimar Bagh, New Delhi, North Delhi, Delhi	India
S1-481638452	Msp Anciens SARL	36 Rue Quintin, Bordeaux, Nouvelle-Aquitaine	France
S1-25391993	Établissements Arts	15 Passage Hermitte, Bordeaux, Nouvelle-Aquitaine	France
S1-890633888	One Prime Constructions Private Limited	Fl-003, G Floor, Bengal, Park Chambers, H/D Ltd., Deshbandhunagar, North 24 Parganas, West Bengal	India
S1-869424257	Hannon and Gosnell	1005 Koudsi Blvd NW, Cedar Rapids, IA	US
S1-561506443	Music (France) Anciens SASU	5 Rue du Stand de Tir, Roubaix, Hauts-de-France	France
S1-38332737	All Technologies LLP	Anchorage, Plotno.9&12, Surveyno.119Mahaanipet, Visakhapatnam, Vishakhapatnam, Andhra Pradesh	India
S1-948140963	Russell & Maxwell Inc.	63 Brierwood Drive, Hinton, WV	US
S1-212958391	Ahmedabad Solutions Pvt Ltd	30, Ahmedabad, Gujarat, Maniratnam Row House Part-2 P&T Colony Road, Vasna	India
S1-414278495	Navyug Memorial Trust	Andheri (West), Nimbus Centre, Sab Tv Lane, Link Road, Mumbai, Office No. 20, Maharashtra	India
S1-152828625	Clear Clear Roman Clinic	2575 Rayne Church Road, Rayne, PA	US
S1-387522840	RFH Auto SA	99 Boulevard d’Arcachon, La Teste-de-Buch, Nouvelle-Aquitaine	France
S1-956237338	Go Kalpataru Private Limited	B-27, Okhala Industrial Area, Phase I, New Delhi, South Delhi, Delhi	India
S1-748228119	FJ Vinimay Pvt Ltd	Anand Bhawan, D-255 Ashok Nagar, Basharatpur, Gorakhpur, Uttar Pradesh	India
S1-557652939	Trace Agencies	481, Niti Khand-1 Indirapuram, Ghaziabad, Ghaziabad, Uttar Pradesh	India
S1-64812621	Little Tavern!	389 Hickman Hollow Road, TN, Surgoinsville	US
S1-358283101	Bruner First Manulife Inc	8147 Kaula Drive, Fair Oaks, CA	US
S1-445790658	Frontier Holdings Group Corp	44 Craig Drive, Unit L5, West Springfield, MA	US
S1-467381807	New International Private Limited	Tamil Nadu, A Block, Beta Wing, Raheja Towers, 177/10, Anna Salai, 207, Chennai	India
S1-537664220	Plateau Pharmacie SARL	20 Rue des Bonnets, Tourcoing, Hauts-de-France	France
S1-61214113	Jennifer Mccormick Highland Kensington	1319 San Hsi Drive, East Ridge, TN	US
S1-103028090	Nantes Culture SARL	38 Avenue de Rome, Nantes, Pays de la Loire	France
S1-260196062	Bombay Developers Private Limited	Pl N 125 Sn 26, Dahanukar Col Lane S, Pune City, Pune, Maharashtra	India
S1-755987671	Pole Ecole SARL	1 Rue du Port, Pornic, Pays de la Loire	France
S1-10219375	Prabha Traders Pvt. Ltd.	3, Suhasini Ganguly Sarani 2Nd Floor, Bhawanipore, Kolkata, Howrah, West Bengal	India
S1-741812569	École maternelle Sainte Team	3 Allee des Dunes, Lège-Cap-Ferret, Nouvelle-Aquitaine	France
S1-771971619	Red Trading Private Limited	Fl No. B-503 Cineraria Venkatesh Flora, Ph-Ii Pl. No. 24 Deccan Mill/ Mundhwa, Pune, Maharashtra	India
S1-716312493	Shiva Logistics Private Limited	No.3/643, Perambakkam Road, Gandhipet, Ulandai, Tiruvallore -602 105, Thiruvallur, Tamil Nadu	India
S1-315009112	Solutions Ssm Promoters Pvt Ltd	Rajkot, Gujarat, Rajkot, 202, Nakshatra 7, Bapa Sitaram Chowk	India
S1-28838154	Pharmacie de la Jean	Lille, Hauts-de-France, 15 Cité Lagache	France
S1-14013300	Besoft	930 W Beach Boulevard, Gulf Shores, AL	US
S1-852683502	Sus Maisons Societe SARL	6 Rue de Bapaume, Lille, Hauts-de-France	France
S1-235043493	Varanasi Hatcheries Private Limited	B 22/240 D-1 Khojwa Bazaar, Varanasi, Uttar Pradesh	India
S1-535928483	International Builders Limited	15Th Floor, Hindustan Times House, 18-20, Kasturba Gandhi Marg, New Delhi, Central Delhi, Delhi	India
S1-881673509	1482 Broadway Street Properties	406 3rd Avenue, Hettinger, ND	US
S1-583340510	Krishna Services Limited	117/O/189Geeta Nagar Kanpur, Uttar Pradesh, Kanpur, Uttar Pradesh	India
S1-631990603	Future Healthcare Private Limited	Aminijikarai, Tamil Nadu, Nelson Manickam Road, No.117, Chennai	India
S1-922896007	Stuart Farms PC	IN, 5211 Shenandoah Avenue, Newburgh	US
S1-448193431	Sanand Technologies Private Limited	Plot No 14 15 16 Moraiyaindutrial Estate Moriya Rd, Sanand, Ahmedabad, Gujarat	India
S1-715820359	Great Brothers	No.3/259, Kamuthi, Ramanathapuram, Tamil Nadu	India
S1-595881163	Sky Ventures Private Limited	5/14B Sundaram Nagar, Singampuneri, Sivaganga, Tamil Nadu	India
S1-424041745	India Scholar Paper Private Limited	Hotel Beach Garden Juhu Beachjuhu, Mumbai, Maharashtra	India
S1-239379152	Historical Coalition	2821 Joslyn, Mesa, AZ	US
S1-116645718	Kolkata Developers Private Limited	Mayfair Residency, Flat No.302, 3Rd Floor, Block-I 1275, Madurdaha, Kolkata, Kolkata, Howrah, West Bengal	India
S1-764847478	Horizon & Frères SCI	47 Rue Newton, Roubaix, Hauts-de-France	France
S1-799437455	Sahibabad Dairy Imperial Private Limited	B-951 B-Block (Pucca), Sahibabad Dairy, New Delhi, Delhi	India
S1-921826358	Padmini Consulting (India) Co	Parameswarath (H), South Vellarappilly P.O Sreemoolanagaram, Aluva, Ernakulam, Kerala	India
S1-655199447	Allen Chicago LLC	1500 Stolle Road, NY, Elma	US
S1-68658205	Ace Logistics Private Limited	215/ 5786, Arun Uday Darshan, 90 Feet Road Ghatkopar East, Mumbai, Mumbai City, Maharashtra	India
S1-912090022	Allied Prairie Northwest Inc	1806 Doon Street, Ayrshire, IA	US
S1-506457553	Sree Technologies Pvt Ltd	Flat No.604, O-Block, Quartz-Rainbow Vista, Hari Ramhills, Moosapet, Kukatpally, Hyderabad, Telangana	India
S1-663460812	Sdn Rocks Private Limited	Ward No.10/1 Surve No49/2, Wali Building Badami Road, Bagalkot, Karnataka	India
S1-788323985	Amicale des Banquet	63 Rue Saint-Louis, Roubaix, Hauts-de-France	France
S1-993639844	Ecuries Amis SAS	7 Rue Ernest Renan, Bordeaux, Nouvelle-Aquitaine	France
S1-839465554	Jtm Hospital Ltd	No. 216, 3Rd Main, 5Th Cross, Defense Colony, Bangalore North, Bangalore, Karnataka	India
S1-969290854	MJI Heartland Apex, Inc	4476 Drum Castle Court, Virginia Beach City, VA	US
S1-882838975	Jay Builders LLP	M-66 S/F, Sham Nagar, New Delhi, West Delhi, Delhi	India
S1-177178413	Atlantic Safe Columbia LLC	132 County Road 5224, Cleveland, TX	US
S1-681027628	Clark & Mcphearson Corporation	N13071 Prairie Road, Fl 476, Trempealeau, WI	US
S1-241242908	Eye Physicians	6016 Blackhawk Drive, Glendale, AZ	US
S1-365931692	West Supreme Global Center	339 Valek Road, Ennis, TX	US
S1-502907105	Downtown Barbershop!	Skiatook, OK, 3152 163rd Street	US
S1-466422359	Shibani Accounts (India) Private Limited	Near Supreme Gas, Amalner, Amalner, Maharashtra, Dhule Rd, Jalgaon	India
S1-668044094	Direct & Cie SARL	1941 Avenue Roger Salengro, Calais, Hauts-de-France	France
S1-603498752	Vk & Co	Ahmedabad, Orchid Paradise, Safal Parisar-1 Road, Daskroi, F-802, Gujarat	India
S1-342176202	Healey Apartment LLC	1229 Grant Avenue, Altoona, PA	US
S1-460257703	Pune Home Pvt. Ltd.	D C Chambers 3Rd Flooropp K S B Pumps Ltd Pimpri, Pune, Maharashtra	India
S1-538981445	JN Land Private Limited	1243/48 B, E Ward, Shivaji Udyamnagar, Kolhapur, Maharashtra	India
S1-671215817	Pediatric Dentistry Group	115 Spanish Oak Circle, Georgetown, TX	US
S1-474824270	River Traders Center	11-A Silk House630 Js Sethi Road Metro, Mumbai, Maharashtra	India
S1-749868331	Maison de Santé Sainte Art	14 Avenue Désiré Six, Tourcoing, Hauts-de-France	France
S1-441879263	Reese United Atlas LLC	3910 Harvard Street, Hamburg, NY	US
S1-131118385	Harr Express Multimedia	3549 Banff Avenue, Yuma, AZ	US
S1-384955402	Elite Trusted Array LLC	1016 Dolores Court, Indian Creek, IL	US
S1-773360471	Johnson Great Marine	326 Mockingbird Hill Rd, Louisville, KY	US
S1-997770939	Maison Bouge SARL	12 Place Bir Hakeim, Bordeaux, Nouvelle-Aquitaine	France
S1-363467614	Lloyd Semiconductor LLC	337 Waterville Avenue, Le Center, MN	US
S1-194530645	Cerballiance Peps College SARL	52 Rue du Mirail, Bordeaux, Nouvelle-Aquitaine	France
S1-458102932	Mountain Sterling	54 Stanley Drive, Glastonbury, CT	US
S1-225903207	Dpr Communale Clinique SAS	25 Rue Mery, Bordeaux, Nouvelle-Aquitaine	France
S1-794190354	Vanguard	642 Golden Rod Avenue, Romeoville, IL	US
S1-523387714	Mathieu Lionheart LLC	1111 Van Buren Street, Clarksburg, WV	US
S1-157756780	Espace Compagnie SARL	34 Rue Pigault Lebrun, Calais, Hauts-de-France	France
S1-112568273	Womens Health Clinic	3007 Ivy Street, Waynesboro City, VA	US
S1-474566799	Roubaix Centre	13 RUE de la Tour, Roubaix, Hauts-de-France	France
S1-828191544	Matthies & Morgan LLC	1718 Brookfield Street, South Bend, IN	US
S1-889154997	Consultants Ujjwala Resorts Private Limited	Ofice Kuber Siddhi, Building No. 2 Floor-3, Atak Pardi, Nr R.T.O., Valsad, Gujarat	India
S1-635670138	Favoriser Party Foyer SARL	Dunkerque, Hauts-de-France, 66 Rue Louis Auguste Blanqui	France
S1-625798830	Kent's Coastal Cleaning Service	26 Phineas Davis Lane, Mexico, NY	US
S1-727319169	Sewell Oaktree PLLC	5054 Technology Loop, Unit Unit 80, Corvallis, OR	US
S1-650599254	Friedrichs Venture	2248 Dabney Road, Unit J, Henrico County, VA	US
S1-901789628	Constro Traders Private Limited	Sco 102 A Delta Chambers, Jalandhar, Punjab	India
S1-328898219	Innovative Renewable	2816 Shartle Street, Middletown, OH	US
S1-746988036	Bryna G. Howell, P.A.	6109 University Avenue, Cedar Falls, IA	US
S1-151844549	Entraide Comite	6 Allée Citronnelle, Mérignac, Nouvelle-Aquitaine	France
S1-741594811	Terrain Soutien Compagnie SARL	19 Rue James Cook, La Teste-de-Buch, Nouvelle-Aquitaine	France
S1-133553377	Mots Ecole SCI	Saint-Nazaire, Pays de la Loire, 15 Rue de la Caserne	France
S1-201446130	Arm Sons Private Limited	34 Model Town Iscon Road Mansarover, Jaipur, Rajasthan	India
S1-801919071	Lège-Cap-Ferret Parents	9 bis Avenue de la Presqu'Île, Lège-Cap-Ferret, Nouvelle-Aquitaine	France
S1-425019561	Daide Collectif SA	24 Impasse Henri Barbusse, Saint-Herblain, Pays de la Loire	France
S1-445543572	Personnel Industries	2 Rue Abraham Duquesne, Pessac, Nouvelle-Aquitaine	France
S1-47193493	Associated Intelligence Industries Inc	10017 Mountain View Road, Unit UNIT 1055, Scottsdale, AZ	US
S1-683546811	La Baule-Escoublac Residence EURL	9 Avenue de la Lavande, La Baule-Escoublac, Pays de la Loire	France
S1-703370996	Sunrise Ventures Pvt Ltd	594, B.C. Bazar, Nearlicoffice, Ambalacantt, Ambala, Haryana	India
S1-737983564	Rando (France) Ecole SA	2 Rue Hippolyte Laurand, Lille, Hauts-de-France	France
S1-374574105	Baba Software Private Limited	No4/3, Belthur, Kadugodi, Hosakote, Bangalore Rural, Karnataka	India
S1-678246106	Tourcoing Comite SAS	11 Impasse de la Solidarité, Tourcoing, Hauts-de-France	France
S1-294324091	Sturges United Real	Barnsdall, OK, 3428 Cr 2409	US
S1-527801911	Acosta, Albina, O.D., P.C.	119 Dutch Lane, Mabscott, WV	US
S1-14476524	Select Total	5 Jethro Lane, Chilmark, MA	US
S1-506021107	Pooja Brothers Private Limited	Ground Floor Kiran Garden, Uttam Nagar, New Delhi, West Delhi, Delhi, D-4	India
S1-313145087	Bordeaux Club SARL	14 Passage Kiéser, Bordeaux, Nouvelle-Aquitaine	France
S1-305168872	Sunrise Bharat Care Limited	M-73B, Opp.- Sant Nirankari School, Malviya Nagar, New Delhi, South Delhi, Delhi	India
S1-567398626	Metro & Partners Ltd	#2, Bangalore North, Bangalore, Karnataka, 5Th Floor, Isiri, Chokkanahalli Layout	India
S1-928904601	Horizon & Co	Central Delhi, 4624/1 8Ansari Road Darya Ganj, Delhi, New Delhi	India
S1-976479663	Cercle & Frères SAS	5 Impasse Saint Clément, Pays de la Loire, Nantes	France
S1-530376504	Lippman Perfect LLC	415 74th Street, Chicago, IL	US
S1-962059746	Keystone Textile Networks	1100 13th Street, Herrin, IL	US
S1-987858364	Advait Solutions (India) Private Limited	Off-501, Aditya Banarasi Heritage, Nr. Chincholi Bunder Road, Malad West, Mumbai, Mumbai City, Maharashtra	India
S1-657910555	Caldyx State	3 Knipp Road, Houston, TX	US
S1-435157825	Giana Mader Floating, LLC	2050 4675, City Of Holladay, UT	US
S1-151037739	Maison de Santé Deportes	Hauts-de-France, 21 Boulevard Louis Xiv, Lille	France
S1-113518311	Attitude Musique SA	91 Boulevard de la Moselle, Lille, Hauts-de-France	France
S1-367301449	Future Producer Pvt Ltd	3071, Sector A, Pocket B & C Vasant Kunj, New Delhi, South West Delhi, Delhi	India
S1-372081564	Rev It Up Hypnosis, Inc	128 Hill Road, Spencer, NY	US
S1-877384700	École maternelle Madeleine	250 Rue Paul Langevin, Calais, Hauts-de-France	France
S1-907841685	Cadres Harmonie Club SAS	14 Rue d' Anzin, Tourcoing, Hauts-de-France	France
S1-50830210	Syndicale Federation SARL	15 Cité de la Marlière, Tourcoing, Hauts-de-France	France
S1-87410965	Pune Bakery	Ekadanta, Plotno.8Cts136, Gulwanimaharajpath, Erandwane, Pune, Officeno.501, Maharashtra	India
S1-965253070	Family Care Associates LLC	2301 Bradley Ave, Unit 309, Louisville, KY	US
S1-240731894	Trishu College	Gr Flr, 3, Bhushan Apt, Nr. Sai Pranay Hotel, Thane, Maharashtra	India
S1-809765600	Amicale de Kangourous	4 Avenue de la Grande Semaine, Mérignac, Nouvelle-Aquitaine	France
S1-989127363	Peus LP	8158 Ballantyne Court, Bldg 27371, Plain City, OH	US
S1-680362800	Maison Global SAS	7 rue de Bréa, Nantes, BP 42117, Pays de la Loire	France
S1-503550841	Modern Coastal Sun	201 Cherokee Boulevard, Unit 306, Chattanooga, TN	US
S1-62148738	Union du Tara	10 Rue des Canaris, Dunkerque, Hauts-de-France	France
S1-907522842	Bengaluru Supply	Bangalore, Bengaluru, Plot No.120-A3 Epip Layout Shantiniketan/F6, Karnataka	India
S1-832570896	CG Comite	60 AV dAres, Bordeaux, Nouvelle-Aquitaine	France
S1-901190621	Bharat Estate Private Limited	4754-57/23, 3Rd Floor T-8, Akarshan Bhawan, Ansari Road, Darya Ganj, New Delhi, Central Delhi, Delhi	India
S1-86980119	Rochefort Industries (France) SARL	8 Allée de la Chênaie, Bordeaux, Nouvelle-Aquitaine	France
S1-626500804	Publique Union EI	17 Bis COUR2 Aristide Briand, Bordeaux, Nouvelle-Aquitaine	France
S1-461891546	Tri-State Heartland Imaging	14704 99th Street, Vancouver, WA	US
S1-578154048	Accueil Amis SAS	206 Rue du Four à Chaux, Calais, Hauts-de-France	France
S1-165361282	Idf Spoutnik Club SA	82 Chemin Castre, Calais, Hauts-de-France	France
S1-651464854	Master & Partners	27/5 Kartick Chandra Ghosh Lane, Bally, Howrah, West Bengal	India
S1-894459050	Chiropractic Associates LLC	1316 Deerlick Drive, Columbus, OH	US
S1-626385798	Apex Healthcare Private Limited	454/4 Bhawna Bhawanist Floor Near Akash Cinema Azadpur, Delhi, North Delhi, Delhi	India
S1-125022716	Tennis Union EURL	Pays de la Loire, 32 Rue Henri Bertrand, Nantes	France
S1-370032815	Sirius	661 Cumberland Way, Webster, NY	US
S1-967739975	Mondiale Societe SARL	Pessac, Nouvelle-Aquitaine, 42 Rue Maryse Bastié	France
S1-466602166	Congregation Baptist Church	1343 Chukar Lane, Incorporated, ID	US
S1-941101954	Crawford Creative Flag LLC	1337 Five Mile Road, Birmingham, AL	US
S1-492418756	Lumyx Lafayette	TX, 14830 Flowers Drive, El Paso County	US
S1-116698773	Mumbai Agro Pvt. Ltd.	7 Narayan Wadi86/88 B Khadilkar Road, Mumbai, Maharashtra	India
S1-343174636	Mitzi T. Pisani, CPA	6 Crabapple Drive, Bear, DE	US
S1-742333645	Pioneer Spa LLC	Dayton, 300 Nutt Road, OH	US
S1-771891011	Bouliste Restauration	341 bis Avenue Vulcain, La Teste-de-Buch, Nouvelle-Aquitaine	France
S1-980014346	Saint-Nazaire Ecole EURL	4 Rue des Mouettes, Saint-Nazaire, Pays de la Loire	France
S1-325533306	Mackenzie Elite Apollo	9 Kenilworth Knolls, Unit 424, Asheville, NC	US
S1-684991513	KLB Culturel EURL	39 Rue Morand, Nantes, Pays de la Loire	France
S1-781156588	Clinique Cedille	Dunkerque, 346 Rue Raymond Telly, Hauts-de-France	France
S1-11256478	Lycée de Objectif	48 Boulevard Jules Simon, Bordeaux, Nouvelle-Aquitaine	France
S1-264816891	Venu Alizes Ehpad SARL	Pays de la Loire, Nantes, 18 Rue Raspail	France
S1-271195766	Tucker Audio Installation LLC	929 Broad Street, Wadsworth City, OH	US
S1-709796278	Dunkerque Parents SASU	147 route de Fort-Mardyck, 59640 DUNKERQUE, Dunkerque, Hauts-de-France	France
S1-113536672	Sahil Hospital LLP	Barberry / Bar 603, Omaxe Forest Spa Surajkund Road, Sector-43, Faridabad, Haryana	India
S1-104210871	Bombay Foods	Tc 49/2231, Shibu Nivas Vellayani Junction, Nemom, Thiruvananthapuram, Trivandrum, Kerala	India
S1-66120827	Promotion Patrimoine (France) SAS	1 RUE Traversiere, Nantes, Pays de la Loire	France
S1-899036077	Movie Amicale EURL	175 Avenue du Truc, Mérignac, Nouvelle-Aquitaine	France
S1-130859637	Soutien Federation SCI	32 Rue Albert Dory, Nantes, Pays de la Loire	France
S1-518150976	CQT Comite EURL	180 Rue Colbert, Lille, Hauts-de-France	France
S1-579404153	Nicholasville Housing Custom Trust	801 Brannon Road, Unit 235, Nicholasville, KY	US
S1-702950917	Maison Retraites SA	12 Rue des Lilas, Hauts-de-France, Dunkerque	France
S1-425690951	Piedmont Reliable Media of Folsom	3208 Auburn Leaf Loop, Folsom, CA	US
S1-462012283	Challes (France) Comite SA	34 Rue Ludovic Lefièvre, Nantes, Pays de la Loire	France
S1-70097618	South Amis EURL	17 RUE Delphin Petit, 447 CHARLES DELALEU, Lille, Hauts-de-France	France
S1-143773023	N N Cooper Aspen PLLC	15315 24th Avenue, Tacoma, WA	US
S1-451420892	MDW Club EURL	37 Rue Reine Astrid, Nantes, Pays de la Loire	France
S1-308482790	Hedy's Couture	24 1/2 Miller Street, Cortland, NY	US
S1-996247828	Renaissance Parents	26 La Berthauderie, Pornic, Pays de la Loire	France
S1-364147746	Apollo Fresh Pvt Ltd	S. No 201 202 Sai Arpan Co B S Alpanaben Cinema Village, Vadodara, Gujarat	India
S1-579429941	Renouveau Sportive SARL	5 Rue D'Inkermann, Roubaix, Hauts-de-France	France
S1-280385954	Laique (France) Culturelle SAS	5 bis Rue de Cenon, Bordeaux, Nouvelle-Aquitaine	France
S1-595543987	Gain Interior Pvt Ltd	Haveli, Pune, Maharashtra, No - 36/1 Opp.Abhang Mang, Karyalay Haveli Pune Dehu	India
S1-689448051	Mumbai Books Pvt Ltd	Crasto Bldg Ii Floor294 Dr C H Street Marine Lines, Mumbai, Mumbai City, Maharashtra	India
S1-94126886	Ss Seven Solutions Limited	Shakthi Towers, Ground Floor, Tower-I, 766, Anna Salai, Chennai, Chennai, Tamil Nadu	India
S1-871484539	Value Odyssey	728 E Park Drive, Monroe, NC	US
S1-591603990	Mahakaal Institute of Technology	West Bengal, Calcutta, 177/B C R Avenue, Kolkata	India
S1-82297250	Joliot Groupement SAS	4 Rue de l'Allier, Nantes, Pays de la Loire	France
S1-657838822	Saint-Nazaire Comite	12 Allée Jean Beauvilain, Saint-Nazaire, Pays de la Loire	France
S1-94213184	International Impex Private Limited	431-A, Fourth Floor Orbit Mall, A.B. Road, Indore, Madhya Pradesh	India
S1-680253018	Krishna South Constructions Pvt Ltd	Lucknow, Uttar Pradesh, Flat No.505, Skyline Plaza-1, Ansal Api	India
S1-771235846	Blin Centre EURL	50 Rue Ferdinand Alexandre Boutillier, Saint-Herblain, Pays de la Loire	France
S1-124792046	Krishna Tradecom Private Limited	Delhi, North West, North West Delhi, Delhi, Khasra No 96/14 Holambi Kalan	India
S1-986405620	Saint-Nazaire Pharmacie SARL	7 Allée Yvonne Baratte, Saint-Nazaire, Pays de la Loire	France
S1-451992834	Nashik Technical Private Limited	Plot No.45, Shakuntal, Vrindawan Nagar, Opp Dgp Nagar-2, Kamatwade, Nashik, Maharashtra	India
S1-762479824	Maison de Santé du Sainte	Tourcoing, Hauts-de-France, 44 Rue du Calvaire	France
S1-357778260	Suffolk City Youth Direct Association LLC	117 Brewer Avenue, Suffolk City, VA	US
S1-699800600	Golden Industries Group	633 Shiv City Silver, Indore, Madhya Pradesh	India
S1-200978251	New Sportive SCI	1 Impasse Charles Trenet, Saint-Herblain, Pays de la Loire	France
S1-941728013	Deleon's Crystal Barbershop	4159 Southwyck Lane, Memphis, TN	US
S1-673860547	Kendall Newtekone	154 Wilson Drive, Santa Maria, CA	US
S1-956721572	Mother & Partners Private Limited	1002, Savannah Avalon, Makwana Road, Marol, Andheri East, Mumbai, Maharashtra	India
S1-835199740	Hari Consulting Private Limited	Door No Pmc Xv/786J C Park A M Road Perumbavoor, Ernakulam, Idukki, Kerala	India
S1-110033696	Orthopedic Coastal Group	77 Co Rd 109, Evanston City, WY	US
S1-136032418	Kankariya & Sons Private Limited	A/504, Jayshree Krishna Darshan, Near Vedant High School, Gcc Club Road, Mira Road East, Thane, Thane, Maharashtra	India
S1-692153221	First Superior Broadband LLC	5244 Aberdeen Street, Chicago, IL	US
S1-372732715	Institut Saint Combattants	147 Boulevard de l'Egalité, Calais, Hauts-de-France	France
S1-254539403	Monroy, Legette & Boyce Willow	4811 Mill Park Drive, Henrico County, VA	US
S1-863684170	Co Hemisphere Club SARL	14 bis Avenue François Rude, La Baule-Escoublac, Pays de la Loire	France
S1-526394262	Universal Lotus Services Private Limited	Flat No T-5, Sita Hotel, Civil Lines, Jhansi, Uttar Pradesh	India
S1-731493228	Ecuries Foyer SAS	74 Rue des Plantes, Nantes, Pays de la Loire	France
S1-563694254	Fasadyne Ventures	37 Provencher Road, Town Of Aurora, WI	US
S1-413719661	Photographie Club SARL	Saint-Nazaire, Pays de la Loire, 6 Allée Blaise Cendrars	France
S1-754157804	Comité des Tour	98 Rue Delord, Bordeaux, Nouvelle-Aquitaine	France
S1-413227825	Barbee Pearl Group	13455 45th Street, Saint Michael, MN	US
S1-454087210	Albatros Club SARL	94 Rue du Loup, Bordeaux, Nouvelle-Aquitaine	France
S1-680846184	Lège-Cap-Ferret Loisirs SAS	112 Avenue de Bordeaux Cap Ferret, Lège-Cap-Ferret, Nouvelle-Aquitaine	France
S1-999508234	Maha Enterprises Private Limited	Plno 16A Nirzar Soc Sno 19/1 Pl 16/A Nr Sangam Press Kothrud, Pune, Maharashtra	India
S1-404281094	International Enterprises Limited	Daskroi, Opp Satva Green Partyplot, Gujarat, Shop-15 Murlidhar Heights, Ahmedabad	India
S1-722863507	Foundation Ann Ventures Private Limited	H No 1-98-9-12/A/1, Flat No 205, Jubilee Cyber Grand, Shaikpet, Hyderabad, Telangana	India
S1-579135705	Aagam Housing Private Limited	Bl-A, Gr-Fr, P-331, Lake Town, North 24 Pgs, North 24 Parganas, West Bengal	India
S1-859859470	Hans Advertisement Limited	Plotno 85 1St Floor 8Thcross Anand Nagar Phase 2 Behind Titan Watches Sipcot, Hosur, Krishnagiri, Dharmapuri, Tamil Nadu	India
S1-850855724	Urgent Care Ridge Associates Co	8214 S Riverway Avenue, Spokane Valley, WA	US
S1-100235084	Hyderabad Plus Ltd	C/0 V Ramu H No 1-11-251/4 & 4A 6Thfloor Tirumala Heights Begumpet, Hyderabad, Telangana	India
S1-488955948	Patterson Systems Corporation	2406 Mierianne Street, Houston, TX	US
S1-125772580	Tinmurti Trading Private Limited	27, Rajeev Nagar, Khandari Agra, Agra, Uttar Pradesh	India
S1-270167563	Jai Marketing Limited	C/O Pandeypur, Mariahun, Jaunpur, Uttar Pradesh	India
S1-448312450	Kaizen Dairy Limited	P No -14/603 East End Apartment Cghs Mayur Vihar Ph-1 Extn., Delhi, East Delhi, Delhi	India
S1-64224326	Baie Anciens SAS	46 Rue Maisdon Pajot, Nantes, Pays de la Loire	France
S1-679797011	Deleves & Cie SARL	130 Route de Paris, Pays de la Loire, Nantes	France
S1-358157038	OCU Ateliers	1 Impasse de la Solidarité, Tourcoing, Hauts-de-France	France
S1-352215531	Glen Vargas Drugs Inc	15479 Main Street, Hesperia, CA	US
S1-997146552	Chasse Sportive	474 Rue du Brun Pain, Tourcoing, Hauts-de-France	France
S1-501272530	Hitech Services Private Limited	Godrej Genesis 12-Floor, Room No 1201 Ep & Gpblock, Sech Bhawan, Saltlake, North 24 Parganas, West Bengal, India., Saltlake, North 24 Parganas, West Bengal	India
S1-282063308	Global Industries Inc	2214 Overton Avenue, Independence, MO	US
S1-410736480	FJ Motors Private Limited	Mumbai, Floor -2, Maharashtra, Mumbai City, Plot-51, Bodhi Vihar, Gokhale Road (North), Dadar (W)	India
S1-370770040	Mecaniques Amicale EURL	162 Rue Decrême, Roubaix, Hauts-de-France	France
S1-359996018	Continental Staffing Studios LLC	8420 32nd Avenue, Seattle, WA	US
S1-278253442	Alpin Anciens SARL	Nantes, Pays de la Loire, 2 Rue Léon Berard	France
S1-932447763	Netherton Starry of Henry County Inc	2023 The Great Road, Henry County, VA	US
S1-865110598	RC India Private Limited	435/1 Muradgrampur Pursi Muradnagar, Ghaziabad, Uttar Pradesh	India
S1-412981986	Bordeaux Élémentaire EI	6 Rue Commandant Marchand, Bordeaux, Nouvelle-Aquitaine	France
S1-356831746	Couch Marshall Group	102 Ewing Drive, Stoughton, MA	US
S1-205051382	Double Venture Private Limited	F-703, 7Th Floor, Emerald Towar, Parkwest, Binnypet, Bangalore, Karnataka	India
S1-638388288	Roubaix Maison	1 Rue du Sentier, Roubaix, Hauts-de-France	France
S1-217183879	Pas Ecole EI	24 Rue Blanche, Lille, Hauts-de-France	France
S1-233378764	Muzaffarnagar Power Pvt Ltd	52/2 Grd Floor, Meeka Vihar, Jansath Road, Muzaffarnagar, Uttar Pradesh	India
S1-40069141	Club de Zanshin	6 Rue d'Evreux, Saint-Herblain, Pays de la Loire	France
S1-714141887	Complete Commodities Co	VA, Chesapeake City, 2508 Narrow Street	US
S1-312408083	Pediatric Dental Center Inc	1404 Richmond Street, Arlington Heights, IL	US
S1-939810850	Dunning Maintenance, Inc.	323 Sandy Avenue, Charlotte, NC	US
S1-882930215	EHPAD Saint Jean	43 Rue du Lapin Blanc, Dunkerque, Hauts-de-France	France
S1-966872599	Franco Parents SAS	4 Rue de Lacanau, Bordeaux, Nouvelle-Aquitaine	France
S1-842238805	Global Services Pvt Ltd	F16 17Commerce House 78 Tardeo Road, Mumbai, Maharashtra	India
S1-660025819	Verrify Keystone Group	784 Morris Park Avenue, Bronx, NY	US
S1-994547884	Bordeaux Club SARL	32 Rue Paul Courteault, Bordeaux, Nouvelle-Aquitaine	France
S1-28613282	Afce Velo Club	38 Avenue de Saint-Nazaire, Saint-Nazaire, Pays de la Loire	France
S1-827332838	Value Rain	1321 Ferris Court, Spokane, WA	US
S1-356420659	Appropriate (India) Business Limited	Near S.D.M Court Chatriya Nagar, Iii Block, Nagina, Bijnor, Bijnor, Bijnore, Uttar Pradesh	India
S1-49607557	Olly Steinke Innovative Emera Inc	Virginia, 8 French Drive, IL	US
S1-379039665	1529 Seventh Street Apartments LLC	490 Overlook Road, Washington, NY	US
S1-684626863	Enterprises Raghavendra Services Private Limited	D No : 7-51 Ibrahimpatnam, Ibrahimpatnam, Krishna, Andhra Pradesh	India
S1-719887571	MDO Transports SASU	1070 av. toumaniantz apt 27, Calais, Hauts-de-France	France
S1-499721096	Interstate Agricultural Alliance	1935 Morten Avenue, Unit 29, Phoenix, AZ	US
S1-180672707	Foot & Ankle Colonial Clinic	1597 47th Street, Cleveland, OH	US
S1-219833225	Fédération de Sublime	59 Rue du Maréchal Joffre, Dunkerque, Hauts-de-France	France
S1-392908301	Saint-Nazaire Sportif SARL	6 Allée des Primevères, Saint-Nazaire, Pays de la Loire	France
S1-541464084	Haag Medical Center	16450 56th Place, Phoenix, AZ	US
S1-345549725	Shakti Impex	Nagpur, Maharashtra, Shop No S - 30, Nagpur, Ginger Square	India
S1-674793563	Diane Section (France) SARL	3 Avenue des Camélias Pyla, La Teste-de-Buch, Nouvelle-Aquitaine	France
S1-109886963	Laxmi Builders Private Limited	Office No. 15/E, 5Th Flr Commerce Centre, Tardeo Road, Mumbai, Mumbai City, Maharashtra	India
S1-965138815	Gti Comite SARL	7 Rue des Tonneliers, Saint-Nazaire, Pays de la Loire	France
S1-292003607	Gold Jain Foundation Private Limited	T2, Iii Floor Nutech Plaza, 73 Arcot Road Kodambakkam, Chennai, Tamil Nadu	India
S1-920293143	Institut Ip	70 Rue Jean Baptiste Notte, Roubaix, Hauts-de-France	France
S1-400338891	Cochin Logistics Pvt Ltd	Xxv/ 86A, 86B, Koonamthai Edappally, Cochin, Ernakulam, Kerala	India
S1-723032861	Union des Am	Nouvelle-Aquitaine, 9 Impasse des Truquets, Lège-Cap-Ferret	France
S1-773295843	Association de Tom	19 Rue du Pape Léon, Pessac, Nouvelle-Aquitaine	France
S1-617511566	Housing Brothers Private Limited	Faridabad, Haryana, Om Shubham Plaza, Sector-16, Faridabad, Shop No.132	India
S1-319805409	Chasse (France) Amicale SARL	59 Route du Cap Ferret Grand Piquey, Lège-Cap-Ferret, Nouvelle-Aquitaine	France
S1-100177632	Avivah Chandler Bluerock Partners	144 Pine Avenue, Horsham Township, PA	US
S1-921453146	Personnel Comite SASU	14 Place Louise de Béttignies, Lille, Hauts-de-France	France
S1-470967603	Sarasan Foundation Private Limited	Sno 73/1F, 12, 13 Keshar, Laxmi B-403 Tapkir Mala, Pune City, Pune, Maharashtra	India
S1-322039516	Vk Sangh	Iii Floor, 205, Jp Tower Nursery Circle, Vaishali Nagar, Jaipur, Rajasthan	India
S1-775973029	Family Group Care	26872 Allentown Road, Tremont, IL	US
S1-567312734	First Galaxy Industries Private Limited	A-10, Ground And First Floor, New Delhi, South Delhi, Delhi	India
S1-39596263	Mare Sport	Nouvelle-Aquitaine, 119 Rue Sainte-Catherine, Bordeaux	France
S1-66033502	VNG Transport SAS	2 Rue Jean Burguet, Bordeaux, Nouvelle-Aquitaine	France
S1-865539215	YY Restauration SA	2 Rue Edouard Vaillant, Lille, Hauts-de-France	France
S1-591838985	Indian Trading Pvt Ltd	Office No. 5, First Floor, Pinnac Apt, Erandwane, Pune City, Pune, Maharashtra	India
S1-813973877	Mountain Center Inc	1016 Portsmouth Drive, Island Lake, IL	US
S1-641543517	Union du Futsal	Dunkerque, Hauts-de-France, 8 Rue du Docteur Dewevre	France
S1-744479781	Nafa & Fils SARL	Pornic, Pays de la Loire, 5 Rue des Myosotis	France
S1-226820606	Blancs Tennis Elementaire SAS	22 Rue de Dijon, Tourcoing, Hauts-de-France	France
S1-994740853	Communale Anciens (France) SARL	5 Avenue Joliot-curie, La Baule-Escoublac, Pays de la Loire	France
S1-565765897	Piedmont Institute	CA, 2644 8th Avenue, Merced	US
S1-909355873	Internal Medicine Specialists LLC	NE, Douglas County, 5732 239th Street	US
S1-460574851	Real Consultants Limited	Office Space No.1408, Door No. 2/1149 A58, 4Th Floor, Hilite Business Park, Olavanna Panchayath, Kozhikode, Kerala	India
S1-685528408	Soleils Services SAS	44 Rue Camena d'Almeida, Bordeaux, Nouvelle-Aquitaine	France
S1-93675344	Puru Chemicals LLP	2, Ivanhoe, Ground Floor, 139, G J Bhosale Marg, Nariman Point, Mumbai, Maharashtra	India
S1-201842820	Suraiya Power Pvt. Ltd.	Mumbai, 208, Maharashtra, Malad West, Malad Shopping Centre, South Wing Sv Rd Near Cit	India
S1-142329333	Urology Signature Center, LLC	8015 Sharpsburg Pike, Fairplay, MD	US
S1-535132786	Cochin Brothers LLP	Du- 176 Pitampura, Delhi, North West, Delhi	India
S1-289608642	Pharmacie Françoise	11 Rue Michel Favreau, Bordeaux, Nouvelle-Aquitaine	France
S1-563762493	Comité du Team	53 RUE Galilee, Nantes, Pays de la Loire	France
S1-965892034	Premier Estate	Haryana, Splendor Grande, Sector-19, Panipat, D3-Tf	India
S1-666484034	Lille Maison SARL	27 RUE Jean Bart, Maison des Associations, Lille, Hauts-de-France	France
S1-506625400	Solidaire Club (France) SAS	2 Rue des Hortensias, Lille, Hauts-de-France	France
S1-104749266	Lycée Paul	19 Avenue Jules Verne, Mérignac, Nouvelle-Aquitaine	France
S1-228793511	Uluberia - Ii Chits LLP	C/O S K Arif, Raghudebpur Rajpur, Uluberia - Ii, Howrah, West Bengal	India
S1-114814590	Rickels Blue Red LLC	318 Carpenter Road, Granger, WA	US
S1-470312395	Comité de Jaden	PL Amelie Raba Leon, Centre Hospitalier Universitaire de Bordeaux - Groupe Hospitalier Pellegrin, Bordeaux, Nouvelle-Aquitaine	France
S1-272003966	R 4 A Canadian LLC	MO, 3015 Cypress Avenue, Kansas City	US
S1-701672046	Association des Gap	45 Rue Duguay Trouin, Calais, Hauts-de-France	France
S1-576024640	Tech Global Limited	Ground Floor 7 Raheja Centre214 Nariman Point, Mumbai, Maharashtra	India
S1-727807458	Red Grill	5584 Heritage Court Drive, Unit APT 1C, Wilmington, DE	US
S1-976302242	Downtown Tavern LLC	3899 Marion Williamsport Road, Unit 26, Caledonia, OH	US
S1-971965800	Heckman, Reynolds & Wallace LLC	Garfield, 17163 Smith Ridge Road, AR	US
S1-813016221	Vemuri Educational Society	Plot No. 06, Si Arra Degaul Avenue, Durgapur, Bardhaman, West Bengal	India
S1-936517540	Aarvanth India Pvt Ltd	L-56, A Wing Lower Ground, Express Zone Near Oberoi Mall Malad East, Mumbai, Mumbai City, Maharashtra	India
S1-126643482	Sree Exports Private Limited	E-40, Krishna Park, Devli Road Deoli Khanpur, New Delhi, Delhi, South Delhi, Delhi	India
S1-762250812	Teltroy Producer Private Limited	P B Anil Roy Rd, Kolkata, Calcutta, West Bengal	India
S1-127718203	BC Centre SAS	135 Rue Jouffroy, Roubaix, Hauts-de-France	France
S1-750199561	Ambur Global Pvt Ltd	No.68.Oomer Road, Ambur, Vellore, Tamil Nadu	India
S1-57219526	Kmr College	355 Rail Bazar, Kanpur, Uttar Pradesh	India
S1-49104392	89 (France) Ecole	11 RUE Maubec, 3eme Etage, Bordeaux, Nouvelle-Aquitaine	France
S1-652221489	Deleves Club	Hauts-de-France, 338 Avenue Linné, Roubaix	France
S1-579717008	Madrassati & Cie	46 Rue Yves Ponceau, Pornic, Pays de la Loire	France
S1-828827019	XP Cares Pvt Ltd	Rajasthan, Shankara Residency Omaxe, Jaipur, Flat No. 104 Tower-Tulip	India
S1-47101080	Crissy Breitenbach Couriers	3188 Center Road, Bladenboro, NC	US
S1-538721714	Raj Developers Private Limited	Shop No-6/2, Commercial Complex, New Delhi, West Delhi, Delhi	India
S1-794601185	Clinger, Allen and Parnell, Inc	1207 Main Street, Holden, MA	US
S1-374999201	Bessenay Culture SAS	42 RUE Paul Duez, Lille, Hauts-de-France	France
S1-201686787	Communaute Souverain Amis SARL	Bordeaux, 33100 BORDEAUX, 18 rue Nuyens, Nouvelle-Aquitaine	France
S1-591581500	Comité des Aide	Bordeaux, 48 Rue Sainte-Germaine, Nouvelle-Aquitaine	France
S1-30716428	Maccallum & Ewing LLC	152 Pampano Lane, St Charles, MO	US
S1-840824650	TZ Smart Roman	214 Ottawa Street, Leavenworth, KS	US
S1-413633860	Kheops Services SARL	11 Rue des Prunus, La Teste-de-Buch, Nouvelle-Aquitaine	France
S1-969495030	Foot & Ankle Ridge Care	116 Seminole, Unit 90, Louisburg, NC	US
S1-127159191	A Beacon Lithium	1619 Oneil Street, Houston, TX	US
S1-93379492	Dynamic Tech Limited	Idukky, Kerala, Kottayam, Bldg No A P Viii/229Fp B No 16 N H Road Adimaly	India
S1-831715945	Cmp Consultancy	Flat No D-302, Aliens Elite Prasanth Nagar, Miyapur, Hyderabad, Telangana	India
S1-523800628	First Foundation Limited	Varsha 247/2B Navi Peth, Pune, Maharashtra	India
S1-641343856	Sgs Green Private Limited	17, Govardhan Park, Opp. Karnavati Nagar, Naroda, Ahmedabad, Gujarat	India
S1-330333841	Sporting Amis (France) SAS	86 Allée de la Forêt, Nouvelle-Aquitaine, Pessac	France
S1-547887754	Corny Ruiz Metro Melar	100 Webb Street, Hamden, CT	US
S1-134427402	Kcc & Sons Private Limited	At-Rajpur, Po-Kereragarh Via- Madanpur, Kendrapara, Orissa	India
S1-696306782	Commerce Anciens	8 Allée Adrienne Bolland, Nantes, Pays de la Loire	France
S1-172741333	Établissements Nationale SAS	104 Boulevard de Metz, Lille, Hauts-de-France	France
S1-545839217	Internal Medicine Specialists	1618 Constitution Avenue, Unit 1, Washington, DC	US
S1-856322879	Zavala's Ace Family Practice	4629 Clarendon Avenue, Phoenix, AZ	US
S1-477217936	Aditya Hospitality	101, Plot No. B-27, Commerce Centre, Off. New Link Road, Near Morya House, Andheri West, Mumbai, Maharashtra	India
S1-797367459	Federal Managers Ltd	1320 Stark District Road, Saint Johnsbury, VT	US
S1-835394098	East Estate Private Limited	Flat No G2, F Block, S.No 148Rajapushpa Atria, Shankarpally, K.V.Rangareddy, Telangana	India
S1-902861520	Nantes Sportive SARL	8 RUE Alfredo Gomez Ollero, Appartement 204 Batiment C1, Nantes, Pays de la Loire	France
S1-193126362	Premier Public School	37Th Floor, 3703, Tower No 1 Crescent Bay, Jerbai Wadia Road, Near Mahatma, Phule Educationa, L Society, Mumbai, Mumbai City, Maharashtra	India
S1-608623091	Total Wholesale Concepts	13 Woodside Drive, Conowingo, MD	US
S1-89347250	Soeur Service SASU	82 Boulevard de Metz, Roubaix, Hauts-de-France	France
S1-649034209	Ets Sonorite SARL	RUE du Jardin de l Ars, Ecole Simone Veil, Bordeaux, Nouvelle-Aquitaine	France
S1-345473038	Conway, Corbett & Worrall Inc	MA, Melrose, Unit 1, 30 First Street	US
S1-799037415	Education Institute	427 W 7th St, Boone, IA	US
S1-638715881	Établissements Lets SARL	Hauts-de-France, 12 Rue de Roncq, Tourcoing	France
S1-128334283	Petite Fetes SARL	8 RUE Ursule Chevalier, Nantes, Pays de la Loire	France
S1-575503136	Fournitures Amicale SARL	54 Rue de Lavaud, Bordeaux, Nouvelle-Aquitaine	France
S1-559388159	Sunrise Investments Pvt Ltd	5, Aayesha Palace, 86 Dawood Baug Lane, Near Sagar Shopping Center, Andheri West, Mumbai, Mumbai City, Maharashtra	India
S1-749546273	XK Seva Private Limited	S.No 28/5 Vishal Nagar, Near Jagtap Dairy, Pimple Nilakh, Pune City, Pune, Maharashtra	India
S1-211880735	Galindo Holdings Group Inc.	7805 300, West Lafayette, IN	US
S1-366620278	Comité de Agissons	27 RUE des Douves, Bordeaux, Nouvelle-Aquitaine	France
S1-992353656	Kv Healthcare Private Limited	A/12 A, Indraprasth, Behind C K Prajapati School, Laxmipura, Vadodara, Vadodara, Gujarat	India
S1-787797477	Centre Médical de la Ams	80 Rue Jules Guesde, Roubaix, Hauts-de-France	France
S1-480938379	Mumbai Management Private Limited	541, Laxmi Plaza, Laxmi Industrial Estate, New Link Road, Andheri (W), Mumbai, Mumbai City, Maharashtra	India
S1-303619996	Krishna Investments	Haryana, Gurgaon, Tulip Purple Sec 69, Arjun Nagar, 1104 11Th Floor Tower B1	India
S1-130524385	Marnais Fil Culturelle SASU	13 Avenue Océane, Nantes, Pays de la Loire	France
S1-731878422	Sapeurs Federation SAS	315 Rue Colbert, Tourcoing, Hauts-de-France	France
S1-360363241	Dermatology Group	7632 Pauls View Pl, Louisville, KY	US
S1-720527346	Green Holiday (India) Co	C-50, Ground Floor, Jaipur, Rajasthan	India
S1-408973723	OSP Finserv Pvt Ltd	Shop 216, Fortune 80 Udr, (Mcl) University Road, Girwa, Udaipur, Rajasthan	India
S1-951512493	Ets Vigne SAS	9 Rue Reine Astrid, Nantes, Pays de la Loire	France
S1-789966462	Nantes Comite SA	15 Chemin de la Guiblinière, Nantes, Pays de la Loire	France
S1-291283680	Sparkle & Sons Ltd	Budhanpurwa, Vill- Nagar Parisad Buxar, Anchal-Buxar, Buxar, Bihar	India
S1-641831046	Grant Veterinary Clinic, LLC	178 Eighth Street, Unit 1, Leominster, MA	US
S1-526938495	Ca Amicale SARL	33 Rue Général Gouraud, Bordeaux, Nouvelle-Aquitaine	France
S1-400643831	Better Summit Factory LLC	1028 Bradburn Village Drive, Nashville, TN	US
S1-744748522	Hali Bates, Ph.D.	1909 R Street, Fort Smith, AR	US
S1-706332602	Art Loisirs (France) SARL	21 Allée des Blés d'Or, Saint-Nazaire, Pays de la Loire	France
S1-380224066	Gaor	321 Walton Lane, Unit K132, Nashville, TN	US
S1-870088041	Locale Anciens SARL	12 Rue Lafitte, Calais, Hauts-de-France	France
S1-667818022	Bajwa Builders Pvt. Ltd.	4-117, Ganguru, Penamaluru, Krishna, Andhra Pradesh	India
S1-825548874	Sunrise Estate LLP	Flat No-91, Plot No-27, Cghs A K Karishma Apartment, Delhi, East Delhi, Delhi	India
S1-154875646	Universal Consulting Private Limited	Building No. 522/16, Puthukoli, Kasaragod, Kasargod, Kerala	India
S1-91606066	Bell Energy	21203 113th Street Court, Bonney Lake, WA	US
S1-838000156	Anish Projectsprivate Private Limited	Fl No A 501 Sr No 2/2/2 Shree Samarth Comples Dhayari, Pune, Maharashtra	India
S1-202688855	Route Maison SASU	Hauts-de-France, Lille, 1 BD de la Liberte	France
S1-59931826	Abney and Crum Meridian, Inc	37 Baker Drive, Glen Dale, WV	US
S1-516501595	Meza Better Cea Inc.	724 Shady Drive, Albemarle, NC	US
S1-808547554	Ashapura Jain (India) Private Limited	E-34, Plot No.-26, Qutub Vihar, Part-2, Goyla Dairy, Post Office-Chhawla, New Delhi, Central Delhi, Delhi	India
S1-963758676	Lycée Martin	60 Bis Boulevard Meusnier de Querlon, Nantes, Pays de la Loire	France
S1-463017061	Butler Federal Proem Inc	Chatham, 1800 Avenel Lane, IL	US
S1-68864075	Bishop Heritage Recruiting Group	9947 State Highway V, Walnut Grove, MO	US
S1-3286207	Bia Inc	1100 Highland Court, Hartselle, AL	US
S1-782712284	Physical Therapy Partners of Mckinney Inc	801 Cold Stream Drive, Mckinney, TX	US
S1-91727696	Peak Property Dynamics LLC	8608 Newman Drive, North Richland Hills, TX	US
S1-64154964	Om Media Private Limited	D/54, Sardar Estate, Road No. 5, Ajwa Road, Vadodara, Gujarat	India
S1-964514944	Art Culture SAS	35 Avenue de la Forge, Lège-Cap-Ferret, Nouvelle-Aquitaine	France
S1-102716784	Jarlon Brand Inc.	14258 Craggy Rock Avenue, City Of El Paso, TX	US
S1-407776616	East Systems Private Limited	N2/108, Irc Village, Nayapalli, Bhubaneswar, Khordha, Orissa	India
S1-153198332	Gnm Developers Private Limited	Galla Mandi Gate K Samne Jamuniya Road, Sehore, Madhya Pradesh	India
S1-312522728	Kacie J. Goodlow, L.C.S.W. P.C.	71 Messenger Street, Unit 1069, Plainville, MA	US
S1-999832742	Grise, Kong & Chaparro LLC	1918 Tyler Road, VA, Petersburg City	US
S1-563855236	Shyam Industries Private Limited	4B Madhab Chatterjee Street, Kolkata, Howrah, West Bengal	India
S1-655922842	LBU Solutions LLP	Row House No.3 Fremount, Hills S.No.29/12/1/2, Haveli, Pune, Maharashtra	India
S1-133639819	BS Amicale SARL	24 Rue des Augustins, Bordeaux, Nouvelle-Aquitaine	France
S1-756842816	Gray and Graham	357 Locust Grove Road, Shelbyville, KY	US
S1-445225651	Solidaire Sante SARL	63 Avenue Jean Jaurès, Nouvelle-Aquitaine, Pessac	France
S1-18097685	Y 7 T Precision LLC	22275 Stottlemeyer Road, Bldg 171, Poulsbo, WA	US
S1-862517234	Elvera's Empire Agriculture	2325 A, Town Of Scott, WI	US
S1-7094390	International Engineering LLP	T-42, 2Nd Floor, T Block Shukar Bazar, New Delhi, West Delhi, Delhi	India
S1-990968149	Ptits Amicale SARL	113 Avenue du Large, Dunkerque, Hauts-de-France	France
S1-755447030	Maison Accueil SASU	65 Rue Quintin, Bordeaux, Nouvelle-Aquitaine	France
S1-968363839	Lille Culturelle SARL	50 Rue Edouard Vaillant, Lille, Hauts-de-France	France
S1-707056937	Financement (France) Federation SARL	58 Rue Raspail, Lille, Hauts-de-France	France
S1-294301808	Mer Fetes SAS	25 Place d’Armes, Calais, Hauts-de-France	France
S1-965422905	Education Club (France)	35 Rue René Caillié, Dunkerque, Hauts-de-France	France
S1-726820323	OAY Musique SARL	6 Impasse du Grand Coin, Lège-Cap-Ferret, Nouvelle-Aquitaine	France
S1-940382700	Entre Agricole SASU	2 Rue Saint-Nicolas, Lille, Hauts-de-France	France
S1-48950260	Withers Integrated Owl LLC	42604 75, Snead, AL	US
S1-304512406	VB Centre SARL	32 Place de la Liberté, Dunkerque, Hauts-de-France	France
S1-664404382	Glidewell Innovation	4701 Colony Drive, Bldg Bldg LU12, Jonesboro, AR	US
S1-22912363	Arnav College Company	5-10-197/A1, Reliance Krishna Apts, Hills Fort Road, Adarshnagar, Hyderabad, Telangana	India
S1-97137627	Midwest Dental Associates	10907 Mohave Street, Avondale, AZ	US
S1-33050957	Paradise Athletique Sportive SAS	3 Avenue Haitza, La Teste-de-Buch, Nouvelle-Aquitaine	France
S1-646332882	XFX Strategic Telecom	Nashville, 212 Wildgrove Court, TN	US
S1-253261623	Vks Systems Private Limited	C/O Manorama Devi Village & Post Office Susuwahi, Varanasi, Uttar Pradesh	India
S1-442030071	Jasper Chiron Corporation	3205 Winch Road, Springfield, IL	US
S1-847994855	Solova Payment	2795 Unaweep Avenue, Unit B, Orchard Mesa, CO	US
S1-470367556	Golden Solutions	Block-A, 11Th Floor, F-1112, Titanium Business Park, Nr Makarba Railway Crossing, Bh Divya Bhaskar Press, Ahmedabad, Ahmadabad City, Ahmedabad, Gujarat	India
S1-970009676	Notes Union	3 ALL des confiseurs, Tourcoing, Hauts-de-France	France
S1-17706991	Regional Interstate Cherry, LLC	330 Mcclendon Street, Mineral Springs, AR	US
S1-250120724	Steel Nursing Home	Plot-5, 1St Floor Dr Radhakrishnan Nagar 3Rd S Thiruvanmiyur, Chennai, Tamil Nadu	India
S1-611302159	Mclaughlin & Jeffries LLC	205 Fanshell Drive, Plain City, OH	US
S1-684261058	White Energy Private Limited	Mira Devi, W/O Upendraram, Vill-Aurangabad Nagar, Po-Aurangabad Nagar Parishad H.No, 306/02 Aurangabad, Aurangabad, Bihar	India
S1-258207799	Krishidhan Godavari	Plot No. 102 A/1, Industrial Area Govindpura, Bhopal, Madhya Pradesh	India
S1-730228668	Pharmacie Anne	Dunkerque, 50 Rue Paul Hazard, Hauts-de-France	France
S1-536614636	Unique Gujarat Technology Private Limited	Howrah, West Bengal, Post - Anondopur, Kasba, Rubby Gold Park, Kasba, Kolkata, R.R. Plot Num - 8, Kolkata	India
S1-666778129	Continental Montessori School	3247 Austin Avenue, Hempstead, NY	US
S1-95713040	Regal Goat Private Limited	S No. 77/4, Flat No 1008, Elena Homes, Haveli, Pune, Maharashtra	India
S1-880296423	Diamond Xsolla	3550 Chatfield Center Road, Chatfield, OH	US
S1-277145162	Lucienne Wigginton, Esq.	300 Chapelgate Lane, Baltimore, MD	US
S1-158985118	Supreme Construction LLP	No.116 G.A Pammal Main Road, Pammal, Chennai, Tamil Nadu	India
S1-72536540	Bright Exports Pvt Ltd	E-81 2Nd Floorsaket, New Delhi, South Delhi, Delhi	India
S1-281921201	Tech Smith Tillage Private Limited	Dr No: 9/214, Kannur, Puthige Grama Panchayath, Kasaragod, Kasargod, Kerala	India
S1-836399280	Eye Clean Medicine	504 Rough Hollow Drive, Troy, TX	US
S1-234843865	926 Center Street Holdings	6613 Stirrup Court, Sykesville, MD	US
S1-888168741	Royal Consultants	45, Kailash Vihar In Front Of Naidunia Office City Centre, Gwalior, Madhya Pradesh	India
S1-45259427	Boulevard Sportive EURL	25 Rue René Peigne, Nantes, Pays de la Loire	France
S1-228438940	Nature Union SAS	2 Quai de la Colonne, Calais, Hauts-de-France	France
S1-68057229	Judo Maternelle	Nouvelle-Aquitaine, 278 Rue Judaïque, Bordeaux	France
S1-259199146	Arjan Publishing Ltd	Shop No.402, 4Th Floor, Goyal Trade Centre, Shantivan, Borivali East, Mumbai, Mumbai City, Maharashtra	India
S1-95983601	Falcon's Properties	7679 Buckthorn Way, Portland, OR	US
S1-372710644	Institut Kick	12 Rue Philippine de Hainaut, Calais, Hauts-de-France	France
S1-273967593	Indo Future Energy Pvt Ltd	Sy No: 579/Aa1/2/2/1, Ameenpur, Ramachandrapuram, Medak, Telangana	India
S1-57949745	Sun Finance Pvt Ltd	237/L Manicktolla Main Road, West Bengal, Kolkata, Calcutta	India
S1-357766793	Regional Fellowship PC	2042 Lombardy Drive, Fayetteville, NC	US
S1-165945634	NXY Diagnostic Ltd	D.No.49-34-3C, Flat No.501, Sumukaiyla Apartment, N.G.G.O Colony, Akkayapalem, Visakhapatnam, Vishakhapatnam, Andhra Pradesh	India
S1-785978602	Priyank Engineering Private Limited	98/A, B T Road, Kolkata, Kolkata, Howrah, West Bengal	India
S1-99415540	Pn Drink Private Limited	47B, Nalini Sett Road, Ground Floor, Kolkata, Kolkata, Howrah, West Bengal	India
S1-481603100	MQ Software Co	Plot No.15, Kh. No. 1318, Village Morta, Ghaziabad, Uttar Pradesh	India
S1-58098403	Richardson & Walsh Opportunities Inc	16926 Us 412 Highway, Bono, AR	US
S1-776540034	Amicale de Bureau	53 RUE de lHermitage, Bordeaux, Nouvelle-Aquitaine	France
S1-560604930	Union de Monument	Hauts-de-France, 8 RUE Fenelon, Roubaix	France
S1-629728401	Ethos Gaming Pvt Ltd	Sf-14, Block - B, Signet Plaza Kunal Cross Road, Gotri, Vadodara, Gujarat	India
S1-787380955	Aevum & Sons Limited	Plot No. 111/P, G.I.D.C. Estate Odhav, Ahmedabad, Gujarat	India
S1-806661399	Je Sportive SARL	7 Rue Frédéric Mottez, Lille, Hauts-de-France	France
S1-277839884	Creative Trading Works Corp	199 Woodcock Lane, Tyrone Township, PA	US
S1-309188545	Salaries Union SARL	36 BIS Route du Point du Jour, Saint-Nazaire, Pays de la Loire	France
S1-222854633	Eastern Media Private Limited	C/O- Ram Krishna Saha, Hatiara Road, V. Sarani, D B Nagar, North 24 Parganas, West Bengal	India
S1-289177914	Happy Deli	851 Montague Lane, Kimberling City, MO	US
S1-670806792	Lyssa Poff, MD	8033 6th Street, AZ, Phoenix	US
S1-237678755	GY Club SASU	7 Allée Marcel Legouey Cazaux, La Teste-de-Buch, Nouvelle-Aquitaine	France
S1-481797104	West & Cie SAS	61 RUE Ernest RENAN, Bordeaux, Nouvelle-Aquitaine	France
S1-11216301	Rosales Holdings	Weymouth, MA, 150 Lake Shore Drive	US
S1-300061365	Pharmacie Jean	Bordeaux, 21 RUE Achard, Apt 209 Hall B, Nouvelle-Aquitaine	France
S1-763743020	Manidhari Clinic Company	Plot No. 16, Survey No. 86, K D Smark Trust I.T.C., Dist.: Junagadh, Kadvasan, Junagadh, Gujarat	India
S1-54610861	Maison Ermitage SA	190 RUE BARTHELEMY DELESPAUL, Lille, Hauts-de-France	France
S1-707318801	Chang Invesco LLC	702 Bobwhite Place, Philomath, OR	US
S1-817088831	Wilson Prairie Cloud	2120 Evergreen Circle, Ontario, NY	US
S1-572586843	Ui Sirius Amicale	104 Rue de Lille, Roubaix, Hauts-de-France	France
S1-289981585	Soule Cherry	Huntington, AR, 108 Hwy 71	US
S1-822240995	Children's Federation II Inc	NC, Unit 1209, Huntersville, 2121 Seagle Street	US
S1-232409170	Urgent Care Atlantic Clinic LLC	501 Main Street, Wilson, NY	US
S1-780157152	European Club SA	28 COUR2 Saint Louis, Bordeaux, Nouvelle-Aquitaine	France
S1-570177438	Nantes Amis SARL	14 AV Sainte Anne, Nantes, Pays de la Loire	France
S1-357801377	TGO Petroleum	420 5 S Hill Road, Sunnyside, WA	US
S1-395744722	Regional Pediatrics	3017 Mountain View Drive, Bremerton, WA	US
S1-818453487	Sree Tech LLP	Plot No.11/22, Ex-Service, Men Colony, Ward No.28, Bellary, Karnataka	India
S1-861948238	Bhagyoday Technology Private Limited	Flat No 939, Floor No 3, Balaji Homes Sec 48, Gurugram, Gurgaon, Haryana	India
S1-84431466	Happy Coffee	900 5th Street, Ponca City, OK	US
S1-582475397	Ratnagiri Overseas Limited	Delhi, New Delhi, 1800, Basement, Gyani Bazar Kotla Mubarakpur, South Delhi	India
S1-259140608	Jardins Union SARL	18 bis RUE de Valmy, Palais des Beaux-Arts de Lille, Lille, Hauts-de-France	France
S1-349074829	Great Consultancy Private Limited	812 A Wing, Jaswanti, Allied Business Cente Kan, Malad West, Mumbai, Maharashtra	India
S1-975816067	Kanak Ads Private Limited	Pune, A-32, Sunder Park, Manikbaug, Sinhagad Road, Maharashtra, Pune City	India
S1-89024280	Entente Loisirs SAS	Nouvelle-Aquitaine, 70 RUE de la Benauge, Bordeaux	France
S1-262936500	Swastik Exports Private Limited	R12 & 15, 1St Floor Akra Road, S A Froquie Road Metiabruz, Kolkata, Kolkata, Howrah, West Bengal	India
S1-225556480	Paf Medical SAS	74 AV de verdun, Bordeaux, Nouvelle-Aquitaine	France
S1-586485459	Seven Trading Private Limited	Rajasthan, 33, Basement Floor, Heera Nagar-A, Chitrakoot, Vaishali Nagar, Jaipur	India
S1-560118750	Anand Properties Private Limited	1St Floor, Plot-4 Blk-B, Sector-19, Rohini, North West Delhi, Delhi	India
S1-809772641	Reimers Stores Care	761 Hwy 14, Lincoln, KS	US
S1-866467075	Intercommunale Federation SARL	Nouvelle-Aquitaine, 3 Rue Maubec, Mérignac	France
S1-497092644	Panchavati Brothers Limited	159, D. B. Road R. S. Puram, Coimbatore, Tamil Nadu	India
S1-366503312	Bright Technologies Pvt Ltd	1459, J.J, Colony, Madanpur Khadar, Phase-Iii, New Delhi, South Delhi, Delhi	India
S1-202232447	Sree & Brothers Pvt. Ltd.	E-17/4 Budh Vihar Behind Dharamveer Market Badarpur, New Delhi, South Delhi, Delhi	India
S1-117085215	Eswara Forms Limited	Tm.Ap.Viii/573C, Plot No.62 Aidp, Dharmasala, Kannur, Kerala	India
S1-738114269	Isis Institut EURL	48 Cours Saint-Louis, Bordeaux, Nouvelle-Aquitaine	France
S1-357081003	Collège Sainte Paul	68 Rue Auguste Comte, Lille, Hauts-de-France	France
S1-798838720	Orbent Royalty Clinic	112 Market Street, Frederica, DE	US
S1-830573887	Sapeurs & Cie SAS	68 Rue Maurice Berteaux, Lille, Hauts-de-France	France
S1-900919826	Transcontinental Research Enterprises	41 A Elwood Road, Huntington, NY	US
S1-645537973	Jackson Fannie Corp	12 Kimball Road, Unit 1, Watertown, MA	US
S1-711519675	Deepshikha Denim Corporation	At- Barauni-1 Po- Barauni Deorhi Ps- Phulwaria, Barauni, Begusarai, Bihar	India
S1-66401511	National Initiative	906 B Lincoln Avenue, Unit Unit 4, City Of Beaver Dam, WI	US
S1-86968078	Daugherty, Hashemi & Beltran Lending	21047 County Road 3350, Wynnewood, OK	US
S1-882967787	Morales Valley Cable	5490 NC904, Fairmont, NC	US
S1-12156573	Peak Mountain Distribution LLC	Berwyn, IL, 3841 Harvey Avenue	US
S1-847462383	Luxmi (India) Recruitment Private Limited	5-144/25, Patancheru Road, Rangareddy, K.V.Rangareddy, Telangana	India
S1-928758130	Adan Merger	3277 Chinquapin Ln, Louisville, KY	US
S1-270169106	One Consultancy Limited	Shop 273 Plot No.30 2 Flr, Vardma Plaza St. No.44 Cc, Delhi, North West Delhi, Delhi	India
S1-952166517	Safe Pioneer Legato Group	9020 Ellery Channing Drive, Huntersville, NC	US
S1-822824249	La Baule-Escoublac Agricole SAS	43 i Avenue Alfred Bruneau, La Baule-Escoublac, Pays de la Loire	France
S1-564908493	Vast Services Private Limited	Ward 01, Saleha Road, Devendranagar, Panna, Madhya Pradesh	India
S1-441729622	Corner Seafood	117 Sanderson Street, Unit 301, Springfield, MA	US
S1-162433974	New Resorts LLP	Osmanabad, Maharashtra, C/O P B Patil Phande, Anand Nagar, Osmanabad	India
S1-783959695	Darshan Foundation	911, Wing A, Kanakia, Wall Street, Andheri, Mumbai, Maharashtra	India
S1-776586716	Centre Hospitalier Sainte Gazl	Hauts-de-France, 7 Villa Saint Georges, Lille	France
S1-907111555	Cuttack Producer Pvt. Ltd.	#01, Dorada, Athgarh, Near Up School, Cuttack, Orissa	India
S1-421523922	Fédération des Rock	7 Rue Raimu, Pessac, Nouvelle-Aquitaine	France
S1-784636107	HH Gas Inc	3862 Wake Circle, Norfolk City, VA	US
S1-813092327	First Industries Pvt Ltd	Paschim Medinipur, Jl No 65, Plot No 785 Dantan I, Paschim Medinipur, Bhabanipur, Midnapore, West Bengal	India
S1-544379259	Al Marketing LLP	Flat 6133, 13 Th Floor, Tower Maple, Parx Laureat, Noida, Gautam Buddha Nagar, Uttar Pradesh	India
S1-190362492	Lyrify Immunopharma LLC	112 Jack Browning Drive, Jarrell, TX	US
S1-835912667	Oasis International School	Fl 9 Bld G, Clarion Park Sno 138 Part, Aundh, Pune, Maharashtra	India
S1-498362265	WTE Media Private Limited	Chengannur, Mulakuzha Po Building No.342/A, Ward 17, Kerala, Attinkara Veedu, Alappuzha	India
S1-371870191	Saint-Herblain Comite SCI	13 Rue Paul Dukas, Saint-Herblain, Pays de la Loire	France
S1-306815464	Club du Defense	36 Route de Bordeaux, Lège-Cap-Ferret, Nouvelle-Aquitaine	France
S1-591286116	Om Maintenance Private Limited	B Wing, Shop 09, Hiranandani Estate, Atlanta, Thane, Maharashtra	India
S1-192558351	Wagner Learning Center LLC	9166 101, Sunman, IN	US
S1-694913331	Commission on Labor	613 Coopers Hawk Drive, Norman, OK	US
S1-888264761	Agence Ecole SARL	24 bis Rue Paul Wante, Roubaix, Hauts-de-France	France
S1-285916803	Lège-Cap-Ferret Comite SARL	4 Rue des Dattiers, Lège-Cap-Ferret, Nouvelle-Aquitaine	France
S1-93317786	RY Centre EURL	51 Rue Louguet, Calais, Hauts-de-France	France
S1-628095561	Abhilasha College Limited	C/O Hitendra Gardhariya, Nr Bhojavav Timbavadi, Junagadh, Gujarat	India
S1-406646229	Mrinal Structure Private Limited	No.70, D.No.14, Durairaj St, Thirunagar, Valasaravakkam, Chennai, Tamil Nadu	India
S1-486968943	Mcneil Precision Medicines	2738 Mc Clure Street, Indianapolis, IN	US
S1-772639909	École primaire Robert	21 RUE du Nouveau Monde, Roubaix, Hauts-de-France	France
S1-443460820	Lake Preferred Pbc PC	358 Rainbow Circle, AL, Butler	US
S1-235103383	Blue Ministries LLC	903 1200 Road N, Monticello, IL	US
S1-245935232	Benson Realty Inc	2412 Miners Drive, Peoria, IL	US
S1-652432908	Ivie Forsberg Choice Fargo LLC	AZ, Unit 1083, 3601 Mcdowell Road, Phoenix	US
S1-473761943	Lent Pharmaceuticals LLC	12 Winter Street, Unit 5, Somerville, MA	US
S1-219784178	All Care Private Limited	3/A, Bldg. No. B, Shivsagar Society, Opp. Mulji Nagar, Off. S. V. Road, Boriv, Ali West, Mumbai, Maharashtra	India
S1-881400115	Lisetta Silva Bay Braves, LLC	85 Panorama Drive, Asheville, NC	US
S1-123450472	Bhanu (India) (india) Pvt Ltd	87/D/1 Ibrahimpur Road Top Floor, Jadavpur, Kolkkata, West Bengal	India
S1-774343838	Parashnath & Brothers Group	Office No 303, Third Floor, Singhal Tower, Labour Chowk, Deepak Vihar, Khoda, Sector-58, Noida, Gautam Buddha Nagar, Uttar Pradesh	India
S1-783830778	Henrietta's Total Textiles	VA, Bedford County, 3021 Morgans Mill Road	US
S1-800083381	Sourire Centre SAS	17 Avenue du Haut Lévèque, Pessac, Nouvelle-Aquitaine	France
S1-996330019	Union de Gap	Mérignac, 11 Rue Roland Oudot, Nouvelle-Aquitaine	France
S1-625011730	Banuelos & Kunze Holding Inc	4535 Bella Vista Drive, Moorpark, CA	US
S1-417617663	Lions Anciens SAS	46 Rue Philéas Réant, Calais, Hauts-de-France	France
S1-51918750	Comité des Bde	32 Rue Roger Salengro, Dunkerque, Hauts-de-France	France
S1-78009105	Heartland Federation of Boiling Spring Lakes Inc	120 Windemere Drive, Boiling Spring Lakes, NC	US
S1-961197351	Pepita Garza Value Lending LLC	207 Daleyuhski Lane, Loudon, TN	US
S1-974275816	Swastik Blue Foods Limited	Plot 502B, Ground Floor, Amar Jyothi Building, Road No. 31, Jubilee Hills, Khairatabad, Hyderabad, Telangana	India
S1-186729063	Ghaziabad Education Limited	E-134 Gali No-4, Janakpuri, Ghaziabad, Uttar Pradesh	India
S1-422057473	Family Association	1018 Woodland Park Drive, West Des Moines, IA	US
S1-621452478	Cornerstone Brookfield PC	3721 Ritter Avenue, Indianapolis, IN	US
S1-118152321	Bhartiya International School	C/O Maha, 4Th Flr Y, Block Psg Coll Tech, Coimbatore South, Coimbatore, Tamil Nadu	India
S1-536052876	Convergence & Fils SA	Pessac, Nouvelle-Aquitaine, 2 A Rue Armand Calmon	France
S1-520701165	Balaji Technologies Pvt. Ltd.	A-17 Vandana, Appartmentssector 13 Rohini, New Delhi., Delhi	India
S1-10289043	Street Amicale	Pays de la Loire, 46 Chemin des Mules, La Baule-Escoublac	France
S1-85770186	Fédération de Pingouins	9 Avenue Armand Larrivière, Lège-Cap-Ferret, Nouvelle-Aquitaine	France
S1-105116714	Alpha International Private Limited	F N S1 P N 88 Shri Balaji, Residency11Ganesh Nagar17, Jaipur, Rajasthan	India
S1-870201989	Big Software Private Limited	D 204 Lotus Homes, Ahmadguda, Hyd, Hyderabad, Telangana	India
S1-469564318	Vintage (India) Foundations	Rajasthan, Akshat Spring, D-156, Durga Marg Bani Park, Jaipur, F-403	India
S1-971174963	LY Apex Indonesia LLC	392 3rd Street, Barberton, OH	US
S1-658251548	Hazelwood Ventures	592 Plymouth Drive, Youngstown, OH	US
S1-195212454	Surgical Center Inc	419 47, Harrietstown, NY	US
S1-408449657	Siddipet International Limited	Survey No- 392 And 206, Siddipet Industrial Park, Mandhapally Village, Siddipet, Medak, Telangana	India
S1-299403649	Ramirez Advanced Parts	3189 Sh 19, Trinity, TX	US
S1-797074613	Musee Service SARL	7 Cour Leclercq, 17 rue de la potennerie, Roubaix, Hauts-de-France	France
S1-886421827	Interstate Alliance	6295 Sweetspire Lane, Columbus, OH	US
S1-608666021	Kota Chits Pvt Ltd	2701, Ixora, Hiranandani Meadows Gladys Alwares Road, Off. Pokharn Road N, O.2, Thane, Maharashtra	India
S1-356256727	AD Centre	347 Rue Roger Salengro, Lille, Hauts-de-France	France
S1-899838657	First Solutions Limited	Plot No. 646/P, Sy No.1 5, Madhuban Colony Rjnr, Rajendranagar, Hyderabad, Telangana	India
S1-728101404	Maa Agro Private Limited	Noida, Gautam Buddha Nagar, F-81, Uttar Pradesh, Site-B, Surajpur, Industrial Area, Greater Noida	India
S1-429297649	Saisons Anciens SARL	35 PL Jean Bart, Grand Morien, Dunkerque, Hauts-de-France	France
S1-43109322	Deleves Maison SARL	Nouvelle-Aquitaine, Mérignac, 9 Impasse Maître Guy	France
S1-363193214	Tecon Seva Samiti Ltd	1363 Sector 68, Mohali, Punjab	India
S1-824027991	Massive Royal Ltd	C/O Adv. Kamlesh Pisal, Pisal Arcade 74/5. Kesarkar Peth, Satara, Maharashtra	India
S1-431693746	ZL Agro Private Limited	Villa No 34 Lane 1 Mayfair Villas, Tellapur, Hyderabad, Telangana	India
S1-268326211	Ets Dentraide	24 RTE de Paris, Nantes, Pays de la Loire	France
S1-758716159	Patriot Kkr Inc	114 Pear Street, Unit 3, Olympia, WA	US
S1-949276253	Établissements Bais SAS	1289 Grande Rue du Petit Courgain, Calais, Hauts-de-France	France
S1-910174774	The Dent Pub LLC	36 Thurston Road, Newton, MA	US
S1-39002920	Detente Pharmacie SAS	38 Rue Albert Mahieu, Dunkerque, Hauts-de-France	France
S1-178591325	Guru Logistics Private Limited	B-204, Sai Green Valley-1, Nr. Vibhusha Bunglow, Daskroi, Ahmedabad, Gujarat	India
S1-850813465	Murshidabad Supermart Private Limited	Vill - Domkal, West Bengal, P.S. - Domkal Dist. - Murshidabad, Murshidabad	India
S1-750496250	Future Trading Limited	311 Netaji Subhas Road, Kolkata, Howrah, West Bengal	India
S1-718755409	Communaute Ecole SARL	9 Rue Jean Bouin, Nantes, Pays de la Loire	France
S1-979796310	Lille Amicale SAS	30 RUE des Meuniers, Lille, Hauts-de-France	France
S1-475087064	One Infrastructure Private Limited	21, Park Avenue Soc, Nr.Gulab Tower, Sola Roa, Ahmadabad City, Ahmedabad, Gujarat	India
S1-601808094	Formation Club EURL	46 RUE Bonte Pollet, Terrasse du Parc - appartement 242, Lille, Hauts-de-France	France
S1-525365640	Birsa Technologies (India)	#6-3-680/8/3, 02Nd Floor, Shahani Residency, Thakur Mansion Lane, Somajiguda, Hyderabad, Telangana	India
S1-789031762	Kestan Communications PLLC	2798 28th Ave, Marion, IA	US
S1-995589509	Township Of	3984 Rd 117, Haviland, OH	US
S1-520423257	Ready India LLP	Maharashtra, Mumbai, Raviraj Flat No 72Malavia Road Vile Parle East, Mumbai	India
S1-994252539	Royans Fetes SASU	4 Rue de la Passerelle, Hauts-de-France, Calais	France
S1-144126201	Pacific Fashion L.L.C.	958 Lincoln Street, Unit 2, Salt Lake City, UT	US
S1-362672336	Club des Gymnastique	289 Rue des Cinq Voies, Tourcoing, Hauts-de-France	France
S1-828411426	Shiv Care Private Limited	A-Wing Flat No 202 A Blockshiv Shrist Apartments Kharegaon Kalwa, Thane, Maharashtra	India
S1-569609016	Ivenex Greenfire LLC	212 Central Avenue, Carmen, OK	US
S1-563704697	Sanchez Golden Bancorporation	3959 Hunt Highway, Unit 184, San Tan Valley, AZ	US
S1-904771980	Danielle & Fils SARL	17 Rue des Fauvettes, Lège-Cap-Ferret, Nouvelle-Aquitaine	France
S1-827926871	Pediatric Dentistry Group LLC	8333 Hidden Springs Trail, Charlotte, NC	US
S1-422042868	Financement Federation SAS	42 Rue du Chemin Vert, Roubaix, Hauts-de-France	France
S1-775203233	TX Services Private Limited	Kolab Nagar Karenga, Koraput, Orissa	India
S1-943818293	KC Club SARL	111 rue de Lille, Tourcoing, Hauts-de-France	France
S1-197859521	Physical Therapy Group Center	1324 Shakerag Road, Greeneville, TN	US
S1-71726194	Ets Osmoz EURL	17 IMP des Vignes du Bourg, Nantes, Pays de la Loire	France
S1-25238831	1983 First Avenue Company	4401 Sandstone Drive, City Of Janesville, WI	US
S1-488463242	Ryan Safe Urban LLC	208 12th Street, London, KY	US
S1-660566311	Ados Menuiserie SARL	24 Rue de Madagascar, Lille, Hauts-de-France	France
S1-181590718	Securities Holdings	No. 27, 2Nd Floor 46A 1St, D Main Koramangala, 1St Block Jakkasadra Extension Bangalore, Bangalore South, Bangalore, Karnataka	India
S1-833776162	First India Limited	Noida, C-146 Sector-44, Gautam Buddha Nagar, Uttar Pradesh	India
S1-686278612	Tourcoing Lycee SARL	46 Rue Saint Louis, Tourcoing, Hauts-de-France	France
S1-607759694	Smith Unified Beverage	2822 Highland Avenue, Tucson, AZ	US
S1-448762228	Maison Tribus	203 Rue de Bègles, Bordeaux, Nouvelle-Aquitaine	France
S1-70172516	Ujjwala Trading Limited	Kh No-22/12, 22/13, Plot.25/2, B-2/671, North East Delhi, Delhi	India
S1-691936087	Gold Trading Private Limited	7A/5, W.E.A., Channa Market Karol Bagh, New Delhi, Central Delhi, Delhi	India
S1-669884649	Exponential Public School	Gat No. 1567, Behind Conquest College, Shelar Wasti, Haveli, Pune, Maharashtra	India
S1-150488157	Gray Dynamics Inc	219 Hiawatha Drive, Little Rock, AR	US
S1-407674770	Maison Catch SAS	92 Rue des Chalâtres, Nantes, Pays de la Loire	France
S1-775826544	Kritesh Technologies Private Limited	C/O Remajuddin, Vill Tola-Moglani Chak Panch-Raipur, Block-Warisnagar, Samastipur, Bihar	India
S1-409204886	Ashtavinayak & Brothers Pvt Ltd	C/O Amol Tarachand Borde, 14/3 B/202, Kute Fortune, Haveli, Pune, Maharashtra	India
S1-588487671	F/E Alto LLC	5925 Lakestone Drive, Sacramento, CA	US
S1-552647398	Bordeaux Immobiliere SARL	35 PL Pey-Berland, Service Formation Continue du College Dspeg Universite de Bordeaux, Bordeaux, Nouvelle-Aquitaine	France
S1-396406872	Singh & Brothers Private Limited	Sn: 8A/1/1, Audumbar Palace Pragati Const, Wadgaon Kd, Pune, Maharashtra	India
S1-29037687	Dkv Infraestate Private Limited	H.No.8-2-293/82/A/297, Road No 25 Jubilee Hills, Hyderabad, Telangana	India
S1-778066732	Shree Developers Limited	House No-Gs 020 0834 Nadraganj Neem Gali Pratap Lane Gaya, Lane Gaya, Gaya, Bihar	India
S1-989316768	MJV Winvest Inc	3637 Olcott Avenue, Chicago, IL	US
S1-547610931	Precision Cloud Collective Inc	7474 County Road L, Town Of Bennett, WI	US
S1-329967292	Bright Energy Pvt Ltd	1, May Queen Apartment, 33Rd Road, Bandra West, Mumbai, Mumbai City, Maharashtra	India
S1-654594661	Lentente Club SA	6 Rue Boutin, Bordeaux, Nouvelle-Aquitaine	France
S1-281834631	Beacon Strategic Figx	842 Canton Avenue, Tulsa, OK	US
S1-338959936	Vanguard Foundation	Mumbai City, Maharashtra, Mumbai, Fl A1403 Pl 14/15 Sec 29C Yashodeep Heights Ghansoli	India
S1-995248527	Montfortoise & Frères SAS	855 Avenue de Dunkerque, Lille, Hauts-de-France	France
S1-960921712	OB Fresh Catering Care	Unit 3, VA, Rocky Mount Town, 432 E Court Street	US
S1-287151853	Albertine N. Johnson, D.D.S.	515 9th Street, Clarksville, TN	US
S1-537767320	Patriot Silver Rocket Care	2785 Dutch Ridge Road, Portsmouth, OH	US
S1-345164654	Royale Quality (India) Private Limited	714, 7Th Floor Tower A 1 Supertech Eco Village I, Greater Noida, Ghaziabad, Gautam Buddha Nagar, Uttar Pradesh	India
S1-778723915	Everfresh & Brothers LLP	House No.325, Behind Hotel D Palace Bavdhan, Tal- Mulshi, Dist-Pune, Pune, Maharashtra	India
S1-700340552	Raj Premier Products Private Limited	2198, C Somwar Peth, Kolhapur, Maharashtra	India
S1-420262942	Horne Silver Chemical LLC	Santa Cruz, CA, Unit C4, 727 Hanover Street	US
S1-9286046	Gangesh Services Pvt. Ltd.	G-1901, Kanakia Paris, F Block Bkc, Bandra East, Mumbai, Mumbai City, Maharashtra	India
S1-843799121	Tango Pharmacie SA	15 Rue Jacques Chambon, Nantes, Pays de la Loire	France
S1-173990232	A/K Telephone PLLC	11515 Clyde Drive, Winfield, IN	US
S1-958406641	Brenna Brockman, L.C.S.W., DDS PC	Roseville, MN, Unit Apartment 1, 1227 Rose Vista Court	US
S1-179978286	Pune Kalyani Private Limited	S No. 52/1, F No. 302, Orchid Ser Enity Socy, Sus Rd, Baner, Pune, Maharashtra	India
S1-784538693	La Teste-de-Buch Sportive SASU	66 Avenue Saint Exupéry, La Teste-de-Buch, Nouvelle-Aquitaine	France
S1-132167781	OE Red	5830 Saddle Downs Place, Fairfax County, VA	US
S1-538857839	Wilhelmine Rowe Grand Cambridge	Houston, TX, 9436 Tooley Drive	US
S1-783325346	Event & Brothers	37/A Shaktikunj Soc Nr Manpasand Centre Bapunagar, Ahmedabad, Gujarat	India
S1-941675977	Kestiq Sierra PLLC	510 Harvest Lane, City Of Sun Prairie, WI	US
S1-545983369	Miles Tribeca Inc	2144 9th Place, Fl 1, Hillsboro, OR	US
S1-992075031	Mumbai Watches Center	B-601, New Jasmin Chs, Indraprasth Park, 90 Ft Ro Ad, Greater Mumbai M Corp, Mumbai, Maharashtra	India
S1-812610920	Institut Saint Robert	24 Rue Jules Simon, Nantes, Pays de la Loire	France
S1-999996921	IF Services Private Limited	1, Satyajit Sarani, Shibmandir, P.O. Kadamtala Opp. St' Pauls School, Darjeeling, West Bengal	India
S1-285072149	Russell Choice First	Yucaipa, CA, 12669 Loma Vista Court	US
S1-35241133	Sterling Piedmont Heritage	745 Stafford Road, City Of Janesville, WI	US
S1-787875366	Zephari Malt	42300 Morning Glory Way, Maricopa, AZ	US
S1-712865080	Elsbury Prime Lincoln Associates	3902 3rd Street, Tillamook, OR	US
S1-246620706	Heartland Triton LLC	202 Cleopatra Court, Hampton City, VA	US
S1-632662475	NZ Fortune	13342 Hawthorn Drive, Willis, TX	US
S1-393870707	Mayfield, Nadine, Esq.	1520 S 30th St, Louisville, KY	US
S1-858555240	Pharmacie Intercommunale	64 Rue des Peupliers, Saint-Nazaire, Pays de la Loire	France
S1-565513635	Clyus Currencyshares LLC	2430 Wildwood Drive, City Of Green Bay, WI	US
S1-702712801	Lindsay Frontier Red	2849 30 Street, Brooklyn, NY	US
S1-531526467	Surgical Clinic	3830 Oak Grove, Midwest City, Unit APARTMENT 724, OK	US
S1-168560755	Outreau Lycée EURL	32 Rue Saint-Joseph, Hauts-de-France, Roubaix	France
S1-335020725	Premier Amicale SCI	12 Rue du Pin Vert, Pessac, Nouvelle-Aquitaine	France
S1-378782855	Supreme Labs	676 Spring Valley Circle, Unit APT 101, Nixa, MO	US
S1-494181063	RAW Amicale SAS	30 Rue Jules Michelet, Roubaix, Hauts-de-France	France
S1-634433848	Twisted Coffee! LLC	815 52nd Street, Unit 2245, Phoenix, AZ	US
S1-802201480	Bureau Fetes SCI	1731 Rue Achille Pérès, Dunkerque, Hauts-de-France	France
S1-422819194	Ekvira Project Pvt. Ltd.	Flat No: 2001/2, Floor No: 20, Wing: A, Royal(A), Royale, Neelkanth Palm, Ghudbunder, Tuls, Idham, Thane, Maharashtra	India
S1-499413241	Davis Patriot Arts L.L.C.	301 Brookstown Avenue, Unit 500, Winston-salem, NC	US
S1-931259075	Kerr Supreme Brands LLC	208 White Bridge Road, Mount Hope, NY	US
S1-926536025	Parti Parents	4 Rue Auguste Brizeux, Nantes, Pays de la Loire	France
S1-801543180	Signature Diagnostic Group	105 Woodlawn Avenue, Unit Apartment 2, Yonkers, NY	US
S1-807521054	Samuelson Imperial LLC	10 Reynolds Road, Brookhaven, NY	US
S1-474738947	Scolaire Ogec Ecole SA	3 Rue de Wattignies, Tourcoing, Hauts-de-France	France
S1-10147117	Baba Power Private Limited	1170/31-6 Revenue Colonyshivajinagar, Pune, Maharashtra	India
S1-307914737	Melange Vikas Pvt Ltd	3/4Th Floor, Plot No. 137Ab, Govt. Industrial Estate, Charkop, Kandiv, Ali West, Mumbai, Mumbai City, Maharashtra	India
S1-969856634	Hammond Federal Taiwan Inc	3006 Michigan Avenue, Dallas, TX	US
S1-320589989	Lucas Atlantic Studios LLC	2002 Bevington Oaks Circle, Katy, TX	US
S1-468640470	Karv Memorial Trust	A 11 Gelda Jyot Chs Ltd, Gelda Ngr Ghatkopar West, Mumbai, Maharashtra	India
S1-914746883	Bordeaux Agricole EURL	5 RUE Carayon-Latour, Bordeaux, Nouvelle-Aquitaine	France
S1-453249638	HU Media Private Limited	11, Gf, Kailash Hills, East Of Kailash, Sriniwaspuri, South Delhi, Delhi, South Delhi, Delhi	India
S1-952584271	Chiropractic Associates, LLC	3815 Colony Oaks Drive, Eugene, OR	US
S1-93358403	LPZ Ecole SAS	13 Avenue des Pinassotes, Lège-Cap-Ferret, Nouvelle-Aquitaine	France
S1-566134526	Ruraux Local Primaire SARL	8 Impasse Veuve Bertrand Crocq, Mérignac, Nouvelle-Aquitaine	France
S1-859034505	Maruthi & Sons Private Limited	Gat No.109, Nr Dwarka Sub, Station, Dawane Mala, Khed, Pune, Maharashtra	India
S1-507007444	ARC Sportif	20 Rue des Trois Mollettes, Hauts-de-France, Lille	France
S1-63179395	Ets Diakha SAS	7 Avenue de la Libération, Saint-Herblain, Pays de la Loire	France
S1-317587697	Alpha Balaji Business	Maharashtra, N-3 Cidco, Aurangabad, Plot No. 167	India
S1-432027191	Paix Ehpad EURL	3 Impasse Gourdin, Bordeaux, Nouvelle-Aquitaine	France
S1-39340755	Satkar Putra Pvt. Ltd.	No.360, 13Th Main, Rmv Exten-Sion, Bangalore, Karnataka	India
S1-410442208	Gavroche Anciens (France) SARL	27 Rue Saint-Vincent de-Paul, Bordeaux, Nouvelle-Aquitaine	France
S1-485250605	My Products Private Limited	G-1302, Samarth Garden, Near Shangharila Biscuit Company Opp. Datta Mandir Road, Mumbai, Mumbai City, Maharashtra	India
S1-271647984	Pediatric Clinic of Buffalo LLC	1029 Elmwood Avenue, Buffalo, NY	US
S1-91380943	Saint-Herblain Compagnie	6 Avenue Charles Nicolle, Saint-Herblain, Pays de la Loire	France
S1-559194563	Ets Teste	1 Rue du Maréchal Lyautey, Tourcoing, Hauts-de-France	France
S1-157860365	Brown, Lopez & Hallett Inc	502 Powellville Lane, Unit F, Newport News City, VA	US
S1-576514771	Welch & Miller Iron Works	659 Wash Woods Way, Bald Head Island, NC	US
S1-161922873	Empire Federation Group	107 Wilderness Cove, Texarkana, TX	US
S1-984349687	Pioneer High Foundation LLP	7, Pushpanjali Vihar Market, Sikandra Bodla Road, Agra, Uttar Pradesh	India
S1-626370241	UH Bread	80 Munjoy, Portland, ME	US
S1-609068757	JK Loisirs SARL	3 Rue Robert Planquette, Nantes, Pays de la Loire	France
S1-998865632	Laxmi Industries Limited	D. No. 3-30-17, Ring Road, Guntur, Krishna, Andhra Pradesh	India
S1-841779385	Merkaz Culturelle SARL	23 Avenue des Pétrels, Nantes, Pays de la Loire	France
S1-281351359	École primaire du Martin	13 Rue Kellermann, Roubaix, Hauts-de-France	France
S1-42027415	Gaylene Fairclough, Esq., DDS PC	77 Grand Blvd Extension, Shelby, OH	US
S1-475472890	Ets Xs EURL	56 Rue des Collines, Nantes, Pays de la Loire	France
S1-641281384	Ace Tech Private Limited	9/110, L And T Nagar Moulivakam, Sriperumbudur, Kanchipuram, Tamil Nadu	India
S1-715571289	Ars Infra of Tiruchirappalli Private Limited	No. T4, Third Floor, Annamalai Nagar, Karur Bye Pass Road, Tiruchirappalli, Tamil Nadu	India
S1-874056196	Moradabad Prakash Private Limited	Moradabad, Bhogpur Mithoi, Uttar Pradesh, Moradabad, Mmig H-48 Kashiram Nagar	India
S1-83969493	Arihant Energy Private Limited	No. 215/131, St. Mary'S Road Alwarpet, Chennai, Tamil Nadu	India
S1-635306353	Commercial Investment Industries Inc.	1433 Parnell Drive, Eugene, OR	US
S1-655133341	Rajen Sakha Private Limited	No 2, Murugalaya Nagar, Cuddalore, Tamil Nadu	India
S1-86479901	Tulsa Youth Services, LLC	7871 Union Avenue, Unit APARTMENT  1101, Tulsa, OK	US
S1-336220780	Ramavtar Foods Pvt. Ltd.	Ideal Enclave 2, Rajarhat R 41, North 24 Parganas, Kolkata, Parganas North, West Bengal	India
S1-351708260	Apex Investment Limited	Room No. 4/1101, Niraj Park Wayle Nagar, Khadakpada, Kalyan, Thane, Maharashtra	India
S1-150531436	Resume (India) Ecotech Pvt Ltd	D.No.1 585, Beside Ramalayam Janda Chettu Center, Tadigadapa, Vijayawada, Krishna, Andhra Pradesh	India
S1-184744766	Perfect Impex Private Limited	A- 86, Basement Defence Colony, New Delhi, Delhi	India
S1-79689211	AWA Federation SARL	26 RUE Fidele Lehoucq, Appartement 125 Etage 2, Tourcoing, Hauts-de-France	France
S1-350778280	Urban Consulting Private Limited	Shop No. 1 To 3, Ahmedabad, Gujarat, 2Nd Floor, 24 Caret Building, Opp. Rok Regency Hotel, Law Garden, C G, Road	India
S1-535714580	Precision Financial Advisors Inc	117 Oak Drive, Morehead City, NC	US
S1-127823954	M & W Tower	AK, Moose Creek, 3526 Go Thatta Way	US
S1-616606172	Cornerstone Genomic Global Inc	481 Hess Avenue, Coolidge, AZ	US
S1-696655998	Horizon Choice	3314 Kyle Avenue, Golden Valley, MN	US
S1-417343953	Mots & Fils SARL	12 ter Allee des Reinettes, La Teste-de-Buch, Nouvelle-Aquitaine	France
S1-50227392	Nantes Centre SARL	53 Rue de Bel Air, Nantes, Pays de la Loire	France
S1-418762765	Association de Publique	11 Avenue du Maréchal Juin, Mérignac, Nouvelle-Aquitaine	France
S1-771288456	Ets Regard SARL	22 Rue Jacquemars Gielée, Lille, Hauts-de-France	France
S1-149989854	One Media Private Limited	No. 163, 3Rd Floor, Amarjyothi Layout Intermediate Ring Road, Domlur, Bengaluru, Bangalore, Karnataka	India
S1-993763448	Vivre & Cie SAS	146 Rue Paul Bellamy, Nantes, Pays de la Loire	France
S1-970223663	1541 Lexington Plaza Owners Corp LLC	1 State Street, Dover, DE	US
S1-689302587	Dermatology Specialists Inc	IL, 3660 Shipman Cutoff Road, Bunker Hill	US
S1-715845664	Sce Ecole SAS	2565 c Avenue de Petite-Synthe, Dunkerque, Hauts-de-France	France
S1-680926841	Comité des Petanque	35 Rue de Doumerc, Bordeaux, Nouvelle-Aquitaine	France
S1-158996760	Guru Consultancy Private Limited	C/O. Sukumar Kabiraj Bagnapara Kalna Purba Burdwan, West Bengal, Bardhaman, Room No. 01, Bardhaman	India
S1-147589192	Silver Fortune Systems Private Limited	Psi Plaza, Ground Floor, Opp Icici Bank Behind Swastik Hospital, Sarjapura Main, Road, Bengaluru, Bangalore, Karnataka	India
S1-973681990	Sbs Satya Private Limited	A 529, Aapli Ekta Chs Ltd., Navpada, Marol Naka A. K. Road, Near Continental Hotel, Andh, Eri (East), Mumbai, Bandra Suburban, Maharashtra	India
S1-898177027	Mérignac Club SAS	Mérignac, 13 Rue Louis Guillot, Nouvelle-Aquitaine	France
S1-657465189	Club des Pedagogique	33 bis Rue Marguerite Yourcenar, Calais, Hauts-de-France	France
S1-173493772	Unique Services Private Limited	Survey 1 85 Door No 1 -55 1 1 Kj 3F, Serillingampally K V Rangareddy Telangana, Serilingampally, K.V.Rangareddy, Telangana	India
S1-202177028	Pi Brothers Limited	A-302 Riddhi Siddhi Apartment Near Vasant Talkes, Valsad, Gujarat	India
S1-11910435	Economic Development Association Inc	9391 6500, Jensen, UT	US
S1-436773220	Vision Power Pvt Ltd	90 Jagriti Enclave, Delhi, East Delhi, Delhi	India
S1-285732620	École primaire Massilia	10 Rue Suzanne Lenglen, Saint-Herblain, Pays de la Loire	France
S1-709370139	OSI Compagnie SAS	21 Rue Jean Soula, Bordeaux, Nouvelle-Aquitaine	France
S1-252122985	Tennis (France) Centre SA	21 Rue de Wazemmes, Lille, Hauts-de-France	France
S1-471814011	Eshaan Appliances Pvt Ltd	251, Acharya Prafulla Chanrad Road, Kolkata, Howrah, West Bengal	India
S1-284852967	Vandyke, Finch and Soto Inc	Cypress, 14211 Julington Lane, TX	US
S1-976551345	Black Technology Private Limited	696, Narayan Peth, 3Rd Floor Bafna Chambers, Laxmi Road, Pune, Maharashtra	India
S1-355993742	Vn Power (India) Pvt Ltd	A-Ii-72, G/F Madangir, New Delhi, South Delhi, Delhi	India
S1-763294390	Amicale des Promotion	4 Route du Cormier, Saint-Nazaire, Pays de la Loire	France
S1-80596849	Builders Sweet Beverages Pvt Ltd	14-A, Roshan Lal Market, Vishwa Karma Chowk Miller Ganj, G T Road, Ludhiana, Punjab	India
S1-820316214	Bhavani & Brothers	Villa No.52 Hanging Gardens Survey No:265/2, Manikonda Jagir Village, Rangareddy Distr, Ict., Hyderabad, Rangareddy, Telangana	India
S1-84540224	Internal Medicine Creative Associates LLC	117 Castle Pines Drive, Aledo, TX	US
S1-229737695	Shagun Polytechnic	Pandarakulam Sankarnagar, Tirunelveli, 10/6 Church Street Petchinagar, Tamil Nadu	India
S1-263895273	WLN Amicale SAS	Saint-Nazaire, Pays de la Loire, 21 Allée Frida Kahlo	France
S1-801652887	Worth, Engel and Park LLC	1375 Mammoth Road, Hickory, NC	US
S1-302545518	Congregation Synagogue LLC	2308 Gaston Avenue, Tyler, TX	US
S1-387034478	Platinum Factory LLC	19942 Indian Spring Trail, Amarillo, TX	US
S1-552869189	Santez & Frères SARL	49 Route de Saint Pere En Retz, Pornic, Pays de la Loire	France
S1-628750577	Nantes Societe SARL	13 CHAU1 de la Madeleine, Nantes, Pays de la Loire	France
S1-529637076	Nantes Ecole SARL	36 Rue des Chambelles, Nantes, Pays de la Loire	France
S1-397911773	Comité du Livet	Mérignac, Nouvelle-Aquitaine, 52 Avenue Aristide Briand	France
S1-51452542	Nantes Groupe SCI	4 Place Victor Mangin, Nantes, Pays de la Loire	France
S1-306227678	Constancia Olivares Science LLC	2707 Broad Street, Richmond City, VA	US
S1-275722339	Sweet Ice Cream Group	3150 Glen Oaks Avenue, Unit Unit 204A, White Bear Lake, MN	US
S1-682776043	Christy Dempster Rapid Ampercap LLC	22479 Watauga Road, Washington County, VA	US
S1-143999522	YW India Company	Mumbai, 2Nd Floor, Plot-1A, Ladhabhai Building, Mama Pramanand Marg, Opera House, 5A, Mumbai, Maharashtra	India
S1-745510193	Centre Médical Laurent	6 Rue du 8 Mai 1945, Lille, Hauts-de-France	France
S1-595443736	Asset Building Council	5436 Lockwood Road, Springport, NY	US
S1-446356368	By Bella Societe SAS	28 Rue des Pavillons, Nantes, Pays de la Loire	France
S1-199562809	Pediatric Dentistry Physicians	96 Queen Anne Road, Unit 303, Harwich, MA	US
S1-251806961	Diamond Marine Innovations Inc	33698 Dutch Lane, Brighton, IL	US
S1-892534727	Vision Care Inc	3301 135th Street, OH, Cleveland	US
S1-755843637	Q 2 Secure Neuberger	406 4th Avenue, Humboldt, IA	US
S1-307199320	École maternelle Sainte Notre	6 Chemin de la Vigne Goda, La Baule-Escoublac, Pays de la Loire	France
S1-631877977	Golden Learning Ventures Group	944 Lakeview Avenue, Unit 5, Lowell, MA	US
S1-164146289	Bright Logistics Private Limited	Plot No.9, Third Floor, Scheme No.2, Lajpat Nagar, Alwar, Rajasthan	India
S1-490736709	Cascade Interstate Infrastructure PC	310 Hammond Pond Parkway, Unit 301, Brookline, MA	US
S1-600065378	Saint-Nazaire Pharmacie SARL	6 Rue Louis Lumière, Saint-Nazaire, Pays de la Loire	France
S1-918545242	Vedanshi Pharma Private Limited	No. 303, Jawaharlal Nehru Road, Ten Square Mall, Koyambedu, Chennai, Tamil Nadu	India
S1-682017974	Privée Club SARL	8 Impasse de Maître Jean, Bordeaux, Nouvelle-Aquitaine	France
S1-518958477	Urgent Care Complete Group	IL, Tinley Park, 8341 Amberly Court	US
S1-223580886	Enormous Stone Private Limited	Survey No 13, Opposite Gwalior Dugdh Sangh, Village Vijaypura, Industrial Area Banmore, Morena, Madhya Pradesh	India
S1-730009155	Dutilisation Comite (France)	Pessac, Nouvelle-Aquitaine, 8 Allée Sully Prudhomme	France
S1-217914926	Arunachalam & Co	Office209 Mj Complex Buil, D No3 Veer Savarkar Block, New Delhi, Delhi	India
S1-495827263	KZK Club SARL	4 bis Avenue de Verdun Cazaux, La Teste-de-Buch, Nouvelle-Aquitaine	France
S1-303347859	Made Enterprises	T/F, Lig Flats, East Of Loni Road Loni Road, C-813, East Delhi, Delhi	India
S1-323310574	Gulati Steel Care	307, Oscar Apartment, 3Rd Floor, Near Maheshwari Bhavan, City Light Road, I, Chchhanath, Surat, Gujarat	India
S1-678363580	Randle's Security Services	7384 Ayrshire Avenue, Canton, OH	US
S1-457518446	Sanjay Brothers Limited	Maharashtra, Near Mah Showroom Expresshighway(Mumbai-Bangalore, Pune, C-204 Rohan Lehar Society Baner	India
S1-905812798	Hattie Curran Cbre	5883 Bent Brook Court, Clarence, NY	US
S1-887561405	A 7 C Arbor LLC	142 Nicholas Avenue, Rainelle, WV	US
S1-678965947	Cozy Massage	15 Higgins Street, Lisbon, ME	US
S1-862011667	A Supreme Spire LLC	887 Hawks Rest Drive, Mapleton, UT	US
S1-499459764	Nuages Primaire EURL	93 Rue Voltaire, Calais, Hauts-de-France	France
S1-403570424	Amicale du Lounge	176 Rue de Pessac, Bordeaux, Nouvelle-Aquitaine	France
S1-667693577	Bordeaux Primaire EURL	57 Rue Leyteire, Bordeaux, Nouvelle-Aquitaine	France
S1-914368582	Unique Builders Private Limited	Rama Devi Chauraha, Ramadevi, Chauraha, Ring Road, Uttar Pradesh, Kanpur Nagar, House No.2/46	India
S1-818052356	Te & Frères	26 Rue Royer, Dunkerque, Hauts-de-France	France
S1-722109572	D 3 L Automotive Inc	1277 Cedar Creek Road, Superior, MT	US
S1-317322066	India Viswanath Infra Ltd	Fn602, Premier City Empire Estat, S No 4510 Bldg N/2, Maharashtra, Pune City, Pune	India
S1-559781905	I/I Health	600 Interstate Business Pk, Unit UNIT E, Stafford County, VA	US
S1-786710786	Monster Club SARL	8 Avenue de la Foret, La Teste-de-Buch, Nouvelle-Aquitaine	France
S1-177580551	Jumelage Amicale SARL	140 Rue du Virolois, Hauts-de-France, Tourcoing	France
S1-6031293	Dispositifs Club SARL	8 RUE Honore Broutelle, Nantes, Pays de la Loire	France
S1-509489715	Eleves & Fils SARL	Bordeaux, 95 Rue Fieffe, Nouvelle-Aquitaine	France
S1-926261898	Massingill Pediatrics LLC	4491 Cole Way, Dakota Ridge, CO	US
S1-528911445	Lège-Cap-Ferret Club EURL	1 Avenue du Monument Salins, Lège-Cap-Ferret, Nouvelle-Aquitaine	France
S1-373429262	Maid Pilates	40847 160 St, Remsen, IA	US
S1-355452242	Cardiology Care LLC	535 Shearers Road, Unit 106, Mooresville, NC	US
S1-745588014	Arts (France) Amicale SAS	10 Avenue de Bordeaux, La Baule-Escoublac, Pays de la Loire	France
S1-467271266	Club du Commercants	9 Avenue du Vieux Pilat, La Teste-de-Buch, Nouvelle-Aquitaine	France
S1-732066600	Sky Hari Products Private Limited	H.No. 3481, 3Rd Floor, Gali No.80 Block-E-Ii, Molarband Extn., Badarpur, Badarpur, New Delhi, Delhi	India
S1-831074973	RQS Club	6 Passage du Bassin, Lège-Cap-Ferret, Nouvelle-Aquitaine	France
S1-285590158	Amicale de René	52 Avenue des Hêtres, Roubaix, Hauts-de-France	France
S1-862162365	MQ Amis SARL	La Teste-de-Buch, 36 Rue Captal Francois de Ruat, Nouvelle-Aquitaine	France
S1-373078577	Dean Desert Box Inc	11625 83rd Street, Unit APARTMENT C, Owasso, OK	US
S1-459579842	Anand Exports Private Limited	1- Ved Kutir Bunglows Nr. Sandipani School, Nava Naroda, Ahmedabad, Gujarat	India
S1-457812338	Vijay Properties Limited	Shop No 3 Silver Line Chsl I C Colony Holy Cross Road No 2 Borivali, West, Mumbai, Mumbai City, Maharashtra	India
S1-944120034	New Eastern Impex Private Limited	22 Hara Ch Mallick Lane, Kolkata, Calcutta, West Bengal	India
S1-714629845	Ortega, Bombard & Williams East LLC	11 Revere Drive, NY, Chili	US
S1-317837837	Patterson's Therapy Inc	AL, Montgomery, 5685 Express Drive, Unit APT A13	US
S1-660863871	Lalit Cashew Private Limited	H.No.10-8-456, Fathanagar, Lalbahdur Sasthrynagar, Balanagar Md 1, Malkajgiri, Hyderabad, Telangana	India
S1-481663225	Blue Hair Studio	961 Amherst Street, Unit Apartment 1, Buffalo, NY	US
S1-393069195	Metropolitan Printing Products Inc	429 7th Street, Sloan, IA	US
S1-764120159	Dct Institute of Technology Center	T 9, Indra Residency, Virat Nagar, Bommanahalli, Bangalore, Karnataka	India
S1-703270628	École maternelle de la Joseph	182 184 AV du Docteur Nancel Penard, Appart B15 Residence Coeur des Vignes, Pessac, Nouvelle-Aquitaine	France
S1-245742411	Ink Folles Club SARL	32 Rue du Haillan, Bordeaux, Nouvelle-Aquitaine	France
S1-933504634	Dream Impex Pvt Ltd	No.181/3, Oppamirthaschool, Saravananthery, Nagercoil, Agastheeswaram, Kanyakumari, Tamil Nadu	India
S1-461479625	Vin Hospital	B 1601 Floor 16Th, Plot 163 A, B Dwarkamai Chs, Bhagat Lane, Star City Cinema Taikalwadi, Mumbai, Maharashtra	India
S1-808561376	White Healthcare Private Limited	2/93 Vishwas Khand Gomti Nagar, Lucknow, Uttar Pradesh	India
S1-293011736	Big Exports Private Limited	E-102 Lajpat Nagar Inew Delhi-24 New Delhi-24, New Delhi, South Delhi, Delhi	India
S1-606269220	Bahu Public School Private Limited	Flat No.1001, 10Th Floor, Plot No. 550, Mont Blanc, Jame Jamshed Road, Matunga (Cr), Mumbai, Mumbai City, Maharashtra	India
S1-37214838	Twisted Bistro	280 Church Street, Heppner, OR	US
S1-386198119	Solutions Kp Investments Pvt Ltd	H No-165, Devi Nagar, Meerut, Uttar Pradesh	India
S1-463015763	Timber Vii Inc	20328 416th Street, Enumclaw, WA	US
S1-523030272	Shree Builders Private Limited	2Nd Floor, Jmd Galleria Sector 48, Gurgaon, Unit No. 206, Haryana, Gurgaon	India
S1-892152132	École maternelle du Notre	28 Rue de la Fon de Madran, Pessac, Nouvelle-Aquitaine	France
S1-295806376	Alpha Hotel Construction Pvt Ltd	S 26/294 Ka 5 Meera Purbasahi, Varanasi, Uttar Pradesh	India
S1-247693809	Swastik Producer	Gandhidham, Ground Floor Nilesh Park Complex, Tagore Road, Shop No. 12, Kachchh, Gujarat	India
S1-823493377	Pornic Gestion SA	7 Rue de la Marine, Pornic, Pays de la Loire	France
S1-29472381	Pegasus Trading Private Limited	J-99 Ashok Vihar, Delhi, New Delhi, Ground Floor Ashok Vihar	India
S1-422319063	F & U Spire LLC	West Fargo, ND, 1446 Sheyenne Park Court	US
S1-201956656	Bright Digital Associates Inc	1069 Walton Road, Whitpain Township, PA	US
S1-852263489	Hummer, Stace, L.C.S.W., DDS PC	Western Springs, IL, 3959 Garden Avenue	US
S1-825138435	Fil Services SAS	24 Rue Charles Longuet, Saint-Nazaire, Pays de la Loire	France
S1-230317503	Roubaix Médico SARL	197 Rue de l'Alma, Roubaix, Hauts-de-France	France
S1-553700075	Confederation Union SARL	63 Rue Famatina, Bordeaux, Nouvelle-Aquitaine	France
S1-567453435	Meridian (India) Auto Private Limited	2, Howrah, Ishwar Ganguly Street First Floor, Kolkata, West Bengal, Kolkata	India
S1-480847536	Reseau (France) Amis SAS	34 Allée des Seychelles, Pessac, Nouvelle-Aquitaine	France
S1-286177046	Jeune Ecole SARL	29 Rue des Remparts, Bordeaux, Nouvelle-Aquitaine	France
S1-765408402	ODM Foyer SCI	1 Place Magellan, Saint-Herblain, Pays de la Loire	France
S1-562455267	Relevant Engineering Private Limited	Mhe, Vallam Vadakal, Sriperumbuthur, Kancheepuram, Tamil Nadu	India
S1-729757798	Cercle Residence (France)	181 Quai Emile Cormerais, Saint-Herblain, Pays de la Loire	France
S1-38193725	Swastik Agro Private Limited	Gc- 1/2, Rabindra Pally, Jyangra, Baguiati, D B Nagar, North 24 Parganas, West Bengal	India
S1-604531817	French Ecole SAS	Nantes, Pays de la Loire, 1 Nouvelle Impasse des Salorges	France
S1-117040790	19 Fetes	322 Rue Nationale, Lille, Hauts-de-France	France
S1-801273777	Tourcoing Comite SARL	49 Rue du Chêne Houpline, Tourcoing, Hauts-de-France	France
S1-361796855	Jarlyx Hartford Group	9040 Michael Douglas Drive, Clarence, NY	US
S1-573314843	Kalash Soap Private Limited	T C 14/ 1063(5), Rageev Nagar Palayam, Thiruvananthapuram, Trivandrum, Kerala	India
S1-22213170	Comité du Organisme	35 Rue des Martyrs, Nantes, Pays de la Loire	France
S1-275024118	Maison Deleves SARL	651 Rue Maurice Marinot, Calais, Hauts-de-France	France
S1-696894598	Sidhi Umrah Private Limited	Telangana, Hyderabad, Flat No.202, Elegance Residency Dilshad Nagar, Gudimalkapur, Mehdipatnam, 12-2-800/244	India
S1-479660107	Patriot Project	1244 51st Place, Auburn, WA	US
S1-828496525	Troupe & Cie SASU	2 RUE Thiers, Lille, Hauts-de-France	France
S1-173413264	Club du Soc	2 Allée Lakanal, Saint-Herblain, Pays de la Loire	France
S1-801183951	Bay Charities	5009 John Hagar Road, TN, Nashville	US
S1-215477741	Galleria Technology Public Limited	P-8 Itc Colony Po Kankarbagh, Patna, Bihar	India
S1-352931328	PDI Amicale SARL	10 Allée des Tennis Grand Piquey, Lège-Cap-Ferret, Nouvelle-Aquitaine	France
S1-317412843	Pari Parents EURL	17 Boulevard Gambetta, Roubaix, Hauts-de-France	France
S1-146825696	Lbm Groupement SARL	1 AV de lAchitecte Cordonnier, Lille, Hauts-de-France	France
S1-810565883	Clinique du Passais	8 Cité Samain, Lille, Hauts-de-France	France
S1-651356307	Square Hospital	61 / 2730, Road No.9, M.H.B. Colony, Gandhi Nagar Bandra(E), Mumbai, Mumbai City, Maharashtra	India
S1-771349113	Baglamukhi Brothers LLP	M-213, Second Floor, Jal Vayu Tower Sector-56, Phase-Iii, Gurgaon, Haryana	India
S1-74184957	Disha Educational Society	G No 105 Phalane Maval, Phalane, Pune, Maharashtra	India
S1-399922700	Om Food Private Limited	1440, Tf Mohalla Sangatrashan, Paharganj, Central Delhi, Delhi	India
S1-95652996	Pediatric Dentistry Group of Town Of Eldorado PC	W7939 N, Town Of Eldorado, WI	US
S1-877164377	Communale Anciens SAS	Nantes, 11 Boulevard Luc Olivier Merson, Pays de la Loire	France
S1-432488054	Tourcoing Sportive SARL	17 bis Rue de Valenciennes, Tourcoing, Hauts-de-France	France
S1-78785334	Fortune Sree International Private Limited	H. No. 334, Mitc Colony, City Sirsa, Sirsa, Haryana	India
S1-83994471	Pixel Marketing	20M G Marg Allahabad, Uttar Pradesh, Allahabad, Uttar Pradesh	India
S1-494723939	Thrissur Logistics Pvt Ltd	14/83, Nellissery Arcade, Paravattani, Thrissur, Kerala	India
S1-398855929	Georgena Reith Prudential	12256 St Charles Rock Road, Bridgeton, MO	US
S1-344630593	Brevin Section	15 Allée des Peupliers, Pessac, Nouvelle-Aquitaine	France
S1-229868833	Parker Choice Flexible	807 Road Street, NC, Elizabeth City	US
S1-492523123	Guerrero Ramaco LLC	951 Willcox Street, Anahuac, TX	US
S1-784515344	Frontier Project	CA, Sacramento, 1340 Keeney Way	US
S1-46892180	Bulles Union (France) SCI	1 Allée Claude Cahun, Nantes, Pays de la Loire	France
S1-454862185	Gates and Johnson Grid	503 Cherry Circle, Nixa, MO	US
S1-341915839	Hitech Properties Private Limited	C-5, Atlantis Vilas, Near Preet Bunglow, Chhani Canal Road, Vadodara, Gujarat	India
S1-307682741	Calais Sante SAS	19 Rue du Général Gouraud, Calais, Hauts-de-France	France
S1-23978395	Red Shivam Estate Private Limited	B/22 Sea Pearl Versova Beach Chs. Seven Bunglows Versova, Andheri (West), Mumbai, Mumbai City, Maharashtra	India
S1-940784491	- (East) Ayurveda Private Limited	Shop-003, A-Wing, Ambika Tower Chs, Rajmata Jijabhai Road, Pump House Jijamata Chowk, Andheri, - (East), Andheri, Maharashtra	India
S1-136087096	Beth Emanuel	8600 Cottage Hill Road, Mobile, AL	US
S1-612350883	Federal Coca	808 Main Street, Unit Unit 4, Norristown Borough, PA	US
S1-470331329	Fox Grand Collective PC	TN, 72 MM I840, Lebanon	US
S1-680605999	Hotel Enterprises Private Limited	G0005, Eklavya Bldg, Survey No.47/1, M/S Ekta Corporation, Karam Nagar, Pimpri Pada, Thane, Maharashtra	India
S1-706589768	Saint-Nazaire Club	Saint-Nazaire, 8 Rue de l'Ancien Hôtel de Ville, Pays de la Loire	France
S1-459838977	Rajalakshmi Technologies (India) Ltd	Room No 10/598St Louis Commercial Complex Church Circle Erinjery Angadi, Thrissur, Kerala	India
S1-132347480	Pioneer Lease Inc	PA, Montgomery, 18418 Route 286 Highway	US
S1-928490288	Jones Management Corp	2085 Hualapai Drive, Bullhead City, AZ	US
S1-648310554	Little Rock Eye Rocky Physicians Partners	14000 Adams Drive, Little Rock, AR	US
S1-940738741	Whitehead Atlantic Uranium Inc.	4321 Antioch Road, Fluvanna County, VA	US
S1-535945961	Only Club	20 Rue de l'Ornière, Saint-Herblain, Pays de la Loire	France
S1-461968843	Mccaffery Smart Wireless Associates	TX, 9166 Coventry Circle, City Of El Paso	US
S1-338019006	Mumbai India Limited	No.31, Baria Mansion, 136, L.T Marg, Crawford Market, Mumbai, Maharashtra	India
S1-99105980	Bordeaux Comite	20 RUE Maubec, Bordeaux, Nouvelle-Aquitaine	France
S1-956101450	Rym Fine Ltd	Flat No. 83, Pocket-3, Sector-19, Dwarka, New Delhi, Delhi	India
S1-931248778	Manduel Primaire SA	18 AV Pierre de Coubertin, Saint-Nazaire, Pays de la Loire	France
S1-794547113	Pioneer Modern Consultancy Private Limited	Shop Ff 52, Shri, Siddheshwar Harbour, Nh 8, Vadodara, Gujarat	India
S1-919409996	VWF Fortress	1509 Mary Lane, Celina, OH	US
S1-343114531	Club du Moun	20 Rue Albert Camus, Calais, Hauts-de-France	France
S1-400119390	Vr Maid Group	Sethi Industries Areahoshiarpur Road Jalandhar City, Punjab, Jalandhar, Punjab	India
S1-737256869	Indian Care Pvt Ltd	House No. 1494E, Flat No. 102, Sector-15, Part-2, Sadar Bazar, Gurgaon, Haryana	India
S1-586198821	HI Bhatt Pvt. Ltd.	C-147, Midc Butibori, Nagpur, Maharashtra	India
S1-660914928	Patriot Institute VI LLC	13477 Desert Trail, Fl 1, Scottsdale, AZ	US
S1-346882069	Classic Developers Pvt Ltd	Shop No 5060, 3Rd Floor, Rustomjee Ezone Opp D G Khetan School, Goregoan West, Mumbai, Mumbai City, Maharashtra	India
S1-757127205	Synergy Nursing Home Partners	1/1 M M Ghosh Streetkrishnagar Nadia, W B, Hooghly, West Bengal	India
S1-941664504	Khatu Energy Pvt. Ltd.	301 Caprigreenfieldsestate A B Nair Road Juhu, Mumbai, Maharashtra	India
S1-734233428	Protection (France) Amicale SARL	11 Rue de Douarnenez, Nantes, Pays de la Loire	France
S1-323651499	Urgent Care Physicians of Kingston Springs LLC	156 Petro Road, TN, Kingston Springs	US
S1-623853019	Cardiology Specialists of Clayton Co	220 Grazing Buck Drive, Clayton, NC	US
S1-670754521	Omnisport Comite SASU	17 Rue du Vivier, Roubaix, Hauts-de-France	France
S1-258168068	Mid Chit Pvt. Ltd.	201, Sumer Kendra, Worli Globe Mills Upper Worli Pandurang Budhkar, Mumbai, Mumbai City, Maharashtra	India
S1-780023477	Krishna Media	S/O Ram Ratan Gopal-Chandresal Rural, Kota, Rajasthan	India
S1-171316010	Tech Infra	304/B Silicon Valley, 22.9664Shivaranjani Cross Road, Ahmadabad City, Ahmedabad, Gujarat	India
S1-426519105	Danciens Jeunes EURL	10 Avenue de Lorraine, La Baule-Escoublac, Pays de la Loire	France
S1-805436756	Beecham, Haug & Chamberlain	263 Church Street, Cynthiana, KY	US
S1-431267499	Back Alley Cleaning Service LLC	128 Likens Way, Frederick County, VA	US
S1-179410342	Globe Security Limited	Plot No- 177 Pole No 87, Village Rewla Khanpur, New Delhi, South West Delhi, Delhi	India
S1-644102249	Agen Sante	3 Impasse de la Pointe aux Chevaux, Nouvelle-Aquitaine, Lège-Cap-Ferret	France
S1-285374680	Seven Tech Pvt Ltd	C/O Mathew Mathew, House No.488, Ward No.9 Muthukattil House, Kanamvayal P O, Kannur, Kerala	India
S1-713643160	Pornic Comite SCI	42 Impasse Herbette, Pornic, Pays de la Loire	France
S1-390115748	Madhavan Welfare Society	Mahadev Temle Bijalinagar, Sahayadri Hsg S.No28/1 Nr, Pune City, Maharashtra, Pune	India
S1-520775657	Apex Software Private Limited	E-33, Madhu Vihar, East Delhi, New Delhi, Delhi	India
S1-793123684	Lenseignement Bds Amis SA	7 RUE Charles Bataille, Nantes, Pays de la Loire	France
S1-584569047	Dermatology Federal Physicians Inc.	North Castle, 6 Sterling Road, NY	US
S1-71423311	Glen Constructive Ltd	Flat No.704, Sec -04, Plot No-28, Bhoomi Tower, Kharghar, Raigarh, Maharashtra	India
S1-959341072	Ram Investments Pvt Ltd	5407 Arya Samaj Road, Delhi, Central Delhi, Delhi	India
S1-128036250	Virinchi India Pvt Ltd	1St Floor Velliapallil Bldgst B Road Pala, Kottayam, Kerala	India
S1-416072586	Mufinella J. Welch, CPA, M.D., P.C.	227 Lisha Kill Road, Colonie, NY	US
S1-721175658	Textile India Public Limited	C 103 Today Royal Elisium, Plot No 47 Sec2 Karanjade, Panvel, Raigarh(Mh), Maharashtra	India
S1-753505175	One Constructions Private Limited	A-14, F.N.G Vihar, Block-G, C-1, Vill-Garhi, Noida, Gautam Buddha Nagar, Uttar Pradesh	India
S1-396260951	Nantes Amicale SARL	12 Avenue du Bois Verdot, Nantes, Pays de la Loire	France
S1-905209483	Meriden Advanced Health P.C.	31 Rice Road, Meriden, CT	US
S1-417509665	Heartland Medical Center	36384 Costa Blanca Drive, Maricopa, AZ	US
S1-786073642	Quartier Mozaique Musique SARL	25 Rue de Courchelettes, Dunkerque, Hauts-de-France	France
S1-200165042	Cmi Realty (India) Private Limited	8-A/11, Central Delhi, Delhi, W.E.A. Karol Bagh, New Delhi	India
S1-776380237	Nbn Medical Centre	16A Everest House46C J L Nehru Road, Kolkata, Calcutta, West Bengal	India
S1-503961256	Sunrise Services Private Limited	C/O Lt. Naren Dutta, Koch Bihar, West Bengal, Coochbehar, S/O Mahendra Dutta Vill & Po Ps - Bkt, Coochbehar	India
S1-152304269	Centre Médical de Sainte	190 Rue du Faubourg de Roubaix, Lille, Hauts-de-France	France
S1-62701527	Fenaor Resources	NY, 680 Central Avenue, Unit Suite 11N, Albany	US
S1-674501628	Family Trust	Corydon, 3560 Cline Road, IN	US
S1-933359619	Ifag Maison SARL	22 Allée des Petits Brivins, La Baule-Escoublac, Pays de la Loire	France
S1-660825315	Shiv Builders Pvt Ltd	S N 103/3/3, Krystal Square, Office No 401, Fourth Floor, E Ward, Nagala Park, Karvir, Kolhapur, Maharashtra	India
S1-133808531	Sma & Co	Shed No. 3, Plot No. 3, Sardar Ind. Area-C, Village: Padavala, Tal: Kotada Sangani, Rajkot, Gujarat	India
S1-334062268	Genie Tiles Limited	8/6476 Street No-2Dev Nagar Karol Bagh, New Delhi, Central Delhi, Delhi	India
S1-644401185	Push (France) Club SA	Pessac, Nouvelle-Aquitaine, 2 Rue François Couperin	France
S1-757346768	Into Design Corp	106, City Palace Kalakhet Road, Mandsaur, Madhya Pradesh	India
S1-275445154	Noveus Value	1601 Harold Street, Houston, TX	US
S1-898699584	Jrt Amicale SAS	35 Rue Paul Doumer, Dunkerque, Hauts-de-France	France
S1-254286378	Shivalik Polytechnic	406 Shree Ganesh Apt, Bhagwan Nagar Katemanival, Kalyan, Thane, Maharashtra	India
S1-359800972	Lycée Sainte Lyceens	61 Rue Amédée Saint-Germain, Bordeaux, Nouvelle-Aquitaine	France
S1-907199494	Institut Street	1 Rue Suffren, Pays de la Loire, Nantes	France
S1-65335203	Bordeaux Sportive SASU	84 Rue Camille Sauvageau, Bordeaux, Nouvelle-Aquitaine	France
S1-532697950	Kanaiya Advisors	Plot No 63A Surve Layout, Nagpur, Maharashtra	India
S1-713655080	Northern Cardiology	8323 Rogers Avenue, Fort Smith, AR	US
S1-423505290	Nationale Monkey Culture SA	24 Rue de la Chaussée, Pornic, Pays de la Loire	France
S1-788373110	Enfants Gestion SAS	6 Rue Nungesser, Pessac, Nouvelle-Aquitaine	France
S1-239807483	Miss Societe (France) SAS	25 bis Rue des Boyens, La Teste-de-Buch, Nouvelle-Aquitaine	France
S1-335343722	Art Club SAS	CAF2 DU TH2ATRE, Calais, Hauts-de-France	France
S1-107942336	Dynamic It Limited	A-31New Friends Colony, New Delhi, South Delhi, Delhi	India
S1-463290756	Big Solutions LLP	Gajraj Chambers, 2B, Second Floor, 86 B/2 Topsia Road (South), Kolkata, Kolkata, Howrah, West Bengal	India
S1-978567596	Scott, Johnson & Parker Centers	Severna Park, MD, 401 Riggs Avenue, Fl 0	US
S1-297098914	Galaxy Consulting Private Limited	Gc 37, Rcms Complex, Rourkela, Lathikata, Sundargarh, Orissa	India
